ISO-10303-21;
HEADER;
FILE_DESCRIPTION(('Open CASCADE Model'),'2;1');
FILE_NAME('Open CASCADE Shape Model','2026-10-10T20:52:59',('Author'),(
    'Open CASCADE'),'Open CASCADE STEP processor 7.9','Open CASCADE 7.9'
  ,'Unknown');
FILE_SCHEMA(('AUTOMOTIVE_DESIGN { 1 0 10303 214 1 1 1 1 }'));
ENDSEC;
DATA;
#1 = APPLICATION_PROTOCOL_DEFINITION('international standard',
  'automotive_design',2000,#2);
#2 = APPLICATION_CONTEXT(
  'core data for automotive mechanical design processes');
#3 = SHAPE_DEFINITION_REPRESENTATION(#4,#10);
#4 = PRODUCT_DEFINITION_SHAPE('','',#5);
#5 = PRODUCT_DEFINITION('design','',#6,#9);
#6 = PRODUCT_DEFINITION_FORMATION('','',#7);
#7 = PRODUCT('Open CASCADE STEP translator 7.9 2',
  'Open CASCADE STEP translator 7.9 2','',(#8));
#8 = PRODUCT_CONTEXT('',#2,'mechanical');
#9 = PRODUCT_DEFINITION_CONTEXT('part definition',#2,'design');
#10 = ADVANCED_BREP_SHAPE_REPRESENTATION('',(#11,#15),#2518);
#11 = AXIS2_PLACEMENT_3D('',#12,#13,#14);
#12 = CARTESIAN_POINT('',(0.,0.,0.));
#13 = DIRECTION('',(0.,0.,1.));
#14 = DIRECTION('',(1.,0.,-0.));
#15 = MANIFOLD_SOLID_BREP('',#16);
#16 = CLOSED_SHELL('',(#17,#331,#712,#884,#1137,#1164,#1191,#1216,#1392,
    #1819,#1868,#1917,#1964,#2214,#2261,#2288,#2315,#2322,#2349,#2354,
    #2482,#2513));
#17 = ADVANCED_FACE('',(#18),#33,.T.);
#18 = FACE_BOUND('',#19,.F.);
#19 = EDGE_LOOP('',(#20,#56,#82,#111));
#20 = ORIENTED_EDGE('',*,*,#21,.F.);
#21 = EDGE_CURVE('',#22,#24,#26,.T.);
#22 = VERTEX_POINT('',#23);
#23 = CARTESIAN_POINT('',(27.464158461529,6.4,-7.5));
#24 = VERTEX_POINT('',#25);
#25 = CARTESIAN_POINT('',(14.1,24.421916386721,-7.5));
#26 = SURFACE_CURVE('',#27,(#32,#44),.PCURVE_S1.);
#27 = CIRCLE('',#28,28.2);
#28 = AXIS2_PLACEMENT_3D('',#29,#30,#31);
#29 = CARTESIAN_POINT('',(0.,0.,-7.5));
#30 = DIRECTION('',(0.,0.,1.));
#31 = DIRECTION('',(1.,0.,0.));
#32 = PCURVE('',#33,#38);
#33 = CYLINDRICAL_SURFACE('',#34,28.2);
#34 = AXIS2_PLACEMENT_3D('',#35,#36,#37);
#35 = CARTESIAN_POINT('',(0.,0.,-7.5));
#36 = DIRECTION('',(-0.,-0.,-1.));
#37 = DIRECTION('',(1.,0.,0.));
#38 = DEFINITIONAL_REPRESENTATION('',(#39),#43);
#39 = LINE('',#40,#41);
#40 = CARTESIAN_POINT('',(-0.,0.));
#41 = VECTOR('',#42,1.);
#42 = DIRECTION('',(-1.,0.));
#43 = ( GEOMETRIC_REPRESENTATION_CONTEXT(2) 
PARAMETRIC_REPRESENTATION_CONTEXT() REPRESENTATION_CONTEXT('2D SPACE',''
  ) );
#44 = PCURVE('',#45,#50);
#45 = PLANE('',#46);
#46 = AXIS2_PLACEMENT_3D('',#47,#48,#49);
#47 = CARTESIAN_POINT('',(-7.758525574692E-16,1.952242238678E-15,-7.5));
#48 = DIRECTION('',(0.,0.,1.));
#49 = DIRECTION('',(1.,0.,-0.));
#50 = DEFINITIONAL_REPRESENTATION('',(#51),#55);
#51 = CIRCLE('',#52,28.2);
#52 = AXIS2_PLACEMENT_2D('',#53,#54);
#53 = CARTESIAN_POINT('',(7.758525574692E-16,-1.952242238678E-15));
#54 = DIRECTION('',(1.,0.));
#55 = ( GEOMETRIC_REPRESENTATION_CONTEXT(2) 
PARAMETRIC_REPRESENTATION_CONTEXT() REPRESENTATION_CONTEXT('2D SPACE',''
  ) );
#56 = ORIENTED_EDGE('',*,*,#57,.F.);
#57 = EDGE_CURVE('',#58,#22,#60,.T.);
#58 = VERTEX_POINT('',#59);
#59 = CARTESIAN_POINT('',(27.464158461529,6.4,-6.9));
#60 = SURFACE_CURVE('',#61,(#65,#71),.PCURVE_S1.);
#61 = LINE('',#62,#63);
#62 = CARTESIAN_POINT('',(27.464158461529,6.4,-7.5));
#63 = VECTOR('',#64,1.);
#64 = DIRECTION('',(-0.,-0.,-1.));
#65 = PCURVE('',#33,#66);
#66 = DEFINITIONAL_REPRESENTATION('',(#67),#70);
#67 = B_SPLINE_CURVE_WITH_KNOTS('',1,(#68,#69),.UNSPECIFIED.,.F.,.F.,(2,
    2),(-0.6000006,5.999999999062E-07),.PIECEWISE_BEZIER_KNOTS.);
#68 = CARTESIAN_POINT('',(-0.228945180514,-0.6000006));
#69 = CARTESIAN_POINT('',(-0.228945180514,5.999999999062E-07));
#70 = ( GEOMETRIC_REPRESENTATION_CONTEXT(2) 
PARAMETRIC_REPRESENTATION_CONTEXT() REPRESENTATION_CONTEXT('2D SPACE',''
  ) );
#71 = PCURVE('',#72,#77);
#72 = PLANE('',#73);
#73 = AXIS2_PLACEMENT_3D('',#74,#75,#76);
#74 = CARTESIAN_POINT('',(30.8,6.4,-8.5));
#75 = DIRECTION('',(0.,-1.,0.));
#76 = DIRECTION('',(-1.,0.,0.));
#77 = DEFINITIONAL_REPRESENTATION('',(#78),#81);
#78 = B_SPLINE_CURVE_WITH_KNOTS('',1,(#79,#80),.UNSPECIFIED.,.F.,.F.,(2,
    2),(-0.6000006,5.999999999062E-07),.PIECEWISE_BEZIER_KNOTS.);
#79 = CARTESIAN_POINT('',(3.335841538471,-1.6000006));
#80 = CARTESIAN_POINT('',(3.335841538471,-0.9999994));
#81 = ( GEOMETRIC_REPRESENTATION_CONTEXT(2) 
PARAMETRIC_REPRESENTATION_CONTEXT() REPRESENTATION_CONTEXT('2D SPACE',''
  ) );
#82 = ORIENTED_EDGE('',*,*,#83,.T.);
#83 = EDGE_CURVE('',#58,#84,#86,.T.);
#84 = VERTEX_POINT('',#85);
#85 = CARTESIAN_POINT('',(14.1,24.421916386721,-6.9));
#86 = SURFACE_CURVE('',#87,(#92,#99),.PCURVE_S1.);
#87 = CIRCLE('',#88,28.2);
#88 = AXIS2_PLACEMENT_3D('',#89,#90,#91);
#89 = CARTESIAN_POINT('',(0.,0.,-6.9));
#90 = DIRECTION('',(0.,0.,1.));
#91 = DIRECTION('',(1.,0.,0.));
#92 = PCURVE('',#33,#93);
#93 = DEFINITIONAL_REPRESENTATION('',(#94),#98);
#94 = LINE('',#95,#96);
#95 = CARTESIAN_POINT('',(-0.,-0.6));
#96 = VECTOR('',#97,1.);
#97 = DIRECTION('',(-1.,0.));
#98 = ( GEOMETRIC_REPRESENTATION_CONTEXT(2) 
PARAMETRIC_REPRESENTATION_CONTEXT() REPRESENTATION_CONTEXT('2D SPACE',''
  ) );
#99 = PCURVE('',#100,#105);
#100 = PLANE('',#101);
#101 = AXIS2_PLACEMENT_3D('',#102,#103,#104);
#102 = CARTESIAN_POINT('',(-7.758525574692E-16,1.952242238678E-15,-6.9)
  );
#103 = DIRECTION('',(0.,0.,1.));
#104 = DIRECTION('',(1.,0.,-0.));
#105 = DEFINITIONAL_REPRESENTATION('',(#106),#110);
#106 = CIRCLE('',#107,28.2);
#107 = AXIS2_PLACEMENT_2D('',#108,#109);
#108 = CARTESIAN_POINT('',(7.758525574692E-16,-1.952242238678E-15));
#109 = DIRECTION('',(1.,0.));
#110 = ( GEOMETRIC_REPRESENTATION_CONTEXT(2) 
PARAMETRIC_REPRESENTATION_CONTEXT() REPRESENTATION_CONTEXT('2D SPACE',''
  ) );
#111 = ORIENTED_EDGE('',*,*,#112,.F.);
#112 = EDGE_CURVE('',#24,#84,#113,.T.);
#113 = SURFACE_CURVE('',#114,(#270,#292),.PCURVE_S1.);
#114 = B_SPLINE_CURVE_WITH_KNOTS('',4,(#115,#116,#117,#118,#119,#120,
    #121,#122,#123,#124,#125,#126,#127,#128,#129,#130,#131,#132,#133,
    #134,#135,#136,#137,#138,#139,#140,#141,#142,#143,#144,#145,#146,
    #147,#148,#149,#150,#151,#152,#153,#154,#155,#156,#157,#158,#159,
    #160,#161,#162,#163,#164,#165,#166,#167,#168,#169,#170,#171,#172,
    #173,#174,#175,#176,#177,#178,#179,#180,#181,#182,#183,#184,#185,
    #186,#187,#188,#189,#190,#191,#192,#193,#194,#195,#196,#197,#198,
    #199,#200,#201,#202,#203,#204,#205,#206,#207,#208,#209,#210,#211,
    #212,#213,#214,#215,#216,#217,#218,#219,#220,#221,#222,#223,#224,
    #225,#226,#227,#228,#229,#230,#231,#232,#233,#234,#235,#236,#237,
    #238,#239,#240,#241,#242,#243,#244,#245,#246,#247,#248,#249,#250,
    #251,#252,#253,#254,#255,#256,#257,#258,#259,#260,#261,#262,#263,
    #264,#265,#266,#267,#268,#269),.UNSPECIFIED.,.F.,.F.,(5,3,3,3,3,3,3,
    3,3,3,3,3,3,3,3,3,3,3,3,3,3,3,3,3,3,3,3,3,3,3,3,3,3,3,3,3,3,3,3,3,3,
    3,3,3,3,3,3,3,3,3,3,5),(0.,1.478119958419E-02,2.949580765424E-02,
    4.373278447467E-02,5.852477860147E-02,7.338085921403E-02,
    8.831895158144E-02,0.103358342533,0.114968558894,0.125976813583,
    0.137436318992,0.148962310313,0.160562952831,0.171842861047,
    0.183617482319,0.195085187746,0.207077430794,0.219200991163,
    0.231472575877,0.243911680597,0.256541332229,0.2693890981,
    0.28248849524,0.295450214525,0.309089832471,0.321700181894,
    0.334183589399,0.347099596667,0.359710014458,0.370975439034,
    0.382363878321,0.395892571972,0.411358428944,0.430018036081,
    0.450314512426,0.56493856157,0.686092358985,0.717452807215,
    0.745375688985,0.77095847871,0.793239487558,0.815151168581,
    0.83537405728,0.854886570219,0.875209109624,0.893654711967,
    0.913061173104,0.930832718504,0.949033329022,0.967066402267,
    0.985632410264,1.),.UNSPECIFIED.);
#115 = CARTESIAN_POINT('',(14.1,24.421916386721,-7.5));
#116 = CARTESIAN_POINT('',(14.103010203441,24.420178444954,-7.5));
#117 = CARTESIAN_POINT('',(14.106020115136,24.418440012014,
    -7.499946303343));
#118 = CARTESIAN_POINT('',(14.109028668331,24.416701703794,
    -7.499838910031));
#119 = CARTESIAN_POINT('',(14.115027348892,24.413234420852,
    -7.499517571066));
#120 = CARTESIAN_POINT('',(14.118017500632,24.411505437962,
    -7.49930410758));
#121 = CARTESIAN_POINT('',(14.121004174224,24.4097778151,-7.499037544244
    ));
#122 = CARTESIAN_POINT('',(14.126871652891,24.406382534403,
    -7.498408817153));
#123 = CARTESIAN_POINT('',(14.129752747673,24.404714750339,
    -7.498050037403));
#124 = CARTESIAN_POINT('',(14.132628640616,24.40304937309,
    -7.497641757923));
#125 = CARTESIAN_POINT('',(14.138479995489,24.399659737186,
    -7.496708663321));
#126 = CARTESIAN_POINT('',(14.141454968453,24.39793571401,
    -7.496179925621));
#127 = CARTESIAN_POINT('',(14.144422233099,24.396215513648,
    -7.495598088155));
#128 = CARTESIAN_POINT('',(14.150352048693,24.392776567995,
    -7.494325919037));
#129 = CARTESIAN_POINT('',(14.153314523638,24.391057861229,
    -7.493635128228));
#130 = CARTESIAN_POINT('',(14.156267085667,24.389344266892,
    -7.492891236708));
#131 = CARTESIAN_POINT('',(14.162166503546,24.385919126079,
    -7.491293430482));
#132 = CARTESIAN_POINT('',(14.165113238033,24.384207643057,
    -7.490438931041));
#133 = CARTESIAN_POINT('',(14.168047801449,24.382502597419,
    -7.489531327338));
#134 = CARTESIAN_POINT('',(14.1739102703,24.379095127222,-7.487604101467
    ));
#135 = CARTESIAN_POINT('',(14.176837995758,24.377392798771,
    -7.486583761374));
#136 = CARTESIAN_POINT('',(14.17975122236,24.375698277409,
    -7.485510308755));
#137 = CARTESIAN_POINT('',(14.184885838433,24.372710568356,
    -7.483514789552));
#138 = CARTESIAN_POINT('',(14.187113517248,24.371413969455,
    -7.482614013728));
#139 = CARTESIAN_POINT('',(14.189331427858,24.370122694748,
    -7.481682025501));
#140 = CARTESIAN_POINT('',(14.193632281433,24.367618031455,
    -7.479805978496));
#141 = CARTESIAN_POINT('',(14.195716260124,24.366404075768,
    -7.47886505085));
#142 = CARTESIAN_POINT('',(14.197790608608,24.365195413602,
    -7.477896436087));
#143 = CARTESIAN_POINT('',(14.202003851437,24.362739845721,
    -7.475863395624));
#144 = CARTESIAN_POINT('',(14.20414190605,24.36149340328,-7.474796670035
    ));
#145 = CARTESIAN_POINT('',(14.20626862455,24.360253236817,
    -7.473700378403));
#146 = CARTESIAN_POINT('',(14.210510756538,24.357778841734,
    -7.471442616915));
#147 = CARTESIAN_POINT('',(14.212626032878,24.35654468929,
    -7.470280805792));
#148 = CARTESIAN_POINT('',(14.214728924833,24.355317436865,
    -7.469089576071));
#149 = CARTESIAN_POINT('',(14.218922574363,24.352869374209,
    -7.466640906658));
#150 = CARTESIAN_POINT('',(14.221013165164,24.351648657166,
    -7.465383088092));
#151 = CARTESIAN_POINT('',(14.223090293558,24.350435482985,
    -7.464096008615));
#152 = CARTESIAN_POINT('',(14.227159679956,24.348058091754,
    -7.461500294421));
#153 = CARTESIAN_POINT('',(14.229152696702,24.346893448483,
    -7.460193239503));
#154 = CARTESIAN_POINT('',(14.23113214431,24.34573644552,-7.458859060517
    ));
#155 = CARTESIAN_POINT('',(14.235149290948,24.343387815023,
    -7.456077330513));
#156 = CARTESIAN_POINT('',(14.237185737296,24.34219689442,-7.45462737353
    ));
#157 = CARTESIAN_POINT('',(14.239206494239,24.341014847549,
    -7.453148493065));
#158 = CARTESIAN_POINT('',(14.243163475572,24.338699622715,
    -7.450172863446));
#159 = CARTESIAN_POINT('',(14.245100530443,24.337565974041,
    -7.448677584829));
#160 = CARTESIAN_POINT('',(14.247021859086,24.336441256292,
    -7.447155512144));
#161 = CARTESIAN_POINT('',(14.250919396017,24.334159153308,
    -7.443987615508));
#162 = CARTESIAN_POINT('',(14.252894094777,24.333002626948,
    -7.442339315555));
#163 = CARTESIAN_POINT('',(14.254850687082,24.331856421872,
    -7.440662460873));
#164 = CARTESIAN_POINT('',(14.258747977441,24.329572772092,
    -7.437233775518));
#165 = CARTESIAN_POINT('',(14.260688266875,24.32843556073,-7.43548132488
    ));
#166 = CARTESIAN_POINT('',(14.262609123054,24.327309466097,
    -7.433700516517));
#167 = CARTESIAN_POINT('',(14.266434274173,24.325066455742,
    -7.430060971671));
#168 = CARTESIAN_POINT('',(14.268338080588,24.323949819943,
    -7.428201549154));
#169 = CARTESIAN_POINT('',(14.270221043546,24.322845146643,
    -7.426313970316));
#170 = CARTESIAN_POINT('',(14.273969788785,24.32064537088,
    -7.422457299915));
#171 = CARTESIAN_POINT('',(14.275834985674,24.319550604904,
    -7.420487447334));
#172 = CARTESIAN_POINT('',(14.277677827423,24.318468708186,
    -7.418489642301));
#173 = CARTESIAN_POINT('',(14.281345769519,24.31631484423,
    -7.414408130891));
#174 = CARTESIAN_POINT('',(14.283170165703,24.31524328294,
    -7.412323577396));
#175 = CARTESIAN_POINT('',(14.284970570281,24.314185572404,
    -7.410211275311));
#176 = CARTESIAN_POINT('',(14.288553151047,24.312080397214,
    -7.405895343369));
#177 = CARTESIAN_POINT('',(14.290334475492,24.311033424947,
    -7.403690766235));
#178 = CARTESIAN_POINT('',(14.292090016505,24.310001377716,
    -7.401458641166));
#179 = CARTESIAN_POINT('',(14.295582478514,24.307947790457,
    -7.396896272168));
#180 = CARTESIAN_POINT('',(14.297318361447,24.306926852082,
    -7.394564962703));
#181 = CARTESIAN_POINT('',(14.299026472778,24.305922030027,
    -7.392206298487));
#182 = CARTESIAN_POINT('',(14.302368565272,24.303955586336,
    -7.387460672623));
#183 = CARTESIAN_POINT('',(14.30400313691,24.302993621627,
    -7.385074268883));
#184 = CARTESIAN_POINT('',(14.30560961087,24.302048000413,
    -7.382662388848));
#185 = CARTESIAN_POINT('',(14.308848034347,24.300141391416,
    -7.377661579068));
#186 = CARTESIAN_POINT('',(14.310476922094,24.299182186489,
    -7.375069986755));
#187 = CARTESIAN_POINT('',(14.312073723788,24.298241685786,
    -7.372451708129));
#188 = CARTESIAN_POINT('',(14.315084175334,24.296468218045,
    -7.367362923158));
#189 = CARTESIAN_POINT('',(14.316502553331,24.295632491902,
    -7.364896175134));
#190 = CARTESIAN_POINT('',(14.317892732552,24.294813236518,
    -7.362407942725));
#191 = CARTESIAN_POINT('',(14.32060228855,24.293216183562,
    -7.357415073595));
#192 = CARTESIAN_POINT('',(14.321922237187,24.292438051671,
    -7.35491085414));
#193 = CARTESIAN_POINT('',(14.323213871115,24.291676487065,
    -7.352386855343));
#194 = CARTESIAN_POINT('',(14.325783642981,24.290161080486,
    -7.347212468379));
#195 = CARTESIAN_POINT('',(14.327059762135,24.289408420678,
    -7.344560731327));
#196 = CARTESIAN_POINT('',(14.328304879037,24.288673930033,
    -7.341889234789));
#197 = CARTESIAN_POINT('',(14.330703737753,24.287258640571,
    -7.336571850815));
#198 = CARTESIAN_POINT('',(14.331858944468,24.28657698258,
    -7.333926852975));
#199 = CARTESIAN_POINT('',(14.332983983936,24.285913030639,
    -7.331264404958));
#200 = CARTESIAN_POINT('',(14.335056420857,24.284689800369,
    -7.326191762327));
#201 = CARTESIAN_POINT('',(14.336009967057,24.284126910726,
    -7.323784950151));
#202 = CARTESIAN_POINT('',(14.336939014173,24.283578418489,
    -7.321365266757));
#203 = CARTESIAN_POINT('',(14.338757615894,24.28250463111,-7.31647461191
    ));
#204 = CARTESIAN_POINT('',(14.339646628486,24.281979654667,
    -7.314003368896));
#205 = CARTESIAN_POINT('',(14.34051022417,24.281469631341,
    -7.311520011399));
#206 = CARTESIAN_POINT('',(14.342343719611,24.280386693075,
    -7.306061248071));
#207 = CARTESIAN_POINT('',(14.343303096434,24.279819972026,
    -7.303081078936));
#208 = CARTESIAN_POINT('',(14.344226065037,24.279274693756,
    -7.300085451219));
#209 = CARTESIAN_POINT('',(14.346125572057,24.27815236907,
    -7.293634058477));
#210 = CARTESIAN_POINT('',(14.347090857359,24.277581953696,
    -7.290173826438));
#211 = CARTESIAN_POINT('',(14.348007830049,24.277040023986,
    -7.286695920633));
#212 = CARTESIAN_POINT('',(14.349923793782,24.275907575076,
    -7.278985935216));
#213 = CARTESIAN_POINT('',(14.350900618936,24.275330131767,
    -7.274746426355));
#214 = CARTESIAN_POINT('',(14.351806044202,24.274794833476,
    -7.270485590127));
#215 = CARTESIAN_POINT('',(14.353546282792,24.273765884535,
    -7.261550719444));
#216 = CARTESIAN_POINT('',(14.354367934481,24.273280006505,
    -7.256873225816));
#217 = CARTESIAN_POINT('',(14.355103956564,24.272844723404,
    -7.252176531412));
#218 = CARTESIAN_POINT('',(14.359424567219,24.270289332539,
    -7.220848841132));
#219 = CARTESIAN_POINT('',(14.360347488401,24.269742474657,
    -7.193725833839));
#220 = CARTESIAN_POINT('',(14.358464261984,24.270857693972,
    -7.166678882015));
#221 = CARTESIAN_POINT('',(14.348902586687,24.276511840436,
    -7.112115479283));
#222 = CARTESIAN_POINT('',(14.340918925503,24.281231170501,
    -7.084801564501));
#223 = CARTESIAN_POINT('',(14.329984358738,24.287688154951,
    -7.058902000022));
#224 = CARTESIAN_POINT('',(14.312917316635,24.297745049268,
    -7.028820129581));
#225 = CARTESIAN_POINT('',(14.309232122649,24.299915669611,
    -7.022768681056));
#226 = CARTESIAN_POINT('',(14.305376732733,24.302185463063,
    -7.01686137392));
#227 = CARTESIAN_POINT('',(14.297779005184,24.30665614105,
    -7.005984466089));
#228 = CARTESIAN_POINT('',(14.294070597323,24.308837308006,
    -7.000983054458));
#229 = CARTESIAN_POINT('',(14.290236914502,24.311091089431,
    -6.996109940514));
#230 = CARTESIAN_POINT('',(14.282660420157,24.315542950473,
    -6.987029659142));
#231 = CARTESIAN_POINT('',(14.278936917092,24.31772987004,
    -6.982800905628));
#232 = CARTESIAN_POINT('',(14.275116345735,24.319972736489,
    -6.978689673204));
#233 = CARTESIAN_POINT('',(14.267794513803,24.324268854961,
    -6.971225767497));
#234 = CARTESIAN_POINT('',(14.264315681162,24.326309219913,
    -6.967843673143));
#235 = CARTESIAN_POINT('',(14.260769154694,24.328388369063,
    -6.964556848499));
#236 = CARTESIAN_POINT('',(14.253606436012,24.332585569781,
    -6.958231833336));
#237 = CARTESIAN_POINT('',(14.249992372355,24.334702405686,
    -6.955190423964));
#238 = CARTESIAN_POINT('',(14.246318461608,24.336853308836,
    -6.952246172534));
#239 = CARTESIAN_POINT('',(14.239144353505,24.341051415174,
    -6.946775761411));
#240 = CARTESIAN_POINT('',(14.23565259084,24.343093834345,
    -6.944234867293));
#241 = CARTESIAN_POINT('',(14.232114651464,24.345162348146,
    -6.941780430301));
#242 = CARTESIAN_POINT('',(14.225077034276,24.349275130711,
    -6.93713079522));
#243 = CARTESIAN_POINT('',(14.221580377583,24.351317699016,
    -6.934929519076));
#244 = CARTESIAN_POINT('',(14.218045120076,24.35338190201,
    -6.932811659254));
#245 = CARTESIAN_POINT('',(14.210753593388,24.357637423589,
    -6.928660928831));
#246 = CARTESIAN_POINT('',(14.206994241299,24.359830462123,
    -6.926635235925));
#247 = CARTESIAN_POINT('',(14.203197954592,24.36204399307,
    -6.924702862821));
#248 = CARTESIAN_POINT('',(14.195890492786,24.366302741923,
    -6.921197000443));
#249 = CARTESIAN_POINT('',(14.192385367053,24.368344623849,
    -6.919606848334));
#250 = CARTESIAN_POINT('',(14.188853895072,24.370400941949,
    -6.918095546441));
#251 = CARTESIAN_POINT('',(14.181557006148,24.374647887054,
    -6.915157677159));
#252 = CARTESIAN_POINT('',(14.177788984999,24.376839930792,
    -6.913739624507));
#253 = CARTESIAN_POINT('',(14.173996316641,24.379045261982,
    -6.912410679995));
#254 = CARTESIAN_POINT('',(14.166687806912,24.38329290537,
    -6.910036936545));
#255 = CARTESIAN_POINT('',(14.163175561674,24.385333299385,
    -6.908977631409));
#256 = CARTESIAN_POINT('',(14.159646443952,24.387382585568,
    -6.907994292227));
#257 = CARTESIAN_POINT('',(14.152472582222,24.391546433605,
    -6.906158597241));
#258 = CARTESIAN_POINT('',(14.148827103426,24.393661377089,
    -6.905309976929));
#259 = CARTESIAN_POINT('',(14.145167840508,24.395783339913,
    -6.904542040281));
#260 = CARTESIAN_POINT('',(14.13785954776,24.400019366427,-6.90317460944
    ));
#261 = CARTESIAN_POINT('',(14.134210733477,24.40213332322,
    -6.902573629737));
#262 = CARTESIAN_POINT('',(14.130552305016,24.404251873355,
    -6.902052590276));
#263 = CARTESIAN_POINT('',(14.123111810111,24.408558577235,
    -6.901157837032));
#264 = CARTESIAN_POINT('',(14.119329284657,24.410746937872,
    -6.900788932221));
#265 = CARTESIAN_POINT('',(14.115540800264,24.412937699137,
    -6.900505272326));
#266 = CARTESIAN_POINT('',(14.108813799412,24.416825851518,
    -6.900153511369));
#267 = CARTESIAN_POINT('',(14.105876806984,24.418522782046,
    -6.900051170459));
#268 = CARTESIAN_POINT('',(14.102938539451,24.420219820178,
    -6.899999999999));
#269 = CARTESIAN_POINT('',(14.1,24.421916386721,-6.9));
#270 = PCURVE('',#33,#271);
#271 = DEFINITIONAL_REPRESENTATION('',(#272),#291);
#272 = B_SPLINE_CURVE_WITH_KNOTS('',9,(#273,#274,#275,#276,#277,#278,
    #279,#280,#281,#282,#283,#284,#285,#286,#287,#288,#289,#290),
  .UNSPECIFIED.,.F.,.F.,(10,8,10),(0.,0.5,1.),.UNSPECIFIED.);
#273 = CARTESIAN_POINT('',(-1.047197551197,0.));
#274 = CARTESIAN_POINT('',(-1.045344472288,0.));
#275 = CARTESIAN_POINT('',(-1.043491464976,-1.024283208421E-02));
#276 = CARTESIAN_POINT('',(-1.041719549059,-3.072178454248E-02));
#277 = CARTESIAN_POINT('',(-1.040110505525,-6.083860338204E-02));
#278 = CARTESIAN_POINT('',(-1.03873887519,-9.94022653094E-02));
#279 = CARTESIAN_POINT('',(-1.037665664741,-0.144694190324));
#280 = CARTESIAN_POINT('',(-1.036933760192,-0.194599893921));
#281 = CARTESIAN_POINT('',(-1.036565047736,-0.246807078912));
#282 = CARTESIAN_POINT('',(-1.036553436285,-0.351333254783));
#283 = CARTESIAN_POINT('',(-1.036909850888,-0.40359702569));
#284 = CARTESIAN_POINT('',(-1.037640429,-0.454887394559));
#285 = CARTESIAN_POINT('',(-1.038707900196,-0.498896639963));
#286 = CARTESIAN_POINT('',(-1.040083304633,-0.539217261503));
#287 = CARTESIAN_POINT('',(-1.041696831746,-0.568800080191));
#288 = CARTESIAN_POINT('',(-1.043475449991,-0.589705701743));
#289 = CARTESIAN_POINT('',(-1.045336512714,-0.600000000019));
#290 = CARTESIAN_POINT('',(-1.047197551197,-0.6));
#291 = ( GEOMETRIC_REPRESENTATION_CONTEXT(2) 
PARAMETRIC_REPRESENTATION_CONTEXT() REPRESENTATION_CONTEXT('2D SPACE',''
  ) );
#292 = PCURVE('',#293,#298);
#293 = SPHERICAL_SURFACE('',#294,0.3);
#294 = AXIS2_PLACEMENT_3D('',#295,#296,#297);
#295 = CARTESIAN_POINT('',(14.1,24.421916386721,-7.2));
#296 = DIRECTION('',(0.,0.,1.));
#297 = DIRECTION('',(1.,0.,0.));
#298 = DEFINITIONAL_REPRESENTATION('',(#299),#330);
#299 = B_SPLINE_CURVE_WITH_KNOTS('',8,(#300,#301,#302,#303,#304,#305,
    #306,#307,#308,#309,#310,#311,#312,#313,#314,#315,#316,#317,#318,
    #319,#320,#321,#322,#323,#324,#325,#326,#327,#328,#329),
  .UNSPECIFIED.,.F.,.F.,(9,7,7,7,9),(0.,1.000000116827E-02,
    0.500000000554,0.98999999994,1.),.UNSPECIFIED.);
#300 = CARTESIAN_POINT('',(5.759586476933,-1.570796326795));
#301 = CARTESIAN_POINT('',(5.759565640059,-1.566877068274));
#302 = CARTESIAN_POINT('',(5.759544803185,-1.562957809752));
#303 = CARTESIAN_POINT('',(5.75952396631,-1.559038551231));
#304 = CARTESIAN_POINT('',(5.759503129436,-1.55511929271));
#305 = CARTESIAN_POINT('',(5.759482292562,-1.551200034188));
#306 = CARTESIAN_POINT('',(5.759461455687,-1.547280775667));
#307 = CARTESIAN_POINT('',(5.759440618813,-1.543361517146));
#308 = CARTESIAN_POINT('',(5.758398775218,-1.347398613756));
#309 = CARTESIAN_POINT('',(5.757384328647,-1.155370091669));
#310 = CARTESIAN_POINT('',(5.756435288454,-0.963320006201));
#311 = CARTESIAN_POINT('',(5.755607557142,-0.77125543446));
#312 = CARTESIAN_POINT('',(5.754949497731,-0.579201750823));
#313 = CARTESIAN_POINT('',(5.754497338,-0.38717716093));
#314 = CARTESIAN_POINT('',(5.754270574732,-0.195167235683));
#315 = CARTESIAN_POINT('',(5.754264181185,0.188968345211));
#316 = CARTESIAN_POINT('',(5.754484732854,0.381194820554));
#317 = CARTESIAN_POINT('',(5.75493659006,0.577101394061));
#318 = CARTESIAN_POINT('',(5.7555906614,0.765718378523));
#319 = CARTESIAN_POINT('',(5.756423066938,0.961749370105));
#320 = CARTESIAN_POINT('',(5.757375271248,1.153356708322));
#321 = CARTESIAN_POINT('',(5.758393676876,1.346438827886));
#322 = CARTESIAN_POINT('',(5.759439992096,1.543243651319));
#323 = CARTESIAN_POINT('',(5.759460918401,1.547179747815));
#324 = CARTESIAN_POINT('',(5.759481844705,1.551115844312));
#325 = CARTESIAN_POINT('',(5.75950277101,1.555051940808));
#326 = CARTESIAN_POINT('',(5.759523697314,1.558988037305));
#327 = CARTESIAN_POINT('',(5.759544623619,1.562924133802));
#328 = CARTESIAN_POINT('',(5.759565549924,1.566860230298));
#329 = CARTESIAN_POINT('',(5.759586476228,1.570796326795));
#330 = ( GEOMETRIC_REPRESENTATION_CONTEXT(2) 
PARAMETRIC_REPRESENTATION_CONTEXT() REPRESENTATION_CONTEXT('2D SPACE',''
  ) );
#331 = ADVANCED_FACE('',(#332,#571,#677),#45,.F.);
#332 = FACE_BOUND('',#333,.F.);
#333 = EDGE_LOOP('',(#334,#362,#381,#382,#411,#437,#463,#489,#518,#547)
  );
#334 = ORIENTED_EDGE('',*,*,#335,.T.);
#335 = EDGE_CURVE('',#336,#338,#340,.T.);
#336 = VERTEX_POINT('',#337);
#337 = CARTESIAN_POINT('',(25.8,-6.4,-7.5));
#338 = VERTEX_POINT('',#339);
#339 = CARTESIAN_POINT('',(25.8,6.4,-7.5));
#340 = SURFACE_CURVE('',#341,(#345,#351),.PCURVE_S1.);
#341 = LINE('',#342,#343);
#342 = CARTESIAN_POINT('',(25.8,3.2,-7.5));
#343 = VECTOR('',#344,1.);
#344 = DIRECTION('',(-0.,1.,0.));
#345 = PCURVE('',#45,#346);
#346 = DEFINITIONAL_REPRESENTATION('',(#347),#350);
#347 = B_SPLINE_CURVE_WITH_KNOTS('',1,(#348,#349),.UNSPECIFIED.,.F.,.F.,
  (2,2),(-9.6,3.2),.PIECEWISE_BEZIER_KNOTS.);
#348 = CARTESIAN_POINT('',(25.8,-6.4));
#349 = CARTESIAN_POINT('',(25.8,6.4));
#350 = ( GEOMETRIC_REPRESENTATION_CONTEXT(2) 
PARAMETRIC_REPRESENTATION_CONTEXT() REPRESENTATION_CONTEXT('2D SPACE',''
  ) );
#351 = PCURVE('',#352,#357);
#352 = PLANE('',#353);
#353 = AXIS2_PLACEMENT_3D('',#354,#355,#356);
#354 = CARTESIAN_POINT('',(25.8,6.4,-8.5));
#355 = DIRECTION('',(1.,0.,-0.));
#356 = DIRECTION('',(0.,-1.,0.));
#357 = DEFINITIONAL_REPRESENTATION('',(#358),#361);
#358 = B_SPLINE_CURVE_WITH_KNOTS('',1,(#359,#360),.UNSPECIFIED.,.F.,.F.,
  (2,2),(-9.6,3.2),.PIECEWISE_BEZIER_KNOTS.);
#359 = CARTESIAN_POINT('',(12.8,-1.));
#360 = CARTESIAN_POINT('',(0.,-1.));
#361 = ( GEOMETRIC_REPRESENTATION_CONTEXT(2) 
PARAMETRIC_REPRESENTATION_CONTEXT() REPRESENTATION_CONTEXT('2D SPACE',''
  ) );
#362 = ORIENTED_EDGE('',*,*,#363,.T.);
#363 = EDGE_CURVE('',#338,#22,#364,.T.);
#364 = SURFACE_CURVE('',#365,(#369,#375),.PCURVE_S1.);
#365 = LINE('',#366,#367);
#366 = CARTESIAN_POINT('',(15.4,6.4,-7.5));
#367 = VECTOR('',#368,1.);
#368 = DIRECTION('',(1.,0.,-0.));
#369 = PCURVE('',#45,#370);
#370 = DEFINITIONAL_REPRESENTATION('',(#371),#374);
#371 = B_SPLINE_CURVE_WITH_KNOTS('',1,(#372,#373),.UNSPECIFIED.,.F.,.F.,
  (2,2),(10.4,12.8),.PIECEWISE_BEZIER_KNOTS.);
#372 = CARTESIAN_POINT('',(25.8,6.4));
#373 = CARTESIAN_POINT('',(28.2,6.4));
#374 = ( GEOMETRIC_REPRESENTATION_CONTEXT(2) 
PARAMETRIC_REPRESENTATION_CONTEXT() REPRESENTATION_CONTEXT('2D SPACE',''
  ) );
#375 = PCURVE('',#72,#376);
#376 = DEFINITIONAL_REPRESENTATION('',(#377),#380);
#377 = B_SPLINE_CURVE_WITH_KNOTS('',1,(#378,#379),.UNSPECIFIED.,.F.,.F.,
  (2,2),(10.4,12.8),.PIECEWISE_BEZIER_KNOTS.);
#378 = CARTESIAN_POINT('',(5.,-1.));
#379 = CARTESIAN_POINT('',(2.6,-1.));
#380 = ( GEOMETRIC_REPRESENTATION_CONTEXT(2) 
PARAMETRIC_REPRESENTATION_CONTEXT() REPRESENTATION_CONTEXT('2D SPACE',''
  ) );
#381 = ORIENTED_EDGE('',*,*,#21,.T.);
#382 = ORIENTED_EDGE('',*,*,#383,.T.);
#383 = EDGE_CURVE('',#24,#384,#386,.T.);
#384 = VERTEX_POINT('',#385);
#385 = CARTESIAN_POINT('',(-28.12898860606,2.,-7.5));
#386 = SURFACE_CURVE('',#387,(#392,#399),.PCURVE_S1.);
#387 = CIRCLE('',#388,28.2);
#388 = AXIS2_PLACEMENT_3D('',#389,#390,#391);
#389 = CARTESIAN_POINT('',(0.,0.,-7.5));
#390 = DIRECTION('',(0.,0.,1.));
#391 = DIRECTION('',(1.,0.,0.));
#392 = PCURVE('',#45,#393);
#393 = DEFINITIONAL_REPRESENTATION('',(#394),#398);
#394 = CIRCLE('',#395,28.2);
#395 = AXIS2_PLACEMENT_2D('',#396,#397);
#396 = CARTESIAN_POINT('',(7.758525574692E-16,-1.952242238678E-15));
#397 = DIRECTION('',(1.,0.));
#398 = ( GEOMETRIC_REPRESENTATION_CONTEXT(2) 
PARAMETRIC_REPRESENTATION_CONTEXT() REPRESENTATION_CONTEXT('2D SPACE',''
  ) );
#399 = PCURVE('',#400,#405);
#400 = CYLINDRICAL_SURFACE('',#401,28.2);
#401 = AXIS2_PLACEMENT_3D('',#402,#403,#404);
#402 = CARTESIAN_POINT('',(0.,0.,-7.5));
#403 = DIRECTION('',(-0.,-0.,-1.));
#404 = DIRECTION('',(1.,0.,0.));
#405 = DEFINITIONAL_REPRESENTATION('',(#406),#410);
#406 = LINE('',#407,#408);
#407 = CARTESIAN_POINT('',(-0.,0.));
#408 = VECTOR('',#409,1.);
#409 = DIRECTION('',(-1.,0.));
#410 = ( GEOMETRIC_REPRESENTATION_CONTEXT(2) 
PARAMETRIC_REPRESENTATION_CONTEXT() REPRESENTATION_CONTEXT('2D SPACE',''
  ) );
#411 = ORIENTED_EDGE('',*,*,#412,.T.);
#412 = EDGE_CURVE('',#384,#413,#415,.T.);
#413 = VERTEX_POINT('',#414);
#414 = CARTESIAN_POINT('',(-26.7,2.,-7.5));
#415 = SURFACE_CURVE('',#416,(#420,#426),.PCURVE_S1.);
#416 = LINE('',#417,#418);
#417 = CARTESIAN_POINT('',(-13.35,2.,-7.5));
#418 = VECTOR('',#419,1.);
#419 = DIRECTION('',(1.,0.,-0.));
#420 = PCURVE('',#45,#421);
#421 = DEFINITIONAL_REPRESENTATION('',(#422),#425);
#422 = B_SPLINE_CURVE_WITH_KNOTS('',1,(#423,#424),.UNSPECIFIED.,.F.,.F.,
  (2,2),(-14.85,-13.35),.PIECEWISE_BEZIER_KNOTS.);
#423 = CARTESIAN_POINT('',(-28.2,2.));
#424 = CARTESIAN_POINT('',(-26.7,2.));
#425 = ( GEOMETRIC_REPRESENTATION_CONTEXT(2) 
PARAMETRIC_REPRESENTATION_CONTEXT() REPRESENTATION_CONTEXT('2D SPACE',''
  ) );
#426 = PCURVE('',#427,#432);
#427 = PLANE('',#428);
#428 = AXIS2_PLACEMENT_3D('',#429,#430,#431);
#429 = CARTESIAN_POINT('',(-26.7,2.,-8.5));
#430 = DIRECTION('',(0.,-1.,0.));
#431 = DIRECTION('',(-1.,0.,0.));
#432 = DEFINITIONAL_REPRESENTATION('',(#433),#436);
#433 = B_SPLINE_CURVE_WITH_KNOTS('',1,(#434,#435),.UNSPECIFIED.,.F.,.F.,
  (2,2),(-14.85,-13.35),.PIECEWISE_BEZIER_KNOTS.);
#434 = CARTESIAN_POINT('',(1.5,-1.));
#435 = CARTESIAN_POINT('',(0.,-1.));
#436 = ( GEOMETRIC_REPRESENTATION_CONTEXT(2) 
PARAMETRIC_REPRESENTATION_CONTEXT() REPRESENTATION_CONTEXT('2D SPACE',''
  ) );
#437 = ORIENTED_EDGE('',*,*,#438,.T.);
#438 = EDGE_CURVE('',#413,#439,#441,.T.);
#439 = VERTEX_POINT('',#440);
#440 = CARTESIAN_POINT('',(-26.7,-2.,-7.5));
#441 = SURFACE_CURVE('',#442,(#446,#452),.PCURVE_S1.);
#442 = LINE('',#443,#444);
#443 = CARTESIAN_POINT('',(-26.7,-1.,-7.5));
#444 = VECTOR('',#445,1.);
#445 = DIRECTION('',(0.,-1.,0.));
#446 = PCURVE('',#45,#447);
#447 = DEFINITIONAL_REPRESENTATION('',(#448),#451);
#448 = B_SPLINE_CURVE_WITH_KNOTS('',1,(#449,#450),.UNSPECIFIED.,.F.,.F.,
  (2,2),(-3.,1.),.PIECEWISE_BEZIER_KNOTS.);
#449 = CARTESIAN_POINT('',(-26.7,2.));
#450 = CARTESIAN_POINT('',(-26.7,-2.));
#451 = ( GEOMETRIC_REPRESENTATION_CONTEXT(2) 
PARAMETRIC_REPRESENTATION_CONTEXT() REPRESENTATION_CONTEXT('2D SPACE',''
  ) );
#452 = PCURVE('',#453,#458);
#453 = PLANE('',#454);
#454 = AXIS2_PLACEMENT_3D('',#455,#456,#457);
#455 = CARTESIAN_POINT('',(-26.7,-2.,-8.5));
#456 = DIRECTION('',(-1.,0.,0.));
#457 = DIRECTION('',(0.,1.,0.));
#458 = DEFINITIONAL_REPRESENTATION('',(#459),#462);
#459 = B_SPLINE_CURVE_WITH_KNOTS('',1,(#460,#461),.UNSPECIFIED.,.F.,.F.,
  (2,2),(-3.,1.),.PIECEWISE_BEZIER_KNOTS.);
#460 = CARTESIAN_POINT('',(4.,-1.));
#461 = CARTESIAN_POINT('',(0.,-1.));
#462 = ( GEOMETRIC_REPRESENTATION_CONTEXT(2) 
PARAMETRIC_REPRESENTATION_CONTEXT() REPRESENTATION_CONTEXT('2D SPACE',''
  ) );
#463 = ORIENTED_EDGE('',*,*,#464,.T.);
#464 = EDGE_CURVE('',#439,#465,#467,.T.);
#465 = VERTEX_POINT('',#466);
#466 = CARTESIAN_POINT('',(-28.12898860606,-2.,-7.5));
#467 = SURFACE_CURVE('',#468,(#472,#478),.PCURVE_S1.);
#468 = LINE('',#469,#470);
#469 = CARTESIAN_POINT('',(-14.15,-2.,-7.5));
#470 = VECTOR('',#471,1.);
#471 = DIRECTION('',(-1.,0.,0.));
#472 = PCURVE('',#45,#473);
#473 = DEFINITIONAL_REPRESENTATION('',(#474),#477);
#474 = B_SPLINE_CURVE_WITH_KNOTS('',1,(#475,#476),.UNSPECIFIED.,.F.,.F.,
  (2,2),(12.55,14.05),.PIECEWISE_BEZIER_KNOTS.);
#475 = CARTESIAN_POINT('',(-26.7,-2.));
#476 = CARTESIAN_POINT('',(-28.2,-2.));
#477 = ( GEOMETRIC_REPRESENTATION_CONTEXT(2) 
PARAMETRIC_REPRESENTATION_CONTEXT() REPRESENTATION_CONTEXT('2D SPACE',''
  ) );
#478 = PCURVE('',#479,#484);
#479 = PLANE('',#480);
#480 = AXIS2_PLACEMENT_3D('',#481,#482,#483);
#481 = CARTESIAN_POINT('',(-28.3,-2.,-8.5));
#482 = DIRECTION('',(0.,1.,0.));
#483 = DIRECTION('',(1.,0.,0.));
#484 = DEFINITIONAL_REPRESENTATION('',(#485),#488);
#485 = B_SPLINE_CURVE_WITH_KNOTS('',1,(#486,#487),.UNSPECIFIED.,.F.,.F.,
  (2,2),(12.55,14.05),.PIECEWISE_BEZIER_KNOTS.);
#486 = CARTESIAN_POINT('',(1.6,-1.));
#487 = CARTESIAN_POINT('',(0.1,-1.));
#488 = ( GEOMETRIC_REPRESENTATION_CONTEXT(2) 
PARAMETRIC_REPRESENTATION_CONTEXT() REPRESENTATION_CONTEXT('2D SPACE',''
  ) );
#489 = ORIENTED_EDGE('',*,*,#490,.T.);
#490 = EDGE_CURVE('',#465,#491,#493,.T.);
#491 = VERTEX_POINT('',#492);
#492 = CARTESIAN_POINT('',(14.1,-24.42191638672,-7.5));
#493 = SURFACE_CURVE('',#494,(#499,#506),.PCURVE_S1.);
#494 = CIRCLE('',#495,28.2);
#495 = AXIS2_PLACEMENT_3D('',#496,#497,#498);
#496 = CARTESIAN_POINT('',(0.,0.,-7.5));
#497 = DIRECTION('',(0.,0.,1.));
#498 = DIRECTION('',(1.,0.,0.));
#499 = PCURVE('',#45,#500);
#500 = DEFINITIONAL_REPRESENTATION('',(#501),#505);
#501 = CIRCLE('',#502,28.2);
#502 = AXIS2_PLACEMENT_2D('',#503,#504);
#503 = CARTESIAN_POINT('',(7.758525574692E-16,-1.952242238678E-15));
#504 = DIRECTION('',(1.,0.));
#505 = ( GEOMETRIC_REPRESENTATION_CONTEXT(2) 
PARAMETRIC_REPRESENTATION_CONTEXT() REPRESENTATION_CONTEXT('2D SPACE',''
  ) );
#506 = PCURVE('',#507,#512);
#507 = CYLINDRICAL_SURFACE('',#508,28.2);
#508 = AXIS2_PLACEMENT_3D('',#509,#510,#511);
#509 = CARTESIAN_POINT('',(0.,0.,-7.5));
#510 = DIRECTION('',(-0.,-0.,-1.));
#511 = DIRECTION('',(1.,0.,0.));
#512 = DEFINITIONAL_REPRESENTATION('',(#513),#517);
#513 = LINE('',#514,#515);
#514 = CARTESIAN_POINT('',(-0.,0.));
#515 = VECTOR('',#516,1.);
#516 = DIRECTION('',(-1.,0.));
#517 = ( GEOMETRIC_REPRESENTATION_CONTEXT(2) 
PARAMETRIC_REPRESENTATION_CONTEXT() REPRESENTATION_CONTEXT('2D SPACE',''
  ) );
#518 = ORIENTED_EDGE('',*,*,#519,.T.);
#519 = EDGE_CURVE('',#491,#520,#522,.T.);
#520 = VERTEX_POINT('',#521);
#521 = CARTESIAN_POINT('',(27.464158461529,-6.4,-7.5));
#522 = SURFACE_CURVE('',#523,(#528,#535),.PCURVE_S1.);
#523 = CIRCLE('',#524,28.2);
#524 = AXIS2_PLACEMENT_3D('',#525,#526,#527);
#525 = CARTESIAN_POINT('',(0.,0.,-7.5));
#526 = DIRECTION('',(0.,0.,1.));
#527 = DIRECTION('',(1.,0.,0.));
#528 = PCURVE('',#45,#529);
#529 = DEFINITIONAL_REPRESENTATION('',(#530),#534);
#530 = CIRCLE('',#531,28.2);
#531 = AXIS2_PLACEMENT_2D('',#532,#533);
#532 = CARTESIAN_POINT('',(7.758525574692E-16,-1.952242238678E-15));
#533 = DIRECTION('',(1.,0.));
#534 = ( GEOMETRIC_REPRESENTATION_CONTEXT(2) 
PARAMETRIC_REPRESENTATION_CONTEXT() REPRESENTATION_CONTEXT('2D SPACE',''
  ) );
#535 = PCURVE('',#536,#541);
#536 = CYLINDRICAL_SURFACE('',#537,28.2);
#537 = AXIS2_PLACEMENT_3D('',#538,#539,#540);
#538 = CARTESIAN_POINT('',(0.,0.,-7.5));
#539 = DIRECTION('',(-0.,-0.,-1.));
#540 = DIRECTION('',(1.,0.,0.));
#541 = DEFINITIONAL_REPRESENTATION('',(#542),#546);
#542 = LINE('',#543,#544);
#543 = CARTESIAN_POINT('',(-0.,0.));
#544 = VECTOR('',#545,1.);
#545 = DIRECTION('',(-1.,0.));
#546 = ( GEOMETRIC_REPRESENTATION_CONTEXT(2) 
PARAMETRIC_REPRESENTATION_CONTEXT() REPRESENTATION_CONTEXT('2D SPACE',''
  ) );
#547 = ORIENTED_EDGE('',*,*,#548,.T.);
#548 = EDGE_CURVE('',#520,#336,#549,.T.);
#549 = SURFACE_CURVE('',#550,(#554,#560),.PCURVE_S1.);
#550 = LINE('',#551,#552);
#551 = CARTESIAN_POINT('',(12.9,-6.4,-7.5));
#552 = VECTOR('',#553,1.);
#553 = DIRECTION('',(-1.,0.,0.));
#554 = PCURVE('',#45,#555);
#555 = DEFINITIONAL_REPRESENTATION('',(#556),#559);
#556 = B_SPLINE_CURVE_WITH_KNOTS('',1,(#557,#558),.UNSPECIFIED.,.F.,.F.,
  (2,2),(-15.3,-12.9),.PIECEWISE_BEZIER_KNOTS.);
#557 = CARTESIAN_POINT('',(28.2,-6.4));
#558 = CARTESIAN_POINT('',(25.8,-6.4));
#559 = ( GEOMETRIC_REPRESENTATION_CONTEXT(2) 
PARAMETRIC_REPRESENTATION_CONTEXT() REPRESENTATION_CONTEXT('2D SPACE',''
  ) );
#560 = PCURVE('',#561,#566);
#561 = PLANE('',#562);
#562 = AXIS2_PLACEMENT_3D('',#563,#564,#565);
#563 = CARTESIAN_POINT('',(25.8,-6.4,-8.5));
#564 = DIRECTION('',(0.,1.,0.));
#565 = DIRECTION('',(1.,0.,0.));
#566 = DEFINITIONAL_REPRESENTATION('',(#567),#570);
#567 = B_SPLINE_CURVE_WITH_KNOTS('',1,(#568,#569),.UNSPECIFIED.,.F.,.F.,
  (2,2),(-15.3,-12.9),.PIECEWISE_BEZIER_KNOTS.);
#568 = CARTESIAN_POINT('',(2.4,-1.));
#569 = CARTESIAN_POINT('',(0.,-1.));
#570 = ( GEOMETRIC_REPRESENTATION_CONTEXT(2) 
PARAMETRIC_REPRESENTATION_CONTEXT() REPRESENTATION_CONTEXT('2D SPACE',''
  ) );
#571 = FACE_BOUND('',#572,.F.);
#572 = EDGE_LOOP('',(#573,#601,#627,#653));
#573 = ORIENTED_EDGE('',*,*,#574,.T.);
#574 = EDGE_CURVE('',#575,#577,#579,.T.);
#575 = VERTEX_POINT('',#576);
#576 = CARTESIAN_POINT('',(23.,3.5,-7.5));
#577 = VERTEX_POINT('',#578);
#578 = CARTESIAN_POINT('',(23.,-3.5,-7.5));
#579 = SURFACE_CURVE('',#580,(#584,#590),.PCURVE_S1.);
#580 = LINE('',#581,#582);
#581 = CARTESIAN_POINT('',(23.,-1.75,-7.5));
#582 = VECTOR('',#583,1.);
#583 = DIRECTION('',(0.,-1.,0.));
#584 = PCURVE('',#45,#585);
#585 = DEFINITIONAL_REPRESENTATION('',(#586),#589);
#586 = B_SPLINE_CURVE_WITH_KNOTS('',1,(#587,#588),.UNSPECIFIED.,.F.,.F.,
  (2,2),(-5.25,1.75),.PIECEWISE_BEZIER_KNOTS.);
#587 = CARTESIAN_POINT('',(23.,3.5));
#588 = CARTESIAN_POINT('',(23.,-3.5));
#589 = ( GEOMETRIC_REPRESENTATION_CONTEXT(2) 
PARAMETRIC_REPRESENTATION_CONTEXT() REPRESENTATION_CONTEXT('2D SPACE',''
  ) );
#590 = PCURVE('',#591,#596);
#591 = PLANE('',#592);
#592 = AXIS2_PLACEMENT_3D('',#593,#594,#595);
#593 = CARTESIAN_POINT('',(23.,-3.5,-8.5));
#594 = DIRECTION('',(-1.,0.,0.));
#595 = DIRECTION('',(0.,1.,0.));
#596 = DEFINITIONAL_REPRESENTATION('',(#597),#600);
#597 = B_SPLINE_CURVE_WITH_KNOTS('',1,(#598,#599),.UNSPECIFIED.,.F.,.F.,
  (2,2),(-5.25,1.75),.PIECEWISE_BEZIER_KNOTS.);
#598 = CARTESIAN_POINT('',(7.,-1.));
#599 = CARTESIAN_POINT('',(0.,-1.));
#600 = ( GEOMETRIC_REPRESENTATION_CONTEXT(2) 
PARAMETRIC_REPRESENTATION_CONTEXT() REPRESENTATION_CONTEXT('2D SPACE',''
  ) );
#601 = ORIENTED_EDGE('',*,*,#602,.T.);
#602 = EDGE_CURVE('',#577,#603,#605,.T.);
#603 = VERTEX_POINT('',#604);
#604 = CARTESIAN_POINT('',(18.,-3.5,-7.5));
#605 = SURFACE_CURVE('',#606,(#610,#616),.PCURVE_S1.);
#606 = LINE('',#607,#608);
#607 = CARTESIAN_POINT('',(9.,-3.5,-7.5));
#608 = VECTOR('',#609,1.);
#609 = DIRECTION('',(-1.,0.,0.));
#610 = PCURVE('',#45,#611);
#611 = DEFINITIONAL_REPRESENTATION('',(#612),#615);
#612 = B_SPLINE_CURVE_WITH_KNOTS('',1,(#613,#614),.UNSPECIFIED.,.F.,.F.,
  (2,2),(-14.,-9.),.PIECEWISE_BEZIER_KNOTS.);
#613 = CARTESIAN_POINT('',(23.,-3.5));
#614 = CARTESIAN_POINT('',(18.,-3.5));
#615 = ( GEOMETRIC_REPRESENTATION_CONTEXT(2) 
PARAMETRIC_REPRESENTATION_CONTEXT() REPRESENTATION_CONTEXT('2D SPACE',''
  ) );
#616 = PCURVE('',#617,#622);
#617 = PLANE('',#618);
#618 = AXIS2_PLACEMENT_3D('',#619,#620,#621);
#619 = CARTESIAN_POINT('',(18.,-3.5,-8.5));
#620 = DIRECTION('',(0.,1.,0.));
#621 = DIRECTION('',(1.,0.,0.));
#622 = DEFINITIONAL_REPRESENTATION('',(#623),#626);
#623 = B_SPLINE_CURVE_WITH_KNOTS('',1,(#624,#625),.UNSPECIFIED.,.F.,.F.,
  (2,2),(-14.,-9.),.PIECEWISE_BEZIER_KNOTS.);
#624 = CARTESIAN_POINT('',(5.,-1.));
#625 = CARTESIAN_POINT('',(0.,-1.));
#626 = ( GEOMETRIC_REPRESENTATION_CONTEXT(2) 
PARAMETRIC_REPRESENTATION_CONTEXT() REPRESENTATION_CONTEXT('2D SPACE',''
  ) );
#627 = ORIENTED_EDGE('',*,*,#628,.T.);
#628 = EDGE_CURVE('',#603,#629,#631,.T.);
#629 = VERTEX_POINT('',#630);
#630 = CARTESIAN_POINT('',(18.,3.5,-7.5));
#631 = SURFACE_CURVE('',#632,(#636,#642),.PCURVE_S1.);
#632 = LINE('',#633,#634);
#633 = CARTESIAN_POINT('',(18.,1.75,-7.5));
#634 = VECTOR('',#635,1.);
#635 = DIRECTION('',(-0.,1.,0.));
#636 = PCURVE('',#45,#637);
#637 = DEFINITIONAL_REPRESENTATION('',(#638),#641);
#638 = B_SPLINE_CURVE_WITH_KNOTS('',1,(#639,#640),.UNSPECIFIED.,.F.,.F.,
  (2,2),(-5.25,1.75),.PIECEWISE_BEZIER_KNOTS.);
#639 = CARTESIAN_POINT('',(18.,-3.5));
#640 = CARTESIAN_POINT('',(18.,3.5));
#641 = ( GEOMETRIC_REPRESENTATION_CONTEXT(2) 
PARAMETRIC_REPRESENTATION_CONTEXT() REPRESENTATION_CONTEXT('2D SPACE',''
  ) );
#642 = PCURVE('',#643,#648);
#643 = PLANE('',#644);
#644 = AXIS2_PLACEMENT_3D('',#645,#646,#647);
#645 = CARTESIAN_POINT('',(18.,3.5,-8.5));
#646 = DIRECTION('',(1.,0.,-0.));
#647 = DIRECTION('',(0.,-1.,0.));
#648 = DEFINITIONAL_REPRESENTATION('',(#649),#652);
#649 = B_SPLINE_CURVE_WITH_KNOTS('',1,(#650,#651),.UNSPECIFIED.,.F.,.F.,
  (2,2),(-5.25,1.75),.PIECEWISE_BEZIER_KNOTS.);
#650 = CARTESIAN_POINT('',(7.,-1.));
#651 = CARTESIAN_POINT('',(0.,-1.));
#652 = ( GEOMETRIC_REPRESENTATION_CONTEXT(2) 
PARAMETRIC_REPRESENTATION_CONTEXT() REPRESENTATION_CONTEXT('2D SPACE',''
  ) );
#653 = ORIENTED_EDGE('',*,*,#654,.T.);
#654 = EDGE_CURVE('',#629,#575,#655,.T.);
#655 = SURFACE_CURVE('',#656,(#660,#666),.PCURVE_S1.);
#656 = LINE('',#657,#658);
#657 = CARTESIAN_POINT('',(11.5,3.5,-7.5));
#658 = VECTOR('',#659,1.);
#659 = DIRECTION('',(1.,0.,-0.));
#660 = PCURVE('',#45,#661);
#661 = DEFINITIONAL_REPRESENTATION('',(#662),#665);
#662 = B_SPLINE_CURVE_WITH_KNOTS('',1,(#663,#664),.UNSPECIFIED.,.F.,.F.,
  (2,2),(6.5,11.5),.PIECEWISE_BEZIER_KNOTS.);
#663 = CARTESIAN_POINT('',(18.,3.5));
#664 = CARTESIAN_POINT('',(23.,3.5));
#665 = ( GEOMETRIC_REPRESENTATION_CONTEXT(2) 
PARAMETRIC_REPRESENTATION_CONTEXT() REPRESENTATION_CONTEXT('2D SPACE',''
  ) );
#666 = PCURVE('',#667,#672);
#667 = PLANE('',#668);
#668 = AXIS2_PLACEMENT_3D('',#669,#670,#671);
#669 = CARTESIAN_POINT('',(23.,3.5,-8.5));
#670 = DIRECTION('',(0.,-1.,0.));
#671 = DIRECTION('',(-1.,0.,0.));
#672 = DEFINITIONAL_REPRESENTATION('',(#673),#676);
#673 = B_SPLINE_CURVE_WITH_KNOTS('',1,(#674,#675),.UNSPECIFIED.,.F.,.F.,
  (2,2),(6.5,11.5),.PIECEWISE_BEZIER_KNOTS.);
#674 = CARTESIAN_POINT('',(5.,-1.));
#675 = CARTESIAN_POINT('',(0.,-1.));
#676 = ( GEOMETRIC_REPRESENTATION_CONTEXT(2) 
PARAMETRIC_REPRESENTATION_CONTEXT() REPRESENTATION_CONTEXT('2D SPACE',''
  ) );
#677 = FACE_BOUND('',#678,.F.);
#678 = EDGE_LOOP('',(#679));
#679 = ORIENTED_EDGE('',*,*,#680,.T.);
#680 = EDGE_CURVE('',#681,#681,#683,.T.);
#681 = VERTEX_POINT('',#682);
#682 = CARTESIAN_POINT('',(1.5,21.5,-7.5));
#683 = SURFACE_CURVE('',#684,(#689,#700),.PCURVE_S1.);
#684 = CIRCLE('',#685,1.5);
#685 = AXIS2_PLACEMENT_3D('',#686,#687,#688);
#686 = CARTESIAN_POINT('',(0.,21.5,-7.5));
#687 = DIRECTION('',(0.,0.,-1.));
#688 = DIRECTION('',(1.,0.,0.));
#689 = PCURVE('',#45,#690);
#690 = DEFINITIONAL_REPRESENTATION('',(#691),#699);
#691 = ( BOUNDED_CURVE() B_SPLINE_CURVE(2,(#692,#693,#694,#695,#696,#697
,#698),.UNSPECIFIED.,.T.,.F.) B_SPLINE_CURVE_WITH_KNOTS((1,2,2,2,2,1),(
    -2.094395102393,0.,2.094395102393,4.188790204786,6.28318530718,
8.377580409573),.UNSPECIFIED.) CURVE() GEOMETRIC_REPRESENTATION_ITEM() 
RATIONAL_B_SPLINE_CURVE((1.,0.5,1.,0.5,1.,0.5,1.)) REPRESENTATION_ITEM(
  '') );
#692 = CARTESIAN_POINT('',(1.5,21.5));
#693 = CARTESIAN_POINT('',(1.5,18.901923788647));
#694 = CARTESIAN_POINT('',(-0.75,20.200961894323));
#695 = CARTESIAN_POINT('',(-3.,21.5));
#696 = CARTESIAN_POINT('',(-0.75,22.799038105677));
#697 = CARTESIAN_POINT('',(1.5,24.098076211353));
#698 = CARTESIAN_POINT('',(1.5,21.5));
#699 = ( GEOMETRIC_REPRESENTATION_CONTEXT(2) 
PARAMETRIC_REPRESENTATION_CONTEXT() REPRESENTATION_CONTEXT('2D SPACE',''
  ) );
#700 = PCURVE('',#701,#706);
#701 = CYLINDRICAL_SURFACE('',#702,1.5);
#702 = AXIS2_PLACEMENT_3D('',#703,#704,#705);
#703 = CARTESIAN_POINT('',(0.,21.5,-8.5));
#704 = DIRECTION('',(-0.,-0.,-1.));
#705 = DIRECTION('',(1.,0.,0.));
#706 = DEFINITIONAL_REPRESENTATION('',(#707),#711);
#707 = LINE('',#708,#709);
#708 = CARTESIAN_POINT('',(-6.28318530718,-1.));
#709 = VECTOR('',#710,1.);
#710 = DIRECTION('',(1.,-0.));
#711 = ( GEOMETRIC_REPRESENTATION_CONTEXT(2) 
PARAMETRIC_REPRESENTATION_CONTEXT() REPRESENTATION_CONTEXT('2D SPACE',''
  ) );
#712 = ADVANCED_FACE('',(#713),#293,.T.);
#713 = FACE_BOUND('',#714,.T.);
#714 = EDGE_LOOP('',(#715,#716));
#715 = ORIENTED_EDGE('',*,*,#112,.F.);
#716 = ORIENTED_EDGE('',*,*,#717,.F.);
#717 = EDGE_CURVE('',#84,#24,#718,.T.);
#718 = SURFACE_CURVE('',#719,(#854,#872),.PCURVE_S1.);
#719 = B_SPLINE_CURVE_WITH_KNOTS('',4,(#720,#721,#722,#723,#724,#725,
    #726,#727,#728,#729,#730,#731,#732,#733,#734,#735,#736,#737,#738,
    #739,#740,#741,#742,#743,#744,#745,#746,#747,#748,#749,#750,#751,
    #752,#753,#754,#755,#756,#757,#758,#759,#760,#761,#762,#763,#764,
    #765,#766,#767,#768,#769,#770,#771,#772,#773,#774,#775,#776,#777,
    #778,#779,#780,#781,#782,#783,#784,#785,#786,#787,#788,#789,#790,
    #791,#792,#793,#794,#795,#796,#797,#798,#799,#800,#801,#802,#803,
    #804,#805,#806,#807,#808,#809,#810,#811,#812,#813,#814,#815,#816,
    #817,#818,#819,#820,#821,#822,#823,#824,#825,#826,#827,#828,#829,
    #830,#831,#832,#833,#834,#835,#836,#837,#838,#839,#840,#841,#842,
    #843,#844,#845,#846,#847,#848,#849,#850,#851,#852,#853),
  .UNSPECIFIED.,.F.,.F.,(5,3,3,3,3,3,3,3,3,3,3,3,3,3,3,3,3,3,3,3,3,3,3,3
    ,3,3,3,3,3,3,3,3,3,3,3,3,3,3,3,3,3,3,3,3,5),(0.,1.824286816018E-02,
    3.220241256867E-02,4.622444613246E-02,6.033749801036E-02,
    7.457176540337E-02,8.796183127384E-02,0.102524866069,0.117313972894,
    0.131849311786,0.146682846171,0.162417812005,0.178601272202,
    0.195319939116,0.212682264828,0.228909325347,0.245896438082,
    0.265956562772,0.287526717221,0.311140210937,0.337704754091,
    0.365470735281,0.489853551494,0.642783266869,0.671170526413,
    0.696655067815,0.719541015137,0.740583365942,0.75892362582,
    0.777569958057,0.794739708685,0.811817365211,0.828300502724,
    0.843743519017,0.85932692505,0.87455720351,0.889490109328,
    0.904173576503,0.916663792344,0.930991059328,0.945177594106,
    0.959254925965,0.973252536224,0.987198463611,1.),.UNSPECIFIED.);
#720 = CARTESIAN_POINT('',(14.1,24.421916386721,-6.9));
#721 = CARTESIAN_POINT('',(14.09627702389,24.424065847969,
    -6.900000000951));
#722 = CARTESIAN_POINT('',(14.092553723276,24.426214487648,
    -6.900082134377));
#723 = CARTESIAN_POINT('',(14.088831959023,24.42836123136,
    -6.900246403076));
#724 = CARTESIAN_POINT('',(14.082268751037,24.432145170018,
    -6.900681113874));
#725 = CARTESIAN_POINT('',(14.07942577347,24.433783665931,
    -6.900917571698));
#726 = CARTESIAN_POINT('',(14.076585841385,24.435419819608,
    -6.901201982494));
#727 = CARTESIAN_POINT('',(14.070901195564,24.438693712046,
    -6.901867984244));
#728 = CARTESIAN_POINT('',(14.068056517241,24.440331425165,
    -6.902250004532));
#729 = CARTESIAN_POINT('',(14.065216754584,24.441965721598,
    -6.902680192566));
#730 = CARTESIAN_POINT('',(14.059530504285,24.445237017209,
    -6.903639698692));
#731 = CARTESIAN_POINT('',(14.056684092549,24.446873965121,
    -6.904169642136));
#732 = CARTESIAN_POINT('',(14.053844529379,24.448506388149,
    -6.904748066158));
#733 = CARTESIAN_POINT('',(14.048156641273,24.451775105984,
    -6.906006847146));
#734 = CARTESIAN_POINT('',(14.04530845046,24.453411313675,
    -6.906688036954));
#735 = CARTESIAN_POINT('',(14.042469129538,24.455041839883,
    -6.907418123969));
#736 = CARTESIAN_POINT('',(14.036977933896,24.458194125949,
    -6.908929388719));
#737 = CARTESIAN_POINT('',(14.034324929132,24.459716601314,
    -6.909704968392));
#738 = CARTESIAN_POINT('',(14.031681400508,24.461233131004,
    -6.910523371386));
#739 = CARTESIAN_POINT('',(14.0261841829,24.464385709989,-6.912320737043
    ));
#740 = CARTESIAN_POINT('',(14.023332369563,24.466020591778,
    -6.913307484534));
#741 = CARTESIAN_POINT('',(14.020493693554,24.467647356976,
    -6.914344259286));
#742 = CARTESIAN_POINT('',(14.014800752006,24.470908663338,
    -6.916533970197));
#743 = CARTESIAN_POINT('',(14.011946928428,24.472542933246,
    -6.917688459806));
#744 = CARTESIAN_POINT('',(14.009108714253,24.474167679426,
    -6.918893753778));
#745 = CARTESIAN_POINT('',(14.003513965282,24.477369279255,
    -6.921383500719));
#746 = CARTESIAN_POINT('',(14.000756864504,24.478946476369,
    -6.922666240555));
#747 = CARTESIAN_POINT('',(13.998016800134,24.48051338298,
    -6.923997190536));
#748 = CARTESIAN_POINT('',(13.992516807199,24.483657480835,
    -6.926782835969));
#749 = CARTESIAN_POINT('',(13.98975762423,24.485234223657,
    -6.928239509977));
#750 = CARTESIAN_POINT('',(13.987018190078,24.486799136516,
    -6.929745383824));
#751 = CARTESIAN_POINT('',(13.981415589895,24.489998553119,
    -6.932948872743));
#752 = CARTESIAN_POINT('',(13.978555021217,24.491631506779,
    -6.934652578822));
#753 = CARTESIAN_POINT('',(13.975718975906,24.493249877767,
    -6.936410340916));
#754 = CARTESIAN_POINT('',(13.97001813879,24.496501878338,
    -6.940084122509));
#755 = CARTESIAN_POINT('',(13.967154831532,24.498134628114,
    -6.942003224879));
#756 = CARTESIAN_POINT('',(13.964319944606,24.499750588716,
    -6.943977925281));
#757 = CARTESIAN_POINT('',(13.958616680374,24.503000459044,
    -6.948103888181));
#758 = CARTESIAN_POINT('',(13.95575029585,24.504633195075,-6.95025883019
    ));
#759 = CARTESIAN_POINT('',(13.952916891485,24.506246562723,
    -6.952471210547));
#760 = CARTESIAN_POINT('',(13.947210880892,24.509494483398,
    -6.95709610713));
#761 = CARTESIAN_POINT('',(13.944340964889,24.511127460812,
    -6.959513049432));
#762 = CARTESIAN_POINT('',(13.941509477843,24.512737990526,
    -6.961989643553));
#763 = CARTESIAN_POINT('',(13.936108700316,24.515808844526,
    -6.96689386559));
#764 = CARTESIAN_POINT('',(13.933534371296,24.517272104641,
    -6.969314106912));
#765 = CARTESIAN_POINT('',(13.930995976835,24.518714472197,
    -6.971784329095));
#766 = CARTESIAN_POINT('',(13.925876090771,24.521622788339,
    -6.976940543471));
#767 = CARTESIAN_POINT('',(13.923298149248,24.52308667717,
    -6.979631222889));
#768 = CARTESIAN_POINT('',(13.920762047852,24.524526340464,
    -6.982374226391));
#769 = CARTESIAN_POINT('',(13.915324922085,24.52761186442,
    -6.988467669688));
#770 = CARTESIAN_POINT('',(13.91244087767,24.52924791283,-6.991838229811
    ));
#771 = CARTESIAN_POINT('',(13.909618827189,24.530848214742,
    -6.99527772212));
#772 = CARTESIAN_POINT('',(13.903894792889,24.534093038281,
    -7.002553849223));
#773 = CARTESIAN_POINT('',(13.901002782323,24.535731820906,
    -7.006400890207));
#774 = CARTESIAN_POINT('',(13.898186892675,24.537326891782,
    -7.010322060052));
#775 = CARTESIAN_POINT('',(13.892452271972,24.54057419322,
    -7.018684727279));
#776 = CARTESIAN_POINT('',(13.889549067182,24.542217525052,
    -7.023140328587));
#777 = CARTESIAN_POINT('',(13.886742426642,24.543805622855,
    -7.027677093518));
#778 = CARTESIAN_POINT('',(13.880988948845,24.547060069347,
    -7.03748106786));
#779 = CARTESIAN_POINT('',(13.878068424517,24.548711394466,
    -7.042768708557));
#780 = CARTESIAN_POINT('',(13.875276892727,24.550289213786,
    -7.048147678748));
#781 = CARTESIAN_POINT('',(13.869837815553,24.553362481821,
    -7.059322700162));
#782 = CARTESIAN_POINT('',(13.867202491001,24.554850978323,
    -7.065126614697));
#783 = CARTESIAN_POINT('',(13.864715103688,24.55625546153,
    -7.071016123809));
#784 = CARTESIAN_POINT('',(13.851912180705,24.56348251759,
    -7.103716291926));
#785 = CARTESIAN_POINT('',(13.844474176071,24.567673236175,
    -7.132017268478));
#786 = CARTESIAN_POINT('',(13.840339066631,24.570002348065,
    -7.161194202437));
#787 = CARTESIAN_POINT('',(13.838534205639,24.571018952098,
    -7.226510767221));
#788 = CARTESIAN_POINT('',(13.842565823525,24.568748219652,
    -7.262707261533));
#789 = CARTESIAN_POINT('',(13.851656873484,24.563628521528,
    -7.29768019994));
#790 = CARTESIAN_POINT('',(13.867793098228,24.554517364464,
    -7.336167768661));
#791 = CARTESIAN_POINT('',(13.870475173569,24.553002500652,
    -7.34210720829));
#792 = CARTESIAN_POINT('',(13.87330960664,24.551401025149,
    -7.347952423799));
#793 = CARTESIAN_POINT('',(13.878970151211,24.548201502414,
    -7.35885188728));
#794 = CARTESIAN_POINT('',(13.881767478121,24.546619849035,
    -7.363925899967));
#795 = CARTESIAN_POINT('',(13.884681453508,24.544971644591,
    -7.36891232529));
#796 = CARTESIAN_POINT('',(13.890427444012,24.541720297896,
    -7.378200552364));
#797 = CARTESIAN_POINT('',(13.893237519497,24.540129697406,
    -7.382520318931));
#798 = CARTESIAN_POINT('',(13.896136642567,24.538488099002,
    -7.386761445723));
#799 = CARTESIAN_POINT('',(13.901867261288,24.535241930798,
    -7.394744227691));
#800 = CARTESIAN_POINT('',(13.90468539213,24.533645030618,
    -7.398498597216));
#801 = CARTESIAN_POINT('',(13.907574568796,24.53200727982,
    -7.402180671653));
#802 = CARTESIAN_POINT('',(13.913110799074,24.528867822981,
    -7.408931773253));
#803 = CARTESIAN_POINT('',(13.915741302998,24.527375652948,
    -7.412018807309));
#804 = CARTESIAN_POINT('',(13.918422674054,24.525854116134,
    -7.415047185802));
#805 = CARTESIAN_POINT('',(13.923929662106,24.522728089592,
    -7.421032879929));
#806 = CARTESIAN_POINT('',(13.926756939851,24.521122639129,
    -7.423988166488));
#807 = CARTESIAN_POINT('',(13.929633607673,24.519488552364,
    -7.426879400097));
#808 = CARTESIAN_POINT('',(13.935250761721,24.516296535175,
    -7.432306775923));
#809 = CARTESIAN_POINT('',(13.937983993013,24.514742821062,
    -7.434852907065));
#810 = CARTESIAN_POINT('',(13.940756345953,24.513166318425,
    -7.437342096318));
#811 = CARTESIAN_POINT('',(13.946361467069,24.509977808436,
    -7.442191193535));
#812 = CARTESIAN_POINT('',(13.949193831634,24.50836603678,
    -7.444551723485));
#813 = CARTESIAN_POINT('',(13.952062180854,24.506733198479,
    -7.446853594527));
#814 = CARTESIAN_POINT('',(13.957766976121,24.50348447541,
    -7.451259812619));
#815 = CARTESIAN_POINT('',(13.960601056767,24.501869979228,
    -7.453368246456));
#816 = CARTESIAN_POINT('',(13.963466084754,24.500237264203,
    -7.455420065284));
#817 = CARTESIAN_POINT('',(13.969072763799,24.497040961411,
    -7.459282844869));
#818 = CARTESIAN_POINT('',(13.97181079215,24.495479512771,
    -7.461100834286));
#819 = CARTESIAN_POINT('',(13.974573765333,24.493903289859,
    -7.462867613028));
#820 = CARTESIAN_POINT('',(13.980172730394,24.490708052486,
    -7.466312993451));
#821 = CARTESIAN_POINT('',(13.983009157868,24.489088779209,
    -7.467990647602));
#822 = CARTESIAN_POINT('',(13.985868729999,24.487455704517,
    -7.469614779512));
#823 = CARTESIAN_POINT('',(13.991566545846,24.484200540617,
    -7.472719167947));
#824 = CARTESIAN_POINT('',(13.99440380462,24.482579040985,
    -7.474201850839));
#825 = CARTESIAN_POINT('',(13.997260979964,24.480945570699,
    -7.475632225208));
#826 = CARTESIAN_POINT('',(14.002956799614,24.477688032583,
    -7.478360409021));
#827 = CARTESIAN_POINT('',(14.005794716622,24.476064403833,
    -7.479660261563));
#828 = CARTESIAN_POINT('',(14.008649676127,24.474430436593,
    -7.480908827607));
#829 = CARTESIAN_POINT('',(14.014343604641,24.471170464704,
    -7.483282516666));
#830 = CARTESIAN_POINT('',(14.017182044269,24.469544782901,
    -7.484409353336));
#831 = CARTESIAN_POINT('',(14.020034929852,24.467910239339,
    -7.485485760748));
#832 = CARTESIAN_POINT('',(14.02533941158,24.464869962612,
    -7.487383794787));
#833 = CARTESIAN_POINT('',(14.027787297088,24.463466520633,
    -7.488219461972));
#834 = CARTESIAN_POINT('',(14.030244266713,24.462057433812,
    -7.489018152827));
#835 = CARTESIAN_POINT('',(14.035537714607,24.459020660929,
    -7.490653194667));
#836 = CARTESIAN_POINT('',(14.038376860898,24.457391305202,
    -7.491477807185));
#837 = CARTESIAN_POINT('',(14.041226164173,24.455755532645,
    -7.492253214522));
#838 = CARTESIAN_POINT('',(14.046915068529,24.452488374623,
    -7.493697997711));
#839 = CARTESIAN_POINT('',(14.049754490093,24.45085710384,
    -7.494368340286));
#840 = CARTESIAN_POINT('',(14.052601979294,24.449220610355,
    -7.494989961283));
#841 = CARTESIAN_POINT('',(14.058289223076,24.445950887546,
    -7.496130972382));
#842 = CARTESIAN_POINT('',(14.061128868562,24.444317730015,
    -7.496651112606));
#843 = CARTESIAN_POINT('',(14.06397459819,24.442680485602,
    -7.497122906501));
#844 = CARTESIAN_POINT('',(14.069660217715,24.439408177278,
    -7.497967128381));
#845 = CARTESIAN_POINT('',(14.072500049509,24.437773153476,
    -7.498340103969));
#846 = CARTESIAN_POINT('',(14.075344059949,24.43613513615,
    -7.498665007168));
#847 = CARTESIAN_POINT('',(14.081028086971,24.432860224143,
    -7.499217468581));
#848 = CARTESIAN_POINT('',(14.083868079614,24.431223347597,
    -7.499445381797));
#849 = CARTESIAN_POINT('',(14.08671039883,24.429584542448,
    -7.499625400214));
#850 = CARTESIAN_POINT('',(14.09216451489,24.426438716404,
    -7.499878724444));
#851 = CARTESIAN_POINT('',(14.094776088892,24.42493191662,
    -7.499959574814));
#852 = CARTESIAN_POINT('',(14.097388152019,24.423424337856,-7.5));
#853 = CARTESIAN_POINT('',(14.1,24.421916386721,-7.5));
#854 = PCURVE('',#293,#855);
#855 = DEFINITIONAL_REPRESENTATION('',(#856),#871);
#856 = B_SPLINE_CURVE_WITH_KNOTS('',5,(#857,#858,#859,#860,#861,#862,
    #863,#864,#865,#866,#867,#868,#869,#870),.UNSPECIFIED.,.F.,.F.,(6,4,
    4,6),(0.,1.000004915328E-02,0.990000000415,1.),.UNSPECIFIED.);
#857 = CARTESIAN_POINT('',(8.901179239899,1.570796326795));
#858 = CARTESIAN_POINT('',(8.901212648459,1.564512424776));
#859 = CARTESIAN_POINT('',(8.901246057019,1.558228522758));
#860 = CARTESIAN_POINT('',(8.90127946558,1.551944620739));
#861 = CARTESIAN_POINT('',(8.90131287414,1.54566071872));
#862 = CARTESIAN_POINT('',(8.904620305344,0.923557476452));
#863 = CARTESIAN_POINT('',(8.907936084661,0.307714589703));
#864 = CARTESIAN_POINT('',(8.9079339476,-0.308127144476));
#865 = CARTESIAN_POINT('',(8.904619482094,-0.923711632615));
#866 = CARTESIAN_POINT('',(8.901312841749,-1.545666823911));
#867 = CARTESIAN_POINT('',(8.901279441341,-1.551949199632));
#868 = CARTESIAN_POINT('',(8.901246040933,-1.558231575353));
#869 = CARTESIAN_POINT('',(8.901212640525,-1.564513951074));
#870 = CARTESIAN_POINT('',(8.901179240118,-1.570796326795));
#871 = ( GEOMETRIC_REPRESENTATION_CONTEXT(2) 
PARAMETRIC_REPRESENTATION_CONTEXT() REPRESENTATION_CONTEXT('2D SPACE',''
  ) );
#872 = PCURVE('',#400,#873);
#873 = DEFINITIONAL_REPRESENTATION('',(#874),#883);
#874 = B_SPLINE_CURVE_WITH_KNOTS('',7,(#875,#876,#877,#878,#879,#880,
    #881,#882),.UNSPECIFIED.,.F.,.F.,(8,8),(0.,1.),
  .PIECEWISE_BEZIER_KNOTS.);
#875 = CARTESIAN_POINT('',(-1.047197551197,-0.6));
#876 = CARTESIAN_POINT('',(-1.051972616778,-0.599999970198));
#877 = CARTESIAN_POINT('',(-1.056743381936,-0.529483244182));
#878 = CARTESIAN_POINT('',(-1.059970798883,-0.38854920739));
#879 = CARTESIAN_POINT('',(-1.059965381275,-0.211277492641));
#880 = CARTESIAN_POINT('',(-1.056741953553,-7.05104691538E-02));
#881 = CARTESIAN_POINT('',(-1.051971392879,2.196391927461E-11));
#882 = CARTESIAN_POINT('',(-1.047197551197,0.));
#883 = ( GEOMETRIC_REPRESENTATION_CONTEXT(2) 
PARAMETRIC_REPRESENTATION_CONTEXT() REPRESENTATION_CONTEXT('2D SPACE',''
  ) );
#884 = ADVANCED_FACE('',(#885,#1021,#1107),#100,.T.);
#885 = FACE_BOUND('',#886,.T.);
#886 = EDGE_LOOP('',(#887,#908,#909,#933,#957,#981,#1002));
#887 = ORIENTED_EDGE('',*,*,#888,.T.);
#888 = EDGE_CURVE('',#889,#58,#891,.T.);
#889 = VERTEX_POINT('',#890);
#890 = CARTESIAN_POINT('',(25.8,6.4,-6.9));
#891 = SURFACE_CURVE('',#892,(#896,#902),.PCURVE_S1.);
#892 = LINE('',#893,#894);
#893 = CARTESIAN_POINT('',(15.4,6.4,-6.9));
#894 = VECTOR('',#895,1.);
#895 = DIRECTION('',(1.,0.,-0.));
#896 = PCURVE('',#100,#897);
#897 = DEFINITIONAL_REPRESENTATION('',(#898),#901);
#898 = B_SPLINE_CURVE_WITH_KNOTS('',1,(#899,#900),.UNSPECIFIED.,.F.,.F.,
  (2,2),(10.4,12.8),.PIECEWISE_BEZIER_KNOTS.);
#899 = CARTESIAN_POINT('',(25.8,6.4));
#900 = CARTESIAN_POINT('',(28.2,6.4));
#901 = ( GEOMETRIC_REPRESENTATION_CONTEXT(2) 
PARAMETRIC_REPRESENTATION_CONTEXT() REPRESENTATION_CONTEXT('2D SPACE',''
  ) );
#902 = PCURVE('',#72,#903);
#903 = DEFINITIONAL_REPRESENTATION('',(#904),#907);
#904 = B_SPLINE_CURVE_WITH_KNOTS('',1,(#905,#906),.UNSPECIFIED.,.F.,.F.,
  (2,2),(10.4,12.8),.PIECEWISE_BEZIER_KNOTS.);
#905 = CARTESIAN_POINT('',(5.,-1.6));
#906 = CARTESIAN_POINT('',(2.6,-1.6));
#907 = ( GEOMETRIC_REPRESENTATION_CONTEXT(2) 
PARAMETRIC_REPRESENTATION_CONTEXT() REPRESENTATION_CONTEXT('2D SPACE',''
  ) );
#908 = ORIENTED_EDGE('',*,*,#83,.T.);
#909 = ORIENTED_EDGE('',*,*,#910,.T.);
#910 = EDGE_CURVE('',#84,#911,#913,.T.);
#911 = VERTEX_POINT('',#912);
#912 = CARTESIAN_POINT('',(-28.2,3.453503973596E-15,-6.9));
#913 = SURFACE_CURVE('',#914,(#919,#926),.PCURVE_S1.);
#914 = CIRCLE('',#915,28.2);
#915 = AXIS2_PLACEMENT_3D('',#916,#917,#918);
#916 = CARTESIAN_POINT('',(0.,0.,-6.9));
#917 = DIRECTION('',(0.,0.,1.));
#918 = DIRECTION('',(1.,0.,0.));
#919 = PCURVE('',#100,#920);
#920 = DEFINITIONAL_REPRESENTATION('',(#921),#925);
#921 = CIRCLE('',#922,28.2);
#922 = AXIS2_PLACEMENT_2D('',#923,#924);
#923 = CARTESIAN_POINT('',(7.758525574692E-16,-1.952242238678E-15));
#924 = DIRECTION('',(1.,0.));
#925 = ( GEOMETRIC_REPRESENTATION_CONTEXT(2) 
PARAMETRIC_REPRESENTATION_CONTEXT() REPRESENTATION_CONTEXT('2D SPACE',''
  ) );
#926 = PCURVE('',#400,#927);
#927 = DEFINITIONAL_REPRESENTATION('',(#928),#932);
#928 = LINE('',#929,#930);
#929 = CARTESIAN_POINT('',(-0.,-0.6));
#930 = VECTOR('',#931,1.);
#931 = DIRECTION('',(-1.,0.));
#932 = ( GEOMETRIC_REPRESENTATION_CONTEXT(2) 
PARAMETRIC_REPRESENTATION_CONTEXT() REPRESENTATION_CONTEXT('2D SPACE',''
  ) );
#933 = ORIENTED_EDGE('',*,*,#934,.T.);
#934 = EDGE_CURVE('',#911,#935,#937,.T.);
#935 = VERTEX_POINT('',#936);
#936 = CARTESIAN_POINT('',(14.1,-24.42191638672,-6.9));
#937 = SURFACE_CURVE('',#938,(#943,#950),.PCURVE_S1.);
#938 = CIRCLE('',#939,28.2);
#939 = AXIS2_PLACEMENT_3D('',#940,#941,#942);
#940 = CARTESIAN_POINT('',(0.,0.,-6.9));
#941 = DIRECTION('',(0.,0.,1.));
#942 = DIRECTION('',(1.,0.,0.));
#943 = PCURVE('',#100,#944);
#944 = DEFINITIONAL_REPRESENTATION('',(#945),#949);
#945 = CIRCLE('',#946,28.2);
#946 = AXIS2_PLACEMENT_2D('',#947,#948);
#947 = CARTESIAN_POINT('',(7.758525574692E-16,-1.952242238678E-15));
#948 = DIRECTION('',(1.,0.));
#949 = ( GEOMETRIC_REPRESENTATION_CONTEXT(2) 
PARAMETRIC_REPRESENTATION_CONTEXT() REPRESENTATION_CONTEXT('2D SPACE',''
  ) );
#950 = PCURVE('',#507,#951);
#951 = DEFINITIONAL_REPRESENTATION('',(#952),#956);
#952 = LINE('',#953,#954);
#953 = CARTESIAN_POINT('',(-0.,-0.6));
#954 = VECTOR('',#955,1.);
#955 = DIRECTION('',(-1.,0.));
#956 = ( GEOMETRIC_REPRESENTATION_CONTEXT(2) 
PARAMETRIC_REPRESENTATION_CONTEXT() REPRESENTATION_CONTEXT('2D SPACE',''
  ) );
#957 = ORIENTED_EDGE('',*,*,#958,.T.);
#958 = EDGE_CURVE('',#935,#959,#961,.T.);
#959 = VERTEX_POINT('',#960);
#960 = CARTESIAN_POINT('',(27.464158461529,-6.4,-6.9));
#961 = SURFACE_CURVE('',#962,(#967,#974),.PCURVE_S1.);
#962 = CIRCLE('',#963,28.2);
#963 = AXIS2_PLACEMENT_3D('',#964,#965,#966);
#964 = CARTESIAN_POINT('',(0.,0.,-6.9));
#965 = DIRECTION('',(0.,0.,1.));
#966 = DIRECTION('',(1.,0.,0.));
#967 = PCURVE('',#100,#968);
#968 = DEFINITIONAL_REPRESENTATION('',(#969),#973);
#969 = CIRCLE('',#970,28.2);
#970 = AXIS2_PLACEMENT_2D('',#971,#972);
#971 = CARTESIAN_POINT('',(7.758525574692E-16,-1.952242238678E-15));
#972 = DIRECTION('',(1.,0.));
#973 = ( GEOMETRIC_REPRESENTATION_CONTEXT(2) 
PARAMETRIC_REPRESENTATION_CONTEXT() REPRESENTATION_CONTEXT('2D SPACE',''
  ) );
#974 = PCURVE('',#536,#975);
#975 = DEFINITIONAL_REPRESENTATION('',(#976),#980);
#976 = LINE('',#977,#978);
#977 = CARTESIAN_POINT('',(-0.,-0.6));
#978 = VECTOR('',#979,1.);
#979 = DIRECTION('',(-1.,0.));
#980 = ( GEOMETRIC_REPRESENTATION_CONTEXT(2) 
PARAMETRIC_REPRESENTATION_CONTEXT() REPRESENTATION_CONTEXT('2D SPACE',''
  ) );
#981 = ORIENTED_EDGE('',*,*,#982,.T.);
#982 = EDGE_CURVE('',#959,#983,#985,.T.);
#983 = VERTEX_POINT('',#984);
#984 = CARTESIAN_POINT('',(25.8,-6.4,-6.9));
#985 = SURFACE_CURVE('',#986,(#990,#996),.PCURVE_S1.);
#986 = LINE('',#987,#988);
#987 = CARTESIAN_POINT('',(12.9,-6.4,-6.9));
#988 = VECTOR('',#989,1.);
#989 = DIRECTION('',(-1.,0.,0.));
#990 = PCURVE('',#100,#991);
#991 = DEFINITIONAL_REPRESENTATION('',(#992),#995);
#992 = B_SPLINE_CURVE_WITH_KNOTS('',1,(#993,#994),.UNSPECIFIED.,.F.,.F.,
  (2,2),(-15.3,-12.9),.PIECEWISE_BEZIER_KNOTS.);
#993 = CARTESIAN_POINT('',(28.2,-6.4));
#994 = CARTESIAN_POINT('',(25.8,-6.4));
#995 = ( GEOMETRIC_REPRESENTATION_CONTEXT(2) 
PARAMETRIC_REPRESENTATION_CONTEXT() REPRESENTATION_CONTEXT('2D SPACE',''
  ) );
#996 = PCURVE('',#561,#997);
#997 = DEFINITIONAL_REPRESENTATION('',(#998),#1001);
#998 = B_SPLINE_CURVE_WITH_KNOTS('',1,(#999,#1000),.UNSPECIFIED.,.F.,.F.
  ,(2,2),(-15.3,-12.9),.PIECEWISE_BEZIER_KNOTS.);
#999 = CARTESIAN_POINT('',(2.4,-1.6));
#1000 = CARTESIAN_POINT('',(0.,-1.6));
#1001 = ( GEOMETRIC_REPRESENTATION_CONTEXT(2) 
PARAMETRIC_REPRESENTATION_CONTEXT() REPRESENTATION_CONTEXT('2D SPACE',''
  ) );
#1002 = ORIENTED_EDGE('',*,*,#1003,.T.);
#1003 = EDGE_CURVE('',#983,#889,#1004,.T.);
#1004 = SURFACE_CURVE('',#1005,(#1009,#1015),.PCURVE_S1.);
#1005 = LINE('',#1006,#1007);
#1006 = CARTESIAN_POINT('',(25.8,3.2,-6.9));
#1007 = VECTOR('',#1008,1.);
#1008 = DIRECTION('',(-0.,1.,0.));
#1009 = PCURVE('',#100,#1010);
#1010 = DEFINITIONAL_REPRESENTATION('',(#1011),#1014);
#1011 = B_SPLINE_CURVE_WITH_KNOTS('',1,(#1012,#1013),.UNSPECIFIED.,.F.,
  .F.,(2,2),(-9.6,3.2),.PIECEWISE_BEZIER_KNOTS.);
#1012 = CARTESIAN_POINT('',(25.8,-6.4));
#1013 = CARTESIAN_POINT('',(25.8,6.4));
#1014 = ( GEOMETRIC_REPRESENTATION_CONTEXT(2) 
PARAMETRIC_REPRESENTATION_CONTEXT() REPRESENTATION_CONTEXT('2D SPACE',''
  ) );
#1015 = PCURVE('',#352,#1016);
#1016 = DEFINITIONAL_REPRESENTATION('',(#1017),#1020);
#1017 = B_SPLINE_CURVE_WITH_KNOTS('',1,(#1018,#1019),.UNSPECIFIED.,.F.,
  .F.,(2,2),(-9.6,3.2),.PIECEWISE_BEZIER_KNOTS.);
#1018 = CARTESIAN_POINT('',(12.8,-1.6));
#1019 = CARTESIAN_POINT('',(0.,-1.6));
#1020 = ( GEOMETRIC_REPRESENTATION_CONTEXT(2) 
PARAMETRIC_REPRESENTATION_CONTEXT() REPRESENTATION_CONTEXT('2D SPACE',''
  ) );
#1021 = FACE_BOUND('',#1022,.T.);
#1022 = EDGE_LOOP('',(#1023,#1046,#1067,#1088));
#1023 = ORIENTED_EDGE('',*,*,#1024,.T.);
#1024 = EDGE_CURVE('',#1025,#1027,#1029,.T.);
#1025 = VERTEX_POINT('',#1026);
#1026 = CARTESIAN_POINT('',(23.,3.5,-6.9));
#1027 = VERTEX_POINT('',#1028);
#1028 = CARTESIAN_POINT('',(23.,-3.5,-6.9));
#1029 = SURFACE_CURVE('',#1030,(#1034,#1040),.PCURVE_S1.);
#1030 = LINE('',#1031,#1032);
#1031 = CARTESIAN_POINT('',(23.,-1.75,-6.9));
#1032 = VECTOR('',#1033,1.);
#1033 = DIRECTION('',(0.,-1.,0.));
#1034 = PCURVE('',#100,#1035);
#1035 = DEFINITIONAL_REPRESENTATION('',(#1036),#1039);
#1036 = B_SPLINE_CURVE_WITH_KNOTS('',1,(#1037,#1038),.UNSPECIFIED.,.F.,
  .F.,(2,2),(-5.25,1.75),.PIECEWISE_BEZIER_KNOTS.);
#1037 = CARTESIAN_POINT('',(23.,3.5));
#1038 = CARTESIAN_POINT('',(23.,-3.5));
#1039 = ( GEOMETRIC_REPRESENTATION_CONTEXT(2) 
PARAMETRIC_REPRESENTATION_CONTEXT() REPRESENTATION_CONTEXT('2D SPACE',''
  ) );
#1040 = PCURVE('',#591,#1041);
#1041 = DEFINITIONAL_REPRESENTATION('',(#1042),#1045);
#1042 = B_SPLINE_CURVE_WITH_KNOTS('',1,(#1043,#1044),.UNSPECIFIED.,.F.,
  .F.,(2,2),(-5.25,1.75),.PIECEWISE_BEZIER_KNOTS.);
#1043 = CARTESIAN_POINT('',(7.,-1.6));
#1044 = CARTESIAN_POINT('',(0.,-1.6));
#1045 = ( GEOMETRIC_REPRESENTATION_CONTEXT(2) 
PARAMETRIC_REPRESENTATION_CONTEXT() REPRESENTATION_CONTEXT('2D SPACE',''
  ) );
#1046 = ORIENTED_EDGE('',*,*,#1047,.T.);
#1047 = EDGE_CURVE('',#1027,#1048,#1050,.T.);
#1048 = VERTEX_POINT('',#1049);
#1049 = CARTESIAN_POINT('',(18.,-3.5,-6.9));
#1050 = SURFACE_CURVE('',#1051,(#1055,#1061),.PCURVE_S1.);
#1051 = LINE('',#1052,#1053);
#1052 = CARTESIAN_POINT('',(9.,-3.5,-6.9));
#1053 = VECTOR('',#1054,1.);
#1054 = DIRECTION('',(-1.,0.,0.));
#1055 = PCURVE('',#100,#1056);
#1056 = DEFINITIONAL_REPRESENTATION('',(#1057),#1060);
#1057 = B_SPLINE_CURVE_WITH_KNOTS('',1,(#1058,#1059),.UNSPECIFIED.,.F.,
  .F.,(2,2),(-14.,-9.),.PIECEWISE_BEZIER_KNOTS.);
#1058 = CARTESIAN_POINT('',(23.,-3.5));
#1059 = CARTESIAN_POINT('',(18.,-3.5));
#1060 = ( GEOMETRIC_REPRESENTATION_CONTEXT(2) 
PARAMETRIC_REPRESENTATION_CONTEXT() REPRESENTATION_CONTEXT('2D SPACE',''
  ) );
#1061 = PCURVE('',#617,#1062);
#1062 = DEFINITIONAL_REPRESENTATION('',(#1063),#1066);
#1063 = B_SPLINE_CURVE_WITH_KNOTS('',1,(#1064,#1065),.UNSPECIFIED.,.F.,
  .F.,(2,2),(-14.,-9.),.PIECEWISE_BEZIER_KNOTS.);
#1064 = CARTESIAN_POINT('',(5.,-1.6));
#1065 = CARTESIAN_POINT('',(0.,-1.6));
#1066 = ( GEOMETRIC_REPRESENTATION_CONTEXT(2) 
PARAMETRIC_REPRESENTATION_CONTEXT() REPRESENTATION_CONTEXT('2D SPACE',''
  ) );
#1067 = ORIENTED_EDGE('',*,*,#1068,.T.);
#1068 = EDGE_CURVE('',#1048,#1069,#1071,.T.);
#1069 = VERTEX_POINT('',#1070);
#1070 = CARTESIAN_POINT('',(18.,3.5,-6.9));
#1071 = SURFACE_CURVE('',#1072,(#1076,#1082),.PCURVE_S1.);
#1072 = LINE('',#1073,#1074);
#1073 = CARTESIAN_POINT('',(18.,1.75,-6.9));
#1074 = VECTOR('',#1075,1.);
#1075 = DIRECTION('',(-0.,1.,0.));
#1076 = PCURVE('',#100,#1077);
#1077 = DEFINITIONAL_REPRESENTATION('',(#1078),#1081);
#1078 = B_SPLINE_CURVE_WITH_KNOTS('',1,(#1079,#1080),.UNSPECIFIED.,.F.,
  .F.,(2,2),(-5.25,1.75),.PIECEWISE_BEZIER_KNOTS.);
#1079 = CARTESIAN_POINT('',(18.,-3.5));
#1080 = CARTESIAN_POINT('',(18.,3.5));
#1081 = ( GEOMETRIC_REPRESENTATION_CONTEXT(2) 
PARAMETRIC_REPRESENTATION_CONTEXT() REPRESENTATION_CONTEXT('2D SPACE',''
  ) );
#1082 = PCURVE('',#643,#1083);
#1083 = DEFINITIONAL_REPRESENTATION('',(#1084),#1087);
#1084 = B_SPLINE_CURVE_WITH_KNOTS('',1,(#1085,#1086),.UNSPECIFIED.,.F.,
  .F.,(2,2),(-5.25,1.75),.PIECEWISE_BEZIER_KNOTS.);
#1085 = CARTESIAN_POINT('',(7.,-1.6));
#1086 = CARTESIAN_POINT('',(0.,-1.6));
#1087 = ( GEOMETRIC_REPRESENTATION_CONTEXT(2) 
PARAMETRIC_REPRESENTATION_CONTEXT() REPRESENTATION_CONTEXT('2D SPACE',''
  ) );
#1088 = ORIENTED_EDGE('',*,*,#1089,.T.);
#1089 = EDGE_CURVE('',#1069,#1025,#1090,.T.);
#1090 = SURFACE_CURVE('',#1091,(#1095,#1101),.PCURVE_S1.);
#1091 = LINE('',#1092,#1093);
#1092 = CARTESIAN_POINT('',(11.5,3.5,-6.9));
#1093 = VECTOR('',#1094,1.);
#1094 = DIRECTION('',(1.,0.,-0.));
#1095 = PCURVE('',#100,#1096);
#1096 = DEFINITIONAL_REPRESENTATION('',(#1097),#1100);
#1097 = B_SPLINE_CURVE_WITH_KNOTS('',1,(#1098,#1099),.UNSPECIFIED.,.F.,
  .F.,(2,2),(6.5,11.5),.PIECEWISE_BEZIER_KNOTS.);
#1098 = CARTESIAN_POINT('',(18.,3.5));
#1099 = CARTESIAN_POINT('',(23.,3.5));
#1100 = ( GEOMETRIC_REPRESENTATION_CONTEXT(2) 
PARAMETRIC_REPRESENTATION_CONTEXT() REPRESENTATION_CONTEXT('2D SPACE',''
  ) );
#1101 = PCURVE('',#667,#1102);
#1102 = DEFINITIONAL_REPRESENTATION('',(#1103),#1106);
#1103 = B_SPLINE_CURVE_WITH_KNOTS('',1,(#1104,#1105),.UNSPECIFIED.,.F.,
  .F.,(2,2),(6.5,11.5),.PIECEWISE_BEZIER_KNOTS.);
#1104 = CARTESIAN_POINT('',(5.,-1.6));
#1105 = CARTESIAN_POINT('',(0.,-1.6));
#1106 = ( GEOMETRIC_REPRESENTATION_CONTEXT(2) 
PARAMETRIC_REPRESENTATION_CONTEXT() REPRESENTATION_CONTEXT('2D SPACE',''
  ) );
#1107 = FACE_BOUND('',#1108,.T.);
#1108 = EDGE_LOOP('',(#1109));
#1109 = ORIENTED_EDGE('',*,*,#1110,.T.);
#1110 = EDGE_CURVE('',#1111,#1111,#1113,.T.);
#1111 = VERTEX_POINT('',#1112);
#1112 = CARTESIAN_POINT('',(1.5,21.5,-6.9));
#1113 = SURFACE_CURVE('',#1114,(#1119,#1130),.PCURVE_S1.);
#1114 = CIRCLE('',#1115,1.5);
#1115 = AXIS2_PLACEMENT_3D('',#1116,#1117,#1118);
#1116 = CARTESIAN_POINT('',(0.,21.5,-6.9));
#1117 = DIRECTION('',(0.,0.,-1.));
#1118 = DIRECTION('',(1.,0.,0.));
#1119 = PCURVE('',#100,#1120);
#1120 = DEFINITIONAL_REPRESENTATION('',(#1121),#1129);
#1121 = ( BOUNDED_CURVE() B_SPLINE_CURVE(2,(#1122,#1123,#1124,#1125,
#1126,#1127,#1128),.UNSPECIFIED.,.T.,.F.) B_SPLINE_CURVE_WITH_KNOTS((1,2
    ,2,2,2,1),(-2.094395102393,0.,2.094395102393,4.188790204786,
6.28318530718,8.377580409573),.UNSPECIFIED.) CURVE() 
GEOMETRIC_REPRESENTATION_ITEM() RATIONAL_B_SPLINE_CURVE((1.,0.5,1.,0.5,
1.,0.5,1.)) REPRESENTATION_ITEM('') );
#1122 = CARTESIAN_POINT('',(1.5,21.5));
#1123 = CARTESIAN_POINT('',(1.5,18.901923788647));
#1124 = CARTESIAN_POINT('',(-0.75,20.200961894323));
#1125 = CARTESIAN_POINT('',(-3.,21.5));
#1126 = CARTESIAN_POINT('',(-0.75,22.799038105677));
#1127 = CARTESIAN_POINT('',(1.5,24.098076211353));
#1128 = CARTESIAN_POINT('',(1.5,21.5));
#1129 = ( GEOMETRIC_REPRESENTATION_CONTEXT(2) 
PARAMETRIC_REPRESENTATION_CONTEXT() REPRESENTATION_CONTEXT('2D SPACE',''
  ) );
#1130 = PCURVE('',#701,#1131);
#1131 = DEFINITIONAL_REPRESENTATION('',(#1132),#1136);
#1132 = LINE('',#1133,#1134);
#1133 = CARTESIAN_POINT('',(-6.28318530718,-1.6));
#1134 = VECTOR('',#1135,1.);
#1135 = DIRECTION('',(1.,-0.));
#1136 = ( GEOMETRIC_REPRESENTATION_CONTEXT(2) 
PARAMETRIC_REPRESENTATION_CONTEXT() REPRESENTATION_CONTEXT('2D SPACE',''
  ) );
#1137 = ADVANCED_FACE('',(#1138),#72,.T.);
#1138 = FACE_BOUND('',#1139,.T.);
#1139 = EDGE_LOOP('',(#1140,#1161,#1162,#1163));
#1140 = ORIENTED_EDGE('',*,*,#1141,.F.);
#1141 = EDGE_CURVE('',#338,#889,#1142,.T.);
#1142 = SURFACE_CURVE('',#1143,(#1147,#1154),.PCURVE_S1.);
#1143 = LINE('',#1144,#1145);
#1144 = CARTESIAN_POINT('',(25.8,6.4,-8.5));
#1145 = VECTOR('',#1146,1.);
#1146 = DIRECTION('',(0.,0.,1.));
#1147 = PCURVE('',#72,#1148);
#1148 = DEFINITIONAL_REPRESENTATION('',(#1149),#1153);
#1149 = LINE('',#1150,#1151);
#1150 = CARTESIAN_POINT('',(5.,0.));
#1151 = VECTOR('',#1152,1.);
#1152 = DIRECTION('',(0.,-1.));
#1153 = ( GEOMETRIC_REPRESENTATION_CONTEXT(2) 
PARAMETRIC_REPRESENTATION_CONTEXT() REPRESENTATION_CONTEXT('2D SPACE',''
  ) );
#1154 = PCURVE('',#352,#1155);
#1155 = DEFINITIONAL_REPRESENTATION('',(#1156),#1160);
#1156 = LINE('',#1157,#1158);
#1157 = CARTESIAN_POINT('',(0.,0.));
#1158 = VECTOR('',#1159,1.);
#1159 = DIRECTION('',(0.,-1.));
#1160 = ( GEOMETRIC_REPRESENTATION_CONTEXT(2) 
PARAMETRIC_REPRESENTATION_CONTEXT() REPRESENTATION_CONTEXT('2D SPACE',''
  ) );
#1161 = ORIENTED_EDGE('',*,*,#363,.T.);
#1162 = ORIENTED_EDGE('',*,*,#57,.F.);
#1163 = ORIENTED_EDGE('',*,*,#888,.F.);
#1164 = ADVANCED_FACE('',(#1165),#352,.T.);
#1165 = FACE_BOUND('',#1166,.T.);
#1166 = EDGE_LOOP('',(#1167,#1168,#1169,#1170));
#1167 = ORIENTED_EDGE('',*,*,#335,.T.);
#1168 = ORIENTED_EDGE('',*,*,#1141,.T.);
#1169 = ORIENTED_EDGE('',*,*,#1003,.F.);
#1170 = ORIENTED_EDGE('',*,*,#1171,.F.);
#1171 = EDGE_CURVE('',#336,#983,#1172,.T.);
#1172 = SURFACE_CURVE('',#1173,(#1177,#1184),.PCURVE_S1.);
#1173 = LINE('',#1174,#1175);
#1174 = CARTESIAN_POINT('',(25.8,-6.4,-8.5));
#1175 = VECTOR('',#1176,1.);
#1176 = DIRECTION('',(0.,0.,1.));
#1177 = PCURVE('',#352,#1178);
#1178 = DEFINITIONAL_REPRESENTATION('',(#1179),#1183);
#1179 = LINE('',#1180,#1181);
#1180 = CARTESIAN_POINT('',(12.8,0.));
#1181 = VECTOR('',#1182,1.);
#1182 = DIRECTION('',(0.,-1.));
#1183 = ( GEOMETRIC_REPRESENTATION_CONTEXT(2) 
PARAMETRIC_REPRESENTATION_CONTEXT() REPRESENTATION_CONTEXT('2D SPACE',''
  ) );
#1184 = PCURVE('',#561,#1185);
#1185 = DEFINITIONAL_REPRESENTATION('',(#1186),#1190);
#1186 = LINE('',#1187,#1188);
#1187 = CARTESIAN_POINT('',(0.,0.));
#1188 = VECTOR('',#1189,1.);
#1189 = DIRECTION('',(0.,-1.));
#1190 = ( GEOMETRIC_REPRESENTATION_CONTEXT(2) 
PARAMETRIC_REPRESENTATION_CONTEXT() REPRESENTATION_CONTEXT('2D SPACE',''
  ) );
#1191 = ADVANCED_FACE('',(#1192),#561,.T.);
#1192 = FACE_BOUND('',#1193,.T.);
#1193 = EDGE_LOOP('',(#1194,#1195,#1196,#1197));
#1194 = ORIENTED_EDGE('',*,*,#548,.T.);
#1195 = ORIENTED_EDGE('',*,*,#1171,.T.);
#1196 = ORIENTED_EDGE('',*,*,#982,.F.);
#1197 = ORIENTED_EDGE('',*,*,#1198,.T.);
#1198 = EDGE_CURVE('',#959,#520,#1199,.T.);
#1199 = SURFACE_CURVE('',#1200,(#1204,#1210),.PCURVE_S1.);
#1200 = LINE('',#1201,#1202);
#1201 = CARTESIAN_POINT('',(27.464158461529,-6.4,-7.5));
#1202 = VECTOR('',#1203,1.);
#1203 = DIRECTION('',(-0.,-0.,-1.));
#1204 = PCURVE('',#561,#1205);
#1205 = DEFINITIONAL_REPRESENTATION('',(#1206),#1209);
#1206 = B_SPLINE_CURVE_WITH_KNOTS('',1,(#1207,#1208),.UNSPECIFIED.,.F.,
  .F.,(2,2),(-0.6000006,5.999999999062E-07),.PIECEWISE_BEZIER_KNOTS.);
#1207 = CARTESIAN_POINT('',(1.664158461529,-1.6000006));
#1208 = CARTESIAN_POINT('',(1.664158461529,-0.9999994));
#1209 = ( GEOMETRIC_REPRESENTATION_CONTEXT(2) 
PARAMETRIC_REPRESENTATION_CONTEXT() REPRESENTATION_CONTEXT('2D SPACE',''
  ) );
#1210 = PCURVE('',#536,#1211);
#1211 = DEFINITIONAL_REPRESENTATION('',(#1212),#1215);
#1212 = B_SPLINE_CURVE_WITH_KNOTS('',1,(#1213,#1214),.UNSPECIFIED.,.F.,
  .F.,(2,2),(-0.6000006,5.999999999062E-07),.PIECEWISE_BEZIER_KNOTS.);
#1213 = CARTESIAN_POINT('',(-6.054240126666,-0.6000006));
#1214 = CARTESIAN_POINT('',(-6.054240126666,5.999999999062E-07));
#1215 = ( GEOMETRIC_REPRESENTATION_CONTEXT(2) 
PARAMETRIC_REPRESENTATION_CONTEXT() REPRESENTATION_CONTEXT('2D SPACE',''
  ) );
#1216 = ADVANCED_FACE('',(#1217),#536,.T.);
#1217 = FACE_BOUND('',#1218,.F.);
#1218 = EDGE_LOOP('',(#1219,#1220,#1390,#1391));
#1219 = ORIENTED_EDGE('',*,*,#519,.F.);
#1220 = ORIENTED_EDGE('',*,*,#1221,.F.);
#1221 = EDGE_CURVE('',#935,#491,#1222,.T.);
#1222 = SURFACE_CURVE('',#1223,(#1355,#1367),.PCURVE_S1.);
#1223 = B_SPLINE_CURVE_WITH_KNOTS('',4,(#1224,#1225,#1226,#1227,#1228,
    #1229,#1230,#1231,#1232,#1233,#1234,#1235,#1236,#1237,#1238,#1239,
    #1240,#1241,#1242,#1243,#1244,#1245,#1246,#1247,#1248,#1249,#1250,
    #1251,#1252,#1253,#1254,#1255,#1256,#1257,#1258,#1259,#1260,#1261,
    #1262,#1263,#1264,#1265,#1266,#1267,#1268,#1269,#1270,#1271,#1272,
    #1273,#1274,#1275,#1276,#1277,#1278,#1279,#1280,#1281,#1282,#1283,
    #1284,#1285,#1286,#1287,#1288,#1289,#1290,#1291,#1292,#1293,#1294,
    #1295,#1296,#1297,#1298,#1299,#1300,#1301,#1302,#1303,#1304,#1305,
    #1306,#1307,#1308,#1309,#1310,#1311,#1312,#1313,#1314,#1315,#1316,
    #1317,#1318,#1319,#1320,#1321,#1322,#1323,#1324,#1325,#1326,#1327,
    #1328,#1329,#1330,#1331,#1332,#1333,#1334,#1335,#1336,#1337,#1338,
    #1339,#1340,#1341,#1342,#1343,#1344,#1345,#1346,#1347,#1348,#1349,
    #1350,#1351,#1352,#1353,#1354),.UNSPECIFIED.,.F.,.F.,(5,3,3,3,3,3,3,
    3,3,3,3,3,3,3,3,3,3,3,3,3,3,3,3,3,3,3,3,3,3,3,3,3,3,3,3,3,3,3,3,3,3,
    3,3,5),(0.,1.77624552096E-02,3.172047120011E-02,4.574001599706E-02,
    5.984957182934E-02,7.40792685542E-02,8.846152398016E-02,
    0.103031812076,0.117315087959,0.132374910033,0.147756560936,
    0.1635201735,0.179737704893,0.19649714516,0.213908741298,
    0.231471673334,0.249944160921,0.270283965567,0.29222480886,
    0.316356519522,0.34370935522,0.48985619084,0.652438323715,
    0.679423838452,0.703992909009,0.724028252186,0.744752993318,
    0.761555559228,0.779446241077,0.795939453775,0.812972416732,
    0.829418388812,0.845374180194,0.858264575258,0.873517278383,
    0.887957924806,0.902665125623,0.917160741527,0.931482568705,
    0.945664792754,0.959738861089,0.97373419566,0.987678795184,1.),
  .UNSPECIFIED.);
#1224 = CARTESIAN_POINT('',(14.1,-24.42191638672,-6.9));
#1225 = CARTESIAN_POINT('',(14.103624900569,-24.4198235494,-6.9));
#1226 = CARTESIAN_POINT('',(14.107249276888,-24.41773005826,
    -6.900077864656));
#1227 = CARTESIAN_POINT('',(14.110871420186,-24.41563689989,
    -6.900233591833));
#1228 = CARTESIAN_POINT('',(14.11733240626,-24.4119015342,
    -6.900650524242));
#1229 = CARTESIAN_POINT('',(14.120172868601,-24.41025875538,
    -6.900881993851));
#1230 = CARTESIAN_POINT('',(14.123009843299,-24.40861740609,
    -6.901161410725));
#1231 = CARTESIAN_POINT('',(14.12868749066,-24.40533139699,
    -6.90181737174));
#1232 = CARTESIAN_POINT('',(14.131528124585,-24.40368675442,
    -6.902194338612));
#1233 = CARTESIAN_POINT('',(14.134363406941,-24.40204462274,
    -6.90261946422));
#1234 = CARTESIAN_POINT('',(14.14003960655,-24.39875592633,
    -6.903568764509));
#1235 = CARTESIAN_POINT('',(14.142880443198,-24.39710940078,
    -6.904093557616));
#1236 = CARTESIAN_POINT('',(14.145714004597,-24.39546650442,
    -6.904666818825));
#1237 = CARTESIAN_POINT('',(14.151388789471,-24.39217510145,
    -6.905915162386));
#1238 = CARTESIAN_POINT('',(14.15422987284,-24.39052666612,
    -6.906591070188));
#1239 = CARTESIAN_POINT('',(14.157061672085,-24.38888303014,
    -6.907315859023));
#1240 = CARTESIAN_POINT('',(14.162735080393,-24.38558889831,
    -6.908870975169));
#1241 = CARTESIAN_POINT('',(14.165576469229,-24.38393851778,
    -6.909702350691));
#1242 = CARTESIAN_POINT('',(14.168406450771,-24.38229417562,
    -6.910583131614));
#1243 = CARTESIAN_POINT('',(14.17407852803,-24.37899728827,
    -6.912455028227));
#1244 = CARTESIAN_POINT('',(14.176920298506,-24.37734491683,
    -6.91344743591));
#1245 = CARTESIAN_POINT('',(14.179748389904,-24.37569991188,
    -6.91448989531));
#1246 = CARTESIAN_POINT('',(14.185319839881,-24.37245804637,
    -6.916652641146));
#1247 = CARTESIAN_POINT('',(14.188063770278,-24.37086087569,
    -6.917770990041));
#1248 = CARTESIAN_POINT('',(14.190792695712,-24.36927189156,
    -6.918936712088));
#1249 = CARTESIAN_POINT('',(14.196366226981,-24.36602546391,
    -6.92142801902));
#1250 = CARTESIAN_POINT('',(14.199209055949,-24.36436899511,
    -6.922758849627));
#1251 = CARTESIAN_POINT('',(14.202033137733,-24.36272286286,
    -6.924141414708));
#1252 = CARTESIAN_POINT('',(14.20770165711,-24.35941757546,
    -6.92703958311));
#1253 = CARTESIAN_POINT('',(14.210545240134,-24.35775889368,
    -6.928557398141));
#1254 = CARTESIAN_POINT('',(14.213367075659,-24.35611231039,
    -6.930128054001));
#1255 = CARTESIAN_POINT('',(14.219034595901,-24.35280407247,
    -6.933414083056));
#1256 = CARTESIAN_POINT('',(14.221879132918,-24.35114305887,
    -6.93513208146));
#1257 = CARTESIAN_POINT('',(14.224698530616,-24.34949613808,
    -6.936904233855));
#1258 = CARTESIAN_POINT('',(14.230365212823,-24.34618485485,
    -6.940607921161));
#1259 = CARTESIAN_POINT('',(14.233210962724,-24.34452135565,
    -6.94254257623));
#1260 = CARTESIAN_POINT('',(14.236027674446,-24.34287424429,
    -6.944532945951));
#1261 = CARTESIAN_POINT('',(14.241693743558,-24.33955978328,
    -6.948691684557));
#1262 = CARTESIAN_POINT('',(14.244541046939,-24.33789359635,
    -6.950863779043));
#1263 = CARTESIAN_POINT('',(14.247354746172,-24.33624648762,
    -6.953093451537));
#1264 = CARTESIAN_POINT('',(14.253020526668,-24.33292865766,
    -6.957754801035));
#1265 = CARTESIAN_POINT('',(14.255869841168,-24.33125951152,
    -6.960190962583));
#1266 = CARTESIAN_POINT('',(14.258680089184,-24.32961266487,
    -6.962686944827));
#1267 = CARTESIAN_POINT('',(14.264243794705,-24.32635113315,
    -6.967818204763));
#1268 = CARTESIAN_POINT('',(14.26699654651,-24.32473685189,
    -6.970454504802));
#1269 = CARTESIAN_POINT('',(14.269706758335,-24.32314697132,
    -6.973149065274));
#1270 = CARTESIAN_POINT('',(14.275177513596,-24.31993662673,
    -6.978794405375));
#1271 = CARTESIAN_POINT('',(14.277933394978,-24.3183188428,
    -6.981751227524));
#1272 = CARTESIAN_POINT('',(14.280639182092,-24.3167299205,
    -6.98476933065));
#1273 = CARTESIAN_POINT('',(14.286215931564,-24.31345400894,
    -6.991235751146));
#1274 = CARTESIAN_POINT('',(14.289075942255,-24.31177334255,
    -6.994696717373));
#1275 = CARTESIAN_POINT('',(14.291871472272,-24.31012998411,
    -6.9982275775));
#1276 = CARTESIAN_POINT('',(14.297544735302,-24.3067938282,
    -7.00570742408));
#1277 = CARTESIAN_POINT('',(14.30041161831,-24.30510732105,
    -7.009667446675));
#1278 = CARTESIAN_POINT('',(14.303199038117,-24.30346697767,
    -7.013702873372));
#1279 = CARTESIAN_POINT('',(14.308880914398,-24.30012219935,
    -7.022328180641));
#1280 = CARTESIAN_POINT('',(14.311758267002,-24.29842771954,
    -7.026933190375));
#1281 = CARTESIAN_POINT('',(14.314534129643,-24.29679242758,
    -7.031621147577));
#1282 = CARTESIAN_POINT('',(14.320234473845,-24.29343320675,
    -7.041790033645));
#1283 = CARTESIAN_POINT('',(14.323129336257,-24.29172658204,
    -7.047293285062));
#1284 = CARTESIAN_POINT('',(14.325886896143,-24.2901003265,
    -7.052890581922));
#1285 = CARTESIAN_POINT('',(14.342487136765,-24.2803073767,
    -7.088946481543));
#1286 = CARTESIAN_POINT('',(14.352461821241,-24.27440835645,
    -7.121808434191));
#1287 = CARTESIAN_POINT('',(14.357936771199,-24.27116916973,
    -7.156068779692));
#1288 = CARTESIAN_POINT('',(14.359921539044,-24.26999494988,
    -7.228783410706));
#1289 = CARTESIAN_POINT('',(14.355354590688,-24.27269701597,
    -7.267279846934));
#1290 = CARTESIAN_POINT('',(14.345137812457,-24.27874240641,
    -7.304286910476));
#1291 = CARTESIAN_POINT('',(14.327408412508,-24.28920288458,
    -7.343919971537));
#1292 = CARTESIAN_POINT('',(14.324747074779,-24.29077262234,
    -7.349479056411));
#1293 = CARTESIAN_POINT('',(14.321951206335,-24.29242114706,
    -7.354948581284));
#1294 = CARTESIAN_POINT('',(14.316359408788,-24.29571696507,
    -7.365214453657));
#1295 = CARTESIAN_POINT('',(14.313585902875,-24.29735115057,
    -7.370027225878));
#1296 = CARTESIAN_POINT('',(14.310706346857,-24.29904722071,
    -7.374755563365));
#1297 = CARTESIAN_POINT('',(14.305291366101,-24.30223543005,
    -7.383178064059));
#1298 = CARTESIAN_POINT('',(14.302790490986,-24.30370744756,
    -7.386902058105));
#1299 = CARTESIAN_POINT('',(14.300222615856,-24.30521842052,
    -7.390564341681));
#1300 = CARTESIAN_POINT('',(14.294865689189,-24.30836944169,
    -7.397884546142));
#1301 = CARTESIAN_POINT('',(14.29207206713,-24.31001214254,
    -7.40153798135));
#1302 = CARTESIAN_POINT('',(14.289210486024,-24.31169420701,
    -7.405120214088));
#1303 = CARTESIAN_POINT('',(14.28390951936,-24.31480899413,
    -7.411473319715));
#1304 = CARTESIAN_POINT('',(14.281492722795,-24.31622866044,
    -7.414269442568));
#1305 = CARTESIAN_POINT('',(14.279033684616,-24.31767269782,
    -7.417015812573));
#1306 = CARTESIAN_POINT('',(14.273871511822,-24.32070314757,
    -7.422581092285));
#1307 = CARTESIAN_POINT('',(14.271162882103,-24.32229272425,
    -7.425393182302));
#1308 = CARTESIAN_POINT('',(14.268409045895,-24.32390827595,
    -7.42814593691));
#1309 = CARTESIAN_POINT('',(14.263032395421,-24.32706138904,
    -7.433319663945));
#1310 = CARTESIAN_POINT('',(14.26041614896,-24.32859518533,
    -7.435749756865));
#1311 = CARTESIAN_POINT('',(14.257763859646,-24.33014959719,
    -7.438127106926));
#1312 = CARTESIAN_POINT('',(14.25230163503,-24.33334971697,
    -7.442850281987));
#1313 = CARTESIAN_POINT('',(14.249489381001,-24.33499674801,
    -7.445192529407));
#1314 = CARTESIAN_POINT('',(14.246641264108,-24.33666418898,
    -7.447476271439));
#1315 = CARTESIAN_POINT('',(14.24097536865,-24.33998009344,
    -7.451847972072));
#1316 = CARTESIAN_POINT('',(14.238159926914,-24.34162723075,
    -7.453939965659));
#1317 = CARTESIAN_POINT('',(14.23531354627,-24.34329187554,
    -7.455975471865));
#1318 = CARTESIAN_POINT('',(14.229647164344,-24.34660452763,
    -7.459872789816));
#1319 = CARTESIAN_POINT('',(14.226828905298,-24.3482515521,
    -7.461737970439));
#1320 = CARTESIAN_POINT('',(14.223983874539,-24.34991362998,
    -7.463548348702));
#1321 = CARTESIAN_POINT('',(14.218794149411,-24.35294438356,
    -7.466720893946));
#1322 = CARTESIAN_POINT('',(14.21645833957,-24.35430808095,
    -7.468102350561));
#1323 = CARTESIAN_POINT('',(14.214106462661,-24.35568075378,
    -7.469447172054));
#1324 = CARTESIAN_POINT('',(14.208938023995,-24.35869640904,
    -7.472302504072));
#1325 = CARTESIAN_POINT('',(14.206115290403,-24.36034282806,
    -7.47379821367));
#1326 = CARTESIAN_POINT('',(14.203272023175,-24.36200063243,
    -7.475241537547));
#1327 = CARTESIAN_POINT('',(14.197699008214,-24.36524887443,
    -7.477948324164));
#1328 = CARTESIAN_POINT('',(14.194971275871,-24.36683819967,
    -7.479217271667));
#1329 = CARTESIAN_POINT('',(14.192227036014,-24.36843659238,
    -7.480438334549));
#1330 = CARTESIAN_POINT('',(14.186656480355,-24.37168005056,
    -7.482805534294));
#1331 = CARTESIAN_POINT('',(14.18382958446,-24.37332543301,
    -7.483949872128));
#1332 = CARTESIAN_POINT('',(14.180987535328,-24.37497904492,
    -7.485043699021));
#1333 = CARTESIAN_POINT('',(14.175316242389,-24.37827762648,
    -7.487114584408));
#1334 = CARTESIAN_POINT('',(14.172487402478,-24.37992237828,
    -7.488093096436));
#1335 = CARTESIAN_POINT('',(14.169645791471,-24.38157396548,
    -7.489021824646));
#1336 = CARTESIAN_POINT('',(14.163973200031,-24.38486977245,
    -7.490768571938));
#1337 = CARTESIAN_POINT('',(14.161142500497,-24.3865138432,
    -7.491587784855));
#1338 = CARTESIAN_POINT('',(14.158301239075,-24.3881634587,
    -7.492357811167));
#1339 = CARTESIAN_POINT('',(14.152627297755,-24.39145652119,
    -7.493791980221));
#1340 = CARTESIAN_POINT('',(14.149794804079,-24.39309987161,
    -7.494457081929));
#1341 = CARTESIAN_POINT('',(14.146953823259,-24.39474755688,
    -7.495073476757));
#1342 = CARTESIAN_POINT('',(14.141278489717,-24.39803789965,
    -7.496204149264));
#1343 = CARTESIAN_POINT('',(14.138444251583,-24.39968049973,
    -7.496719169873));
#1344 = CARTESIAN_POINT('',(14.135603498653,-24.40132628665,
    -7.497185855252));
#1345 = CARTESIAN_POINT('',(14.129926736962,-24.40461393069,
    -7.498019943407));
#1346 = CARTESIAN_POINT('',(14.127090790474,-24.40625575834,
    -7.498387887002));
#1347 = CARTESIAN_POINT('',(14.12425022665,-24.40789967064,
    -7.498707765911));
#1348 = CARTESIAN_POINT('',(14.118572005325,-24.41118463429,
    -7.499250234201));
#1349 = CARTESIAN_POINT('',(14.11573437453,-24.41282567446,
    -7.499473172073));
#1350 = CARTESIAN_POINT('',(14.112893973322,-24.41446772866,
    -7.499648219595));
#1351 = CARTESIAN_POINT('',(14.107540336177,-24.41756159153,
    -7.499887654026));
#1352 = CARTESIAN_POINT('',(14.105027508497,-24.41901329331,
    -7.499962551341));
#1353 = CARTESIAN_POINT('',(14.10251385379,-24.42046501255,-7.5));
#1354 = CARTESIAN_POINT('',(14.1,-24.42191638672,-7.5));
#1355 = PCURVE('',#536,#1356);
#1356 = DEFINITIONAL_REPRESENTATION('',(#1357),#1366);
#1357 = B_SPLINE_CURVE_WITH_KNOTS('',7,(#1358,#1359,#1360,#1361,#1362,
    #1363,#1364,#1365),.UNSPECIFIED.,.F.,.F.,(8,8),(0.,1.),
  .PIECEWISE_BEZIER_KNOTS.);
#1358 = CARTESIAN_POINT('',(-5.235987755983,-0.6));
#1359 = CARTESIAN_POINT('',(-5.240762777291,-0.6));
#1360 = CARTESIAN_POINT('',(-5.245533471358,-0.529483057495));
#1361 = CARTESIAN_POINT('',(-5.248760936528,-0.388559888372));
#1362 = CARTESIAN_POINT('',(-5.248755722293,-0.211275125179));
#1363 = CARTESIAN_POINT('',(-5.245532144868,-7.051109544386E-02));
#1364 = CARTESIAN_POINT('',(-5.240761609065,2.277897191308E-11));
#1365 = CARTESIAN_POINT('',(-5.235987755983,0.));
#1366 = ( GEOMETRIC_REPRESENTATION_CONTEXT(2) 
PARAMETRIC_REPRESENTATION_CONTEXT() REPRESENTATION_CONTEXT('2D SPACE',''
  ) );
#1367 = PCURVE('',#1368,#1373);
#1368 = SPHERICAL_SURFACE('',#1369,0.3);
#1369 = AXIS2_PLACEMENT_3D('',#1370,#1371,#1372);
#1370 = CARTESIAN_POINT('',(14.1,-24.42191638672,-7.2));
#1371 = DIRECTION('',(0.,0.,1.));
#1372 = DIRECTION('',(1.,0.,0.));
#1373 = DEFINITIONAL_REPRESENTATION('',(#1374),#1389);
#1374 = B_SPLINE_CURVE_WITH_KNOTS('',5,(#1375,#1376,#1377,#1378,#1379,
    #1380,#1381,#1382,#1383,#1384,#1385,#1386,#1387,#1388),
  .UNSPECIFIED.,.F.,.F.,(6,4,4,6),(0.,1.000004872669E-02,0.990000000411,
    1.),.UNSPECIFIED.);
#1375 = CARTESIAN_POINT('',(6.806784137275,1.570796326795));
#1376 = CARTESIAN_POINT('',(6.806817545578,1.564512484787));
#1377 = CARTESIAN_POINT('',(6.806850953882,1.558228642779));
#1378 = CARTESIAN_POINT('',(6.806884362186,1.551944800771));
#1379 = CARTESIAN_POINT('',(6.80691777049,1.545660958762));
#1380 = CARTESIAN_POINT('',(6.810225176442,0.923563630976));
#1381 = CARTESIAN_POINT('',(6.813540952633,0.307734583515));
#1382 = CARTESIAN_POINT('',(6.813538922244,-0.308126840179));
#1383 = CARTESIAN_POINT('',(6.81022438791,-0.923710087276));
#1384 = CARTESIAN_POINT('',(6.806917739674,-1.545666763899));
#1385 = CARTESIAN_POINT('',(6.806884339187,-1.551949154623));
#1386 = CARTESIAN_POINT('',(6.806850938699,-1.558231545347));
#1387 = CARTESIAN_POINT('',(6.806817538212,-1.564513936071));
#1388 = CARTESIAN_POINT('',(6.806784137724,-1.570796326795));
#1389 = ( GEOMETRIC_REPRESENTATION_CONTEXT(2) 
PARAMETRIC_REPRESENTATION_CONTEXT() REPRESENTATION_CONTEXT('2D SPACE',''
  ) );
#1390 = ORIENTED_EDGE('',*,*,#958,.T.);
#1391 = ORIENTED_EDGE('',*,*,#1198,.T.);
#1392 = ADVANCED_FACE('',(#1393),#507,.T.);
#1393 = FACE_BOUND('',#1394,.F.);
#1394 = EDGE_LOOP('',(#1395,#1396,#1417,#1450,#1620,#1621));
#1395 = ORIENTED_EDGE('',*,*,#490,.F.);
#1396 = ORIENTED_EDGE('',*,*,#1397,.F.);
#1397 = EDGE_CURVE('',#1398,#465,#1400,.T.);
#1398 = VERTEX_POINT('',#1399);
#1399 = CARTESIAN_POINT('',(-28.12898860606,-2.,-7.2));
#1400 = SURFACE_CURVE('',#1401,(#1405,#1411),.PCURVE_S1.);
#1401 = LINE('',#1402,#1403);
#1402 = CARTESIAN_POINT('',(-28.12898860606,-2.,-7.5));
#1403 = VECTOR('',#1404,1.);
#1404 = DIRECTION('',(-0.,-0.,-1.));
#1405 = PCURVE('',#507,#1406);
#1406 = DEFINITIONAL_REPRESENTATION('',(#1407),#1410);
#1407 = B_SPLINE_CURVE_WITH_KNOTS('',1,(#1408,#1409),.UNSPECIFIED.,.F.,
  .F.,(2,2),(-0.43,6.000204511025E-07),.PIECEWISE_BEZIER_KNOTS.);
#1408 = CARTESIAN_POINT('',(-3.2125742298,-0.43));
#1409 = CARTESIAN_POINT('',(-3.2125742298,6.000204511025E-07));
#1410 = ( GEOMETRIC_REPRESENTATION_CONTEXT(2) 
PARAMETRIC_REPRESENTATION_CONTEXT() REPRESENTATION_CONTEXT('2D SPACE',''
  ) );
#1411 = PCURVE('',#479,#1412);
#1412 = DEFINITIONAL_REPRESENTATION('',(#1413),#1416);
#1413 = B_SPLINE_CURVE_WITH_KNOTS('',1,(#1414,#1415),.UNSPECIFIED.,.F.,
  .F.,(2,2),(-0.43,6.000204511025E-07),.PIECEWISE_BEZIER_KNOTS.);
#1414 = CARTESIAN_POINT('',(0.171011393937,-1.43));
#1415 = CARTESIAN_POINT('',(0.171011393937,-0.99999939998));
#1416 = ( GEOMETRIC_REPRESENTATION_CONTEXT(2) 
PARAMETRIC_REPRESENTATION_CONTEXT() REPRESENTATION_CONTEXT('2D SPACE',''
  ) );
#1417 = ORIENTED_EDGE('',*,*,#1418,.T.);
#1418 = EDGE_CURVE('',#1398,#1419,#1421,.T.);
#1419 = VERTEX_POINT('',#1420);
#1420 = CARTESIAN_POINT('',(-28.19840425963,-0.299995754089,-7.2));
#1421 = SURFACE_CURVE('',#1422,(#1427,#1434),.PCURVE_S1.);
#1422 = CIRCLE('',#1423,28.2);
#1423 = AXIS2_PLACEMENT_3D('',#1424,#1425,#1426);
#1424 = CARTESIAN_POINT('',(0.,0.,-7.2));
#1425 = DIRECTION('',(0.,0.,-1.));
#1426 = DIRECTION('',(1.,0.,0.));
#1427 = PCURVE('',#507,#1428);
#1428 = DEFINITIONAL_REPRESENTATION('',(#1429),#1433);
#1429 = LINE('',#1430,#1431);
#1430 = CARTESIAN_POINT('',(-6.28318530718,-0.3));
#1431 = VECTOR('',#1432,1.);
#1432 = DIRECTION('',(1.,-0.));
#1433 = ( GEOMETRIC_REPRESENTATION_CONTEXT(2) 
PARAMETRIC_REPRESENTATION_CONTEXT() REPRESENTATION_CONTEXT('2D SPACE',''
  ) );
#1434 = PCURVE('',#1435,#1440);
#1435 = PLANE('',#1436);
#1436 = AXIS2_PLACEMENT_3D('',#1437,#1438,#1439);
#1437 = CARTESIAN_POINT('',(-27.5,0.,-7.2));
#1438 = DIRECTION('',(0.,0.,1.));
#1439 = DIRECTION('',(1.,0.,-0.));
#1440 = DEFINITIONAL_REPRESENTATION('',(#1441),#1449);
#1441 = ( BOUNDED_CURVE() B_SPLINE_CURVE(2,(#1442,#1443,#1444,#1445,
#1446,#1447,#1448),.UNSPECIFIED.,.T.,.F.) B_SPLINE_CURVE_WITH_KNOTS((1,2
    ,2,2,2,1),(-2.094395102393,0.,2.094395102393,4.188790204786,
6.28318530718,8.377580409573),.UNSPECIFIED.) CURVE() 
GEOMETRIC_REPRESENTATION_ITEM() RATIONAL_B_SPLINE_CURVE((1.,0.5,1.,0.5,
1.,0.5,1.)) REPRESENTATION_ITEM('') );
#1442 = CARTESIAN_POINT('',(55.7,0.));
#1443 = CARTESIAN_POINT('',(55.7,-48.84383277344));
#1444 = CARTESIAN_POINT('',(13.4,-24.42191638672));
#1445 = CARTESIAN_POINT('',(-28.9,-6.907007947191E-15));
#1446 = CARTESIAN_POINT('',(13.4,24.421916386721));
#1447 = CARTESIAN_POINT('',(55.7,48.843832773442));
#1448 = CARTESIAN_POINT('',(55.7,0.));
#1449 = ( GEOMETRIC_REPRESENTATION_CONTEXT(2) 
PARAMETRIC_REPRESENTATION_CONTEXT() REPRESENTATION_CONTEXT('2D SPACE',''
  ) );
#1450 = ORIENTED_EDGE('',*,*,#1451,.F.);
#1451 = EDGE_CURVE('',#911,#1419,#1452,.T.);
#1452 = SURFACE_CURVE('',#1453,(#1585,#1597),.PCURVE_S1.);
#1453 = B_SPLINE_CURVE_WITH_KNOTS('',4,(#1454,#1455,#1456,#1457,#1458,
    #1459,#1460,#1461,#1462,#1463,#1464,#1465,#1466,#1467,#1468,#1469,
    #1470,#1471,#1472,#1473,#1474,#1475,#1476,#1477,#1478,#1479,#1480,
    #1481,#1482,#1483,#1484,#1485,#1486,#1487,#1488,#1489,#1490,#1491,
    #1492,#1493,#1494,#1495,#1496,#1497,#1498,#1499,#1500,#1501,#1502,
    #1503,#1504,#1505,#1506,#1507,#1508,#1509,#1510,#1511,#1512,#1513,
    #1514,#1515,#1516,#1517,#1518,#1519,#1520,#1521,#1522,#1523,#1524,
    #1525,#1526,#1527,#1528,#1529,#1530,#1531,#1532,#1533,#1534,#1535,
    #1536,#1537,#1538,#1539,#1540,#1541,#1542,#1543,#1544,#1545,#1546,
    #1547,#1548,#1549,#1550,#1551,#1552,#1553,#1554,#1555,#1556,#1557,
    #1558,#1559,#1560,#1561,#1562,#1563,#1564,#1565,#1566,#1567,#1568,
    #1569,#1570,#1571,#1572,#1573,#1574,#1575,#1576,#1577,#1578,#1579,
    #1580,#1581,#1582,#1583,#1584),.UNSPECIFIED.,.F.,.F.,(5,3,3,3,3,3,3,
    3,3,3,3,3,3,3,3,3,3,3,3,3,3,3,3,3,3,3,3,3,3,3,3,3,3,3,3,3,3,3,3,3,3,
    3,3,5),(0.,1.8243049006E-02,3.220273148644E-02,4.622490374029E-02,
    6.033809520861E-02,7.457250339096E-02,8.896063782961E-02,
    0.102525880538,0.11731513364,0.132374961713,0.147756618741,
    0.163520237583,0.179737775436,0.196497222377,0.21390882545,
    0.232114670514,0.25130416242,0.271740577853,0.293810262181,
    0.318123773491,0.345757459557,0.489856633679,0.652438625672,
    0.679424116987,0.703993166219,0.72624401871,0.746816658899,
    0.766112726067,0.784404328417,0.80188636761,0.817563511765,
    0.833865472727,0.849161356936,0.864616063981,0.879737893894,
    0.894072021124,0.908686798895,0.923106134062,0.937366210135,
    0.951499984265,0.965055194092,0.978547041594,0.992480449341,1.),
  .UNSPECIFIED.);
#1454 = CARTESIAN_POINT('',(-28.2,3.441691376338E-15,-6.9));
#1455 = CARTESIAN_POINT('',(-28.2,-4.2989223807E-03,-6.9));
#1456 = CARTESIAN_POINT('',(-28.19999912622,-8.597715452894E-03,
    -6.900082135077));
#1457 = CARTESIAN_POINT('',(-28.19999737869,-1.289422941993E-02,
    -6.900246403071));
#1458 = CARTESIAN_POINT('',(-28.1999927617,-2.047010369115E-02,
    -6.900681113874));
#1459 = CARTESIAN_POINT('',(-28.199990252,-2.375144244268E-02,
    -6.900917571698));
#1460 = CARTESIAN_POINT('',(-28.19998723661,-2.702897261159E-02,
    -6.901201982494));
#1461 = CARTESIAN_POINT('',(-28.19998018772,-3.358896652327E-02,
    -6.901867984244));
#1462 = CARTESIAN_POINT('',(-28.19997614972,-3.687138677632E-02,
    -6.902250004532));
#1463 = CARTESIAN_POINT('',(-28.19997161062,-4.014784159453E-02,
    -6.902680192566));
#1464 = CARTESIAN_POINT('',(-28.19996151057,-4.670792661108E-02,
    -6.903639698692));
#1465 = CARTESIAN_POINT('',(-28.19995594318,-4.999146543966E-02,
    -6.904169642136));
#1466 = CARTESIAN_POINT('',(-28.19994988141,-5.326681079444E-02,
    -6.904748066158));
#1467 = CARTESIAN_POINT('',(-28.19993673004,-5.98270253053E-02,
    -6.906006847146));
#1468 = CARTESIAN_POINT('',(-28.19992963206,-6.311173474958E-02,
    -6.906688036953));
#1469 = CARTESIAN_POINT('',(-28.19992204871,-6.638592190226E-02,
    -6.907418123969));
#1470 = CARTESIAN_POINT('',(-28.19990584579,-7.294631036427E-02,
    -6.908983983006));
#1471 = CARTESIAN_POINT('',(-28.19989721589,-7.623225966029E-02,
    -6.909820811261));
#1472 = CARTESIAN_POINT('',(-28.19988811218,-7.95052231537E-02,
    -6.910707065105));
#1473 = CARTESIAN_POINT('',(-28.19986953024,-8.583657556653E-02,
    -6.912524291105));
#1474 = CARTESIAN_POINT('',(-28.19986010319,-8.889653084851E-02,
    -6.913449806834));
#1475 = CARTESIAN_POINT('',(-28.1998502775,-9.194302595912E-02,
    -6.914418705983));
#1476 = CARTESIAN_POINT('',(-28.19982893214,-9.828085145329E-02,
    -6.916533970197));
#1477 = CARTESIAN_POINT('',(-28.19981733961,-0.101569470124,
    -6.917688459806));
#1478 = CARTESIAN_POINT('',(-28.19980530399,-0.104839808791,
    -6.918893753777));
#1479 = CARTESIAN_POINT('',(-28.19978015449,-0.111401062033,
    -6.921428019018));
#1480 = CARTESIAN_POINT('',(-28.19976702492,-0.114691258536,
    -6.922758849626));
#1481 = CARTESIAN_POINT('',(-28.19975347346,-0.117960051231,
    -6.924141414706));
#1482 = CARTESIAN_POINT('',(-28.19972527029,-0.124521776714,
    -6.927039583109));
#1483 = CARTESIAN_POINT('',(-28.19971060125,-0.127813732736,
    -6.928557398139));
#1484 = CARTESIAN_POINT('',(-28.19969553605,-0.131080805635,-6.930128054
    ));
#1485 = CARTESIAN_POINT('',(-28.1996642781,-0.137643141097,
    -6.933414083054));
#1486 = CARTESIAN_POINT('',(-28.19964806663,-0.140937089218,
    -6.935132081459));
#1487 = CARTESIAN_POINT('',(-28.19963149023,-0.144202219643,
    -6.936904233853));
#1488 = CARTESIAN_POINT('',(-28.19959717594,-0.150765352006,
    -6.940607921159));
#1489 = CARTESIAN_POINT('',(-28.19957941832,-0.154061593312,
    -6.942542576227));
#1490 = CARTESIAN_POINT('',(-28.19956133391,-0.157324492895,
    -6.944532945948));
#1491 = CARTESIAN_POINT('',(-28.19952396103,-0.163888683192,
    -6.948691684554));
#1492 = CARTESIAN_POINT('',(-28.19950465251,-0.167187613719,
    -6.95086377904));
#1493 = CARTESIAN_POINT('',(-28.19948506413,-0.170447903095,
    -6.953093451534));
#1494 = CARTESIAN_POINT('',(-28.19944462934,-0.177013527919,
    -6.957754801032));
#1495 = CARTESIAN_POINT('',(-28.19942376363,-0.180315679731,
    -6.96019096258));
#1496 = CARTESIAN_POINT('',(-28.1994026766,-0.183572849228,
    -6.962686944824));
#1497 = CARTESIAN_POINT('',(-28.19935917482,-0.190140473063,
    -6.967912528166));
#1498 = CARTESIAN_POINT('',(-28.19933674336,-0.193446580821,
    -6.970647592556));
#1499 = CARTESIAN_POINT('',(-28.19931416492,-0.196699926749,
    -6.973445209313));
#1500 = CARTESIAN_POINT('',(-28.19926758798,-0.203270435905,
    -6.979316877157));
#1501 = CARTESIAN_POINT('',(-28.19924357864,-0.206581550458,
    -6.982397697402));
#1502 = CARTESIAN_POINT('',(-28.19921951901,-0.209830066376,
    -6.985544453689));
#1503 = CARTESIAN_POINT('',(-28.19916985307,-0.216404935786,
    -6.992174579245));
#1504 = CARTESIAN_POINT('',(-28.1991442478,-0.219722631239,
    -6.995666535239));
#1505 = CARTESIAN_POINT('',(-28.19911872219,-0.222964809742,
    -6.999228717552));
#1506 = CARTESIAN_POINT('',(-28.19906594194,-0.229546686879,
    -7.006778645327));
#1507 = CARTESIAN_POINT('',(-28.1990387121,-0.232873471641,
    -7.010777650147));
#1508 = CARTESIAN_POINT('',(-28.19901174459,-0.236106910876,
    -7.014852502546));
#1509 = CARTESIAN_POINT('',(-28.19895579878,-0.242701065614,
    -7.023568916315));
#1510 = CARTESIAN_POINT('',(-28.19892689471,-0.246041298715,
    -7.028225975203));
#1511 = CARTESIAN_POINT('',(-28.19889852706,-0.249261825195,
    -7.032966607655));
#1512 = CARTESIAN_POINT('',(-28.19883929501,-0.255880462474,
    -7.043263776924));
#1513 = CARTESIAN_POINT('',(-28.19880861853,-0.259242769417,
    -7.048843331044));
#1514 = CARTESIAN_POINT('',(-28.19877893328,-0.262442125292,
    -7.054517898647));
#1515 = CARTESIAN_POINT('',(-28.19860150539,-0.281288533439,
    -7.090328627213));
#1516 = CARTESIAN_POINT('',(-28.19848331323,-0.292569632884,
    -7.122768795053));
#1517 = CARTESIAN_POINT('',(-28.19841730351,-0.298768698415,
    -7.156551033681));
#1518 = CARTESIAN_POINT('',(-28.19839294584,-0.301059374249,
    -7.228783410508));
#1519 = CARTESIAN_POINT('',(-28.19844952953,-0.295753247924,
    -7.267279846801));
#1520 = CARTESIAN_POINT('',(-28.19857660211,-0.283882563205,
    -7.304286910404));
#1521 = CARTESIAN_POINT('',(-28.19877094197,-0.263298213346,
    -7.343919971519));
#1522 = CARTESIAN_POINT('',(-28.19879970589,-0.260208558382,
    -7.349479056394));
#1523 = CARTESIAN_POINT('',(-28.19882943595,-0.256963002923,
    -7.354948581267));
#1524 = CARTESIAN_POINT('',(-28.1988877993,-0.250472455193,
    -7.365214453642));
#1525 = CARTESIAN_POINT('',(-28.1989162925,-0.247253435863,
    -7.370027225863));
#1526 = CARTESIAN_POINT('',(-28.19894535432,-0.243911632132,
    -7.374755563351));
#1527 = CARTESIAN_POINT('',(-28.19900159557,-0.237315905519,
    -7.383596414828));
#1528 = CARTESIAN_POINT('',(-28.19902869396,-0.234083441195,
    -7.387724940248));
#1529 = CARTESIAN_POINT('',(-28.19905607521,-0.230755641724,
    -7.391777011599));
#1530 = CARTESIAN_POINT('',(-28.19910914382,-0.224172915171,
    -7.399422167871));
#1531 = CARTESIAN_POINT('',(-28.19913480321,-0.220931421668,
    -7.403026820894));
#1532 = CARTESIAN_POINT('',(-28.19916055645,-0.217613014293,
    -7.406560794689));
#1533 = CARTESIAN_POINT('',(-28.19921050746,-0.211037636242,
    -7.413267809401));
#1534 = CARTESIAN_POINT('',(-28.19923470263,-0.207789630257,
    -7.416449639939));
#1535 = CARTESIAN_POINT('',(-28.19925885785,-0.204477986606,
    -7.41956518266));
#1536 = CARTESIAN_POINT('',(-28.19930571814,-0.197907150237,
    -7.425501326083));
#1537 = CARTESIAN_POINT('',(-28.19932843326,-0.194654200628,
    -7.428328838007));
#1538 = CARTESIAN_POINT('',(-28.19935100924,-0.191347682406,
    -7.431093516689));
#1539 = CARTESIAN_POINT('',(-28.19939479339,-0.184779836691,
    -7.43637472046));
#1540 = CARTESIAN_POINT('',(-28.1994160179,-0.181522985779,
    -7.438896813172));
#1541 = CARTESIAN_POINT('',(-28.19943702719,-0.178220504662,
    -7.441358856424));
#1542 = CARTESIAN_POINT('',(-28.19947638927,-0.17187314148,
    -7.445912565963));
#1543 = CARTESIAN_POINT('',(-28.19949479239,-0.168836865398,
    -7.448016228022));
#1544 = CARTESIAN_POINT('',(-28.19951295875,-0.165766460593,
    -7.450069758991));
#1545 = CARTESIAN_POINT('',(-28.19954947344,-0.1594362206,
    -7.454154753284));
#1546 = CARTESIAN_POINT('',(-28.19956780017,-0.1561737126,
    -7.456182075293));
#1547 = CARTESIAN_POINT('',(-28.199585807,-0.152877068246,
    -7.458153404934));
#1548 = CARTESIAN_POINT('',(-28.19962002942,-0.146423887205,
    -7.461864252026));
#1549 = CARTESIAN_POINT('',(-28.19963628698,-0.143271259706,
    -7.46361056757));
#1550 = CARTESIAN_POINT('',(-28.1996522102,-0.140091062646,
    -7.465306160539));
#1551 = CARTESIAN_POINT('',(-28.19968350159,-0.133644702858,
    -7.468611708431));
#1552 = CARTESIAN_POINT('',(-28.1996988623,-0.13037799024,-7.47022059141
    ));
#1553 = CARTESIAN_POINT('',(-28.19971383248,-0.127085665095,
    -7.47177639433));
#1554 = CARTESIAN_POINT('',(-28.19974263246,-0.120523832524,
    -7.474748305394));
#1555 = CARTESIAN_POINT('',(-28.19975647989,-0.117255360875,
    -7.476166700699));
#1556 = CARTESIAN_POINT('',(-28.19976991007,-0.113964836237,
    -7.477533160039));
#1557 = CARTESIAN_POINT('',(-28.19979522,-0.107514660847,-7.480092769862
    ));
#1558 = CARTESIAN_POINT('',(-28.19980714407,-0.104357121254,
    -7.481291240354));
#1559 = CARTESIAN_POINT('',(-28.19981865901,-0.101181946267,
    -7.482442179615));
#1560 = CARTESIAN_POINT('',(-28.19984105774,-9.47359915049E-02,
    -7.484669846565));
#1561 = CARTESIAN_POINT('',(-28.19985192477,-9.146455693581E-02,
    -7.485744680088));
#1562 = CARTESIAN_POINT('',(-28.199862335,-8.817705431137E-02,
    -7.486769320245));
#1563 = CARTESIAN_POINT('',(-28.19988208096,-8.161639655482E-02,
    -7.488704502652));
#1564 = CARTESIAN_POINT('',(-28.1998914292,-7.834363736019E-02,
    -7.489616387518));
#1565 = CARTESIAN_POINT('',(-28.19990030575,-7.505748076597E-02,
    -7.49047875066));
#1566 = CARTESIAN_POINT('',(-28.19991699976,-6.849705962138E-02,
    -7.492094903022));
#1567 = CARTESIAN_POINT('',(-28.19992482784,-6.522306448662E-02,
    -7.492849786252));
#1568 = CARTESIAN_POINT('',(-28.19993217224,-6.19381606885E-02,
    -7.493555695034));
#1569 = CARTESIAN_POINT('',(-28.19994581465,-5.537792137788E-02,
    -7.494863307791));
#1570 = CARTESIAN_POINT('',(-28.19995212135,-5.210275870248E-02,
    -7.495465879357));
#1571 = CARTESIAN_POINT('',(-28.19995793496,-4.881903543051E-02,
    -7.496019910486));
#1572 = CARTESIAN_POINT('',(-28.19996834451,-4.237135574932E-02,
    -7.497009874348));
#1573 = CARTESIAN_POINT('',(-28.19997298055,-3.920799902326E-02,
    -7.497449713069));
#1574 = CARTESIAN_POINT('',(-28.19997715046,-3.603871700576E-02,
    -7.497844604794));
#1575 = CARTESIAN_POINT('',(-28.19998453175,-2.970505896252E-02,
    -7.498542647481));
#1576 = CARTESIAN_POINT('',(-28.19998774753,-2.65407291671E-02,
    -7.498846218655));
#1577 = CARTESIAN_POINT('',(-28.19999049267,-2.33724258231E-02,
    -7.499105053038));
#1578 = CARTESIAN_POINT('',(-28.19999511059,-1.692598032537E-02,
    -7.499540124907));
#1579 = CARTESIAN_POINT('',(-28.19999695188,-1.364763690395E-02,
    -7.499713381932));
#1580 = CARTESIAN_POINT('',(-28.19999828532,-1.036711426857E-02,
    -7.49983878702));
#1581 = CARTESIAN_POINT('',(-28.19999955484,-5.314424823413E-03,
    -7.49995815576));
#1582 = CARTESIAN_POINT('',(-28.19999985161,-3.543059746919E-03,
    -7.49998605192));
#1583 = CARTESIAN_POINT('',(-28.2,-1.771529821026E-03,-7.5));
#1584 = CARTESIAN_POINT('',(-28.2,3.441691376338E-15,-7.5));
#1585 = PCURVE('',#507,#1586);
#1586 = DEFINITIONAL_REPRESENTATION('',(#1587),#1596);
#1587 = B_SPLINE_CURVE_WITH_KNOTS('',7,(#1588,#1589,#1590,#1591,#1592,
    #1593,#1594,#1595),.UNSPECIFIED.,.F.,.F.,(8,8),(0.,1.),
  .PIECEWISE_BEZIER_KNOTS.);
#1588 = CARTESIAN_POINT('',(-3.14159265359,-0.6));
#1589 = CARTESIAN_POINT('',(-3.146367671688,-0.6));
#1590 = CARTESIAN_POINT('',(-3.151138374869,-0.529482967775));
#1591 = CARTESIAN_POINT('',(-3.154365806749,-0.388560177676));
#1592 = CARTESIAN_POINT('',(-3.154360640008,-0.21127618837));
#1593 = CARTESIAN_POINT('',(-3.15113704903,-7.051098210931E-02));
#1594 = CARTESIAN_POINT('',(-3.146366510757,2.045092270134E-11));
#1595 = CARTESIAN_POINT('',(-3.14159265359,0.));
#1596 = ( GEOMETRIC_REPRESENTATION_CONTEXT(2) 
PARAMETRIC_REPRESENTATION_CONTEXT() REPRESENTATION_CONTEXT('2D SPACE',''
  ) );
#1597 = PCURVE('',#1598,#1603);
#1598 = SPHERICAL_SURFACE('',#1599,0.3);
#1599 = AXIS2_PLACEMENT_3D('',#1600,#1601,#1602);
#1600 = CARTESIAN_POINT('',(-28.2,3.453503973596E-15,-7.2));
#1601 = DIRECTION('',(0.,0.,1.));
#1602 = DIRECTION('',(1.,0.,0.));
#1603 = DEFINITIONAL_REPRESENTATION('',(#1604),#1619);
#1604 = B_SPLINE_CURVE_WITH_KNOTS('',5,(#1605,#1606,#1607,#1608,#1609,
    #1610,#1611,#1612,#1613,#1614,#1615,#1616,#1617,#1618),
  .UNSPECIFIED.,.F.,.F.,(6,4,4,6),(0.,1.000004916572E-02,0.990000000491,
    1.),.UNSPECIFIED.);
#1605 = CARTESIAN_POINT('',(4.712389034819,1.570796326795));
#1606 = CARTESIAN_POINT('',(4.71242244312,1.56451248706));
#1607 = CARTESIAN_POINT('',(4.712455851422,1.558228647325));
#1608 = CARTESIAN_POINT('',(4.712489259723,1.55194480759));
#1609 = CARTESIAN_POINT('',(4.712522668025,1.545660967855));
#1610 = CARTESIAN_POINT('',(4.715830073614,0.92356389236));
#1611 = CARTESIAN_POINT('',(4.719145834258,0.307735398359));
#1612 = CARTESIAN_POINT('',(4.719143829817,-0.308124829491));
#1613 = CARTESIAN_POINT('',(4.715829288642,-0.923709521743));
#1614 = CARTESIAN_POINT('',(4.712522637398,-1.545666742118));
#1615 = CARTESIAN_POINT('',(4.71248923688,-1.551949138288));
#1616 = CARTESIAN_POINT('',(4.712455836363,-1.558231534457));
#1617 = CARTESIAN_POINT('',(4.712422435845,-1.564513930626));
#1618 = CARTESIAN_POINT('',(4.712389035327,-1.570796326795));
#1619 = ( GEOMETRIC_REPRESENTATION_CONTEXT(2) 
PARAMETRIC_REPRESENTATION_CONTEXT() REPRESENTATION_CONTEXT('2D SPACE',''
  ) );
#1620 = ORIENTED_EDGE('',*,*,#934,.T.);
#1621 = ORIENTED_EDGE('',*,*,#1622,.F.);
#1622 = EDGE_CURVE('',#491,#935,#1623,.T.);
#1623 = SURFACE_CURVE('',#1624,(#1783,#1797),.PCURVE_S1.);
#1624 = B_SPLINE_CURVE_WITH_KNOTS('',4,(#1625,#1626,#1627,#1628,#1629,
    #1630,#1631,#1632,#1633,#1634,#1635,#1636,#1637,#1638,#1639,#1640,
    #1641,#1642,#1643,#1644,#1645,#1646,#1647,#1648,#1649,#1650,#1651,
    #1652,#1653,#1654,#1655,#1656,#1657,#1658,#1659,#1660,#1661,#1662,
    #1663,#1664,#1665,#1666,#1667,#1668,#1669,#1670,#1671,#1672,#1673,
    #1674,#1675,#1676,#1677,#1678,#1679,#1680,#1681,#1682,#1683,#1684,
    #1685,#1686,#1687,#1688,#1689,#1690,#1691,#1692,#1693,#1694,#1695,
    #1696,#1697,#1698,#1699,#1700,#1701,#1702,#1703,#1704,#1705,#1706,
    #1707,#1708,#1709,#1710,#1711,#1712,#1713,#1714,#1715,#1716,#1717,
    #1718,#1719,#1720,#1721,#1722,#1723,#1724,#1725,#1726,#1727,#1728,
    #1729,#1730,#1731,#1732,#1733,#1734,#1735,#1736,#1737,#1738,#1739,
    #1740,#1741,#1742,#1743,#1744,#1745,#1746,#1747,#1748,#1749,#1750,
    #1751,#1752,#1753,#1754,#1755,#1756,#1757,#1758,#1759,#1760,#1761,
    #1762,#1763,#1764,#1765,#1766,#1767,#1768,#1769,#1770,#1771,#1772,
    #1773,#1774,#1775,#1776,#1777,#1778,#1779,#1780,#1781,#1782),
  .UNSPECIFIED.,.F.,.F.,(5,3,3,3,3,3,3,3,3,3,3,3,3,3,3,3,3,3,3,3,3,3,3,3
    ,3,3,3,3,3,3,3,3,3,3,3,3,3,3,3,3,3,3,3,3,3,3,3,3,3,3,3,3,5),(0.,
    1.575298855673E-02,3.042983077819E-02,4.513924158306E-02,
    5.989741447541E-02,7.369648719805E-02,8.859770633741E-02,
    0.103081384612,0.114660490428,0.126032323172,0.137463280796,
    0.148563152571,0.160132710404,0.171785716041,0.183532188936,
    0.1953833797,0.207352033919,0.219452725796,0.23170228974,
    0.24412038604,0.256730255797,0.269559751255,0.282642773883,
    0.296078312963,0.310274097666,0.323349098364,0.335970378969,
    0.349547765426,0.362140666233,0.373659358432,0.386275769191,
    0.400408611922,0.416831733044,0.434128391957,0.489242025065,
    0.664267071569,0.698648510636,0.725565728375,0.748240157603,
    0.775322050879,0.794199256059,0.806064521858,0.81990940828,
    0.832642779402,0.853718416913,0.87134473298,0.889244654418,
    0.90879125583,0.927990461926,0.946926798245,0.964387011754,
    0.98302296125,1.),.UNSPECIFIED.);
#1625 = CARTESIAN_POINT('',(14.1,-24.42191638672,-7.5));
#1626 = CARTESIAN_POINT('',(14.096783271586,-24.42377356573,
    -7.499999999961));
#1627 = CARTESIAN_POINT('',(14.093566223257,-24.42563017622,
    -7.499938682542));
#1628 = CARTESIAN_POINT('',(14.090350158941,-24.42748546537,
    -7.499816047528));
#1629 = CARTESIAN_POINT('',(14.084142188364,-24.43106528099,
    -7.499460854506));
#1630 = CARTESIAN_POINT('',(14.081149975425,-24.43279008344,
    -7.499236377986));
#1631 = CARTESIAN_POINT('',(14.078160826666,-24.43451246915,
    -7.498958801599));
#1632 = CARTESIAN_POINT('',(14.072184156462,-24.43795500826,
    -7.498296950226));
#1633 = CARTESIAN_POINT('',(14.069196653232,-24.4396751483,
    -7.497912439825));
#1634 = CARTESIAN_POINT('',(14.066214362337,-24.44139164002,
    -7.497474829595));
#1635 = CARTESIAN_POINT('',(14.060252467281,-24.44482179159,
    -7.49649213312));
#1636 = CARTESIAN_POINT('',(14.057272904684,-24.44653542325,
    -7.495946695379));
#1637 = CARTESIAN_POINT('',(14.054300734235,-24.448244161,
    -7.495348157843));
#1638 = CARTESIAN_POINT('',(14.048565917166,-24.45153994917,
    -7.494087683998));
#1639 = CARTESIAN_POINT('',(14.045802206656,-24.45312769114,
    -7.493432395676));
#1640 = CARTESIAN_POINT('',(14.043046764197,-24.45471013131,
    -7.492731080441));
#1641 = CARTESIAN_POINT('',(14.037334795413,-24.45798936003,
    -7.491177192679));
#1642 = CARTESIAN_POINT('',(14.034379786227,-24.45968518676,
    -7.490317013004));
#1643 = CARTESIAN_POINT('',(14.031436517227,-24.46137364651,
    -7.489403728872));
#1644 = CARTESIAN_POINT('',(14.02565772781,-24.46468753291,
    -7.487498727474));
#1645 = CARTESIAN_POINT('',(14.022821499024,-24.46631340014,
    -7.486509924985));
#1646 = CARTESIAN_POINT('',(14.019998369224,-24.46793117954,
    -7.485471610839));
#1647 = CARTESIAN_POINT('',(14.014943591659,-24.47082677027,
    -7.483514789391));
#1648 = CARTESIAN_POINT('',(14.012706864644,-24.47210769728,
    -7.482614013554));
#1649 = CARTESIAN_POINT('',(14.010479632621,-24.47338282687,
    -7.481682025313));
#1650 = CARTESIAN_POINT('',(14.00608483504,-24.47589822435,
    -7.47977328776));
#1651 = CARTESIAN_POINT('',(14.003916914978,-24.47713870775,
    -7.47879763829));
#1652 = CARTESIAN_POINT('',(14.001759095596,-24.47837307395,
    -7.477792290599));
#1653 = CARTESIAN_POINT('',(13.99745341556,-24.48083544452,
    -7.475717259434));
#1654 = CARTESIAN_POINT('',(13.995305664983,-24.48206338246,
    -7.474647268625));
#1655 = CARTESIAN_POINT('',(13.993169053862,-24.48328462074,
    -7.473547716683));
#1656 = CARTESIAN_POINT('',(13.988980581243,-24.48567801686,
    -7.471322673137));
#1657 = CARTESIAN_POINT('',(13.986928057458,-24.48685057179,
    -7.47019885526));
#1658 = CARTESIAN_POINT('',(13.984886893909,-24.48801633505,
    -7.469047615517));
#1659 = CARTESIAN_POINT('',(13.980742245323,-24.49038285129,
    -7.4666409063));
#1660 = CARTESIAN_POINT('',(13.978639777897,-24.49158299754,
    -7.465383087693));
#1661 = CARTESIAN_POINT('',(13.976550573987,-24.49277525644,
    -7.464096008173));
#1662 = CARTESIAN_POINT('',(13.972384646881,-24.49515203202,
    -7.461454415484));
#1663 = CARTESIAN_POINT('',(13.97030812236,-24.49633643086,
    -7.460099482875));
#1664 = CARTESIAN_POINT('',(13.968245993591,-24.49751231076,
    -7.458715456698));
#1665 = CARTESIAN_POINT('',(13.964135031319,-24.49985588671,
    -7.455878517443));
#1666 = CARTESIAN_POINT('',(13.96208643709,-24.50102344149,
    -7.454425140851));
#1667 = CARTESIAN_POINT('',(13.960053413756,-24.50218182271,
    -7.452942846996));
#1668 = CARTESIAN_POINT('',(13.95600145392,-24.50448997435,
    -7.449907642537));
#1669 = CARTESIAN_POINT('',(13.953982804539,-24.50563957595,
    -7.448354220176));
#1670 = CARTESIAN_POINT('',(13.951980951839,-24.50677932193,
    -7.446772064977));
#1671 = CARTESIAN_POINT('',(13.947992097573,-24.50904979318,
    -7.443535071557));
#1672 = CARTESIAN_POINT('',(13.946005439829,-24.51018031708,
    -7.441879668337));
#1673 = CARTESIAN_POINT('',(13.944036864644,-24.51130027049,
    -7.440195723801));
#1674 = CARTESIAN_POINT('',(13.940115297401,-24.51353076648,
    -7.436752672596));
#1675 = CARTESIAN_POINT('',(13.938162716804,-24.51464106896,
    -7.434992941654));
#1676 = CARTESIAN_POINT('',(13.936229576421,-24.51574004667,
    -7.433204866759));
#1677 = CARTESIAN_POINT('',(13.932379571824,-24.51792822465,
    -7.429550563621));
#1678 = CARTESIAN_POINT('',(13.930463200412,-24.51901713832,
    -7.427683644484));
#1679 = CARTESIAN_POINT('',(13.928567713279,-24.52009392522,
    -7.425788583031));
#1680 = CARTESIAN_POINT('',(13.924793660665,-24.52223738328,
    -7.421916672781));
#1681 = CARTESIAN_POINT('',(13.922915686753,-24.52330371144,
    -7.419939057412));
#1682 = CARTESIAN_POINT('',(13.921060146178,-24.52435705267,
    -7.417933503681));
#1683 = CARTESIAN_POINT('',(13.917366573183,-24.52645331568,
    -7.41383615711));
#1684 = CARTESIAN_POINT('',(13.915529253627,-24.52749582536,
    -7.411743510733));
#1685 = CARTESIAN_POINT('',(13.913716045446,-24.52852441617,
    -7.409623129751));
#1686 = CARTESIAN_POINT('',(13.910107648927,-24.53057091818,
    -7.405290619883));
#1687 = CARTESIAN_POINT('',(13.908313324437,-24.53158833137,
    -7.403077536199));
#1688 = CARTESIAN_POINT('',(13.906544949874,-24.53259080419,
    -7.4008369182));
#1689 = CARTESIAN_POINT('',(13.903026635183,-24.53458486607,
    -7.396257033926));
#1690 = CARTESIAN_POINT('',(13.901277749863,-24.53557584859,
    -7.393916693162));
#1691 = CARTESIAN_POINT('',(13.899556855879,-24.53655075582,
    -7.39154901056));
#1692 = CARTESIAN_POINT('',(13.896126417103,-24.53849373106,
    -7.386695797368));
#1693 = CARTESIAN_POINT('',(13.894418427452,-24.53946090701,
    -7.384208810314));
#1694 = CARTESIAN_POINT('',(13.892740992481,-24.54041057714,
    -7.381694431425));
#1695 = CARTESIAN_POINT('',(13.889355065404,-24.54232710772,
    -7.376468618864));
#1696 = CARTESIAN_POINT('',(13.887650186741,-24.54329190023,
    -7.373754085433));
#1697 = CARTESIAN_POINT('',(13.885980558988,-24.54423654218,
    -7.37101070751));
#1698 = CARTESIAN_POINT('',(13.882841900251,-24.54601197265,
    -7.365686902473));
#1699 = CARTESIAN_POINT('',(13.881367439133,-24.54684586183,
    -7.36311071049));
#1700 = CARTESIAN_POINT('',(13.879923779916,-24.54766217985,
    -7.360511548644));
#1701 = CARTESIAN_POINT('',(13.877147886676,-24.54923153551,
    -7.355359726683));
#1702 = CARTESIAN_POINT('',(13.875813524547,-24.54998578602,
    -7.352808582883));
#1703 = CARTESIAN_POINT('',(13.874508603249,-24.55072327169,
    -7.350237387408));
#1704 = CARTESIAN_POINT('',(13.8718617259,-24.55221893719,
    -7.344860008387));
#1705 = CARTESIAN_POINT('',(13.870524452707,-24.55297445256,
    -7.342050778642));
#1706 = CARTESIAN_POINT('',(13.869222066378,-24.55371013495,
    -7.339219977305));
#1707 = CARTESIAN_POINT('',(13.866779726653,-24.55508953016,
    -7.333723724092));
#1708 = CARTESIAN_POINT('',(13.865634842645,-24.55573604378,
    -7.331061165727));
#1709 = CARTESIAN_POINT('',(13.864520618303,-24.5563651539,
    -7.328381487046));
#1710 = CARTESIAN_POINT('',(13.862446470302,-24.55753609694,
    -7.323219280836));
#1711 = CARTESIAN_POINT('',(13.861481492126,-24.55808079706,
    -7.320739434694));
#1712 = CARTESIAN_POINT('',(13.8605426267,-24.55861069342,
    -7.318246392456));
#1713 = CARTESIAN_POINT('',(13.858630561996,-24.55968974281,
    -7.312996221694));
#1714 = CARTESIAN_POINT('',(13.857662617383,-24.56023591852,
    -7.310236567496));
#1715 = CARTESIAN_POINT('',(13.856726509516,-24.56076406624,
    -7.307462458968));
#1716 = CARTESIAN_POINT('',(13.854809789445,-24.56184535107,
    -7.30155171146));
#1717 = CARTESIAN_POINT('',(13.853837351846,-24.56239386171,
    -7.298411575202));
#1718 = CARTESIAN_POINT('',(13.852905505659,-24.56291941316,
    -7.295255246151));
#1719 = CARTESIAN_POINT('',(13.85097920994,-24.56400570629,
    -7.288398340346));
#1720 = CARTESIAN_POINT('',(13.849999086821,-24.56455834899,
    -7.284692455649));
#1721 = CARTESIAN_POINT('',(13.849074647899,-24.56507953153,
    -7.280967751823));
#1722 = CARTESIAN_POINT('',(13.847291736123,-24.56608460208,
    -7.273285004188));
#1723 = CARTESIAN_POINT('',(13.846439387259,-24.56656503195,
    -7.269325086522));
#1724 = CARTESIAN_POINT('',(13.845649698064,-24.56701009757,
    -7.265348081628));
#1725 = CARTESIAN_POINT('',(13.842607606624,-24.56872446247,
    -7.248635555012));
#1726 = CARTESIAN_POINT('',(13.840932056572,-24.56966833144,
    -7.235761578879));
#1727 = CARTESIAN_POINT('',(13.8399082075,-24.57024503314,
    -7.222797958891));
#1728 = CARTESIAN_POINT('',(13.83836217451,-24.57111585069,
    -7.168562827865));
#1729 = CARTESIAN_POINT('',(13.843793182787,-24.56805712821,
    -7.127068597127));
#1730 = CARTESIAN_POINT('',(13.855806922484,-24.56129127768,
    -7.087561959872));
#1731 = CARTESIAN_POINT('',(13.877018942615,-24.5493047003,
    -7.044702914622));
#1732 = CARTESIAN_POINT('',(13.880721666408,-24.5472114808,
    -7.037810001891));
#1733 = CARTESIAN_POINT('',(13.884637537651,-24.54499669725,
    -7.031074673115));
#1734 = CARTESIAN_POINT('',(13.891984672308,-24.54083893444,
    -7.019369964205));
#1735 = CARTESIAN_POINT('',(13.895336581415,-24.53894133379,
    -7.014334645896));
#1736 = CARTESIAN_POINT('',(13.898810256991,-24.53697394702,
    -7.009409853715));
#1737 = CARTESIAN_POINT('',(13.905426427303,-24.53322498091,
    -7.000550712646));
#1738 = CARTESIAN_POINT('',(13.908534820695,-24.53146299363,
    -6.996582602799));
#1739 = CARTESIAN_POINT('',(13.911723952985,-24.52965451784,
    -6.992700405748));
#1740 = CARTESIAN_POINT('',(13.918893159256,-24.52558731913,
    -6.984376945545));
#1741 = CARTESIAN_POINT('',(13.922906480882,-24.52330940728,
    -6.979973693245));
#1742 = CARTESIAN_POINT('',(13.927026228563,-24.5209698829,
    -6.975703029691));
#1743 = CARTESIAN_POINT('',(13.934189484154,-24.51689978099,
    -6.968688999578));
#1744 = CARTESIAN_POINT('',(13.937180922437,-24.51519944805,
    -6.96587490271));
#1745 = CARTESIAN_POINT('',(13.940219825966,-24.51347147584,
    -6.963129332948));
#1746 = CARTESIAN_POINT('',(13.945243158398,-24.51061399125,
    -6.958772186182));
#1747 = CARTESIAN_POINT('',(13.947199978858,-24.50950059813,
    -6.957118207842));
#1748 = CARTESIAN_POINT('',(13.949174377203,-24.50837692393,
    -6.95549231046));
#1749 = CARTESIAN_POINT('',(13.953489665987,-24.50592037225,
    -6.952030895685));
#1750 = CARTESIAN_POINT('',(13.955836743007,-24.50458386966,
    -6.950205663602));
#1751 = CARTESIAN_POINT('',(13.958206379863,-24.50323411782,
    -6.948419754057));
#1752 = CARTESIAN_POINT('',(13.962797259803,-24.50061834096,
    -6.945067857447));
#1753 = CARTESIAN_POINT('',(13.965015143171,-24.49935429378,
    -6.943495725167));
#1754 = CARTESIAN_POINT('',(13.967250874821,-24.49807971507,
    -6.941957747638));
#1755 = CARTESIAN_POINT('',(13.973232859509,-24.49466843787,
    -6.937965935909));
#1756 = CARTESIAN_POINT('',(13.977009107056,-24.4925139979,
    -6.935572210883));
#1757 = CARTESIAN_POINT('',(13.980829845337,-24.49033312593,
    -6.933274966243));
#1758 = CARTESIAN_POINT('',(13.987922486324,-24.48628265691,
    -6.929236570848));
#1759 = CARTESIAN_POINT('',(13.99118187213,-24.48442053178,
    -6.927465941106));
#1760 = CARTESIAN_POINT('',(13.994468727792,-24.48254193477,
    -6.925764856582));
#1761 = CARTESIAN_POINT('',(14.001145393126,-24.47872428655,
    -6.922478129962));
#1762 = CARTESIAN_POINT('',(14.004536009219,-24.47678474945,
    -6.920894689567));
#1763 = CARTESIAN_POINT('',(14.00795141497,-24.47483019049,
    -6.919384700172));
#1764 = CARTESIAN_POINT('',(14.015144471933,-24.47071196654,
    -6.916381052063));
#1765 = CARTESIAN_POINT('',(14.018926543813,-24.46854560602,
    -6.914901674304));
#1766 = CARTESIAN_POINT('',(14.022733632943,-24.46636386853,
    -6.913511768541));
#1767 = CARTESIAN_POINT('',(14.030324948648,-24.46201137757,
    -6.910935630423));
#1768 = CARTESIAN_POINT('',(14.034108379446,-24.4598411178,
    -6.90974621713));
#1769 = CARTESIAN_POINT('',(14.03791132508,-24.45765861716,
    -6.908644683863));
#1770 = CARTESIAN_POINT('',(14.045499295443,-24.4533017897,
    -6.906632474738));
#1771 = CARTESIAN_POINT('',(14.049283853037,-24.45112775989,
    -6.905719392108));
#1772 = CARTESIAN_POINT('',(14.053082906078,-24.44894435683,
    -6.904892984961));
#1773 = CARTESIAN_POINT('',(14.060408400626,-24.44473219408,
    -6.903472022326));
#1774 = CARTESIAN_POINT('',(14.063933008092,-24.44270464691,
    -6.902864415166));
#1775 = CARTESIAN_POINT('',(14.067466259034,-24.4406712211,
    -6.902331208831));
#1776 = CARTESIAN_POINT('',(14.074784878709,-24.43645738703,
    -6.901383177625));
#1777 = CARTESIAN_POINT('',(14.078571203692,-24.43427630145,
    -6.900978742058));
#1778 = CARTESIAN_POINT('',(14.082363191024,-24.43209090829,
    -6.900659605604));
#1779 = CARTESIAN_POINT('',(14.089616293198,-24.42790880612,
    -6.900213001224));
#1780 = CARTESIAN_POINT('',(14.093076813786,-24.42591261797,
    -6.900071000412));
#1781 = CARTESIAN_POINT('',(14.096538595889,-24.42391482931,
    -6.899999999999));
#1782 = CARTESIAN_POINT('',(14.1,-24.42191638672,-6.9));
#1783 = PCURVE('',#507,#1784);
#1784 = DEFINITIONAL_REPRESENTATION('',(#1785),#1796);
#1785 = B_SPLINE_CURVE_WITH_KNOTS('',5,(#1786,#1787,#1788,#1789,#1790,
    #1791,#1792,#1793,#1794,#1795),.UNSPECIFIED.,.F.,.F.,(6,4,6),(0.,0.5
    ,1.),.UNSPECIFIED.);
#1786 = CARTESIAN_POINT('',(-5.235987755983,0.));
#1787 = CARTESIAN_POINT('',(-5.232643252219,-9.883465838819E-10));
#1788 = CARTESIAN_POINT('',(-5.229295589036,-3.696463275761E-02));
#1789 = CARTESIAN_POINT('',(-5.226652935606,-0.111572295303));
#1790 = CARTESIAN_POINT('',(-5.225345520098,-0.206023077406));
#1791 = CARTESIAN_POINT('',(-5.225353330377,-0.394646588165));
#1792 = CARTESIAN_POINT('',(-5.226665738175,-0.488713126408));
#1793 = CARTESIAN_POINT('',(-5.229305300911,-0.56315629129));
#1794 = CARTESIAN_POINT('',(-5.232648339269,-0.600000000035));
#1795 = CARTESIAN_POINT('',(-5.235987755983,-0.6));
#1796 = ( GEOMETRIC_REPRESENTATION_CONTEXT(2) 
PARAMETRIC_REPRESENTATION_CONTEXT() REPRESENTATION_CONTEXT('2D SPACE',''
  ) );
#1797 = PCURVE('',#1368,#1798);
#1798 = DEFINITIONAL_REPRESENTATION('',(#1799),#1818);
#1799 = B_SPLINE_CURVE_WITH_KNOTS('',5,(#1800,#1801,#1802,#1803,#1804,
    #1805,#1806,#1807,#1808,#1809,#1810,#1811,#1812,#1813,#1814,#1815,
    #1816,#1817),.UNSPECIFIED.,.F.,.F.,(6,4,4,4,6),(0.,1.00000013587E-02
    ,0.500000000656,0.989999999952,1.),.UNSPECIFIED.);
#1800 = CARTESIAN_POINT('',(3.665191374114,-1.570796326795));
#1801 = CARTESIAN_POINT('',(3.665157945626,-1.564508664812));
#1802 = CARTESIAN_POINT('',(3.665124517139,-1.55822100283));
#1803 = CARTESIAN_POINT('',(3.665091088652,-1.551933340847));
#1804 = CARTESIAN_POINT('',(3.665057660165,-1.545645678865));
#1805 = CARTESIAN_POINT('',(3.663386236027,-1.231262622041));
#1806 = CARTESIAN_POINT('',(3.661766334653,-0.923157557221));
#1807 = CARTESIAN_POINT('',(3.660498866419,-0.615094104548));
#1808 = CARTESIAN_POINT('',(3.65986999232,-0.306969166549));
#1809 = CARTESIAN_POINT('',(3.659874582442,0.309201387822));
#1810 = CARTESIAN_POINT('',(3.660504007551,0.616385661401));
#1811 = CARTESIAN_POINT('',(3.661771773594,0.924159563715));
#1812 = CARTESIAN_POINT('',(3.663388977757,1.231778735518));
#1813 = CARTESIAN_POINT('',(3.665057863482,1.545683912485));
#1814 = CARTESIAN_POINT('',(3.665091241197,1.551962016063));
#1815 = CARTESIAN_POINT('',(3.665124618912,1.55824011964));
#1816 = CARTESIAN_POINT('',(3.665157996626,1.564518223217));
#1817 = CARTESIAN_POINT('',(3.665191374341,1.570796326795));
#1818 = ( GEOMETRIC_REPRESENTATION_CONTEXT(2) 
PARAMETRIC_REPRESENTATION_CONTEXT() REPRESENTATION_CONTEXT('2D SPACE',''
  ) );
#1819 = ADVANCED_FACE('',(#1820),#479,.T.);
#1820 = FACE_BOUND('',#1821,.T.);
#1821 = EDGE_LOOP('',(#1822,#1823,#1846,#1867));
#1822 = ORIENTED_EDGE('',*,*,#1397,.F.);
#1823 = ORIENTED_EDGE('',*,*,#1824,.T.);
#1824 = EDGE_CURVE('',#1398,#1825,#1827,.T.);
#1825 = VERTEX_POINT('',#1826);
#1826 = CARTESIAN_POINT('',(-26.7,-2.,-7.2));
#1827 = SURFACE_CURVE('',#1828,(#1832,#1839),.PCURVE_S1.);
#1828 = LINE('',#1829,#1830);
#1829 = CARTESIAN_POINT('',(-28.3,-2.,-7.2));
#1830 = VECTOR('',#1831,1.);
#1831 = DIRECTION('',(1.,0.,0.));
#1832 = PCURVE('',#479,#1833);
#1833 = DEFINITIONAL_REPRESENTATION('',(#1834),#1838);
#1834 = LINE('',#1835,#1836);
#1835 = CARTESIAN_POINT('',(0.,-1.3));
#1836 = VECTOR('',#1837,1.);
#1837 = DIRECTION('',(1.,0.));
#1838 = ( GEOMETRIC_REPRESENTATION_CONTEXT(2) 
PARAMETRIC_REPRESENTATION_CONTEXT() REPRESENTATION_CONTEXT('2D SPACE',''
  ) );
#1839 = PCURVE('',#1435,#1840);
#1840 = DEFINITIONAL_REPRESENTATION('',(#1841),#1845);
#1841 = LINE('',#1842,#1843);
#1842 = CARTESIAN_POINT('',(-0.8,-2.));
#1843 = VECTOR('',#1844,1.);
#1844 = DIRECTION('',(1.,0.));
#1845 = ( GEOMETRIC_REPRESENTATION_CONTEXT(2) 
PARAMETRIC_REPRESENTATION_CONTEXT() REPRESENTATION_CONTEXT('2D SPACE',''
  ) );
#1846 = ORIENTED_EDGE('',*,*,#1847,.F.);
#1847 = EDGE_CURVE('',#439,#1825,#1848,.T.);
#1848 = SURFACE_CURVE('',#1849,(#1853,#1860),.PCURVE_S1.);
#1849 = LINE('',#1850,#1851);
#1850 = CARTESIAN_POINT('',(-26.7,-2.,-8.5));
#1851 = VECTOR('',#1852,1.);
#1852 = DIRECTION('',(0.,0.,1.));
#1853 = PCURVE('',#479,#1854);
#1854 = DEFINITIONAL_REPRESENTATION('',(#1855),#1859);
#1855 = LINE('',#1856,#1857);
#1856 = CARTESIAN_POINT('',(1.6,0.));
#1857 = VECTOR('',#1858,1.);
#1858 = DIRECTION('',(0.,-1.));
#1859 = ( GEOMETRIC_REPRESENTATION_CONTEXT(2) 
PARAMETRIC_REPRESENTATION_CONTEXT() REPRESENTATION_CONTEXT('2D SPACE',''
  ) );
#1860 = PCURVE('',#453,#1861);
#1861 = DEFINITIONAL_REPRESENTATION('',(#1862),#1866);
#1862 = LINE('',#1863,#1864);
#1863 = CARTESIAN_POINT('',(0.,0.));
#1864 = VECTOR('',#1865,1.);
#1865 = DIRECTION('',(0.,-1.));
#1866 = ( GEOMETRIC_REPRESENTATION_CONTEXT(2) 
PARAMETRIC_REPRESENTATION_CONTEXT() REPRESENTATION_CONTEXT('2D SPACE',''
  ) );
#1867 = ORIENTED_EDGE('',*,*,#464,.T.);
#1868 = ADVANCED_FACE('',(#1869),#453,.T.);
#1869 = FACE_BOUND('',#1870,.T.);
#1870 = EDGE_LOOP('',(#1871,#1872,#1873,#1896));
#1871 = ORIENTED_EDGE('',*,*,#438,.T.);
#1872 = ORIENTED_EDGE('',*,*,#1847,.T.);
#1873 = ORIENTED_EDGE('',*,*,#1874,.T.);
#1874 = EDGE_CURVE('',#1825,#1875,#1877,.T.);
#1875 = VERTEX_POINT('',#1876);
#1876 = CARTESIAN_POINT('',(-26.7,2.,-7.2));
#1877 = SURFACE_CURVE('',#1878,(#1882,#1889),.PCURVE_S1.);
#1878 = LINE('',#1879,#1880);
#1879 = CARTESIAN_POINT('',(-26.7,-2.,-7.2));
#1880 = VECTOR('',#1881,1.);
#1881 = DIRECTION('',(0.,1.,0.));
#1882 = PCURVE('',#453,#1883);
#1883 = DEFINITIONAL_REPRESENTATION('',(#1884),#1888);
#1884 = LINE('',#1885,#1886);
#1885 = CARTESIAN_POINT('',(0.,-1.3));
#1886 = VECTOR('',#1887,1.);
#1887 = DIRECTION('',(1.,0.));
#1888 = ( GEOMETRIC_REPRESENTATION_CONTEXT(2) 
PARAMETRIC_REPRESENTATION_CONTEXT() REPRESENTATION_CONTEXT('2D SPACE',''
  ) );
#1889 = PCURVE('',#1435,#1890);
#1890 = DEFINITIONAL_REPRESENTATION('',(#1891),#1895);
#1891 = LINE('',#1892,#1893);
#1892 = CARTESIAN_POINT('',(0.8,-2.));
#1893 = VECTOR('',#1894,1.);
#1894 = DIRECTION('',(0.,1.));
#1895 = ( GEOMETRIC_REPRESENTATION_CONTEXT(2) 
PARAMETRIC_REPRESENTATION_CONTEXT() REPRESENTATION_CONTEXT('2D SPACE',''
  ) );
#1896 = ORIENTED_EDGE('',*,*,#1897,.F.);
#1897 = EDGE_CURVE('',#413,#1875,#1898,.T.);
#1898 = SURFACE_CURVE('',#1899,(#1903,#1910),.PCURVE_S1.);
#1899 = LINE('',#1900,#1901);
#1900 = CARTESIAN_POINT('',(-26.7,2.,-8.5));
#1901 = VECTOR('',#1902,1.);
#1902 = DIRECTION('',(0.,0.,1.));
#1903 = PCURVE('',#453,#1904);
#1904 = DEFINITIONAL_REPRESENTATION('',(#1905),#1909);
#1905 = LINE('',#1906,#1907);
#1906 = CARTESIAN_POINT('',(4.,0.));
#1907 = VECTOR('',#1908,1.);
#1908 = DIRECTION('',(0.,-1.));
#1909 = ( GEOMETRIC_REPRESENTATION_CONTEXT(2) 
PARAMETRIC_REPRESENTATION_CONTEXT() REPRESENTATION_CONTEXT('2D SPACE',''
  ) );
#1910 = PCURVE('',#427,#1911);
#1911 = DEFINITIONAL_REPRESENTATION('',(#1912),#1916);
#1912 = LINE('',#1913,#1914);
#1913 = CARTESIAN_POINT('',(0.,-0.));
#1914 = VECTOR('',#1915,1.);
#1915 = DIRECTION('',(0.,-1.));
#1916 = ( GEOMETRIC_REPRESENTATION_CONTEXT(2) 
PARAMETRIC_REPRESENTATION_CONTEXT() REPRESENTATION_CONTEXT('2D SPACE',''
  ) );
#1917 = ADVANCED_FACE('',(#1918),#427,.T.);
#1918 = FACE_BOUND('',#1919,.T.);
#1919 = EDGE_LOOP('',(#1920,#1921,#1922,#1945));
#1920 = ORIENTED_EDGE('',*,*,#412,.T.);
#1921 = ORIENTED_EDGE('',*,*,#1897,.T.);
#1922 = ORIENTED_EDGE('',*,*,#1923,.T.);
#1923 = EDGE_CURVE('',#1875,#1924,#1926,.T.);
#1924 = VERTEX_POINT('',#1925);
#1925 = CARTESIAN_POINT('',(-28.12898860606,2.,-7.2));
#1926 = SURFACE_CURVE('',#1927,(#1931,#1938),.PCURVE_S1.);
#1927 = LINE('',#1928,#1929);
#1928 = CARTESIAN_POINT('',(-26.7,2.,-7.2));
#1929 = VECTOR('',#1930,1.);
#1930 = DIRECTION('',(-1.,0.,0.));
#1931 = PCURVE('',#427,#1932);
#1932 = DEFINITIONAL_REPRESENTATION('',(#1933),#1937);
#1933 = LINE('',#1934,#1935);
#1934 = CARTESIAN_POINT('',(0.,-1.3));
#1935 = VECTOR('',#1936,1.);
#1936 = DIRECTION('',(1.,0.));
#1937 = ( GEOMETRIC_REPRESENTATION_CONTEXT(2) 
PARAMETRIC_REPRESENTATION_CONTEXT() REPRESENTATION_CONTEXT('2D SPACE',''
  ) );
#1938 = PCURVE('',#1435,#1939);
#1939 = DEFINITIONAL_REPRESENTATION('',(#1940),#1944);
#1940 = LINE('',#1941,#1942);
#1941 = CARTESIAN_POINT('',(0.8,2.));
#1942 = VECTOR('',#1943,1.);
#1943 = DIRECTION('',(-1.,0.));
#1944 = ( GEOMETRIC_REPRESENTATION_CONTEXT(2) 
PARAMETRIC_REPRESENTATION_CONTEXT() REPRESENTATION_CONTEXT('2D SPACE',''
  ) );
#1945 = ORIENTED_EDGE('',*,*,#1946,.T.);
#1946 = EDGE_CURVE('',#1924,#384,#1947,.T.);
#1947 = SURFACE_CURVE('',#1948,(#1952,#1958),.PCURVE_S1.);
#1948 = LINE('',#1949,#1950);
#1949 = CARTESIAN_POINT('',(-28.12898860606,2.,-7.5));
#1950 = VECTOR('',#1951,1.);
#1951 = DIRECTION('',(-0.,-0.,-1.));
#1952 = PCURVE('',#427,#1953);
#1953 = DEFINITIONAL_REPRESENTATION('',(#1954),#1957);
#1954 = B_SPLINE_CURVE_WITH_KNOTS('',1,(#1955,#1956),.UNSPECIFIED.,.F.,
  .F.,(2,2),(-0.43,6.000219636704E-07),.PIECEWISE_BEZIER_KNOTS.);
#1955 = CARTESIAN_POINT('',(1.428988606063,-1.43));
#1956 = CARTESIAN_POINT('',(1.428988606063,-0.999999399978));
#1957 = ( GEOMETRIC_REPRESENTATION_CONTEXT(2) 
PARAMETRIC_REPRESENTATION_CONTEXT() REPRESENTATION_CONTEXT('2D SPACE',''
  ) );
#1958 = PCURVE('',#400,#1959);
#1959 = DEFINITIONAL_REPRESENTATION('',(#1960),#1963);
#1960 = B_SPLINE_CURVE_WITH_KNOTS('',1,(#1961,#1962),.UNSPECIFIED.,.F.,
  .F.,(2,2),(-0.43,6.000219636704E-07),.PIECEWISE_BEZIER_KNOTS.);
#1961 = CARTESIAN_POINT('',(-3.07061107738,-0.43));
#1962 = CARTESIAN_POINT('',(-3.07061107738,6.000219636704E-07));
#1963 = ( GEOMETRIC_REPRESENTATION_CONTEXT(2) 
PARAMETRIC_REPRESENTATION_CONTEXT() REPRESENTATION_CONTEXT('2D SPACE',''
  ) );
#1964 = ADVANCED_FACE('',(#1965),#400,.T.);
#1965 = FACE_BOUND('',#1966,.F.);
#1966 = EDGE_LOOP('',(#1967,#1968,#1969,#1970,#2187,#2213));
#1967 = ORIENTED_EDGE('',*,*,#383,.F.);
#1968 = ORIENTED_EDGE('',*,*,#717,.F.);
#1969 = ORIENTED_EDGE('',*,*,#910,.T.);
#1970 = ORIENTED_EDGE('',*,*,#1971,.F.);
#1971 = EDGE_CURVE('',#1972,#911,#1974,.T.);
#1972 = VERTEX_POINT('',#1973);
#1973 = CARTESIAN_POINT('',(-28.19840425181,0.299996110677,-7.2));
#1974 = SURFACE_CURVE('',#1975,(#2131,#2153),.PCURVE_S1.);
#1975 = B_SPLINE_CURVE_WITH_KNOTS('',4,(#1976,#1977,#1978,#1979,#1980,
    #1981,#1982,#1983,#1984,#1985,#1986,#1987,#1988,#1989,#1990,#1991,
    #1992,#1993,#1994,#1995,#1996,#1997,#1998,#1999,#2000,#2001,#2002,
    #2003,#2004,#2005,#2006,#2007,#2008,#2009,#2010,#2011,#2012,#2013,
    #2014,#2015,#2016,#2017,#2018,#2019,#2020,#2021,#2022,#2023,#2024,
    #2025,#2026,#2027,#2028,#2029,#2030,#2031,#2032,#2033,#2034,#2035,
    #2036,#2037,#2038,#2039,#2040,#2041,#2042,#2043,#2044,#2045,#2046,
    #2047,#2048,#2049,#2050,#2051,#2052,#2053,#2054,#2055,#2056,#2057,
    #2058,#2059,#2060,#2061,#2062,#2063,#2064,#2065,#2066,#2067,#2068,
    #2069,#2070,#2071,#2072,#2073,#2074,#2075,#2076,#2077,#2078,#2079,
    #2080,#2081,#2082,#2083,#2084,#2085,#2086,#2087,#2088,#2089,#2090,
    #2091,#2092,#2093,#2094,#2095,#2096,#2097,#2098,#2099,#2100,#2101,
    #2102,#2103,#2104,#2105,#2106,#2107,#2108,#2109,#2110,#2111,#2112,
    #2113,#2114,#2115,#2116,#2117,#2118,#2119,#2120,#2121,#2122,#2123,
    #2124,#2125,#2126,#2127,#2128,#2129,#2130),.UNSPECIFIED.,.F.,.F.,(5,
    3,3,3,3,3,3,3,3,3,3,3,3,3,3,3,3,3,3,3,3,3,3,3,3,3,3,3,3,3,3,3,3,3,3,
    3,3,3,3,3,3,3,3,3,3,3,3,3,3,3,3,5),(0.,1.579544525257E-02,
    3.051184378781E-02,4.526089866647E-02,6.005884701478E-02,
    7.492268396268E-02,8.98704592759E-02,0.104791359133,0.116146541035,
    0.127160480191,0.138626602069,0.150160019456,0.161768980044,
    0.173462602124,0.185251048783,0.197145742953,0.209159637756,
    0.221307558374,0.233606649566,0.246076956394,0.258742207214,
    0.271630881893,0.284777704839,0.298308480189,0.311110327436,
    0.324220566869,0.336875863392,0.350489842613,0.363116682899,
    0.373838146356,0.386401679103,0.400448719874,0.416718932337,
    0.434519337581,0.45134150859,0.564943190419,0.675373476362,
    0.708162907097,0.737002576087,0.761485791954,0.785955232309,
    0.809000415153,0.830948993361,0.851321837631,0.871747714018,
    0.890948433305,0.910406971572,0.928870855674,0.94709303703,
    0.965782959875,0.984354486988,1.),.UNSPECIFIED.);
#1976 = CARTESIAN_POINT('',(-28.2,3.453503973596E-15,-7.5));
#1977 = CARTESIAN_POINT('',(-28.2,3.714358029668E-03,-7.5));
#1978 = CARTESIAN_POINT('',(-28.19999934768,7.428708863825E-03,
    -7.49993868251));
#1979 = CARTESIAN_POINT('',(-28.19999804305,1.114154682706E-02,
    -7.499816047528));
#1980 = CARTESIAN_POINT('',(-28.19999426904,1.830771487279E-02,
    -7.499460854505));
#1981 = CARTESIAN_POINT('',(-28.19999188531,2.176144851964E-02,
    -7.499236377986));
#1982 = CARTESIAN_POINT('',(-28.1999889407,2.521132013577E-02,
    -7.498958801597));
#1983 = CARTESIAN_POINT('',(-28.19998193192,3.210853792149E-02,
    -7.498296950223));
#1984 = CARTESIAN_POINT('',(-28.19997786528,3.555586163057E-02,
    -7.497912439823));
#1985 = CARTESIAN_POINT('',(-28.19997324527,3.899684716931E-02,
    -7.497474829593));
#1986 = CARTESIAN_POINT('',(-28.19996289614,4.587507551807E-02,
    -7.496492133119));
#1987 = CARTESIAN_POINT('',(-28.1999571634,4.931226823921E-02,
    -7.495946695379));
#1988 = CARTESIAN_POINT('',(-28.19995088847,5.274061221753E-02,
    -7.495348157846));
#1989 = CARTESIAN_POINT('',(-28.19993724351,5.959236907004E-02,
    -7.49404245036));
#1990 = CARTESIAN_POINT('',(-28.19992986873,6.301569215487E-02,
    -7.493334808556));
#1991 = CARTESIAN_POINT('',(-28.1999219667,6.642760661724E-02,
    -7.492574065825));
#1992 = CARTESIAN_POINT('',(-28.19990508502,7.3245352777E-02,
    -7.49094237344));
#1993 = CARTESIAN_POINT('',(-28.19989609953,7.665104145329E-02,
    -7.49007082566));
#1994 = CARTESIAN_POINT('',(-28.19988660556,8.004269576681E-02,
    -7.489146173019));
#1995 = CARTESIAN_POINT('',(-28.19986664792,8.678939224112E-02,
    -7.487193131182));
#1996 = CARTESIAN_POINT('',(-28.199856186,9.014448935091E-02,
    -7.486164931466));
#1997 = CARTESIAN_POINT('',(-28.19984524658,9.348314101948E-02,
    -7.485084530241));
#1998 = CARTESIAN_POINT('',(-28.1998251704,9.933149587576E-02,
    -7.483090715824));
#1999 = CARTESIAN_POINT('',(-28.19981622759,0.101848630127,
    -7.482199097221));
#2000 = CARTESIAN_POINT('',(-28.1998070252,0.104355004022,
    -7.481277666942));
#2001 = CARTESIAN_POINT('',(-28.19978840136,0.109270195059,
    -7.479404165363));
#2002 = CARTESIAN_POINT('',(-28.1997789948,0.111679680458,
    -7.478453847015));
#2003 = CARTESIAN_POINT('',(-28.19976935884,0.114078065474,
    -7.477475854277));
#2004 = CARTESIAN_POINT('',(-28.1997492391,0.118949677496,
    -7.475423639813));
#2005 = CARTESIAN_POINT('',(-28.19973873676,0.121421934604,
    -7.474347115803));
#2006 = CARTESIAN_POINT('',(-28.19972800314,0.123881111639,
    -7.473241040516));
#2007 = CARTESIAN_POINT('',(-28.19970602793,0.128786605048,
    -7.470963612969));
#2008 = CARTESIAN_POINT('',(-28.19969478373,0.131232761268,
    -7.469791915678));
#2009 = CARTESIAN_POINT('',(-28.19968332469,0.133664614183,
    -7.468590815637));
#2010 = CARTESIAN_POINT('',(-28.1996599209,0.13851449107,-7.466122288423
    ));
#2011 = CARTESIAN_POINT('',(-28.19964797345,0.140932320167,
    -7.464854478323));
#2012 = CARTESIAN_POINT('',(-28.19963582903,0.143334586972,
    -7.463557424184));
#2013 = CARTESIAN_POINT('',(-28.1996110781,0.148124343943,
    -7.460895743255));
#2014 = CARTESIAN_POINT('',(-28.19959846886,0.150511598618,
    -7.459530692636));
#2015 = CARTESIAN_POINT('',(-28.19958568195,0.152881989995,
    -7.458136566285));
#2016 = CARTESIAN_POINT('',(-28.19955967098,0.157607072385,
    -7.455279261498));
#2017 = CARTESIAN_POINT('',(-28.19954644422,0.159961480249,
    -7.453815614766));
#2018 = CARTESIAN_POINT('',(-28.19953306059,0.162297674283,
    -7.452323069489));
#2019 = CARTESIAN_POINT('',(-28.19950588234,0.166953466128,
    -7.449267165196));
#2020 = CARTESIAN_POINT('',(-28.19949208509,0.169272724624,
    -7.447703289164));
#2021 = CARTESIAN_POINT('',(-28.19947815335,0.171572360159,
    -7.446110699798));
#2022 = CARTESIAN_POINT('',(-28.19944990613,0.176154171856,
    -7.442852602161));
#2023 = CARTESIAN_POINT('',(-28.1994355882,0.178435942143,
    -7.441186523059));
#2024 = CARTESIAN_POINT('',(-28.19942115981,0.180696610636,
    -7.439491922808));
#2025 = CARTESIAN_POINT('',(-28.19939194753,0.185199663452,
    -7.436027276475));
#2026 = CARTESIAN_POINT('',(-28.19937716148,0.187441562488,
    -7.434256599596));
#2027 = CARTESIAN_POINT('',(-28.19936229074,0.189660797463,
    -7.432457599453));
#2028 = CARTESIAN_POINT('',(-28.1993322229,0.194080205129,
    -7.428781102195));
#2029 = CARTESIAN_POINT('',(-28.19931702403,0.196279796983,
    -7.426902906806));
#2030 = CARTESIAN_POINT('',(-28.19930176818,0.19845506185,
    -7.424996590128));
#2031 = CARTESIAN_POINT('',(-28.19927095991,0.202785807411,
    -7.42110175032));
#2032 = CARTESIAN_POINT('',(-28.19925540631,0.204940591178,
    -7.419112452188));
#2033 = CARTESIAN_POINT('',(-28.19923982555,0.207069262476,
    -7.417095236829));
#2034 = CARTESIAN_POINT('',(-28.19920839777,0.211306169131,
    -7.412974050982));
#2035 = CARTESIAN_POINT('',(-28.19919255038,0.21341356486,
    -7.410869217206));
#2036 = CARTESIAN_POINT('',(-28.19917670803,0.21549291177,
    -7.408736669768));
#2037 = CARTESIAN_POINT('',(-28.1991447876,0.219630606772,
    -7.404379184436));
#2038 = CARTESIAN_POINT('',(-28.19912871028,0.221687937394,
    -7.402153280299));
#2039 = CARTESIAN_POINT('',(-28.19911267296,0.223715094689,
    -7.399899862204));
#2040 = CARTESIAN_POINT('',(-28.19908039303,0.22774796269,
    -7.395293567014));
#2041 = CARTESIAN_POINT('',(-28.19906415275,0.229752430664,
    -7.392939601783));
#2042 = CARTESIAN_POINT('',(-28.19904799065,0.231724362469,
    -7.390558313962));
#2043 = CARTESIAN_POINT('',(-28.19901539006,0.235658679513,
    -7.38567213367));
#2044 = CARTESIAN_POINT('',(-28.19899895727,0.237619104077,
    -7.38316566234));
#2045 = CARTESIAN_POINT('',(-28.19898264644,0.239543884119,
    -7.380631715049));
#2046 = CARTESIAN_POINT('',(-28.19895117862,0.243219281345,
    -7.375648352277));
#2047 = CARTESIAN_POINT('',(-28.19893600679,0.244973694996,
    -7.373201736819));
#2048 = CARTESIAN_POINT('',(-28.19892097796,0.246695214244,
    -7.370731864286));
#2049 = CARTESIAN_POINT('',(-28.19889088003,0.250112224785,
    -7.36568690127));
#2050 = CARTESIAN_POINT('',(-28.19887581868,0.251806090158,
    -7.363110709259));
#2051 = CARTESIAN_POINT('',(-28.19886094122,0.253464494727,
    -7.360511547385));
#2052 = CARTESIAN_POINT('',(-28.19883209647,0.256653166622,
    -7.355359725366));
#2053 = CARTESIAN_POINT('',(-28.19881811551,0.258185883379,
    -7.352808581536));
#2054 = CARTESIAN_POINT('',(-28.19880433619,0.259684721207,
    -7.35023738603));
#2055 = CARTESIAN_POINT('',(-28.19877618183,0.262724816982,
    -7.344860006941));
#2056 = CARTESIAN_POINT('',(-28.19876184073,0.264260687224,
    -7.342050777158));
#2057 = CARTESIAN_POINT('',(-28.1987477672,0.265756428062,
    -7.339219975782));
#2058 = CARTESIAN_POINT('',(-28.19872118864,0.268561253914,
    -7.33372372249));
#2059 = CARTESIAN_POINT('',(-28.19870864385,0.269876009363,
    -7.331061164084));
#2060 = CARTESIAN_POINT('',(-28.19869635703,0.271155511009,
    -7.328381485361));
#2061 = CARTESIAN_POINT('',(-28.19867413767,0.273455650715,
    -7.32339613275));
#2062 = CARTESIAN_POINT('',(-28.19866412965,0.274486216095,
    -7.321095039608));
#2063 = CARTESIAN_POINT('',(-28.19865432435,0.275490931432,
    -7.318782541867));
#2064 = CARTESIAN_POINT('',(-28.19863348509,0.277616441901,
    -7.313736414826));
#2065 = CARTESIAN_POINT('',(-28.19862252946,0.278727522543,
    -7.310998693251));
#2066 = CARTESIAN_POINT('',(-28.19861187377,0.279802557743,
    -7.30824661667));
#2067 = CARTESIAN_POINT('',(-28.19858996213,0.282002652693,
    -7.302388607121));
#2068 = CARTESIAN_POINT('',(-28.19857878388,0.28311863018,
    -7.299279262741));
#2069 = CARTESIAN_POINT('',(-28.19856800893,0.284188835846,
    -7.296153867231));
#2070 = CARTESIAN_POINT('',(-28.1985456531,0.286399122168,
    -7.289375980849));
#2071 = CARTESIAN_POINT('',(-28.19853421455,0.287523455013,
    -7.285718353926));
#2072 = CARTESIAN_POINT('',(-28.19852335588,0.28858542258,
    -7.282042133405));
#2073 = CARTESIAN_POINT('',(-28.19850186892,0.290677730866,
    -7.274308367871));
#2074 = CARTESIAN_POINT('',(-28.19849135834,0.291695703921,
    -7.270247476256));
#2075 = CARTESIAN_POINT('',(-28.1984815865,0.292637943012,
    -7.266168345056));
#2076 = CARTESIAN_POINT('',(-28.1984640532,0.294322459154,
    -7.258202914038));
#2077 = CARTESIAN_POINT('',(-28.19845621077,0.295072879636,
    -7.254318336268));
#2078 = CARTESIAN_POINT('',(-28.19844906066,0.295754880351,
    -7.250421162614));
#2079 = CARTESIAN_POINT('',(-28.19839908576,0.300509825315,
    -7.220122407944));
#2080 = CARTESIAN_POINT('',(-28.19838770691,0.301514974499,
    -7.193242789968));
#2081 = CARTESIAN_POINT('',(-28.19841196698,0.299317869495,
    -7.166442635889));
#2082 = CARTESIAN_POINT('',(-28.19852199655,0.288763362464,
    -7.114596761318));
#2083 = CARTESIAN_POINT('',(-28.19860589352,0.280598208563,
    -7.089642300194));
#2084 = CARTESIAN_POINT('',(-28.19871474142,0.269577258136,
    -7.065811230639));
#2085 = CARTESIAN_POINT('',(-28.19887484963,0.251939520208,
    -7.036950378029));
#2086 = CARTESIAN_POINT('',(-28.19891279906,0.247674038358,
    -7.03048181268));
#2087 = CARTESIAN_POINT('',(-28.19895178027,0.243188328026,
    -7.024163981622));
#2088 = CARTESIAN_POINT('',(-28.19902645341,0.234359023221,
    -7.01259324844));
#2089 = CARTESIAN_POINT('',(-28.19906197622,0.230063395495,
    -7.007303736039));
#2090 = CARTESIAN_POINT('',(-28.19909788535,0.225609544283,
    -7.002146746811));
#2091 = CARTESIAN_POINT('',(-28.19916462542,0.217093797839,
    -6.992869561476));
#2092 = CARTESIAN_POINT('',(-28.19919540421,0.213074322993,
    -6.988710422503));
#2093 = CARTESIAN_POINT('',(-28.19922619634,0.208949255779,
    -6.984655988689));
#2094 = CARTESIAN_POINT('',(-28.19928754628,0.20049869265,
    -6.976766573934));
#2095 = CARTESIAN_POINT('',(-28.19931810432,0.196173309574,
    -6.972931469643));
#2096 = CARTESIAN_POINT('',(-28.19934843238,0.191750818007,
    -6.969208762929));
#2097 = CARTESIAN_POINT('',(-28.19940664573,0.18298336393,
    -6.962205219142));
#2098 = CARTESIAN_POINT('',(-28.19943457053,0.178648870626,
    -6.958911274046));
#2099 = CARTESIAN_POINT('',(-28.19946208661,0.174235942188,
    -6.955723172517));
#2100 = CARTESIAN_POINT('',(-28.19951482585,0.165474629898,
    -6.949710605853));
#2101 = CARTESIAN_POINT('',(-28.19954009588,0.161133166146,-6.9468760554
    ));
#2102 = CARTESIAN_POINT('',(-28.19956482693,0.156727531951,
    -6.944142303794));
#2103 = CARTESIAN_POINT('',(-28.1996113259,0.148115678639,
    -6.939069464219));
#2104 = CARTESIAN_POINT('',(-28.19963317913,0.143917849529,
    -6.936716132174));
#2105 = CARTESIAN_POINT('',(-28.19965444021,0.139670642133,
    -6.934453126279));
#2106 = CARTESIAN_POINT('',(-28.19969571846,0.131072186833,
    -6.930105094975));
#2107 = CARTESIAN_POINT('',(-28.19971573227,0.126720696273,
    -6.928020547889));
#2108 = CARTESIAN_POINT('',(-28.19973503685,0.122325500615,
    -6.926029796875));
#2109 = CARTESIAN_POINT('',(-28.19977101281,0.113719883494,
    -6.92235220453));
#2110 = CARTESIAN_POINT('',(-28.19978777271,0.10951419114,
    -6.920654296361));
#2111 = CARTESIAN_POINT('',(-28.19980381811,0.105275124265,
    -6.919041511269));
#2112 = CARTESIAN_POINT('',(-28.19983461063,9.667811310001E-02,
    -6.915967548191));
#2113 = CARTESIAN_POINT('',(-28.19984933744,9.23193363789E-02,
    -6.914508696525));
#2114 = CARTESIAN_POINT('',(-28.19986325329,8.793166418403E-02,
    -6.913139193474));
#2115 = CARTESIAN_POINT('',(-28.19988872928,7.93296738264E-02,
    -6.910645882669));
#2116 = CARTESIAN_POINT('',(-28.1999003735,7.511795853852E-02,
    -6.909513094065));
#2117 = CARTESIAN_POINT('',(-28.19991123005,7.088507445947E-02,
    -6.908462158399));
#2118 = CARTESIAN_POINT('',(-28.19993119096,6.24374182207E-02,
    -6.906537763505));
#2119 = CARTESIAN_POINT('',(-28.19994031641,5.822313393828E-02,
    -6.905662161013));
#2120 = CARTESIAN_POINT('',(-28.19994863082,5.399286874041E-02,
    -6.904867338873));
#2121 = CARTESIAN_POINT('',(-28.19996379681,4.539610004915E-02,
    -6.903421720365));
#2122 = CARTESIAN_POINT('',(-28.19997060537,4.102888633004E-02,
    -6.902775144593));
#2123 = CARTESIAN_POINT('',(-28.19997652566,3.664982534525E-02,
    -6.902214384309));
#2124 = CARTESIAN_POINT('',(-28.19998653467,2.790087709733E-02,
    -6.901268049955));
#2125 = CARTESIAN_POINT('',(-28.19999063475,2.353110701855E-02,
    -6.900881388582));
#2126 = CARTESIAN_POINT('',(-28.19999383494,1.915462805016E-02,
    -6.900579998517));
#2127 = CARTESIAN_POINT('',(-28.19999806342,1.108344280183E-02,
    -6.90018203829));
#2128 = CARTESIAN_POINT('',(-28.19999935447,7.389958705076E-03,
    -6.900060679433));
#2129 = CARTESIAN_POINT('',(-28.2,3.694979183944E-03,-6.899999999998));
#2130 = CARTESIAN_POINT('',(-28.2,3.453503973596E-15,-6.9));
#2131 = PCURVE('',#400,#2132);
#2132 = DEFINITIONAL_REPRESENTATION('',(#2133),#2152);
#2133 = B_SPLINE_CURVE_WITH_KNOTS('',9,(#2134,#2135,#2136,#2137,#2138,
    #2139,#2140,#2141,#2142,#2143,#2144,#2145,#2146,#2147,#2148,#2149,
    #2150,#2151),.UNSPECIFIED.,.F.,.F.,(10,8,10),(0.,0.5,1.),
  .UNSPECIFIED.);
#2134 = CARTESIAN_POINT('',(-3.14159265359,0.));
#2135 = CARTESIAN_POINT('',(-3.139739590231,0.));
#2136 = CARTESIAN_POINT('',(-3.137885725271,-1.020877099289E-02));
#2137 = CARTESIAN_POINT('',(-3.13611453318,-3.071500257161E-02));
#2138 = CARTESIAN_POINT('',(-3.134506584153,-6.087343537728E-02));
#2139 = CARTESIAN_POINT('',(-3.133134958419,-9.94364338331E-02));
#2140 = CARTESIAN_POINT('',(-3.132060660552,-0.144685558878));
#2141 = CARTESIAN_POINT('',(-3.131328033779,-0.194563140702));
#2142 = CARTESIAN_POINT('',(-3.130960174298,-0.246803851478));
#2143 = CARTESIAN_POINT('',(-3.130948516867,-0.351328704717));
#2144 = CARTESIAN_POINT('',(-3.13130487764,-0.403590448065));
#2145 = CARTESIAN_POINT('',(-3.13203549874,-0.454890737423));
#2146 = CARTESIAN_POINT('',(-3.1331028696,-0.498885885623));
#2147 = CARTESIAN_POINT('',(-3.134478357635,-0.539221616084));
#2148 = CARTESIAN_POINT('',(-3.13609186239,-0.568797172909));
#2149 = CARTESIAN_POINT('',(-3.137870508537,-0.5897057987));
#2150 = CARTESIAN_POINT('',(-3.139731592771,-0.600000000023));
#2151 = CARTESIAN_POINT('',(-3.14159265359,-0.6));
#2152 = ( GEOMETRIC_REPRESENTATION_CONTEXT(2) 
PARAMETRIC_REPRESENTATION_CONTEXT() REPRESENTATION_CONTEXT('2D SPACE',''
  ) );
#2153 = PCURVE('',#1598,#2154);
#2154 = DEFINITIONAL_REPRESENTATION('',(#2155),#2186);
#2155 = B_SPLINE_CURVE_WITH_KNOTS('',8,(#2156,#2157,#2158,#2159,#2160,
    #2161,#2162,#2163,#2164,#2165,#2166,#2167,#2168,#2169,#2170,#2171,
    #2172,#2173,#2174,#2175,#2176,#2177,#2178,#2179,#2180,#2181,#2182,
    #2183,#2184,#2185),.UNSPECIFIED.,.F.,.F.,(9,7,7,7,9),(0.,
    1.00000013738E-02,0.500000000661,0.989999999948,1.),.UNSPECIFIED.);
#2156 = CARTESIAN_POINT('',(1.570796272159,-1.570796326795));
#2157 = CARTESIAN_POINT('',(1.570775435457,-1.566877100961));
#2158 = CARTESIAN_POINT('',(1.570754598755,-1.562957875128));
#2159 = CARTESIAN_POINT('',(1.570733762053,-1.559038649294));
#2160 = CARTESIAN_POINT('',(1.570712925351,-1.555119423461));
#2161 = CARTESIAN_POINT('',(1.570692088649,-1.551200197627));
#2162 = CARTESIAN_POINT('',(1.570671251947,-1.547280971794));
#2163 = CARTESIAN_POINT('',(1.570650415245,-1.54336174596));
#2164 = CARTESIAN_POINT('',(1.569608580291,-1.347400480948));
#2165 = CARTESIAN_POINT('',(1.568594142202,-1.155373117403));
#2166 = CARTESIAN_POINT('',(1.567645108692,-0.963324844775));
#2167 = CARTESIAN_POINT('',(1.56681738088,-0.771262512189));
#2168 = CARTESIAN_POINT('',(1.566159320875,-0.579210717949));
#2169 = CARTESIAN_POINT('',(1.56570715606,-0.387187124867));
#2170 = CARTESIAN_POINT('',(1.565480383384,-0.195177775605));
#2171 = CARTESIAN_POINT('',(1.565473963905,0.188952959601));
#2172 = CARTESIAN_POINT('',(1.565694462671,0.38117353298));
#2173 = CARTESIAN_POINT('',(1.566146378934,0.577107659945));
#2174 = CARTESIAN_POINT('',(1.566800440594,0.765688959839));
#2175 = CARTESIAN_POINT('',(1.567632786104,0.961752280307));
#2176 = CARTESIAN_POINT('',(1.568585052965,1.153349579082));
#2177 = CARTESIAN_POINT('',(1.569603457808,1.346436135387));
#2178 = CARTESIAN_POINT('',(1.570649785552,1.543243320675));
#2179 = CARTESIAN_POINT('',(1.570670712107,1.547179464407));
#2180 = CARTESIAN_POINT('',(1.570691638662,1.551115608138));
#2181 = CARTESIAN_POINT('',(1.570712565217,1.55505175187));
#2182 = CARTESIAN_POINT('',(1.570733491772,1.558987895601));
#2183 = CARTESIAN_POINT('',(1.570754418327,1.562924039332));
#2184 = CARTESIAN_POINT('',(1.570775344882,1.566860183064));
#2185 = CARTESIAN_POINT('',(1.570796271437,1.570796326795));
#2186 = ( GEOMETRIC_REPRESENTATION_CONTEXT(2) 
PARAMETRIC_REPRESENTATION_CONTEXT() REPRESENTATION_CONTEXT('2D SPACE',''
  ) );
#2187 = ORIENTED_EDGE('',*,*,#2188,.T.);
#2188 = EDGE_CURVE('',#1972,#1924,#2189,.T.);
#2189 = SURFACE_CURVE('',#2190,(#2195,#2202),.PCURVE_S1.);
#2190 = CIRCLE('',#2191,28.2);
#2191 = AXIS2_PLACEMENT_3D('',#2192,#2193,#2194);
#2192 = CARTESIAN_POINT('',(0.,0.,-7.2));
#2193 = DIRECTION('',(0.,0.,-1.));
#2194 = DIRECTION('',(1.,0.,0.));
#2195 = PCURVE('',#400,#2196);
#2196 = DEFINITIONAL_REPRESENTATION('',(#2197),#2201);
#2197 = LINE('',#2198,#2199);
#2198 = CARTESIAN_POINT('',(-6.28318530718,-0.3));
#2199 = VECTOR('',#2200,1.);
#2200 = DIRECTION('',(1.,-0.));
#2201 = ( GEOMETRIC_REPRESENTATION_CONTEXT(2) 
PARAMETRIC_REPRESENTATION_CONTEXT() REPRESENTATION_CONTEXT('2D SPACE',''
  ) );
#2202 = PCURVE('',#1435,#2203);
#2203 = DEFINITIONAL_REPRESENTATION('',(#2204),#2212);
#2204 = ( BOUNDED_CURVE() B_SPLINE_CURVE(2,(#2205,#2206,#2207,#2208,
#2209,#2210,#2211),.UNSPECIFIED.,.T.,.F.) B_SPLINE_CURVE_WITH_KNOTS((1,2
    ,2,2,2,1),(-2.094395102393,0.,2.094395102393,4.188790204786,
6.28318530718,8.377580409573),.UNSPECIFIED.) CURVE() 
GEOMETRIC_REPRESENTATION_ITEM() RATIONAL_B_SPLINE_CURVE((1.,0.5,1.,0.5,
1.,0.5,1.)) REPRESENTATION_ITEM('') );
#2205 = CARTESIAN_POINT('',(55.7,0.));
#2206 = CARTESIAN_POINT('',(55.7,-48.84383277344));
#2207 = CARTESIAN_POINT('',(13.4,-24.42191638672));
#2208 = CARTESIAN_POINT('',(-28.9,-6.907007947191E-15));
#2209 = CARTESIAN_POINT('',(13.4,24.421916386721));
#2210 = CARTESIAN_POINT('',(55.7,48.843832773442));
#2211 = CARTESIAN_POINT('',(55.7,0.));
#2212 = ( GEOMETRIC_REPRESENTATION_CONTEXT(2) 
PARAMETRIC_REPRESENTATION_CONTEXT() REPRESENTATION_CONTEXT('2D SPACE',''
  ) );
#2213 = ORIENTED_EDGE('',*,*,#1946,.T.);
#2214 = ADVANCED_FACE('',(#2215),#591,.T.);
#2215 = FACE_BOUND('',#2216,.T.);
#2216 = EDGE_LOOP('',(#2217,#2218,#2239,#2240));
#2217 = ORIENTED_EDGE('',*,*,#574,.T.);
#2218 = ORIENTED_EDGE('',*,*,#2219,.T.);
#2219 = EDGE_CURVE('',#577,#1027,#2220,.T.);
#2220 = SURFACE_CURVE('',#2221,(#2225,#2232),.PCURVE_S1.);
#2221 = LINE('',#2222,#2223);
#2222 = CARTESIAN_POINT('',(23.,-3.5,-8.5));
#2223 = VECTOR('',#2224,1.);
#2224 = DIRECTION('',(0.,0.,1.));
#2225 = PCURVE('',#591,#2226);
#2226 = DEFINITIONAL_REPRESENTATION('',(#2227),#2231);
#2227 = LINE('',#2228,#2229);
#2228 = CARTESIAN_POINT('',(0.,0.));
#2229 = VECTOR('',#2230,1.);
#2230 = DIRECTION('',(0.,-1.));
#2231 = ( GEOMETRIC_REPRESENTATION_CONTEXT(2) 
PARAMETRIC_REPRESENTATION_CONTEXT() REPRESENTATION_CONTEXT('2D SPACE',''
  ) );
#2232 = PCURVE('',#617,#2233);
#2233 = DEFINITIONAL_REPRESENTATION('',(#2234),#2238);
#2234 = LINE('',#2235,#2236);
#2235 = CARTESIAN_POINT('',(5.,0.));
#2236 = VECTOR('',#2237,1.);
#2237 = DIRECTION('',(0.,-1.));
#2238 = ( GEOMETRIC_REPRESENTATION_CONTEXT(2) 
PARAMETRIC_REPRESENTATION_CONTEXT() REPRESENTATION_CONTEXT('2D SPACE',''
  ) );
#2239 = ORIENTED_EDGE('',*,*,#1024,.F.);
#2240 = ORIENTED_EDGE('',*,*,#2241,.F.);
#2241 = EDGE_CURVE('',#575,#1025,#2242,.T.);
#2242 = SURFACE_CURVE('',#2243,(#2247,#2254),.PCURVE_S1.);
#2243 = LINE('',#2244,#2245);
#2244 = CARTESIAN_POINT('',(23.,3.5,-8.5));
#2245 = VECTOR('',#2246,1.);
#2246 = DIRECTION('',(0.,0.,1.));
#2247 = PCURVE('',#591,#2248);
#2248 = DEFINITIONAL_REPRESENTATION('',(#2249),#2253);
#2249 = LINE('',#2250,#2251);
#2250 = CARTESIAN_POINT('',(7.,0.));
#2251 = VECTOR('',#2252,1.);
#2252 = DIRECTION('',(0.,-1.));
#2253 = ( GEOMETRIC_REPRESENTATION_CONTEXT(2) 
PARAMETRIC_REPRESENTATION_CONTEXT() REPRESENTATION_CONTEXT('2D SPACE',''
  ) );
#2254 = PCURVE('',#667,#2255);
#2255 = DEFINITIONAL_REPRESENTATION('',(#2256),#2260);
#2256 = LINE('',#2257,#2258);
#2257 = CARTESIAN_POINT('',(0.,-0.));
#2258 = VECTOR('',#2259,1.);
#2259 = DIRECTION('',(0.,-1.));
#2260 = ( GEOMETRIC_REPRESENTATION_CONTEXT(2) 
PARAMETRIC_REPRESENTATION_CONTEXT() REPRESENTATION_CONTEXT('2D SPACE',''
  ) );
#2261 = ADVANCED_FACE('',(#2262),#667,.T.);
#2262 = FACE_BOUND('',#2263,.T.);
#2263 = EDGE_LOOP('',(#2264,#2265,#2266,#2267));
#2264 = ORIENTED_EDGE('',*,*,#654,.T.);
#2265 = ORIENTED_EDGE('',*,*,#2241,.T.);
#2266 = ORIENTED_EDGE('',*,*,#1089,.F.);
#2267 = ORIENTED_EDGE('',*,*,#2268,.F.);
#2268 = EDGE_CURVE('',#629,#1069,#2269,.T.);
#2269 = SURFACE_CURVE('',#2270,(#2274,#2281),.PCURVE_S1.);
#2270 = LINE('',#2271,#2272);
#2271 = CARTESIAN_POINT('',(18.,3.5,-8.5));
#2272 = VECTOR('',#2273,1.);
#2273 = DIRECTION('',(0.,0.,1.));
#2274 = PCURVE('',#667,#2275);
#2275 = DEFINITIONAL_REPRESENTATION('',(#2276),#2280);
#2276 = LINE('',#2277,#2278);
#2277 = CARTESIAN_POINT('',(5.,0.));
#2278 = VECTOR('',#2279,1.);
#2279 = DIRECTION('',(0.,-1.));
#2280 = ( GEOMETRIC_REPRESENTATION_CONTEXT(2) 
PARAMETRIC_REPRESENTATION_CONTEXT() REPRESENTATION_CONTEXT('2D SPACE',''
  ) );
#2281 = PCURVE('',#643,#2282);
#2282 = DEFINITIONAL_REPRESENTATION('',(#2283),#2287);
#2283 = LINE('',#2284,#2285);
#2284 = CARTESIAN_POINT('',(0.,0.));
#2285 = VECTOR('',#2286,1.);
#2286 = DIRECTION('',(0.,-1.));
#2287 = ( GEOMETRIC_REPRESENTATION_CONTEXT(2) 
PARAMETRIC_REPRESENTATION_CONTEXT() REPRESENTATION_CONTEXT('2D SPACE',''
  ) );
#2288 = ADVANCED_FACE('',(#2289),#617,.T.);
#2289 = FACE_BOUND('',#2290,.T.);
#2290 = EDGE_LOOP('',(#2291,#2292,#2313,#2314));
#2291 = ORIENTED_EDGE('',*,*,#602,.T.);
#2292 = ORIENTED_EDGE('',*,*,#2293,.T.);
#2293 = EDGE_CURVE('',#603,#1048,#2294,.T.);
#2294 = SURFACE_CURVE('',#2295,(#2299,#2306),.PCURVE_S1.);
#2295 = LINE('',#2296,#2297);
#2296 = CARTESIAN_POINT('',(18.,-3.5,-8.5));
#2297 = VECTOR('',#2298,1.);
#2298 = DIRECTION('',(0.,0.,1.));
#2299 = PCURVE('',#617,#2300);
#2300 = DEFINITIONAL_REPRESENTATION('',(#2301),#2305);
#2301 = LINE('',#2302,#2303);
#2302 = CARTESIAN_POINT('',(0.,0.));
#2303 = VECTOR('',#2304,1.);
#2304 = DIRECTION('',(0.,-1.));
#2305 = ( GEOMETRIC_REPRESENTATION_CONTEXT(2) 
PARAMETRIC_REPRESENTATION_CONTEXT() REPRESENTATION_CONTEXT('2D SPACE',''
  ) );
#2306 = PCURVE('',#643,#2307);
#2307 = DEFINITIONAL_REPRESENTATION('',(#2308),#2312);
#2308 = LINE('',#2309,#2310);
#2309 = CARTESIAN_POINT('',(7.,0.));
#2310 = VECTOR('',#2311,1.);
#2311 = DIRECTION('',(0.,-1.));
#2312 = ( GEOMETRIC_REPRESENTATION_CONTEXT(2) 
PARAMETRIC_REPRESENTATION_CONTEXT() REPRESENTATION_CONTEXT('2D SPACE',''
  ) );
#2313 = ORIENTED_EDGE('',*,*,#1047,.F.);
#2314 = ORIENTED_EDGE('',*,*,#2219,.F.);
#2315 = ADVANCED_FACE('',(#2316),#643,.T.);
#2316 = FACE_BOUND('',#2317,.T.);
#2317 = EDGE_LOOP('',(#2318,#2319,#2320,#2321));
#2318 = ORIENTED_EDGE('',*,*,#628,.T.);
#2319 = ORIENTED_EDGE('',*,*,#2268,.T.);
#2320 = ORIENTED_EDGE('',*,*,#1068,.F.);
#2321 = ORIENTED_EDGE('',*,*,#2293,.F.);
#2322 = ADVANCED_FACE('',(#2323),#701,.F.);
#2323 = FACE_BOUND('',#2324,.T.);
#2324 = EDGE_LOOP('',(#2325,#2326,#2347,#2348));
#2325 = ORIENTED_EDGE('',*,*,#680,.T.);
#2326 = ORIENTED_EDGE('',*,*,#2327,.T.);
#2327 = EDGE_CURVE('',#681,#1111,#2328,.T.);
#2328 = SEAM_CURVE('',#2329,(#2333,#2340),.PCURVE_S1.);
#2329 = LINE('',#2330,#2331);
#2330 = CARTESIAN_POINT('',(1.5,21.5,-8.5));
#2331 = VECTOR('',#2332,1.);
#2332 = DIRECTION('',(0.,0.,1.));
#2333 = PCURVE('',#701,#2334);
#2334 = DEFINITIONAL_REPRESENTATION('',(#2335),#2339);
#2335 = LINE('',#2336,#2337);
#2336 = CARTESIAN_POINT('',(-6.28318530718,0.));
#2337 = VECTOR('',#2338,1.);
#2338 = DIRECTION('',(-0.,-1.));
#2339 = ( GEOMETRIC_REPRESENTATION_CONTEXT(2) 
PARAMETRIC_REPRESENTATION_CONTEXT() REPRESENTATION_CONTEXT('2D SPACE',''
  ) );
#2340 = PCURVE('',#701,#2341);
#2341 = DEFINITIONAL_REPRESENTATION('',(#2342),#2346);
#2342 = LINE('',#2343,#2344);
#2343 = CARTESIAN_POINT('',(-0.,0.));
#2344 = VECTOR('',#2345,1.);
#2345 = DIRECTION('',(-0.,-1.));
#2346 = ( GEOMETRIC_REPRESENTATION_CONTEXT(2) 
PARAMETRIC_REPRESENTATION_CONTEXT() REPRESENTATION_CONTEXT('2D SPACE',''
  ) );
#2347 = ORIENTED_EDGE('',*,*,#1110,.F.);
#2348 = ORIENTED_EDGE('',*,*,#2327,.F.);
#2349 = ADVANCED_FACE('',(#2350),#1368,.T.);
#2350 = FACE_BOUND('',#2351,.T.);
#2351 = EDGE_LOOP('',(#2352,#2353));
#2352 = ORIENTED_EDGE('',*,*,#1622,.F.);
#2353 = ORIENTED_EDGE('',*,*,#1221,.F.);
#2354 = ADVANCED_FACE('',(#2355),#1598,.T.);
#2355 = FACE_BOUND('',#2356,.T.);
#2356 = EDGE_LOOP('',(#2357,#2358,#2382,#2459,#2481));
#2357 = ORIENTED_EDGE('',*,*,#1971,.F.);
#2358 = ORIENTED_EDGE('',*,*,#2359,.T.);
#2359 = EDGE_CURVE('',#1972,#2360,#2362,.T.);
#2360 = VERTEX_POINT('',#2361);
#2361 = CARTESIAN_POINT('',(-28.3,0.282842712474,-7.2));
#2362 = SURFACE_CURVE('',#2363,(#2368,#2375),.PCURVE_S1.);
#2363 = CIRCLE('',#2364,0.3);
#2364 = AXIS2_PLACEMENT_3D('',#2365,#2366,#2367);
#2365 = CARTESIAN_POINT('',(-28.2,3.453503973596E-15,-7.2));
#2366 = DIRECTION('',(0.,0.,1.));
#2367 = DIRECTION('',(1.,0.,-0.));
#2368 = PCURVE('',#1598,#2369);
#2369 = DEFINITIONAL_REPRESENTATION('',(#2370),#2374);
#2370 = LINE('',#2371,#2372);
#2371 = CARTESIAN_POINT('',(0.,-2.960594732334E-15));
#2372 = VECTOR('',#2373,1.);
#2373 = DIRECTION('',(1.,0.));
#2374 = ( GEOMETRIC_REPRESENTATION_CONTEXT(2) 
PARAMETRIC_REPRESENTATION_CONTEXT() REPRESENTATION_CONTEXT('2D SPACE',''
  ) );
#2375 = PCURVE('',#1435,#2376);
#2376 = DEFINITIONAL_REPRESENTATION('',(#2377),#2381);
#2377 = CIRCLE('',#2378,0.3);
#2378 = AXIS2_PLACEMENT_2D('',#2379,#2380);
#2379 = CARTESIAN_POINT('',(-0.7,3.453503973596E-15));
#2380 = DIRECTION('',(1.,0.));
#2381 = ( GEOMETRIC_REPRESENTATION_CONTEXT(2) 
PARAMETRIC_REPRESENTATION_CONTEXT() REPRESENTATION_CONTEXT('2D SPACE',''
  ) );
#2382 = ORIENTED_EDGE('',*,*,#2383,.F.);
#2383 = EDGE_CURVE('',#2384,#2360,#2386,.T.);
#2384 = VERTEX_POINT('',#2385);
#2385 = CARTESIAN_POINT('',(-28.3,-0.282842712474,-7.2));
#2386 = SURFACE_CURVE('',#2387,(#2392,#2447),.PCURVE_S1.);
#2387 = CIRCLE('',#2388,0.282842712475);
#2388 = AXIS2_PLACEMENT_3D('',#2389,#2390,#2391);
#2389 = CARTESIAN_POINT('',(-28.3,3.453503973596E-15,-7.2));
#2390 = DIRECTION('',(1.,0.,-0.));
#2391 = DIRECTION('',(0.,0.,1.));
#2392 = PCURVE('',#1598,#2393);
#2393 = DEFINITIONAL_REPRESENTATION('',(#2394),#2446);
#2394 = B_SPLINE_CURVE_WITH_KNOTS('',8,(#2395,#2396,#2397,#2398,#2399,
    #2400,#2401,#2402,#2403,#2404,#2405,#2406,#2407,#2408,#2409,#2410,
    #2411,#2412,#2413,#2414,#2415,#2416,#2417,#2418,#2419,#2420,#2421,
    #2422,#2423,#2424,#2425,#2426,#2427,#2428,#2429,#2430,#2431,#2432,
    #2433,#2434,#2435,#2436,#2437,#2438,#2439,#2440,#2441,#2442,#2443,
    #2444,#2445),.UNSPECIFIED.,.F.,.F.,(9,7,7,7,7,7,7,9),(1.570796326795
    ,2.356194490192,2.650718801466,2.908427573831,3.13392274965,
    3.331231028492,3.676520516465,4.712388980385),.UNSPECIFIED.);
#2395 = CARTESIAN_POINT('',(4.372552070931,-2.960594732334E-15));
#2396 = CARTESIAN_POINT('',(4.372552070931,-9.256006121164E-02));
#2397 = CARTESIAN_POINT('',(4.369093290417,-0.185120946906));
#2398 = CARTESIAN_POINT('',(4.3621563778,-0.277526307415));
#2399 = CARTESIAN_POINT('',(4.351485975831,-0.369639190632));
#2400 = CARTESIAN_POINT('',(4.336390619523,-0.461257649685));
#2401 = CARTESIAN_POINT('',(4.315829098995,-0.552138012506));
#2402 = CARTESIAN_POINT('',(4.288011279554,-0.641917472089));
#2403 = CARTESIAN_POINT('',(4.23401515582,-0.762656475279));
#2404 = CARTESIAN_POINT('',(4.217678776608,-0.795309090478));
#2405 = CARTESIAN_POINT('',(4.199506645187,-0.827636435906));
#2406 = CARTESIAN_POINT('',(4.179229465109,-0.859583446426));
#2407 = CARTESIAN_POINT('',(4.156511471188,-0.891080406854));
#2408 = CARTESIAN_POINT('',(4.130927668652,-0.922034301121));
#2409 = CARTESIAN_POINT('',(4.101941072292,-0.952320161443));
#2410 = CARTESIAN_POINT('',(4.039951459766,-1.007543141531));
#2411 = CARTESIAN_POINT('',(4.007906279396,-1.032675325829));
#2412 = CARTESIAN_POINT('',(3.972280660662,-1.057053517648));
#2413 = CARTESIAN_POINT('',(3.932572462899,-1.080540162008));
#2414 = CARTESIAN_POINT('',(3.888166720823,-1.102957475631));
#2415 = CARTESIAN_POINT('',(3.838371463586,-1.124076676548));
#2416 = CARTESIAN_POINT('',(3.782563780685,-1.143614569382));
#2417 = CARTESIAN_POINT('',(3.666093194493,-1.176657538589));
#2418 = CARTESIAN_POINT('',(3.606910478271,-1.190612135905));
#2419 = CARTESIAN_POINT('',(3.542713586618,-1.202878510459));
#2420 = CARTESIAN_POINT('',(3.473512347305,-1.213215735568));
#2421 = CARTESIAN_POINT('',(3.399705112917,-1.221361187136));
#2422 = CARTESIAN_POINT('',(3.322315943661,-1.227087413678));
#2423 = CARTESIAN_POINT('',(3.24296754167,-1.230264902917));
#2424 = CARTESIAN_POINT('',(3.093558656909,-1.231411146804));
#2425 = CARTESIAN_POINT('',(3.023578512089,-1.229981938467));
#2426 = CARTESIAN_POINT('',(2.954435597419,-1.22657271633));
#2427 = CARTESIAN_POINT('',(2.887272888262,-1.221240680941));
#2428 = CARTESIAN_POINT('',(2.82300894472,-1.214101266007));
#2429 = CARTESIAN_POINT('',(2.762209873687,-1.205308799243));
#2430 = CARTESIAN_POINT('',(2.705107414831,-1.195032683131));
#2431 = CARTESIAN_POINT('',(2.558410687918,-1.163122817317));
#2432 = CARTESIAN_POINT('',(2.476560144402,-1.138752374376));
#2433 = CARTESIAN_POINT('',(2.406509665387,-1.111177191686));
#2434 = CARTESIAN_POINT('',(2.346557460175,-1.081188285291));
#2435 = CARTESIAN_POINT('',(2.294926609399,-1.049340218999));
#2436 = CARTESIAN_POINT('',(2.250226935669,-1.016009602516));
#2437 = CARTESIAN_POINT('',(2.211285244233,-0.98150294285));
#2438 = CARTESIAN_POINT('',(2.074845229268,-0.839637814486));
#2439 = CARTESIAN_POINT('',(2.016012279081,-0.724614353955));
#2440 = CARTESIAN_POINT('',(1.975437614648,-0.606893283255));
#2441 = CARTESIAN_POINT('',(1.947711336841,-0.486869157854));
#2442 = CARTESIAN_POINT('',(1.928700923479,-0.365910470702));
#2443 = CARTESIAN_POINT('',(1.91665369267,-0.244152610888));
#2444 = CARTESIAN_POINT('',(1.910633236249,-0.122078269209));
#2445 = CARTESIAN_POINT('',(1.910633236249,-2.960594732334E-15));
#2446 = ( GEOMETRIC_REPRESENTATION_CONTEXT(2) 
PARAMETRIC_REPRESENTATION_CONTEXT() REPRESENTATION_CONTEXT('2D SPACE',''
  ) );
#2447 = PCURVE('',#2448,#2453);
#2448 = PLANE('',#2449);
#2449 = AXIS2_PLACEMENT_3D('',#2450,#2451,#2452);
#2450 = CARTESIAN_POINT('',(-28.3,2.,-8.5));
#2451 = DIRECTION('',(1.,0.,-0.));
#2452 = DIRECTION('',(0.,-1.,0.));
#2453 = DEFINITIONAL_REPRESENTATION('',(#2454),#2458);
#2454 = CIRCLE('',#2455,0.282842712475);
#2455 = AXIS2_PLACEMENT_2D('',#2456,#2457);
#2456 = CARTESIAN_POINT('',(2.,-1.3));
#2457 = DIRECTION('',(0.,-1.));
#2458 = ( GEOMETRIC_REPRESENTATION_CONTEXT(2) 
PARAMETRIC_REPRESENTATION_CONTEXT() REPRESENTATION_CONTEXT('2D SPACE',''
  ) );
#2459 = ORIENTED_EDGE('',*,*,#2460,.T.);
#2460 = EDGE_CURVE('',#2384,#1419,#2461,.T.);
#2461 = SURFACE_CURVE('',#2462,(#2467,#2474),.PCURVE_S1.);
#2462 = CIRCLE('',#2463,0.3);
#2463 = AXIS2_PLACEMENT_3D('',#2464,#2465,#2466);
#2464 = CARTESIAN_POINT('',(-28.2,3.453503973596E-15,-7.2));
#2465 = DIRECTION('',(0.,0.,1.));
#2466 = DIRECTION('',(1.,0.,-0.));
#2467 = PCURVE('',#1598,#2468);
#2468 = DEFINITIONAL_REPRESENTATION('',(#2469),#2473);
#2469 = LINE('',#2470,#2471);
#2470 = CARTESIAN_POINT('',(0.,-2.960594732334E-15));
#2471 = VECTOR('',#2472,1.);
#2472 = DIRECTION('',(1.,0.));
#2473 = ( GEOMETRIC_REPRESENTATION_CONTEXT(2) 
PARAMETRIC_REPRESENTATION_CONTEXT() REPRESENTATION_CONTEXT('2D SPACE',''
  ) );
#2474 = PCURVE('',#1435,#2475);
#2475 = DEFINITIONAL_REPRESENTATION('',(#2476),#2480);
#2476 = CIRCLE('',#2477,0.3);
#2477 = AXIS2_PLACEMENT_2D('',#2478,#2479);
#2478 = CARTESIAN_POINT('',(-0.7,3.453503973596E-15));
#2479 = DIRECTION('',(1.,0.));
#2480 = ( GEOMETRIC_REPRESENTATION_CONTEXT(2) 
PARAMETRIC_REPRESENTATION_CONTEXT() REPRESENTATION_CONTEXT('2D SPACE',''
  ) );
#2481 = ORIENTED_EDGE('',*,*,#1451,.F.);
#2482 = ADVANCED_FACE('',(#2483),#1435,.F.);
#2483 = FACE_BOUND('',#2484,.F.);
#2484 = EDGE_LOOP('',(#2485,#2486,#2487,#2488,#2489,#2490,#2491,#2512));
#2485 = ORIENTED_EDGE('',*,*,#1418,.F.);
#2486 = ORIENTED_EDGE('',*,*,#1824,.T.);
#2487 = ORIENTED_EDGE('',*,*,#1874,.T.);
#2488 = ORIENTED_EDGE('',*,*,#1923,.T.);
#2489 = ORIENTED_EDGE('',*,*,#2188,.F.);
#2490 = ORIENTED_EDGE('',*,*,#2359,.T.);
#2491 = ORIENTED_EDGE('',*,*,#2492,.T.);
#2492 = EDGE_CURVE('',#2360,#2384,#2493,.T.);
#2493 = SURFACE_CURVE('',#2494,(#2498,#2505),.PCURVE_S1.);
#2494 = LINE('',#2495,#2496);
#2495 = CARTESIAN_POINT('',(-28.3,2.,-7.2));
#2496 = VECTOR('',#2497,1.);
#2497 = DIRECTION('',(0.,-1.,0.));
#2498 = PCURVE('',#1435,#2499);
#2499 = DEFINITIONAL_REPRESENTATION('',(#2500),#2504);
#2500 = LINE('',#2501,#2502);
#2501 = CARTESIAN_POINT('',(-0.8,2.));
#2502 = VECTOR('',#2503,1.);
#2503 = DIRECTION('',(0.,-1.));
#2504 = ( GEOMETRIC_REPRESENTATION_CONTEXT(2) 
PARAMETRIC_REPRESENTATION_CONTEXT() REPRESENTATION_CONTEXT('2D SPACE',''
  ) );
#2505 = PCURVE('',#2448,#2506);
#2506 = DEFINITIONAL_REPRESENTATION('',(#2507),#2511);
#2507 = LINE('',#2508,#2509);
#2508 = CARTESIAN_POINT('',(0.,-1.3));
#2509 = VECTOR('',#2510,1.);
#2510 = DIRECTION('',(1.,0.));
#2511 = ( GEOMETRIC_REPRESENTATION_CONTEXT(2) 
PARAMETRIC_REPRESENTATION_CONTEXT() REPRESENTATION_CONTEXT('2D SPACE',''
  ) );
#2512 = ORIENTED_EDGE('',*,*,#2460,.T.);
#2513 = ADVANCED_FACE('',(#2514),#2448,.T.);
#2514 = FACE_BOUND('',#2515,.T.);
#2515 = EDGE_LOOP('',(#2516,#2517));
#2516 = ORIENTED_EDGE('',*,*,#2383,.T.);
#2517 = ORIENTED_EDGE('',*,*,#2492,.T.);
#2518 = ( GEOMETRIC_REPRESENTATION_CONTEXT(3) 
GLOBAL_UNCERTAINTY_ASSIGNED_CONTEXT((#2522)) 
GLOBAL_UNIT_ASSIGNED_CONTEXT((#2519,#2520,#2521)) REPRESENTATION_CONTEXT
('Context #1','3D Context with UNIT and UNCERTAINTY') );
#2519 = ( LENGTH_UNIT() NAMED_UNIT(*) SI_UNIT(.MILLI.,.METRE.) );
#2520 = ( NAMED_UNIT(*) PLANE_ANGLE_UNIT() SI_UNIT($,.RADIAN.) );
#2521 = ( NAMED_UNIT(*) SI_UNIT($,.STERADIAN.) SOLID_ANGLE_UNIT() );
#2522 = UNCERTAINTY_MEASURE_WITH_UNIT(LENGTH_MEASURE(2.E-06),#2519,
  'distance_accuracy_value','confusion accuracy');
#2523 = PRODUCT_RELATED_PRODUCT_CATEGORY('part',$,(#7));
ENDSEC;
END-ISO-10303-21;
