ISO-10303-21;
HEADER;
FILE_DESCRIPTION(('Open CASCADE Model'),'2;1');
FILE_NAME('Open CASCADE Shape Model','2026-10-10T20:52:59',('Author'),(
    'Open CASCADE'),'Open CASCADE STEP processor 7.9','Open CASCADE 7.9'
  ,'Unknown');
FILE_SCHEMA(('AUTOMOTIVE_DESIGN { 1 0 10303 214 1 1 1 1 }'));
ENDSEC;
DATA;
#1 = APPLICATION_PROTOCOL_DEFINITION('international standard',
  'automotive_design',2000,#2);
#2 = APPLICATION_CONTEXT(
  'core data for automotive mechanical design processes');
#3 = SHAPE_DEFINITION_REPRESENTATION(#4,#10);
#4 = PRODUCT_DEFINITION_SHAPE('','',#5);
#5 = PRODUCT_DEFINITION('design','',#6,#9);
#6 = PRODUCT_DEFINITION_FORMATION('','',#7);
#7 = PRODUCT('Open CASCADE STEP translator 7.9 3',
  'Open CASCADE STEP translator 7.9 3','',(#8));
#8 = PRODUCT_CONTEXT('',#2,'mechanical');
#9 = PRODUCT_DEFINITION_CONTEXT('part definition',#2,'design');
#10 = ADVANCED_BREP_SHAPE_REPRESENTATION('',(#11,#15),#2796);
#11 = AXIS2_PLACEMENT_3D('',#12,#13,#14);
#12 = CARTESIAN_POINT('',(0.,0.,0.));
#13 = DIRECTION('',(0.,0.,1.));
#14 = DIRECTION('',(1.,0.,-0.));
#15 = MANIFOLD_SOLID_BREP('',#16);
#16 = CLOSED_SHELL('',(#17,#241,#314,#361,#408,#433,#500,#547,#595,#620,
    #981,#1197,#1247,#1297,#1439,#1655,#1705,#1755,#1897,#2113,#2163,
    #2213,#2355,#2383,#2411,#2439,#2467,#2495,#2502,#2530,#2558,#2586,
    #2614,#2642,#2649,#2677,#2705,#2733,#2761,#2789));
#17 = ADVANCED_FACE('',(#18,#132),#33,.T.);
#18 = FACE_BOUND('',#19,.F.);
#19 = EDGE_LOOP('',(#20,#56,#82,#108));
#20 = ORIENTED_EDGE('',*,*,#21,.F.);
#21 = EDGE_CURVE('',#22,#24,#26,.T.);
#22 = VERTEX_POINT('',#23);
#23 = CARTESIAN_POINT('',(32.978174600787,1.2,0.));
#24 = VERTEX_POINT('',#25);
#25 = CARTESIAN_POINT('',(32.978174600787,-1.2,0.));
#26 = SURFACE_CURVE('',#27,(#32,#44),.PCURVE_S1.);
#27 = CIRCLE('',#28,33.);
#28 = AXIS2_PLACEMENT_3D('',#29,#30,#31);
#29 = CARTESIAN_POINT('',(0.,0.,0.));
#30 = DIRECTION('',(0.,0.,1.));
#31 = DIRECTION('',(1.,0.,0.));
#32 = PCURVE('',#33,#38);
#33 = PLANE('',#34);
#34 = AXIS2_PLACEMENT_3D('',#35,#36,#37);
#35 = CARTESIAN_POINT('',(0.,0.,0.));
#36 = DIRECTION('',(0.,0.,1.));
#37 = DIRECTION('',(1.,-0.,-0.));
#38 = DEFINITIONAL_REPRESENTATION('',(#39),#43);
#39 = CIRCLE('',#40,33.);
#40 = AXIS2_PLACEMENT_2D('',#41,#42);
#41 = CARTESIAN_POINT('',(0.,0.));
#42 = DIRECTION('',(1.,-0.));
#43 = ( GEOMETRIC_REPRESENTATION_CONTEXT(2) 
PARAMETRIC_REPRESENTATION_CONTEXT() REPRESENTATION_CONTEXT('2D SPACE',''
  ) );
#44 = PCURVE('',#45,#50);
#45 = CYLINDRICAL_SURFACE('',#46,33.);
#46 = AXIS2_PLACEMENT_3D('',#47,#48,#49);
#47 = CARTESIAN_POINT('',(0.,0.,0.));
#48 = DIRECTION('',(-0.,-0.,-1.));
#49 = DIRECTION('',(1.,0.,0.));
#50 = DEFINITIONAL_REPRESENTATION('',(#51),#55);
#51 = LINE('',#52,#53);
#52 = CARTESIAN_POINT('',(-0.,0.));
#53 = VECTOR('',#54,1.);
#54 = DIRECTION('',(-1.,0.));
#55 = ( GEOMETRIC_REPRESENTATION_CONTEXT(2) 
PARAMETRIC_REPRESENTATION_CONTEXT() REPRESENTATION_CONTEXT('2D SPACE',''
  ) );
#56 = ORIENTED_EDGE('',*,*,#57,.T.);
#57 = EDGE_CURVE('',#22,#58,#60,.T.);
#58 = VERTEX_POINT('',#59);
#59 = CARTESIAN_POINT('',(32.3,1.2,0.));
#60 = SURFACE_CURVE('',#61,(#65,#71),.PCURVE_S1.);
#61 = LINE('',#62,#63);
#62 = CARTESIAN_POINT('',(16.85,1.2,0.));
#63 = VECTOR('',#64,1.);
#64 = DIRECTION('',(-1.,0.,0.));
#65 = PCURVE('',#33,#66);
#66 = DEFINITIONAL_REPRESENTATION('',(#67),#70);
#67 = B_SPLINE_CURVE_WITH_KNOTS('',1,(#68,#69),.UNSPECIFIED.,.F.,.F.,(2,
    2),(-16.15,-15.45),.PIECEWISE_BEZIER_KNOTS.);
#68 = CARTESIAN_POINT('',(33.,1.2));
#69 = CARTESIAN_POINT('',(32.3,1.2));
#70 = ( GEOMETRIC_REPRESENTATION_CONTEXT(2) 
PARAMETRIC_REPRESENTATION_CONTEXT() REPRESENTATION_CONTEXT('2D SPACE',''
  ) );
#71 = PCURVE('',#72,#77);
#72 = PLANE('',#73);
#73 = AXIS2_PLACEMENT_3D('',#74,#75,#76);
#74 = CARTESIAN_POINT('',(33.7,1.2,-2.2));
#75 = DIRECTION('',(0.,-1.,0.));
#76 = DIRECTION('',(-1.,0.,0.));
#77 = DEFINITIONAL_REPRESENTATION('',(#78),#81);
#78 = B_SPLINE_CURVE_WITH_KNOTS('',1,(#79,#80),.UNSPECIFIED.,.F.,.F.,(2,
    2),(-16.15,-15.45),.PIECEWISE_BEZIER_KNOTS.);
#79 = CARTESIAN_POINT('',(0.7,-2.2));
#80 = CARTESIAN_POINT('',(1.4,-2.2));
#81 = ( GEOMETRIC_REPRESENTATION_CONTEXT(2) 
PARAMETRIC_REPRESENTATION_CONTEXT() REPRESENTATION_CONTEXT('2D SPACE',''
  ) );
#82 = ORIENTED_EDGE('',*,*,#83,.T.);
#83 = EDGE_CURVE('',#58,#84,#86,.T.);
#84 = VERTEX_POINT('',#85);
#85 = CARTESIAN_POINT('',(32.3,-1.2,0.));
#86 = SURFACE_CURVE('',#87,(#91,#97),.PCURVE_S1.);
#87 = LINE('',#88,#89);
#88 = CARTESIAN_POINT('',(32.3,0.6,0.));
#89 = VECTOR('',#90,1.);
#90 = DIRECTION('',(0.,-1.,0.));
#91 = PCURVE('',#33,#92);
#92 = DEFINITIONAL_REPRESENTATION('',(#93),#96);
#93 = B_SPLINE_CURVE_WITH_KNOTS('',1,(#94,#95),.UNSPECIFIED.,.F.,.F.,(2,
    2),(-0.6,1.8),.PIECEWISE_BEZIER_KNOTS.);
#94 = CARTESIAN_POINT('',(32.3,1.2));
#95 = CARTESIAN_POINT('',(32.3,-1.2));
#96 = ( GEOMETRIC_REPRESENTATION_CONTEXT(2) 
PARAMETRIC_REPRESENTATION_CONTEXT() REPRESENTATION_CONTEXT('2D SPACE',''
  ) );
#97 = PCURVE('',#98,#103);
#98 = PLANE('',#99);
#99 = AXIS2_PLACEMENT_3D('',#100,#101,#102);
#100 = CARTESIAN_POINT('',(32.3,1.2,-2.2));
#101 = DIRECTION('',(1.,0.,-0.));
#102 = DIRECTION('',(0.,-1.,0.));
#103 = DEFINITIONAL_REPRESENTATION('',(#104),#107);
#104 = B_SPLINE_CURVE_WITH_KNOTS('',1,(#105,#106),.UNSPECIFIED.,.F.,.F.,
  (2,2),(-0.6,1.8),.PIECEWISE_BEZIER_KNOTS.);
#105 = CARTESIAN_POINT('',(0.,-2.2));
#106 = CARTESIAN_POINT('',(2.4,-2.2));
#107 = ( GEOMETRIC_REPRESENTATION_CONTEXT(2) 
PARAMETRIC_REPRESENTATION_CONTEXT() REPRESENTATION_CONTEXT('2D SPACE',''
  ) );
#108 = ORIENTED_EDGE('',*,*,#109,.T.);
#109 = EDGE_CURVE('',#84,#24,#110,.T.);
#110 = SURFACE_CURVE('',#111,(#115,#121),.PCURVE_S1.);
#111 = LINE('',#112,#113);
#112 = CARTESIAN_POINT('',(16.15,-1.2,0.));
#113 = VECTOR('',#114,1.);
#114 = DIRECTION('',(1.,0.,0.));
#115 = PCURVE('',#33,#116);
#116 = DEFINITIONAL_REPRESENTATION('',(#117),#120);
#117 = B_SPLINE_CURVE_WITH_KNOTS('',1,(#118,#119),.UNSPECIFIED.,.F.,.F.,
  (2,2),(16.15,16.85),.PIECEWISE_BEZIER_KNOTS.);
#118 = CARTESIAN_POINT('',(32.3,-1.2));
#119 = CARTESIAN_POINT('',(33.,-1.2));
#120 = ( GEOMETRIC_REPRESENTATION_CONTEXT(2) 
PARAMETRIC_REPRESENTATION_CONTEXT() REPRESENTATION_CONTEXT('2D SPACE',''
  ) );
#121 = PCURVE('',#122,#127);
#122 = PLANE('',#123);
#123 = AXIS2_PLACEMENT_3D('',#124,#125,#126);
#124 = CARTESIAN_POINT('',(32.3,-1.2,-2.2));
#125 = DIRECTION('',(0.,1.,0.));
#126 = DIRECTION('',(1.,0.,0.));
#127 = DEFINITIONAL_REPRESENTATION('',(#128),#131);
#128 = B_SPLINE_CURVE_WITH_KNOTS('',1,(#129,#130),.UNSPECIFIED.,.F.,.F.,
  (2,2),(16.15,16.85),.PIECEWISE_BEZIER_KNOTS.);
#129 = CARTESIAN_POINT('',(0.,-2.2));
#130 = CARTESIAN_POINT('',(0.7,-2.2));
#131 = ( GEOMETRIC_REPRESENTATION_CONTEXT(2) 
PARAMETRIC_REPRESENTATION_CONTEXT() REPRESENTATION_CONTEXT('2D SPACE',''
  ) );
#132 = FACE_BOUND('',#133,.F.);
#133 = EDGE_LOOP('',(#134,#162,#191,#217));
#134 = ORIENTED_EDGE('',*,*,#135,.T.);
#135 = EDGE_CURVE('',#136,#138,#140,.T.);
#136 = VERTEX_POINT('',#137);
#137 = CARTESIAN_POINT('',(30.65,1.7,0.));
#138 = VERTEX_POINT('',#139);
#139 = CARTESIAN_POINT('',(29.400892843586,1.7,0.));
#140 = SURFACE_CURVE('',#141,(#145,#151),.PCURVE_S1.);
#141 = LINE('',#142,#143);
#142 = CARTESIAN_POINT('',(15.325,1.7,0.));
#143 = VECTOR('',#144,1.);
#144 = DIRECTION('',(-1.,0.,0.));
#145 = PCURVE('',#33,#146);
#146 = DEFINITIONAL_REPRESENTATION('',(#147),#150);
#147 = B_SPLINE_CURVE_WITH_KNOTS('',1,(#148,#149),.UNSPECIFIED.,.F.,.F.,
  (2,2),(-15.325,-13.825),.PIECEWISE_BEZIER_KNOTS.);
#148 = CARTESIAN_POINT('',(30.65,1.7));
#149 = CARTESIAN_POINT('',(29.15,1.7));
#150 = ( GEOMETRIC_REPRESENTATION_CONTEXT(2) 
PARAMETRIC_REPRESENTATION_CONTEXT() REPRESENTATION_CONTEXT('2D SPACE',''
  ) );
#151 = PCURVE('',#152,#157);
#152 = PLANE('',#153);
#153 = AXIS2_PLACEMENT_3D('',#154,#155,#156);
#154 = CARTESIAN_POINT('',(30.65,1.7,-2.2));
#155 = DIRECTION('',(0.,-1.,0.));
#156 = DIRECTION('',(-1.,0.,0.));
#157 = DEFINITIONAL_REPRESENTATION('',(#158),#161);
#158 = B_SPLINE_CURVE_WITH_KNOTS('',1,(#159,#160),.UNSPECIFIED.,.F.,.F.,
  (2,2),(-15.325,-13.825),.PIECEWISE_BEZIER_KNOTS.);
#159 = CARTESIAN_POINT('',(0.,-2.2));
#160 = CARTESIAN_POINT('',(1.5,-2.2));
#161 = ( GEOMETRIC_REPRESENTATION_CONTEXT(2) 
PARAMETRIC_REPRESENTATION_CONTEXT() REPRESENTATION_CONTEXT('2D SPACE',''
  ) );
#162 = ORIENTED_EDGE('',*,*,#163,.T.);
#163 = EDGE_CURVE('',#138,#164,#166,.T.);
#164 = VERTEX_POINT('',#165);
#165 = CARTESIAN_POINT('',(29.400892843586,-1.7,0.));
#166 = SURFACE_CURVE('',#167,(#172,#179),.PCURVE_S1.);
#167 = CIRCLE('',#168,29.45);
#168 = AXIS2_PLACEMENT_3D('',#169,#170,#171);
#169 = CARTESIAN_POINT('',(0.,0.,0.));
#170 = DIRECTION('',(0.,0.,1.));
#171 = DIRECTION('',(1.,0.,0.));
#172 = PCURVE('',#33,#173);
#173 = DEFINITIONAL_REPRESENTATION('',(#174),#178);
#174 = CIRCLE('',#175,29.45);
#175 = AXIS2_PLACEMENT_2D('',#176,#177);
#176 = CARTESIAN_POINT('',(0.,0.));
#177 = DIRECTION('',(1.,-0.));
#178 = ( GEOMETRIC_REPRESENTATION_CONTEXT(2) 
PARAMETRIC_REPRESENTATION_CONTEXT() REPRESENTATION_CONTEXT('2D SPACE',''
  ) );
#179 = PCURVE('',#180,#185);
#180 = CYLINDRICAL_SURFACE('',#181,29.45);
#181 = AXIS2_PLACEMENT_3D('',#182,#183,#184);
#182 = CARTESIAN_POINT('',(0.,0.,-1.2));
#183 = DIRECTION('',(0.,0.,1.));
#184 = DIRECTION('',(1.,0.,0.));
#185 = DEFINITIONAL_REPRESENTATION('',(#186),#190);
#186 = LINE('',#187,#188);
#187 = CARTESIAN_POINT('',(0.,1.2));
#188 = VECTOR('',#189,1.);
#189 = DIRECTION('',(1.,0.));
#190 = ( GEOMETRIC_REPRESENTATION_CONTEXT(2) 
PARAMETRIC_REPRESENTATION_CONTEXT() REPRESENTATION_CONTEXT('2D SPACE',''
  ) );
#191 = ORIENTED_EDGE('',*,*,#192,.T.);
#192 = EDGE_CURVE('',#164,#193,#195,.T.);
#193 = VERTEX_POINT('',#194);
#194 = CARTESIAN_POINT('',(30.65,-1.7,0.));
#195 = SURFACE_CURVE('',#196,(#200,#206),.PCURVE_S1.);
#196 = LINE('',#197,#198);
#197 = CARTESIAN_POINT('',(14.575,-1.7,0.));
#198 = VECTOR('',#199,1.);
#199 = DIRECTION('',(1.,0.,0.));
#200 = PCURVE('',#33,#201);
#201 = DEFINITIONAL_REPRESENTATION('',(#202),#205);
#202 = B_SPLINE_CURVE_WITH_KNOTS('',1,(#203,#204),.UNSPECIFIED.,.F.,.F.,
  (2,2),(14.575,16.075),.PIECEWISE_BEZIER_KNOTS.);
#203 = CARTESIAN_POINT('',(29.15,-1.7));
#204 = CARTESIAN_POINT('',(30.65,-1.7));
#205 = ( GEOMETRIC_REPRESENTATION_CONTEXT(2) 
PARAMETRIC_REPRESENTATION_CONTEXT() REPRESENTATION_CONTEXT('2D SPACE',''
  ) );
#206 = PCURVE('',#207,#212);
#207 = PLANE('',#208);
#208 = AXIS2_PLACEMENT_3D('',#209,#210,#211);
#209 = CARTESIAN_POINT('',(29.15,-1.7,-2.2));
#210 = DIRECTION('',(0.,1.,0.));
#211 = DIRECTION('',(1.,0.,0.));
#212 = DEFINITIONAL_REPRESENTATION('',(#213),#216);
#213 = B_SPLINE_CURVE_WITH_KNOTS('',1,(#214,#215),.UNSPECIFIED.,.F.,.F.,
  (2,2),(14.575,16.075),.PIECEWISE_BEZIER_KNOTS.);
#214 = CARTESIAN_POINT('',(0.,-2.2));
#215 = CARTESIAN_POINT('',(1.5,-2.2));
#216 = ( GEOMETRIC_REPRESENTATION_CONTEXT(2) 
PARAMETRIC_REPRESENTATION_CONTEXT() REPRESENTATION_CONTEXT('2D SPACE',''
  ) );
#217 = ORIENTED_EDGE('',*,*,#218,.T.);
#218 = EDGE_CURVE('',#193,#136,#219,.T.);
#219 = SURFACE_CURVE('',#220,(#224,#230),.PCURVE_S1.);
#220 = LINE('',#221,#222);
#221 = CARTESIAN_POINT('',(30.65,-0.85,0.));
#222 = VECTOR('',#223,1.);
#223 = DIRECTION('',(0.,1.,-0.));
#224 = PCURVE('',#33,#225);
#225 = DEFINITIONAL_REPRESENTATION('',(#226),#229);
#226 = B_SPLINE_CURVE_WITH_KNOTS('',1,(#227,#228),.UNSPECIFIED.,.F.,.F.,
  (2,2),(-0.85,2.55),.PIECEWISE_BEZIER_KNOTS.);
#227 = CARTESIAN_POINT('',(30.65,-1.7));
#228 = CARTESIAN_POINT('',(30.65,1.7));
#229 = ( GEOMETRIC_REPRESENTATION_CONTEXT(2) 
PARAMETRIC_REPRESENTATION_CONTEXT() REPRESENTATION_CONTEXT('2D SPACE',''
  ) );
#230 = PCURVE('',#231,#236);
#231 = PLANE('',#232);
#232 = AXIS2_PLACEMENT_3D('',#233,#234,#235);
#233 = CARTESIAN_POINT('',(30.65,-1.7,-2.2));
#234 = DIRECTION('',(-1.,0.,0.));
#235 = DIRECTION('',(0.,1.,0.));
#236 = DEFINITIONAL_REPRESENTATION('',(#237),#240);
#237 = B_SPLINE_CURVE_WITH_KNOTS('',1,(#238,#239),.UNSPECIFIED.,.F.,.F.,
  (2,2),(-0.85,2.55),.PIECEWISE_BEZIER_KNOTS.);
#238 = CARTESIAN_POINT('',(0.,-2.2));
#239 = CARTESIAN_POINT('',(3.4,-2.2));
#240 = ( GEOMETRIC_REPRESENTATION_CONTEXT(2) 
PARAMETRIC_REPRESENTATION_CONTEXT() REPRESENTATION_CONTEXT('2D SPACE',''
  ) );
#241 = ADVANCED_FACE('',(#242),#45,.T.);
#242 = FACE_BOUND('',#243,.F.);
#243 = EDGE_LOOP('',(#244,#265,#266,#287));
#244 = ORIENTED_EDGE('',*,*,#245,.F.);
#245 = EDGE_CURVE('',#22,#246,#248,.T.);
#246 = VERTEX_POINT('',#247);
#247 = CARTESIAN_POINT('',(32.978174600787,1.2,-1.2));
#248 = SURFACE_CURVE('',#249,(#253,#259),.PCURVE_S1.);
#249 = LINE('',#250,#251);
#250 = CARTESIAN_POINT('',(32.978174600787,1.2,0.));
#251 = VECTOR('',#252,1.);
#252 = DIRECTION('',(-0.,-0.,-1.));
#253 = PCURVE('',#45,#254);
#254 = DEFINITIONAL_REPRESENTATION('',(#255),#258);
#255 = B_SPLINE_CURVE_WITH_KNOTS('',1,(#256,#257),.UNSPECIFIED.,.F.,.F.,
  (2,2),(-6.E-07,1.2000006),.PIECEWISE_BEZIER_KNOTS.);
#256 = CARTESIAN_POINT('',(-3.637165516061E-02,-6.E-07));
#257 = CARTESIAN_POINT('',(-3.637165516061E-02,1.2000006));
#258 = ( GEOMETRIC_REPRESENTATION_CONTEXT(2) 
PARAMETRIC_REPRESENTATION_CONTEXT() REPRESENTATION_CONTEXT('2D SPACE',''
  ) );
#259 = PCURVE('',#72,#260);
#260 = DEFINITIONAL_REPRESENTATION('',(#261),#264);
#261 = B_SPLINE_CURVE_WITH_KNOTS('',1,(#262,#263),.UNSPECIFIED.,.F.,.F.,
  (2,2),(-6.E-07,1.2000006),.PIECEWISE_BEZIER_KNOTS.);
#262 = CARTESIAN_POINT('',(0.721825399213,-2.2000006));
#263 = CARTESIAN_POINT('',(0.721825399213,-0.9999994));
#264 = ( GEOMETRIC_REPRESENTATION_CONTEXT(2) 
PARAMETRIC_REPRESENTATION_CONTEXT() REPRESENTATION_CONTEXT('2D SPACE',''
  ) );
#265 = ORIENTED_EDGE('',*,*,#21,.T.);
#266 = ORIENTED_EDGE('',*,*,#267,.T.);
#267 = EDGE_CURVE('',#24,#268,#270,.T.);
#268 = VERTEX_POINT('',#269);
#269 = CARTESIAN_POINT('',(32.978174600787,-1.2,-1.2));
#270 = SURFACE_CURVE('',#271,(#275,#281),.PCURVE_S1.);
#271 = LINE('',#272,#273);
#272 = CARTESIAN_POINT('',(32.978174600787,-1.2,0.));
#273 = VECTOR('',#274,1.);
#274 = DIRECTION('',(-0.,-0.,-1.));
#275 = PCURVE('',#45,#276);
#276 = DEFINITIONAL_REPRESENTATION('',(#277),#280);
#277 = B_SPLINE_CURVE_WITH_KNOTS('',1,(#278,#279),.UNSPECIFIED.,.F.,.F.,
  (2,2),(-6.E-07,1.2000006),.PIECEWISE_BEZIER_KNOTS.);
#278 = CARTESIAN_POINT('',(-6.246813652019,-6.E-07));
#279 = CARTESIAN_POINT('',(-6.246813652019,1.2000006));
#280 = ( GEOMETRIC_REPRESENTATION_CONTEXT(2) 
PARAMETRIC_REPRESENTATION_CONTEXT() REPRESENTATION_CONTEXT('2D SPACE',''
  ) );
#281 = PCURVE('',#122,#282);
#282 = DEFINITIONAL_REPRESENTATION('',(#283),#286);
#283 = B_SPLINE_CURVE_WITH_KNOTS('',1,(#284,#285),.UNSPECIFIED.,.F.,.F.,
  (2,2),(-6.E-07,1.2000006),.PIECEWISE_BEZIER_KNOTS.);
#284 = CARTESIAN_POINT('',(0.678174600787,-2.2000006));
#285 = CARTESIAN_POINT('',(0.678174600787,-0.9999994));
#286 = ( GEOMETRIC_REPRESENTATION_CONTEXT(2) 
PARAMETRIC_REPRESENTATION_CONTEXT() REPRESENTATION_CONTEXT('2D SPACE',''
  ) );
#287 = ORIENTED_EDGE('',*,*,#288,.F.);
#288 = EDGE_CURVE('',#246,#268,#289,.T.);
#289 = SURFACE_CURVE('',#290,(#295,#302),.PCURVE_S1.);
#290 = CIRCLE('',#291,33.);
#291 = AXIS2_PLACEMENT_3D('',#292,#293,#294);
#292 = CARTESIAN_POINT('',(0.,0.,-1.2));
#293 = DIRECTION('',(0.,0.,1.));
#294 = DIRECTION('',(1.,0.,0.));
#295 = PCURVE('',#45,#296);
#296 = DEFINITIONAL_REPRESENTATION('',(#297),#301);
#297 = LINE('',#298,#299);
#298 = CARTESIAN_POINT('',(-0.,1.2));
#299 = VECTOR('',#300,1.);
#300 = DIRECTION('',(-1.,0.));
#301 = ( GEOMETRIC_REPRESENTATION_CONTEXT(2) 
PARAMETRIC_REPRESENTATION_CONTEXT() REPRESENTATION_CONTEXT('2D SPACE',''
  ) );
#302 = PCURVE('',#303,#308);
#303 = PLANE('',#304);
#304 = AXIS2_PLACEMENT_3D('',#305,#306,#307);
#305 = CARTESIAN_POINT('',(0.,0.,-1.2));
#306 = DIRECTION('',(0.,0.,1.));
#307 = DIRECTION('',(1.,0.,0.));
#308 = DEFINITIONAL_REPRESENTATION('',(#309),#313);
#309 = CIRCLE('',#310,33.);
#310 = AXIS2_PLACEMENT_2D('',#311,#312);
#311 = CARTESIAN_POINT('',(0.,0.));
#312 = DIRECTION('',(1.,0.));
#313 = ( GEOMETRIC_REPRESENTATION_CONTEXT(2) 
PARAMETRIC_REPRESENTATION_CONTEXT() REPRESENTATION_CONTEXT('2D SPACE',''
  ) );
#314 = ADVANCED_FACE('',(#315),#122,.T.);
#315 = FACE_BOUND('',#316,.T.);
#316 = EDGE_LOOP('',(#317,#338,#359,#360));
#317 = ORIENTED_EDGE('',*,*,#318,.T.);
#318 = EDGE_CURVE('',#268,#319,#321,.T.);
#319 = VERTEX_POINT('',#320);
#320 = CARTESIAN_POINT('',(32.3,-1.2,-1.2));
#321 = SURFACE_CURVE('',#322,(#326,#332),.PCURVE_S1.);
#322 = LINE('',#323,#324);
#323 = CARTESIAN_POINT('',(16.15,-1.2,-1.2));
#324 = VECTOR('',#325,1.);
#325 = DIRECTION('',(-1.,0.,0.));
#326 = PCURVE('',#122,#327);
#327 = DEFINITIONAL_REPRESENTATION('',(#328),#331);
#328 = B_SPLINE_CURVE_WITH_KNOTS('',1,(#329,#330),.UNSPECIFIED.,.F.,.F.,
  (2,2),(-16.85,-16.15),.PIECEWISE_BEZIER_KNOTS.);
#329 = CARTESIAN_POINT('',(0.7,-1.));
#330 = CARTESIAN_POINT('',(0.,-1.));
#331 = ( GEOMETRIC_REPRESENTATION_CONTEXT(2) 
PARAMETRIC_REPRESENTATION_CONTEXT() REPRESENTATION_CONTEXT('2D SPACE',''
  ) );
#332 = PCURVE('',#303,#333);
#333 = DEFINITIONAL_REPRESENTATION('',(#334),#337);
#334 = B_SPLINE_CURVE_WITH_KNOTS('',1,(#335,#336),.UNSPECIFIED.,.F.,.F.,
  (2,2),(-16.85,-16.15),.PIECEWISE_BEZIER_KNOTS.);
#335 = CARTESIAN_POINT('',(33.,-1.2));
#336 = CARTESIAN_POINT('',(32.3,-1.2));
#337 = ( GEOMETRIC_REPRESENTATION_CONTEXT(2) 
PARAMETRIC_REPRESENTATION_CONTEXT() REPRESENTATION_CONTEXT('2D SPACE',''
  ) );
#338 = ORIENTED_EDGE('',*,*,#339,.T.);
#339 = EDGE_CURVE('',#319,#84,#340,.T.);
#340 = SURFACE_CURVE('',#341,(#345,#352),.PCURVE_S1.);
#341 = LINE('',#342,#343);
#342 = CARTESIAN_POINT('',(32.3,-1.2,-2.2));
#343 = VECTOR('',#344,1.);
#344 = DIRECTION('',(0.,0.,1.));
#345 = PCURVE('',#122,#346);
#346 = DEFINITIONAL_REPRESENTATION('',(#347),#351);
#347 = LINE('',#348,#349);
#348 = CARTESIAN_POINT('',(0.,0.));
#349 = VECTOR('',#350,1.);
#350 = DIRECTION('',(0.,-1.));
#351 = ( GEOMETRIC_REPRESENTATION_CONTEXT(2) 
PARAMETRIC_REPRESENTATION_CONTEXT() REPRESENTATION_CONTEXT('2D SPACE',''
  ) );
#352 = PCURVE('',#98,#353);
#353 = DEFINITIONAL_REPRESENTATION('',(#354),#358);
#354 = LINE('',#355,#356);
#355 = CARTESIAN_POINT('',(2.4,0.));
#356 = VECTOR('',#357,1.);
#357 = DIRECTION('',(0.,-1.));
#358 = ( GEOMETRIC_REPRESENTATION_CONTEXT(2) 
PARAMETRIC_REPRESENTATION_CONTEXT() REPRESENTATION_CONTEXT('2D SPACE',''
  ) );
#359 = ORIENTED_EDGE('',*,*,#109,.T.);
#360 = ORIENTED_EDGE('',*,*,#267,.T.);
#361 = ADVANCED_FACE('',(#362),#98,.T.);
#362 = FACE_BOUND('',#363,.T.);
#363 = EDGE_LOOP('',(#364,#385,#406,#407));
#364 = ORIENTED_EDGE('',*,*,#365,.T.);
#365 = EDGE_CURVE('',#319,#366,#368,.T.);
#366 = VERTEX_POINT('',#367);
#367 = CARTESIAN_POINT('',(32.3,1.2,-1.2));
#368 = SURFACE_CURVE('',#369,(#373,#379),.PCURVE_S1.);
#369 = LINE('',#370,#371);
#370 = CARTESIAN_POINT('',(32.3,0.6,-1.2));
#371 = VECTOR('',#372,1.);
#372 = DIRECTION('',(-0.,1.,0.));
#373 = PCURVE('',#98,#374);
#374 = DEFINITIONAL_REPRESENTATION('',(#375),#378);
#375 = B_SPLINE_CURVE_WITH_KNOTS('',1,(#376,#377),.UNSPECIFIED.,.F.,.F.,
  (2,2),(-1.8,0.6),.PIECEWISE_BEZIER_KNOTS.);
#376 = CARTESIAN_POINT('',(2.4,-1.));
#377 = CARTESIAN_POINT('',(0.,-1.));
#378 = ( GEOMETRIC_REPRESENTATION_CONTEXT(2) 
PARAMETRIC_REPRESENTATION_CONTEXT() REPRESENTATION_CONTEXT('2D SPACE',''
  ) );
#379 = PCURVE('',#303,#380);
#380 = DEFINITIONAL_REPRESENTATION('',(#381),#384);
#381 = B_SPLINE_CURVE_WITH_KNOTS('',1,(#382,#383),.UNSPECIFIED.,.F.,.F.,
  (2,2),(-1.8,0.6),.PIECEWISE_BEZIER_KNOTS.);
#382 = CARTESIAN_POINT('',(32.3,-1.2));
#383 = CARTESIAN_POINT('',(32.3,1.2));
#384 = ( GEOMETRIC_REPRESENTATION_CONTEXT(2) 
PARAMETRIC_REPRESENTATION_CONTEXT() REPRESENTATION_CONTEXT('2D SPACE',''
  ) );
#385 = ORIENTED_EDGE('',*,*,#386,.T.);
#386 = EDGE_CURVE('',#366,#58,#387,.T.);
#387 = SURFACE_CURVE('',#388,(#392,#399),.PCURVE_S1.);
#388 = LINE('',#389,#390);
#389 = CARTESIAN_POINT('',(32.3,1.2,-2.2));
#390 = VECTOR('',#391,1.);
#391 = DIRECTION('',(0.,0.,1.));
#392 = PCURVE('',#98,#393);
#393 = DEFINITIONAL_REPRESENTATION('',(#394),#398);
#394 = LINE('',#395,#396);
#395 = CARTESIAN_POINT('',(0.,0.));
#396 = VECTOR('',#397,1.);
#397 = DIRECTION('',(0.,-1.));
#398 = ( GEOMETRIC_REPRESENTATION_CONTEXT(2) 
PARAMETRIC_REPRESENTATION_CONTEXT() REPRESENTATION_CONTEXT('2D SPACE',''
  ) );
#399 = PCURVE('',#72,#400);
#400 = DEFINITIONAL_REPRESENTATION('',(#401),#405);
#401 = LINE('',#402,#403);
#402 = CARTESIAN_POINT('',(1.4,0.));
#403 = VECTOR('',#404,1.);
#404 = DIRECTION('',(0.,-1.));
#405 = ( GEOMETRIC_REPRESENTATION_CONTEXT(2) 
PARAMETRIC_REPRESENTATION_CONTEXT() REPRESENTATION_CONTEXT('2D SPACE',''
  ) );
#406 = ORIENTED_EDGE('',*,*,#83,.T.);
#407 = ORIENTED_EDGE('',*,*,#339,.F.);
#408 = ADVANCED_FACE('',(#409),#72,.T.);
#409 = FACE_BOUND('',#410,.T.);
#410 = EDGE_LOOP('',(#411,#412,#431,#432));
#411 = ORIENTED_EDGE('',*,*,#386,.F.);
#412 = ORIENTED_EDGE('',*,*,#413,.T.);
#413 = EDGE_CURVE('',#366,#246,#414,.T.);
#414 = SURFACE_CURVE('',#415,(#419,#425),.PCURVE_S1.);
#415 = LINE('',#416,#417);
#416 = CARTESIAN_POINT('',(16.85,1.2,-1.2));
#417 = VECTOR('',#418,1.);
#418 = DIRECTION('',(1.,0.,-0.));
#419 = PCURVE('',#72,#420);
#420 = DEFINITIONAL_REPRESENTATION('',(#421),#424);
#421 = B_SPLINE_CURVE_WITH_KNOTS('',1,(#422,#423),.UNSPECIFIED.,.F.,.F.,
  (2,2),(15.45,16.15),.PIECEWISE_BEZIER_KNOTS.);
#422 = CARTESIAN_POINT('',(1.4,-1.));
#423 = CARTESIAN_POINT('',(0.7,-1.));
#424 = ( GEOMETRIC_REPRESENTATION_CONTEXT(2) 
PARAMETRIC_REPRESENTATION_CONTEXT() REPRESENTATION_CONTEXT('2D SPACE',''
  ) );
#425 = PCURVE('',#303,#426);
#426 = DEFINITIONAL_REPRESENTATION('',(#427),#430);
#427 = B_SPLINE_CURVE_WITH_KNOTS('',1,(#428,#429),.UNSPECIFIED.,.F.,.F.,
  (2,2),(15.45,16.15),.PIECEWISE_BEZIER_KNOTS.);
#428 = CARTESIAN_POINT('',(32.3,1.2));
#429 = CARTESIAN_POINT('',(33.,1.2));
#430 = ( GEOMETRIC_REPRESENTATION_CONTEXT(2) 
PARAMETRIC_REPRESENTATION_CONTEXT() REPRESENTATION_CONTEXT('2D SPACE',''
  ) );
#431 = ORIENTED_EDGE('',*,*,#245,.F.);
#432 = ORIENTED_EDGE('',*,*,#57,.T.);
#433 = ADVANCED_FACE('',(#434),#152,.T.);
#434 = FACE_BOUND('',#435,.T.);
#435 = EDGE_LOOP('',(#436,#459,#480,#481));
#436 = ORIENTED_EDGE('',*,*,#437,.T.);
#437 = EDGE_CURVE('',#438,#440,#442,.T.);
#438 = VERTEX_POINT('',#439);
#439 = CARTESIAN_POINT('',(29.400892843586,1.7,-1.2));
#440 = VERTEX_POINT('',#441);
#441 = CARTESIAN_POINT('',(30.65,1.7,-1.2));
#442 = SURFACE_CURVE('',#443,(#447,#453),.PCURVE_S1.);
#443 = LINE('',#444,#445);
#444 = CARTESIAN_POINT('',(15.325,1.7,-1.2));
#445 = VECTOR('',#446,1.);
#446 = DIRECTION('',(1.,0.,-0.));
#447 = PCURVE('',#152,#448);
#448 = DEFINITIONAL_REPRESENTATION('',(#449),#452);
#449 = B_SPLINE_CURVE_WITH_KNOTS('',1,(#450,#451),.UNSPECIFIED.,.F.,.F.,
  (2,2),(13.825,15.325),.PIECEWISE_BEZIER_KNOTS.);
#450 = CARTESIAN_POINT('',(1.5,-1.));
#451 = CARTESIAN_POINT('',(0.,-1.));
#452 = ( GEOMETRIC_REPRESENTATION_CONTEXT(2) 
PARAMETRIC_REPRESENTATION_CONTEXT() REPRESENTATION_CONTEXT('2D SPACE',''
  ) );
#453 = PCURVE('',#303,#454);
#454 = DEFINITIONAL_REPRESENTATION('',(#455),#458);
#455 = B_SPLINE_CURVE_WITH_KNOTS('',1,(#456,#457),.UNSPECIFIED.,.F.,.F.,
  (2,2),(13.825,15.325),.PIECEWISE_BEZIER_KNOTS.);
#456 = CARTESIAN_POINT('',(29.15,1.7));
#457 = CARTESIAN_POINT('',(30.65,1.7));
#458 = ( GEOMETRIC_REPRESENTATION_CONTEXT(2) 
PARAMETRIC_REPRESENTATION_CONTEXT() REPRESENTATION_CONTEXT('2D SPACE',''
  ) );
#459 = ORIENTED_EDGE('',*,*,#460,.T.);
#460 = EDGE_CURVE('',#440,#136,#461,.T.);
#461 = SURFACE_CURVE('',#462,(#466,#473),.PCURVE_S1.);
#462 = LINE('',#463,#464);
#463 = CARTESIAN_POINT('',(30.65,1.7,-2.2));
#464 = VECTOR('',#465,1.);
#465 = DIRECTION('',(0.,0.,1.));
#466 = PCURVE('',#152,#467);
#467 = DEFINITIONAL_REPRESENTATION('',(#468),#472);
#468 = LINE('',#469,#470);
#469 = CARTESIAN_POINT('',(0.,-0.));
#470 = VECTOR('',#471,1.);
#471 = DIRECTION('',(0.,-1.));
#472 = ( GEOMETRIC_REPRESENTATION_CONTEXT(2) 
PARAMETRIC_REPRESENTATION_CONTEXT() REPRESENTATION_CONTEXT('2D SPACE',''
  ) );
#473 = PCURVE('',#231,#474);
#474 = DEFINITIONAL_REPRESENTATION('',(#475),#479);
#475 = LINE('',#476,#477);
#476 = CARTESIAN_POINT('',(3.4,0.));
#477 = VECTOR('',#478,1.);
#478 = DIRECTION('',(0.,-1.));
#479 = ( GEOMETRIC_REPRESENTATION_CONTEXT(2) 
PARAMETRIC_REPRESENTATION_CONTEXT() REPRESENTATION_CONTEXT('2D SPACE',''
  ) );
#480 = ORIENTED_EDGE('',*,*,#135,.T.);
#481 = ORIENTED_EDGE('',*,*,#482,.F.);
#482 = EDGE_CURVE('',#438,#138,#483,.T.);
#483 = SURFACE_CURVE('',#484,(#488,#494),.PCURVE_S1.);
#484 = LINE('',#485,#486);
#485 = CARTESIAN_POINT('',(29.400892843586,1.7,-1.2));
#486 = VECTOR('',#487,1.);
#487 = DIRECTION('',(0.,0.,1.));
#488 = PCURVE('',#152,#489);
#489 = DEFINITIONAL_REPRESENTATION('',(#490),#493);
#490 = B_SPLINE_CURVE_WITH_KNOTS('',1,(#491,#492),.UNSPECIFIED.,.F.,.F.,
  (2,2),(-5.999999999062E-07,1.2000006),.PIECEWISE_BEZIER_KNOTS.);
#491 = CARTESIAN_POINT('',(1.249107156414,-0.9999994));
#492 = CARTESIAN_POINT('',(1.249107156414,-2.2000006));
#493 = ( GEOMETRIC_REPRESENTATION_CONTEXT(2) 
PARAMETRIC_REPRESENTATION_CONTEXT() REPRESENTATION_CONTEXT('2D SPACE',''
  ) );
#494 = PCURVE('',#180,#495);
#495 = DEFINITIONAL_REPRESENTATION('',(#496),#499);
#496 = B_SPLINE_CURVE_WITH_KNOTS('',1,(#497,#498),.UNSPECIFIED.,.F.,.F.,
  (2,2),(-5.999999999062E-07,1.2000006),.PIECEWISE_BEZIER_KNOTS.);
#497 = CARTESIAN_POINT('',(5.775706395693E-02,-5.999999999062E-07));
#498 = CARTESIAN_POINT('',(5.775706395693E-02,1.2000006));
#499 = ( GEOMETRIC_REPRESENTATION_CONTEXT(2) 
PARAMETRIC_REPRESENTATION_CONTEXT() REPRESENTATION_CONTEXT('2D SPACE',''
  ) );
#500 = ADVANCED_FACE('',(#501),#231,.T.);
#501 = FACE_BOUND('',#502,.T.);
#502 = EDGE_LOOP('',(#503,#524,#545,#546));
#503 = ORIENTED_EDGE('',*,*,#504,.T.);
#504 = EDGE_CURVE('',#440,#505,#507,.T.);
#505 = VERTEX_POINT('',#506);
#506 = CARTESIAN_POINT('',(30.65,-1.7,-1.2));
#507 = SURFACE_CURVE('',#508,(#512,#518),.PCURVE_S1.);
#508 = LINE('',#509,#510);
#509 = CARTESIAN_POINT('',(30.65,-0.85,-1.2));
#510 = VECTOR('',#511,1.);
#511 = DIRECTION('',(0.,-1.,0.));
#512 = PCURVE('',#231,#513);
#513 = DEFINITIONAL_REPRESENTATION('',(#514),#517);
#514 = B_SPLINE_CURVE_WITH_KNOTS('',1,(#515,#516),.UNSPECIFIED.,.F.,.F.,
  (2,2),(-2.55,0.85),.PIECEWISE_BEZIER_KNOTS.);
#515 = CARTESIAN_POINT('',(3.4,-1.));
#516 = CARTESIAN_POINT('',(0.,-1.));
#517 = ( GEOMETRIC_REPRESENTATION_CONTEXT(2) 
PARAMETRIC_REPRESENTATION_CONTEXT() REPRESENTATION_CONTEXT('2D SPACE',''
  ) );
#518 = PCURVE('',#303,#519);
#519 = DEFINITIONAL_REPRESENTATION('',(#520),#523);
#520 = B_SPLINE_CURVE_WITH_KNOTS('',1,(#521,#522),.UNSPECIFIED.,.F.,.F.,
  (2,2),(-2.55,0.85),.PIECEWISE_BEZIER_KNOTS.);
#521 = CARTESIAN_POINT('',(30.65,1.7));
#522 = CARTESIAN_POINT('',(30.65,-1.7));
#523 = ( GEOMETRIC_REPRESENTATION_CONTEXT(2) 
PARAMETRIC_REPRESENTATION_CONTEXT() REPRESENTATION_CONTEXT('2D SPACE',''
  ) );
#524 = ORIENTED_EDGE('',*,*,#525,.T.);
#525 = EDGE_CURVE('',#505,#193,#526,.T.);
#526 = SURFACE_CURVE('',#527,(#531,#538),.PCURVE_S1.);
#527 = LINE('',#528,#529);
#528 = CARTESIAN_POINT('',(30.65,-1.7,-2.2));
#529 = VECTOR('',#530,1.);
#530 = DIRECTION('',(0.,0.,1.));
#531 = PCURVE('',#231,#532);
#532 = DEFINITIONAL_REPRESENTATION('',(#533),#537);
#533 = LINE('',#534,#535);
#534 = CARTESIAN_POINT('',(0.,0.));
#535 = VECTOR('',#536,1.);
#536 = DIRECTION('',(0.,-1.));
#537 = ( GEOMETRIC_REPRESENTATION_CONTEXT(2) 
PARAMETRIC_REPRESENTATION_CONTEXT() REPRESENTATION_CONTEXT('2D SPACE',''
  ) );
#538 = PCURVE('',#207,#539);
#539 = DEFINITIONAL_REPRESENTATION('',(#540),#544);
#540 = LINE('',#541,#542);
#541 = CARTESIAN_POINT('',(1.5,0.));
#542 = VECTOR('',#543,1.);
#543 = DIRECTION('',(0.,-1.));
#544 = ( GEOMETRIC_REPRESENTATION_CONTEXT(2) 
PARAMETRIC_REPRESENTATION_CONTEXT() REPRESENTATION_CONTEXT('2D SPACE',''
  ) );
#545 = ORIENTED_EDGE('',*,*,#218,.T.);
#546 = ORIENTED_EDGE('',*,*,#460,.F.);
#547 = ADVANCED_FACE('',(#548),#180,.F.);
#548 = FACE_BOUND('',#549,.F.);
#549 = EDGE_LOOP('',(#550,#551,#575,#594));
#550 = ORIENTED_EDGE('',*,*,#482,.F.);
#551 = ORIENTED_EDGE('',*,*,#552,.T.);
#552 = EDGE_CURVE('',#438,#553,#555,.T.);
#553 = VERTEX_POINT('',#554);
#554 = CARTESIAN_POINT('',(29.400892843586,-1.7,-1.2));
#555 = SURFACE_CURVE('',#556,(#561,#568),.PCURVE_S1.);
#556 = CIRCLE('',#557,29.45);
#557 = AXIS2_PLACEMENT_3D('',#558,#559,#560);
#558 = CARTESIAN_POINT('',(0.,0.,-1.2));
#559 = DIRECTION('',(0.,0.,1.));
#560 = DIRECTION('',(1.,0.,0.));
#561 = PCURVE('',#180,#562);
#562 = DEFINITIONAL_REPRESENTATION('',(#563),#567);
#563 = LINE('',#564,#565);
#564 = CARTESIAN_POINT('',(0.,0.));
#565 = VECTOR('',#566,1.);
#566 = DIRECTION('',(1.,0.));
#567 = ( GEOMETRIC_REPRESENTATION_CONTEXT(2) 
PARAMETRIC_REPRESENTATION_CONTEXT() REPRESENTATION_CONTEXT('2D SPACE',''
  ) );
#568 = PCURVE('',#303,#569);
#569 = DEFINITIONAL_REPRESENTATION('',(#570),#574);
#570 = CIRCLE('',#571,29.45);
#571 = AXIS2_PLACEMENT_2D('',#572,#573);
#572 = CARTESIAN_POINT('',(0.,0.));
#573 = DIRECTION('',(1.,0.));
#574 = ( GEOMETRIC_REPRESENTATION_CONTEXT(2) 
PARAMETRIC_REPRESENTATION_CONTEXT() REPRESENTATION_CONTEXT('2D SPACE',''
  ) );
#575 = ORIENTED_EDGE('',*,*,#576,.T.);
#576 = EDGE_CURVE('',#553,#164,#577,.T.);
#577 = SURFACE_CURVE('',#578,(#582,#588),.PCURVE_S1.);
#578 = LINE('',#579,#580);
#579 = CARTESIAN_POINT('',(29.400892843586,-1.7,-1.2));
#580 = VECTOR('',#581,1.);
#581 = DIRECTION('',(0.,0.,1.));
#582 = PCURVE('',#180,#583);
#583 = DEFINITIONAL_REPRESENTATION('',(#584),#587);
#584 = B_SPLINE_CURVE_WITH_KNOTS('',1,(#585,#586),.UNSPECIFIED.,.F.,.F.,
  (2,2),(-5.999999999062E-07,1.2000006),.PIECEWISE_BEZIER_KNOTS.);
#585 = CARTESIAN_POINT('',(6.225428243223,-5.999999999062E-07));
#586 = CARTESIAN_POINT('',(6.225428243223,1.2000006));
#587 = ( GEOMETRIC_REPRESENTATION_CONTEXT(2) 
PARAMETRIC_REPRESENTATION_CONTEXT() REPRESENTATION_CONTEXT('2D SPACE',''
  ) );
#588 = PCURVE('',#207,#589);
#589 = DEFINITIONAL_REPRESENTATION('',(#590),#593);
#590 = B_SPLINE_CURVE_WITH_KNOTS('',1,(#591,#592),.UNSPECIFIED.,.F.,.F.,
  (2,2),(-5.999999999062E-07,1.2000006),.PIECEWISE_BEZIER_KNOTS.);
#591 = CARTESIAN_POINT('',(0.250892843586,-0.9999994));
#592 = CARTESIAN_POINT('',(0.250892843586,-2.2000006));
#593 = ( GEOMETRIC_REPRESENTATION_CONTEXT(2) 
PARAMETRIC_REPRESENTATION_CONTEXT() REPRESENTATION_CONTEXT('2D SPACE',''
  ) );
#594 = ORIENTED_EDGE('',*,*,#163,.F.);
#595 = ADVANCED_FACE('',(#596),#207,.T.);
#596 = FACE_BOUND('',#597,.T.);
#597 = EDGE_LOOP('',(#598,#599,#618,#619));
#598 = ORIENTED_EDGE('',*,*,#525,.F.);
#599 = ORIENTED_EDGE('',*,*,#600,.T.);
#600 = EDGE_CURVE('',#505,#553,#601,.T.);
#601 = SURFACE_CURVE('',#602,(#606,#612),.PCURVE_S1.);
#602 = LINE('',#603,#604);
#603 = CARTESIAN_POINT('',(14.575,-1.7,-1.2));
#604 = VECTOR('',#605,1.);
#605 = DIRECTION('',(-1.,0.,0.));
#606 = PCURVE('',#207,#607);
#607 = DEFINITIONAL_REPRESENTATION('',(#608),#611);
#608 = B_SPLINE_CURVE_WITH_KNOTS('',1,(#609,#610),.UNSPECIFIED.,.F.,.F.,
  (2,2),(-16.075,-14.575),.PIECEWISE_BEZIER_KNOTS.);
#609 = CARTESIAN_POINT('',(1.5,-1.));
#610 = CARTESIAN_POINT('',(0.,-1.));
#611 = ( GEOMETRIC_REPRESENTATION_CONTEXT(2) 
PARAMETRIC_REPRESENTATION_CONTEXT() REPRESENTATION_CONTEXT('2D SPACE',''
  ) );
#612 = PCURVE('',#303,#613);
#613 = DEFINITIONAL_REPRESENTATION('',(#614),#617);
#614 = B_SPLINE_CURVE_WITH_KNOTS('',1,(#615,#616),.UNSPECIFIED.,.F.,.F.,
  (2,2),(-16.075,-14.575),.PIECEWISE_BEZIER_KNOTS.);
#615 = CARTESIAN_POINT('',(30.65,-1.7));
#616 = CARTESIAN_POINT('',(29.15,-1.7));
#617 = ( GEOMETRIC_REPRESENTATION_CONTEXT(2) 
PARAMETRIC_REPRESENTATION_CONTEXT() REPRESENTATION_CONTEXT('2D SPACE',''
  ) );
#618 = ORIENTED_EDGE('',*,*,#576,.T.);
#619 = ORIENTED_EDGE('',*,*,#192,.T.);
#620 = ADVANCED_FACE('',(#621,#627,#743,#859,#865),#303,.F.);
#621 = FACE_BOUND('',#622,.F.);
#622 = EDGE_LOOP('',(#623,#624,#625,#626));
#623 = ORIENTED_EDGE('',*,*,#413,.T.);
#624 = ORIENTED_EDGE('',*,*,#288,.T.);
#625 = ORIENTED_EDGE('',*,*,#318,.T.);
#626 = ORIENTED_EDGE('',*,*,#365,.T.);
#627 = FACE_BOUND('',#628,.F.);
#628 = EDGE_LOOP('',(#629,#657,#690,#716));
#629 = ORIENTED_EDGE('',*,*,#630,.F.);
#630 = EDGE_CURVE('',#631,#633,#635,.T.);
#631 = VERTEX_POINT('',#632);
#632 = CARTESIAN_POINT('',(-24.14739305249,-19.11918954266,-1.2));
#633 = VERTEX_POINT('',#634);
#634 = CARTESIAN_POINT('',(-23.44178741134,-18.56051192616,-1.2));
#635 = SURFACE_CURVE('',#636,(#640,#646),.PCURVE_S1.);
#636 = LINE('',#637,#638);
#637 = CARTESIAN_POINT('',(-11.90145055219,-9.423215518359,-1.2));
#638 = VECTOR('',#639,1.);
#639 = DIRECTION('',(0.784006267938,0.620752907229,-0.));
#640 = PCURVE('',#303,#641);
#641 = DEFINITIONAL_REPRESENTATION('',(#642),#645);
#642 = B_SPLINE_CURVE_WITH_KNOTS('',1,(#643,#644),.UNSPECIFIED.,.F.,.F.,
  (2,2),(-16.21969974105,-14.16969974105),.PIECEWISE_BEZIER_KNOTS.);
#643 = CARTESIAN_POINT('',(-24.61779681325,-19.491641287));
#644 = CARTESIAN_POINT('',(-23.01058396398,-18.21909782718));
#645 = ( GEOMETRIC_REPRESENTATION_CONTEXT(2) 
PARAMETRIC_REPRESENTATION_CONTEXT() REPRESENTATION_CONTEXT('2D SPACE',''
  ) );
#646 = PCURVE('',#647,#652);
#647 = PLANE('',#648);
#648 = AXIS2_PLACEMENT_3D('',#649,#650,#651);
#649 = CARTESIAN_POINT('',(-23.80290110439,-18.84643103671,
    -4.603242438594));
#650 = DIRECTION('',(0.620752907229,-0.784006267938,0.));
#651 = DIRECTION('',(0.,0.,1.));
#652 = DEFINITIONAL_REPRESENTATION('',(#653),#656);
#653 = B_SPLINE_CURVE_WITH_KNOTS('',1,(#654,#655),.UNSPECIFIED.,.F.,.F.,
  (2,2),(-16.21969974105,-14.16969974105),.PIECEWISE_BEZIER_KNOTS.);
#654 = CARTESIAN_POINT('',(3.403242438594,1.039399482101));
#655 = CARTESIAN_POINT('',(3.403242438594,-1.010600517899));
#656 = ( GEOMETRIC_REPRESENTATION_CONTEXT(2) 
PARAMETRIC_REPRESENTATION_CONTEXT() REPRESENTATION_CONTEXT('2D SPACE',''
  ) );
#657 = ORIENTED_EDGE('',*,*,#658,.T.);
#658 = EDGE_CURVE('',#631,#659,#661,.T.);
#659 = VERTEX_POINT('',#660);
#660 = CARTESIAN_POINT('',(-28.63140036996,-11.35266104729,-1.2));
#661 = SURFACE_CURVE('',#662,(#667,#678),.PCURVE_S1.);
#662 = CIRCLE('',#663,30.8);
#663 = AXIS2_PLACEMENT_3D('',#664,#665,#666);
#664 = CARTESIAN_POINT('',(0.,0.,-1.2));
#665 = DIRECTION('',(0.,0.,-1.));
#666 = DIRECTION('',(-0.929590921103,-0.368592891146,-0.));
#667 = PCURVE('',#303,#668);
#668 = DEFINITIONAL_REPRESENTATION('',(#669),#677);
#669 = ( BOUNDED_CURVE() B_SPLINE_CURVE(2,(#670,#671,#672,#673,#674,#675
,#676),.UNSPECIFIED.,.T.,.F.) B_SPLINE_CURVE_WITH_KNOTS((1,2,2,2,2,1),(
    -2.094395102393,0.,2.094395102393,4.188790204786,6.28318530718,
8.377580409573),.UNSPECIFIED.) CURVE() GEOMETRIC_REPRESENTATION_ITEM() 
RATIONAL_B_SPLINE_CURVE((1.,0.5,1.,0.5,1.,0.5,1.)) REPRESENTATION_ITEM(
  '') );
#670 = CARTESIAN_POINT('',(-28.63140036996,-11.35266104729));
#671 = CARTESIAN_POINT('',(-48.29478610498,38.238379085333));
#672 = CARTESIAN_POINT('',(4.484007317473,30.47185058996));
#673 = CARTESIAN_POINT('',(57.262800739931,22.705322094587));
#674 = CARTESIAN_POINT('',(24.147393052493,-19.11918954266));
#675 = CARTESIAN_POINT('',(-8.968014634945,-60.94370117992));
#676 = CARTESIAN_POINT('',(-28.63140036996,-11.35266104729));
#677 = ( GEOMETRIC_REPRESENTATION_CONTEXT(2) 
PARAMETRIC_REPRESENTATION_CONTEXT() REPRESENTATION_CONTEXT('2D SPACE',''
  ) );
#678 = PCURVE('',#679,#684);
#679 = CYLINDRICAL_SURFACE('',#680,30.8);
#680 = AXIS2_PLACEMENT_3D('',#681,#682,#683);
#681 = CARTESIAN_POINT('',(0.,0.,-1.19));
#682 = DIRECTION('',(0.,0.,-1.));
#683 = DIRECTION('',(-0.929590921103,-0.368592891146,0.));
#684 = DEFINITIONAL_REPRESENTATION('',(#685),#689);
#685 = LINE('',#686,#687);
#686 = CARTESIAN_POINT('',(-6.28318530718,1.E-02));
#687 = VECTOR('',#688,1.);
#688 = DIRECTION('',(1.,-0.));
#689 = ( GEOMETRIC_REPRESENTATION_CONTEXT(2) 
PARAMETRIC_REPRESENTATION_CONTEXT() REPRESENTATION_CONTEXT('2D SPACE',''
  ) );
#690 = ORIENTED_EDGE('',*,*,#691,.T.);
#691 = EDGE_CURVE('',#659,#692,#694,.T.);
#692 = VERTEX_POINT('',#693);
#693 = CARTESIAN_POINT('',(-27.79476854097,-11.02092744526,-1.2));
#694 = SURFACE_CURVE('',#695,(#699,#705),.PCURVE_S1.);
#695 = LINE('',#696,#697);
#696 = CARTESIAN_POINT('',(-14.11146930033,-5.595350760909,-1.2));
#697 = VECTOR('',#698,1.);
#698 = DIRECTION('',(0.929590921103,0.368592891146,-0.));
#699 = PCURVE('',#303,#700);
#700 = DEFINITIONAL_REPRESENTATION('',(#701),#704);
#701 = B_SPLINE_CURVE_WITH_KNOTS('',1,(#702,#703),.UNSPECIFIED.,.F.,.F.,
  (2,2),(-16.21969974105,-14.16969974105),.PIECEWISE_BEZIER_KNOTS.);
#702 = CARTESIAN_POINT('',(-29.18915492262,-11.57381678198));
#703 = CARTESIAN_POINT('',(-27.28349353436,-10.81820135513));
#704 = ( GEOMETRIC_REPRESENTATION_CONTEXT(2) 
PARAMETRIC_REPRESENTATION_CONTEXT() REPRESENTATION_CONTEXT('2D SPACE',''
  ) );
#705 = PCURVE('',#706,#711);
#706 = PLANE('',#707);
#707 = AXIS2_PLACEMENT_3D('',#708,#709,#710);
#708 = CARTESIAN_POINT('',(-28.22293860066,-11.19070152181,
    -4.603242438594));
#709 = DIRECTION('',(0.368592891146,-0.929590921103,0.));
#710 = DIRECTION('',(0.,0.,1.));
#711 = DEFINITIONAL_REPRESENTATION('',(#712),#715);
#712 = B_SPLINE_CURVE_WITH_KNOTS('',1,(#713,#714),.UNSPECIFIED.,.F.,.F.,
  (2,2),(-16.21969974105,-14.16969974105),.PIECEWISE_BEZIER_KNOTS.);
#713 = CARTESIAN_POINT('',(3.403242438594,1.039399482101));
#714 = CARTESIAN_POINT('',(3.403242438594,-1.010600517899));
#715 = ( GEOMETRIC_REPRESENTATION_CONTEXT(2) 
PARAMETRIC_REPRESENTATION_CONTEXT() REPRESENTATION_CONTEXT('2D SPACE',''
  ) );
#716 = ORIENTED_EDGE('',*,*,#717,.T.);
#717 = EDGE_CURVE('',#692,#633,#718,.T.);
#718 = SURFACE_CURVE('',#719,(#724,#731),.PCURVE_S1.);
#719 = CIRCLE('',#720,29.9);
#720 = AXIS2_PLACEMENT_3D('',#721,#722,#723);
#721 = CARTESIAN_POINT('',(0.,0.,-1.2));
#722 = DIRECTION('',(0.,0.,1.));
#723 = DIRECTION('',(-0.929590921103,-0.368592891146,0.));
#724 = PCURVE('',#303,#725);
#725 = DEFINITIONAL_REPRESENTATION('',(#726),#730);
#726 = CIRCLE('',#727,29.9);
#727 = AXIS2_PLACEMENT_2D('',#728,#729);
#728 = CARTESIAN_POINT('',(0.,0.));
#729 = DIRECTION('',(-0.929590921103,-0.368592891146));
#730 = ( GEOMETRIC_REPRESENTATION_CONTEXT(2) 
PARAMETRIC_REPRESENTATION_CONTEXT() REPRESENTATION_CONTEXT('2D SPACE',''
  ) );
#731 = PCURVE('',#732,#737);
#732 = CYLINDRICAL_SURFACE('',#733,29.9);
#733 = AXIS2_PLACEMENT_3D('',#734,#735,#736);
#734 = CARTESIAN_POINT('',(0.,0.,-6.25));
#735 = DIRECTION('',(0.,0.,1.));
#736 = DIRECTION('',(-0.929590921103,-0.368592891146,0.));
#737 = DEFINITIONAL_REPRESENTATION('',(#738),#742);
#738 = LINE('',#739,#740);
#739 = CARTESIAN_POINT('',(0.,5.05));
#740 = VECTOR('',#741,1.);
#741 = DIRECTION('',(1.,0.));
#742 = ( GEOMETRIC_REPRESENTATION_CONTEXT(2) 
PARAMETRIC_REPRESENTATION_CONTEXT() REPRESENTATION_CONTEXT('2D SPACE',''
  ) );
#743 = FACE_BOUND('',#744,.F.);
#744 = EDGE_LOOP('',(#745,#773,#806,#832));
#745 = ORIENTED_EDGE('',*,*,#746,.F.);
#746 = EDGE_CURVE('',#747,#749,#751,.T.);
#747 = VERTEX_POINT('',#748);
#748 = CARTESIAN_POINT('',(28.631400369966,-11.35266104729,-1.2));
#749 = VERTEX_POINT('',#750);
#750 = CARTESIAN_POINT('',(27.794768540973,-11.02092744526,-1.2));
#751 = SURFACE_CURVE('',#752,(#756,#762),.PCURVE_S1.);
#752 = LINE('',#753,#754);
#753 = CARTESIAN_POINT('',(14.111469300334,-5.595350760909,-1.2));
#754 = VECTOR('',#755,1.);
#755 = DIRECTION('',(-0.929590921103,0.368592891146,0.));
#756 = PCURVE('',#303,#757);
#757 = DEFINITIONAL_REPRESENTATION('',(#758),#761);
#758 = B_SPLINE_CURVE_WITH_KNOTS('',1,(#759,#760),.UNSPECIFIED.,.F.,.F.,
  (2,2),(-16.21969974105,-14.16969974105),.PIECEWISE_BEZIER_KNOTS.);
#759 = CARTESIAN_POINT('',(29.189154922627,-11.57381678198));
#760 = CARTESIAN_POINT('',(27.283493534367,-10.81820135513));
#761 = ( GEOMETRIC_REPRESENTATION_CONTEXT(2) 
PARAMETRIC_REPRESENTATION_CONTEXT() REPRESENTATION_CONTEXT('2D SPACE',''
  ) );
#762 = PCURVE('',#763,#768);
#763 = PLANE('',#764);
#764 = AXIS2_PLACEMENT_3D('',#765,#766,#767);
#765 = CARTESIAN_POINT('',(28.222938600667,-11.19070152181,
    -4.603242438594));
#766 = DIRECTION('',(0.368592891146,0.929590921103,0.));
#767 = DIRECTION('',(0.,0.,1.));
#768 = DEFINITIONAL_REPRESENTATION('',(#769),#772);
#769 = B_SPLINE_CURVE_WITH_KNOTS('',1,(#770,#771),.UNSPECIFIED.,.F.,.F.,
  (2,2),(-16.21969974105,-14.16969974105),.PIECEWISE_BEZIER_KNOTS.);
#770 = CARTESIAN_POINT('',(3.403242438594,1.039399482101));
#771 = CARTESIAN_POINT('',(3.403242438594,-1.010600517899));
#772 = ( GEOMETRIC_REPRESENTATION_CONTEXT(2) 
PARAMETRIC_REPRESENTATION_CONTEXT() REPRESENTATION_CONTEXT('2D SPACE',''
  ) );
#773 = ORIENTED_EDGE('',*,*,#774,.T.);
#774 = EDGE_CURVE('',#747,#775,#777,.T.);
#775 = VERTEX_POINT('',#776);
#776 = CARTESIAN_POINT('',(24.147393052493,-19.11918954266,-1.2));
#777 = SURFACE_CURVE('',#778,(#783,#794),.PCURVE_S1.);
#778 = CIRCLE('',#779,30.8);
#779 = AXIS2_PLACEMENT_3D('',#780,#781,#782);
#780 = CARTESIAN_POINT('',(0.,0.,-1.2));
#781 = DIRECTION('',(-0.,0.,-1.));
#782 = DIRECTION('',(0.784006267938,-0.620752907229,-0.));
#783 = PCURVE('',#303,#784);
#784 = DEFINITIONAL_REPRESENTATION('',(#785),#793);
#785 = ( BOUNDED_CURVE() B_SPLINE_CURVE(2,(#786,#787,#788,#789,#790,#791
,#792),.UNSPECIFIED.,.T.,.F.) B_SPLINE_CURVE_WITH_KNOTS((1,2,2,2,2,1),(
    -2.094395102393,0.,2.094395102393,4.188790204786,6.28318530718,
8.377580409573),.UNSPECIFIED.) CURVE() GEOMETRIC_REPRESENTATION_ITEM() 
RATIONAL_B_SPLINE_CURVE((1.,0.5,1.,0.5,1.,0.5,1.)) REPRESENTATION_ITEM(
  '') );
#786 = CARTESIAN_POINT('',(24.147393052493,-19.11918954266));
#787 = CARTESIAN_POINT('',(-8.968014634945,-60.94370117992));
#788 = CARTESIAN_POINT('',(-28.63140036996,-11.35266104729));
#789 = CARTESIAN_POINT('',(-48.29478610498,38.238379085333));
#790 = CARTESIAN_POINT('',(4.484007317473,30.47185058996));
#791 = CARTESIAN_POINT('',(57.262800739931,22.705322094587));
#792 = CARTESIAN_POINT('',(24.147393052493,-19.11918954266));
#793 = ( GEOMETRIC_REPRESENTATION_CONTEXT(2) 
PARAMETRIC_REPRESENTATION_CONTEXT() REPRESENTATION_CONTEXT('2D SPACE',''
  ) );
#794 = PCURVE('',#795,#800);
#795 = CYLINDRICAL_SURFACE('',#796,30.8);
#796 = AXIS2_PLACEMENT_3D('',#797,#798,#799);
#797 = CARTESIAN_POINT('',(0.,0.,-1.19));
#798 = DIRECTION('',(-0.,0.,-1.));
#799 = DIRECTION('',(0.784006267938,-0.620752907229,0.));
#800 = DEFINITIONAL_REPRESENTATION('',(#801),#805);
#801 = LINE('',#802,#803);
#802 = CARTESIAN_POINT('',(-6.28318530718,1.E-02));
#803 = VECTOR('',#804,1.);
#804 = DIRECTION('',(1.,-0.));
#805 = ( GEOMETRIC_REPRESENTATION_CONTEXT(2) 
PARAMETRIC_REPRESENTATION_CONTEXT() REPRESENTATION_CONTEXT('2D SPACE',''
  ) );
#806 = ORIENTED_EDGE('',*,*,#807,.T.);
#807 = EDGE_CURVE('',#775,#808,#810,.T.);
#808 = VERTEX_POINT('',#809);
#809 = CARTESIAN_POINT('',(23.441787411349,-18.56051192616,-1.2));
#810 = SURFACE_CURVE('',#811,(#815,#821),.PCURVE_S1.);
#811 = LINE('',#812,#813);
#812 = CARTESIAN_POINT('',(11.901450552199,-9.423215518359,-1.2));
#813 = VECTOR('',#814,1.);
#814 = DIRECTION('',(-0.784006267938,0.620752907229,0.));
#815 = PCURVE('',#303,#816);
#816 = DEFINITIONAL_REPRESENTATION('',(#817),#820);
#817 = B_SPLINE_CURVE_WITH_KNOTS('',1,(#818,#819),.UNSPECIFIED.,.F.,.F.,
  (2,2),(-16.21969974105,-14.16969974105),.PIECEWISE_BEZIER_KNOTS.);
#818 = CARTESIAN_POINT('',(24.617796813256,-19.491641287));
#819 = CARTESIAN_POINT('',(23.010583963983,-18.21909782718));
#820 = ( GEOMETRIC_REPRESENTATION_CONTEXT(2) 
PARAMETRIC_REPRESENTATION_CONTEXT() REPRESENTATION_CONTEXT('2D SPACE',''
  ) );
#821 = PCURVE('',#822,#827);
#822 = PLANE('',#823);
#823 = AXIS2_PLACEMENT_3D('',#824,#825,#826);
#824 = CARTESIAN_POINT('',(23.802901104397,-18.84643103671,
    -4.603242438594));
#825 = DIRECTION('',(0.620752907229,0.784006267938,0.));
#826 = DIRECTION('',(0.,0.,1.));
#827 = DEFINITIONAL_REPRESENTATION('',(#828),#831);
#828 = B_SPLINE_CURVE_WITH_KNOTS('',1,(#829,#830),.UNSPECIFIED.,.F.,.F.,
  (2,2),(-16.21969974105,-14.16969974105),.PIECEWISE_BEZIER_KNOTS.);
#829 = CARTESIAN_POINT('',(3.403242438594,1.039399482101));
#830 = CARTESIAN_POINT('',(3.403242438594,-1.010600517899));
#831 = ( GEOMETRIC_REPRESENTATION_CONTEXT(2) 
PARAMETRIC_REPRESENTATION_CONTEXT() REPRESENTATION_CONTEXT('2D SPACE',''
  ) );
#832 = ORIENTED_EDGE('',*,*,#833,.T.);
#833 = EDGE_CURVE('',#808,#749,#834,.T.);
#834 = SURFACE_CURVE('',#835,(#840,#847),.PCURVE_S1.);
#835 = CIRCLE('',#836,29.9);
#836 = AXIS2_PLACEMENT_3D('',#837,#838,#839);
#837 = CARTESIAN_POINT('',(0.,0.,-1.2));
#838 = DIRECTION('',(0.,0.,1.));
#839 = DIRECTION('',(0.784006267938,-0.620752907229,0.));
#840 = PCURVE('',#303,#841);
#841 = DEFINITIONAL_REPRESENTATION('',(#842),#846);
#842 = CIRCLE('',#843,29.9);
#843 = AXIS2_PLACEMENT_2D('',#844,#845);
#844 = CARTESIAN_POINT('',(0.,0.));
#845 = DIRECTION('',(0.784006267938,-0.620752907229));
#846 = ( GEOMETRIC_REPRESENTATION_CONTEXT(2) 
PARAMETRIC_REPRESENTATION_CONTEXT() REPRESENTATION_CONTEXT('2D SPACE',''
  ) );
#847 = PCURVE('',#848,#853);
#848 = CYLINDRICAL_SURFACE('',#849,29.9);
#849 = AXIS2_PLACEMENT_3D('',#850,#851,#852);
#850 = CARTESIAN_POINT('',(0.,0.,-6.25));
#851 = DIRECTION('',(0.,0.,1.));
#852 = DIRECTION('',(0.784006267938,-0.620752907229,0.));
#853 = DEFINITIONAL_REPRESENTATION('',(#854),#858);
#854 = LINE('',#855,#856);
#855 = CARTESIAN_POINT('',(0.,5.05));
#856 = VECTOR('',#857,1.);
#857 = DIRECTION('',(1.,0.));
#858 = ( GEOMETRIC_REPRESENTATION_CONTEXT(2) 
PARAMETRIC_REPRESENTATION_CONTEXT() REPRESENTATION_CONTEXT('2D SPACE',''
  ) );
#859 = FACE_BOUND('',#860,.F.);
#860 = EDGE_LOOP('',(#861,#862,#863,#864));
#861 = ORIENTED_EDGE('',*,*,#552,.F.);
#862 = ORIENTED_EDGE('',*,*,#437,.T.);
#863 = ORIENTED_EDGE('',*,*,#504,.T.);
#864 = ORIENTED_EDGE('',*,*,#600,.T.);
#865 = FACE_BOUND('',#866,.F.);
#866 = EDGE_LOOP('',(#867,#895,#928,#954));
#867 = ORIENTED_EDGE('',*,*,#868,.F.);
#868 = EDGE_CURVE('',#869,#871,#873,.T.);
#869 = VERTEX_POINT('',#870);
#870 = CARTESIAN_POINT('',(-4.484007317473,30.47185058996,-1.2));
#871 = VERTEX_POINT('',#872);
#872 = CARTESIAN_POINT('',(-4.352981129624,29.581439371422,-1.2));
#873 = SURFACE_CURVE('',#874,(#878,#884),.PCURVE_S1.);
#874 = LINE('',#875,#876);
#875 = CARTESIAN_POINT('',(-2.210018748135,15.018566279268,-1.2));
#876 = VECTOR('',#877,1.);
#877 = DIRECTION('',(0.145584653165,-0.989345798375,0.));
#878 = PCURVE('',#303,#879);
#879 = DEFINITIONAL_REPRESENTATION('',(#880),#883);
#880 = B_SPLINE_CURVE_WITH_KNOTS('',1,(#881,#882),.UNSPECIFIED.,.F.,.F.,
  (2,2),(-16.21969974105,-14.16969974105),.PIECEWISE_BEZIER_KNOTS.);
#881 = CARTESIAN_POINT('',(-4.571358109371,31.065458068985));
#882 = CARTESIAN_POINT('',(-4.272909570384,29.037299182316));
#883 = ( GEOMETRIC_REPRESENTATION_CONTEXT(2) 
PARAMETRIC_REPRESENTATION_CONTEXT() REPRESENTATION_CONTEXT('2D SPACE',''
  ) );
#884 = PCURVE('',#885,#890);
#885 = PLANE('',#886);
#886 = AXIS2_PLACEMENT_3D('',#887,#888,#889);
#887 = CARTESIAN_POINT('',(-4.42003749627,30.037132558535,
    -4.603242438594));
#888 = DIRECTION('',(-0.989345798375,-0.145584653165,0.));
#889 = DIRECTION('',(0.,0.,1.));
#890 = DEFINITIONAL_REPRESENTATION('',(#891),#894);
#891 = B_SPLINE_CURVE_WITH_KNOTS('',1,(#892,#893),.UNSPECIFIED.,.F.,.F.,
  (2,2),(-16.21969974105,-14.16969974105),.PIECEWISE_BEZIER_KNOTS.);
#892 = CARTESIAN_POINT('',(3.403242438594,1.039399482101));
#893 = CARTESIAN_POINT('',(3.403242438594,-1.010600517899));
#894 = ( GEOMETRIC_REPRESENTATION_CONTEXT(2) 
PARAMETRIC_REPRESENTATION_CONTEXT() REPRESENTATION_CONTEXT('2D SPACE',''
  ) );
#895 = ORIENTED_EDGE('',*,*,#896,.T.);
#896 = EDGE_CURVE('',#869,#897,#899,.T.);
#897 = VERTEX_POINT('',#898);
#898 = CARTESIAN_POINT('',(4.484007317473,30.47185058996,-1.2));
#899 = SURFACE_CURVE('',#900,(#905,#916),.PCURVE_S1.);
#900 = CIRCLE('',#901,30.8);
#901 = AXIS2_PLACEMENT_3D('',#902,#903,#904);
#902 = CARTESIAN_POINT('',(0.,0.,-1.2));
#903 = DIRECTION('',(0.,0.,-1.));
#904 = DIRECTION('',(0.145584653165,0.989345798375,0.));
#905 = PCURVE('',#303,#906);
#906 = DEFINITIONAL_REPRESENTATION('',(#907),#915);
#907 = ( BOUNDED_CURVE() B_SPLINE_CURVE(2,(#908,#909,#910,#911,#912,#913
,#914),.UNSPECIFIED.,.T.,.F.) B_SPLINE_CURVE_WITH_KNOTS((1,2,2,2,2,1),(
    -2.094395102393,0.,2.094395102393,4.188790204786,6.28318530718,
8.377580409573),.UNSPECIFIED.) CURVE() GEOMETRIC_REPRESENTATION_ITEM() 
RATIONAL_B_SPLINE_CURVE((1.,0.5,1.,0.5,1.,0.5,1.)) REPRESENTATION_ITEM(
  '') );
#908 = CARTESIAN_POINT('',(4.484007317473,30.47185058996));
#909 = CARTESIAN_POINT('',(57.262800739931,22.705322094587));
#910 = CARTESIAN_POINT('',(24.147393052493,-19.11918954266));
#911 = CARTESIAN_POINT('',(-8.968014634945,-60.94370117992));
#912 = CARTESIAN_POINT('',(-28.63140036996,-11.35266104729));
#913 = CARTESIAN_POINT('',(-48.29478610498,38.238379085333));
#914 = CARTESIAN_POINT('',(4.484007317473,30.47185058996));
#915 = ( GEOMETRIC_REPRESENTATION_CONTEXT(2) 
PARAMETRIC_REPRESENTATION_CONTEXT() REPRESENTATION_CONTEXT('2D SPACE',''
  ) );
#916 = PCURVE('',#917,#922);
#917 = CYLINDRICAL_SURFACE('',#918,30.8);
#918 = AXIS2_PLACEMENT_3D('',#919,#920,#921);
#919 = CARTESIAN_POINT('',(0.,0.,-1.19));
#920 = DIRECTION('',(0.,-0.,-1.));
#921 = DIRECTION('',(0.145584653165,0.989345798375,0.));
#922 = DEFINITIONAL_REPRESENTATION('',(#923),#927);
#923 = LINE('',#924,#925);
#924 = CARTESIAN_POINT('',(-6.28318530718,1.E-02));
#925 = VECTOR('',#926,1.);
#926 = DIRECTION('',(1.,-0.));
#927 = ( GEOMETRIC_REPRESENTATION_CONTEXT(2) 
PARAMETRIC_REPRESENTATION_CONTEXT() REPRESENTATION_CONTEXT('2D SPACE',''
  ) );
#928 = ORIENTED_EDGE('',*,*,#929,.T.);
#929 = EDGE_CURVE('',#897,#930,#932,.T.);
#930 = VERTEX_POINT('',#931);
#931 = CARTESIAN_POINT('',(4.352981129624,29.581439371422,-1.2));
#932 = SURFACE_CURVE('',#933,(#937,#943),.PCURVE_S1.);
#933 = LINE('',#934,#935);
#934 = CARTESIAN_POINT('',(2.210018748135,15.018566279268,-1.2));
#935 = VECTOR('',#936,1.);
#936 = DIRECTION('',(-0.145584653165,-0.989345798375,0.));
#937 = PCURVE('',#303,#938);
#938 = DEFINITIONAL_REPRESENTATION('',(#939),#942);
#939 = B_SPLINE_CURVE_WITH_KNOTS('',1,(#940,#941),.UNSPECIFIED.,.F.,.F.,
  (2,2),(-16.21969974105,-14.16969974105),.PIECEWISE_BEZIER_KNOTS.);
#940 = CARTESIAN_POINT('',(4.571358109371,31.065458068985));
#941 = CARTESIAN_POINT('',(4.272909570384,29.037299182316));
#942 = ( GEOMETRIC_REPRESENTATION_CONTEXT(2) 
PARAMETRIC_REPRESENTATION_CONTEXT() REPRESENTATION_CONTEXT('2D SPACE',''
  ) );
#943 = PCURVE('',#944,#949);
#944 = PLANE('',#945);
#945 = AXIS2_PLACEMENT_3D('',#946,#947,#948);
#946 = CARTESIAN_POINT('',(4.42003749627,30.037132558535,-4.603242438594
    ));
#947 = DIRECTION('',(-0.989345798375,0.145584653165,0.));
#948 = DIRECTION('',(0.,0.,1.));
#949 = DEFINITIONAL_REPRESENTATION('',(#950),#953);
#950 = B_SPLINE_CURVE_WITH_KNOTS('',1,(#951,#952),.UNSPECIFIED.,.F.,.F.,
  (2,2),(-16.21969974105,-14.16969974105),.PIECEWISE_BEZIER_KNOTS.);
#951 = CARTESIAN_POINT('',(3.403242438594,1.039399482101));
#952 = CARTESIAN_POINT('',(3.403242438594,-1.010600517899));
#953 = ( GEOMETRIC_REPRESENTATION_CONTEXT(2) 
PARAMETRIC_REPRESENTATION_CONTEXT() REPRESENTATION_CONTEXT('2D SPACE',''
  ) );
#954 = ORIENTED_EDGE('',*,*,#955,.T.);
#955 = EDGE_CURVE('',#930,#871,#956,.T.);
#956 = SURFACE_CURVE('',#957,(#962,#969),.PCURVE_S1.);
#957 = CIRCLE('',#958,29.9);
#958 = AXIS2_PLACEMENT_3D('',#959,#960,#961);
#959 = CARTESIAN_POINT('',(0.,0.,-1.2));
#960 = DIRECTION('',(0.,0.,1.));
#961 = DIRECTION('',(0.145584653165,0.989345798375,-0.));
#962 = PCURVE('',#303,#963);
#963 = DEFINITIONAL_REPRESENTATION('',(#964),#968);
#964 = CIRCLE('',#965,29.9);
#965 = AXIS2_PLACEMENT_2D('',#966,#967);
#966 = CARTESIAN_POINT('',(0.,0.));
#967 = DIRECTION('',(0.145584653165,0.989345798375));
#968 = ( GEOMETRIC_REPRESENTATION_CONTEXT(2) 
PARAMETRIC_REPRESENTATION_CONTEXT() REPRESENTATION_CONTEXT('2D SPACE',''
  ) );
#969 = PCURVE('',#970,#975);
#970 = CYLINDRICAL_SURFACE('',#971,29.9);
#971 = AXIS2_PLACEMENT_3D('',#972,#973,#974);
#972 = CARTESIAN_POINT('',(0.,0.,-6.25));
#973 = DIRECTION('',(0.,0.,1.));
#974 = DIRECTION('',(0.145584653165,0.989345798375,0.));
#975 = DEFINITIONAL_REPRESENTATION('',(#976),#980);
#976 = LINE('',#977,#978);
#977 = CARTESIAN_POINT('',(0.,5.05));
#978 = VECTOR('',#979,1.);
#979 = DIRECTION('',(1.,0.));
#980 = ( GEOMETRIC_REPRESENTATION_CONTEXT(2) 
PARAMETRIC_REPRESENTATION_CONTEXT() REPRESENTATION_CONTEXT('2D SPACE',''
  ) );
#981 = ADVANCED_FACE('',(#982),#647,.T.);
#982 = FACE_BOUND('',#983,.T.);
#983 = EDGE_LOOP('',(#984,#1007,#1008,#1031,#1059,#1087,#1115,#1143,
    #1171));
#984 = ORIENTED_EDGE('',*,*,#985,.T.);
#985 = EDGE_CURVE('',#986,#633,#988,.T.);
#986 = VERTEX_POINT('',#987);
#987 = CARTESIAN_POINT('',(-23.44178741134,-18.56051192616,-6.25));
#988 = SURFACE_CURVE('',#989,(#993,#1000),.PCURVE_S1.);
#989 = LINE('',#990,#991);
#990 = CARTESIAN_POINT('',(-23.44178741134,-18.56051192616,-6.25));
#991 = VECTOR('',#992,1.);
#992 = DIRECTION('',(0.,0.,1.));
#993 = PCURVE('',#647,#994);
#994 = DEFINITIONAL_REPRESENTATION('',(#995),#999);
#995 = LINE('',#996,#997);
#996 = CARTESIAN_POINT('',(-1.646757561406,-0.460600517899));
#997 = VECTOR('',#998,1.);
#998 = DIRECTION('',(1.,0.));
#999 = ( GEOMETRIC_REPRESENTATION_CONTEXT(2) 
PARAMETRIC_REPRESENTATION_CONTEXT() REPRESENTATION_CONTEXT('2D SPACE',''
  ) );
#1000 = PCURVE('',#732,#1001);
#1001 = DEFINITIONAL_REPRESENTATION('',(#1002),#1006);
#1002 = LINE('',#1003,#1004);
#1003 = CARTESIAN_POINT('',(0.292207792208,0.));
#1004 = VECTOR('',#1005,1.);
#1005 = DIRECTION('',(0.,1.));
#1006 = ( GEOMETRIC_REPRESENTATION_CONTEXT(2) 
PARAMETRIC_REPRESENTATION_CONTEXT() REPRESENTATION_CONTEXT('2D SPACE',''
  ) );
#1007 = ORIENTED_EDGE('',*,*,#630,.F.);
#1008 = ORIENTED_EDGE('',*,*,#1009,.T.);
#1009 = EDGE_CURVE('',#631,#1010,#1012,.T.);
#1010 = VERTEX_POINT('',#1011);
#1011 = CARTESIAN_POINT('',(-24.14739305249,-19.11918954266,-6.9));
#1012 = SURFACE_CURVE('',#1013,(#1017,#1024),.PCURVE_S1.);
#1013 = LINE('',#1014,#1015);
#1014 = CARTESIAN_POINT('',(-24.14739305249,-19.11918954266,-1.19));
#1015 = VECTOR('',#1016,1.);
#1016 = DIRECTION('',(0.,-0.,-1.));
#1017 = PCURVE('',#647,#1018);
#1018 = DEFINITIONAL_REPRESENTATION('',(#1019),#1023);
#1019 = LINE('',#1020,#1021);
#1020 = CARTESIAN_POINT('',(3.413242438594,0.439399482101));
#1021 = VECTOR('',#1022,1.);
#1022 = DIRECTION('',(-1.,-0.));
#1023 = ( GEOMETRIC_REPRESENTATION_CONTEXT(2) 
PARAMETRIC_REPRESENTATION_CONTEXT() REPRESENTATION_CONTEXT('2D SPACE',''
  ) );
#1024 = PCURVE('',#679,#1025);
#1025 = DEFINITIONAL_REPRESENTATION('',(#1026),#1030);
#1026 = LINE('',#1027,#1028);
#1027 = CARTESIAN_POINT('',(-0.292207792208,0.));
#1028 = VECTOR('',#1029,1.);
#1029 = DIRECTION('',(-0.,1.));
#1030 = ( GEOMETRIC_REPRESENTATION_CONTEXT(2) 
PARAMETRIC_REPRESENTATION_CONTEXT() REPRESENTATION_CONTEXT('2D SPACE',''
  ) );
#1031 = ORIENTED_EDGE('',*,*,#1032,.T.);
#1032 = EDGE_CURVE('',#1010,#1033,#1035,.T.);
#1033 = VERTEX_POINT('',#1034);
#1034 = CARTESIAN_POINT('',(-24.61779681325,-19.491641287,-7.2));
#1035 = SURFACE_CURVE('',#1036,(#1040,#1047),.PCURVE_S1.);
#1036 = LINE('',#1037,#1038);
#1037 = CARTESIAN_POINT('',(-24.14739305249,-19.11918954266,-6.9));
#1038 = VECTOR('',#1039,1.);
#1039 = DIRECTION('',(-0.701236523958,-0.555218279118,-0.4472135955));
#1040 = PCURVE('',#647,#1041);
#1041 = DEFINITIONAL_REPRESENTATION('',(#1042),#1046);
#1042 = LINE('',#1043,#1044);
#1043 = CARTESIAN_POINT('',(-2.296757561406,0.439399482101));
#1044 = VECTOR('',#1045,1.);
#1045 = DIRECTION('',(-0.4472135955,0.894427191));
#1046 = ( GEOMETRIC_REPRESENTATION_CONTEXT(2) 
PARAMETRIC_REPRESENTATION_CONTEXT() REPRESENTATION_CONTEXT('2D SPACE',''
  ) );
#1047 = PCURVE('',#1048,#1053);
#1048 = CONICAL_SURFACE('',#1049,30.8,1.107148717794);
#1049 = AXIS2_PLACEMENT_3D('',#1050,#1051,#1052);
#1050 = CARTESIAN_POINT('',(0.,0.,-6.9));
#1051 = DIRECTION('',(0.,0.,-1.));
#1052 = DIRECTION('',(-0.929590921103,-0.368592891146,0.));
#1053 = DEFINITIONAL_REPRESENTATION('',(#1054),#1058);
#1054 = LINE('',#1055,#1056);
#1055 = CARTESIAN_POINT('',(-0.292207792208,0.));
#1056 = VECTOR('',#1057,1.);
#1057 = DIRECTION('',(-0.,1.));
#1058 = ( GEOMETRIC_REPRESENTATION_CONTEXT(2) 
PARAMETRIC_REPRESENTATION_CONTEXT() REPRESENTATION_CONTEXT('2D SPACE',''
  ) );
#1059 = ORIENTED_EDGE('',*,*,#1060,.T.);
#1060 = EDGE_CURVE('',#1033,#1061,#1063,.T.);
#1061 = VERTEX_POINT('',#1062);
#1062 = CARTESIAN_POINT('',(-24.61779681325,-19.491641287,-7.5));
#1063 = SURFACE_CURVE('',#1064,(#1068,#1075),.PCURVE_S1.);
#1064 = LINE('',#1065,#1066);
#1065 = CARTESIAN_POINT('',(-24.61779681325,-19.491641287,-7.2));
#1066 = VECTOR('',#1067,1.);
#1067 = DIRECTION('',(0.,-0.,-1.));
#1068 = PCURVE('',#647,#1069);
#1069 = DEFINITIONAL_REPRESENTATION('',(#1070),#1074);
#1070 = LINE('',#1071,#1072);
#1071 = CARTESIAN_POINT('',(-2.596757561406,1.039399482101));
#1072 = VECTOR('',#1073,1.);
#1073 = DIRECTION('',(-1.,-0.));
#1074 = ( GEOMETRIC_REPRESENTATION_CONTEXT(2) 
PARAMETRIC_REPRESENTATION_CONTEXT() REPRESENTATION_CONTEXT('2D SPACE',''
  ) );
#1075 = PCURVE('',#1076,#1081);
#1076 = CYLINDRICAL_SURFACE('',#1077,31.4);
#1077 = AXIS2_PLACEMENT_3D('',#1078,#1079,#1080);
#1078 = CARTESIAN_POINT('',(0.,0.,-7.2));
#1079 = DIRECTION('',(0.,0.,-1.));
#1080 = DIRECTION('',(-0.929590921103,-0.368592891146,0.));
#1081 = DEFINITIONAL_REPRESENTATION('',(#1082),#1086);
#1082 = LINE('',#1083,#1084);
#1083 = CARTESIAN_POINT('',(-0.292207792208,0.));
#1084 = VECTOR('',#1085,1.);
#1085 = DIRECTION('',(-0.,1.));
#1086 = ( GEOMETRIC_REPRESENTATION_CONTEXT(2) 
PARAMETRIC_REPRESENTATION_CONTEXT() REPRESENTATION_CONTEXT('2D SPACE',''
  ) );
#1087 = ORIENTED_EDGE('',*,*,#1088,.T.);
#1088 = EDGE_CURVE('',#1061,#1089,#1091,.T.);
#1089 = VERTEX_POINT('',#1090);
#1090 = CARTESIAN_POINT('',(-23.48098772474,-18.59154957152,-7.5));
#1091 = SURFACE_CURVE('',#1092,(#1096,#1103),.PCURVE_S1.);
#1092 = LINE('',#1093,#1094);
#1093 = CARTESIAN_POINT('',(-24.61779681325,-19.491641287,-7.5));
#1094 = VECTOR('',#1095,1.);
#1095 = DIRECTION('',(0.784006267938,0.620752907229,0.));
#1096 = PCURVE('',#647,#1097);
#1097 = DEFINITIONAL_REPRESENTATION('',(#1098),#1102);
#1098 = LINE('',#1099,#1100);
#1099 = CARTESIAN_POINT('',(-2.896757561406,1.039399482101));
#1100 = VECTOR('',#1101,1.);
#1101 = DIRECTION('',(0.,-1.));
#1102 = ( GEOMETRIC_REPRESENTATION_CONTEXT(2) 
PARAMETRIC_REPRESENTATION_CONTEXT() REPRESENTATION_CONTEXT('2D SPACE',''
  ) );
#1103 = PCURVE('',#1104,#1109);
#1104 = PLANE('',#1105);
#1105 = AXIS2_PLACEMENT_3D('',#1106,#1107,#1108);
#1106 = CARTESIAN_POINT('',(0.,0.,-7.5));
#1107 = DIRECTION('',(0.,0.,1.));
#1108 = DIRECTION('',(-0.929590921103,-0.368592891146,0.));
#1109 = DEFINITIONAL_REPRESENTATION('',(#1110),#1114);
#1110 = LINE('',#1111,#1112);
#1111 = CARTESIAN_POINT('',(30.068960830311,9.045307876751));
#1112 = VECTOR('',#1113,1.);
#1113 = DIRECTION('',(-0.957610217526,-0.288067129833));
#1114 = ( GEOMETRIC_REPRESENTATION_CONTEXT(2) 
PARAMETRIC_REPRESENTATION_CONTEXT() REPRESENTATION_CONTEXT('2D SPACE',''
  ) );
#1115 = ORIENTED_EDGE('',*,*,#1116,.T.);
#1116 = EDGE_CURVE('',#1089,#1117,#1119,.T.);
#1117 = VERTEX_POINT('',#1118);
#1118 = CARTESIAN_POINT('',(-23.01058396398,-18.21909782718,-6.6));
#1119 = SURFACE_CURVE('',#1120,(#1124,#1131),.PCURVE_S1.);
#1120 = LINE('',#1121,#1122);
#1121 = CARTESIAN_POINT('',(-23.48098772474,-18.59154957152,-7.5));
#1122 = VECTOR('',#1123,1.);
#1123 = DIRECTION('',(0.434888430667,0.344331759448,0.832050294338));
#1124 = PCURVE('',#647,#1125);
#1125 = DEFINITIONAL_REPRESENTATION('',(#1126),#1130);
#1126 = LINE('',#1127,#1128);
#1127 = CARTESIAN_POINT('',(-2.896757561406,-0.410600517899));
#1128 = VECTOR('',#1129,1.);
#1129 = DIRECTION('',(0.832050294338,-0.554700196225));
#1130 = ( GEOMETRIC_REPRESENTATION_CONTEXT(2) 
PARAMETRIC_REPRESENTATION_CONTEXT() REPRESENTATION_CONTEXT('2D SPACE',''
  ) );
#1131 = PCURVE('',#1132,#1137);
#1132 = CONICAL_SURFACE('',#1133,29.95,0.588002603548);
#1133 = AXIS2_PLACEMENT_3D('',#1134,#1135,#1136);
#1134 = CARTESIAN_POINT('',(0.,0.,-7.5));
#1135 = DIRECTION('',(-0.,-0.,-1.));
#1136 = DIRECTION('',(-0.929590921103,-0.368592891146,0.));
#1137 = DEFINITIONAL_REPRESENTATION('',(#1138),#1142);
#1138 = LINE('',#1139,#1140);
#1139 = CARTESIAN_POINT('',(-0.292207792208,-0.));
#1140 = VECTOR('',#1141,1.);
#1141 = DIRECTION('',(-0.,-1.));
#1142 = ( GEOMETRIC_REPRESENTATION_CONTEXT(2) 
PARAMETRIC_REPRESENTATION_CONTEXT() REPRESENTATION_CONTEXT('2D SPACE',''
  ) );
#1143 = ORIENTED_EDGE('',*,*,#1144,.T.);
#1144 = EDGE_CURVE('',#1117,#1145,#1147,.T.);
#1145 = VERTEX_POINT('',#1146);
#1146 = CARTESIAN_POINT('',(-23.01058396398,-18.21909782718,-6.35));
#1147 = SURFACE_CURVE('',#1148,(#1152,#1159),.PCURVE_S1.);
#1148 = LINE('',#1149,#1150);
#1149 = CARTESIAN_POINT('',(-23.01058396398,-18.21909782718,-6.6));
#1150 = VECTOR('',#1151,1.);
#1151 = DIRECTION('',(0.,0.,1.));
#1152 = PCURVE('',#647,#1153);
#1153 = DEFINITIONAL_REPRESENTATION('',(#1154),#1158);
#1154 = LINE('',#1155,#1156);
#1155 = CARTESIAN_POINT('',(-1.996757561406,-1.010600517899));
#1156 = VECTOR('',#1157,1.);
#1157 = DIRECTION('',(1.,0.));
#1158 = ( GEOMETRIC_REPRESENTATION_CONTEXT(2) 
PARAMETRIC_REPRESENTATION_CONTEXT() REPRESENTATION_CONTEXT('2D SPACE',''
  ) );
#1159 = PCURVE('',#1160,#1165);
#1160 = CYLINDRICAL_SURFACE('',#1161,29.35);
#1161 = AXIS2_PLACEMENT_3D('',#1162,#1163,#1164);
#1162 = CARTESIAN_POINT('',(0.,0.,-6.6));
#1163 = DIRECTION('',(0.,0.,1.));
#1164 = DIRECTION('',(-0.929590921103,-0.368592891146,0.));
#1165 = DEFINITIONAL_REPRESENTATION('',(#1166),#1170);
#1166 = LINE('',#1167,#1168);
#1167 = CARTESIAN_POINT('',(0.292207792208,0.));
#1168 = VECTOR('',#1169,1.);
#1169 = DIRECTION('',(0.,1.));
#1170 = ( GEOMETRIC_REPRESENTATION_CONTEXT(2) 
PARAMETRIC_REPRESENTATION_CONTEXT() REPRESENTATION_CONTEXT('2D SPACE',''
  ) );
#1171 = ORIENTED_EDGE('',*,*,#1172,.T.);
#1172 = EDGE_CURVE('',#1145,#986,#1173,.T.);
#1173 = SURFACE_CURVE('',#1174,(#1178,#1185),.PCURVE_S1.);
#1174 = LINE('',#1175,#1176);
#1175 = CARTESIAN_POINT('',(-23.01058396398,-18.21909782718,-6.35));
#1176 = VECTOR('',#1177,1.);
#1177 = DIRECTION('',(-0.771360176354,-0.61074010703,0.1788854382));
#1178 = PCURVE('',#647,#1179);
#1179 = DEFINITIONAL_REPRESENTATION('',(#1180),#1184);
#1180 = LINE('',#1181,#1182);
#1181 = CARTESIAN_POINT('',(-1.746757561406,-1.010600517899));
#1182 = VECTOR('',#1183,1.);
#1183 = DIRECTION('',(0.1788854382,0.9838699101));
#1184 = ( GEOMETRIC_REPRESENTATION_CONTEXT(2) 
PARAMETRIC_REPRESENTATION_CONTEXT() REPRESENTATION_CONTEXT('2D SPACE',''
  ) );
#1185 = PCURVE('',#1186,#1191);
#1186 = CONICAL_SURFACE('',#1187,29.35,1.390942827002);
#1187 = AXIS2_PLACEMENT_3D('',#1188,#1189,#1190);
#1188 = CARTESIAN_POINT('',(0.,0.,-6.35));
#1189 = DIRECTION('',(0.,0.,1.));
#1190 = DIRECTION('',(-0.929590921103,-0.368592891146,0.));
#1191 = DEFINITIONAL_REPRESENTATION('',(#1192),#1196);
#1192 = LINE('',#1193,#1194);
#1193 = CARTESIAN_POINT('',(0.292207792208,0.));
#1194 = VECTOR('',#1195,1.);
#1195 = DIRECTION('',(0.,1.));
#1196 = ( GEOMETRIC_REPRESENTATION_CONTEXT(2) 
PARAMETRIC_REPRESENTATION_CONTEXT() REPRESENTATION_CONTEXT('2D SPACE',''
  ) );
#1197 = ADVANCED_FACE('',(#1198),#679,.T.);
#1198 = FACE_BOUND('',#1199,.F.);
#1199 = EDGE_LOOP('',(#1200,#1223,#1224,#1225));
#1200 = ORIENTED_EDGE('',*,*,#1201,.F.);
#1201 = EDGE_CURVE('',#659,#1202,#1204,.T.);
#1202 = VERTEX_POINT('',#1203);
#1203 = CARTESIAN_POINT('',(-28.63140036996,-11.35266104729,-6.9));
#1204 = SURFACE_CURVE('',#1205,(#1209,#1216),.PCURVE_S1.);
#1205 = LINE('',#1206,#1207);
#1206 = CARTESIAN_POINT('',(-28.63140036996,-11.35266104729,-1.19));
#1207 = VECTOR('',#1208,1.);
#1208 = DIRECTION('',(0.,-0.,-1.));
#1209 = PCURVE('',#679,#1210);
#1210 = DEFINITIONAL_REPRESENTATION('',(#1211),#1215);
#1211 = LINE('',#1212,#1213);
#1212 = CARTESIAN_POINT('',(-0.,0.));
#1213 = VECTOR('',#1214,1.);
#1214 = DIRECTION('',(-0.,1.));
#1215 = ( GEOMETRIC_REPRESENTATION_CONTEXT(2) 
PARAMETRIC_REPRESENTATION_CONTEXT() REPRESENTATION_CONTEXT('2D SPACE',''
  ) );
#1216 = PCURVE('',#706,#1217);
#1217 = DEFINITIONAL_REPRESENTATION('',(#1218),#1222);
#1218 = LINE('',#1219,#1220);
#1219 = CARTESIAN_POINT('',(3.413242438594,0.439399482101));
#1220 = VECTOR('',#1221,1.);
#1221 = DIRECTION('',(-1.,-0.));
#1222 = ( GEOMETRIC_REPRESENTATION_CONTEXT(2) 
PARAMETRIC_REPRESENTATION_CONTEXT() REPRESENTATION_CONTEXT('2D SPACE',''
  ) );
#1223 = ORIENTED_EDGE('',*,*,#658,.F.);
#1224 = ORIENTED_EDGE('',*,*,#1009,.T.);
#1225 = ORIENTED_EDGE('',*,*,#1226,.F.);
#1226 = EDGE_CURVE('',#1202,#1010,#1227,.T.);
#1227 = SURFACE_CURVE('',#1228,(#1233,#1240),.PCURVE_S1.);
#1228 = CIRCLE('',#1229,30.8);
#1229 = AXIS2_PLACEMENT_3D('',#1230,#1231,#1232);
#1230 = CARTESIAN_POINT('',(0.,0.,-6.9));
#1231 = DIRECTION('',(0.,0.,1.));
#1232 = DIRECTION('',(-0.929590921103,-0.368592891146,0.));
#1233 = PCURVE('',#679,#1234);
#1234 = DEFINITIONAL_REPRESENTATION('',(#1235),#1239);
#1235 = LINE('',#1236,#1237);
#1236 = CARTESIAN_POINT('',(-0.,5.71));
#1237 = VECTOR('',#1238,1.);
#1238 = DIRECTION('',(-1.,0.));
#1239 = ( GEOMETRIC_REPRESENTATION_CONTEXT(2) 
PARAMETRIC_REPRESENTATION_CONTEXT() REPRESENTATION_CONTEXT('2D SPACE',''
  ) );
#1240 = PCURVE('',#1048,#1241);
#1241 = DEFINITIONAL_REPRESENTATION('',(#1242),#1246);
#1242 = LINE('',#1243,#1244);
#1243 = CARTESIAN_POINT('',(-0.,0.));
#1244 = VECTOR('',#1245,1.);
#1245 = DIRECTION('',(-1.,0.));
#1246 = ( GEOMETRIC_REPRESENTATION_CONTEXT(2) 
PARAMETRIC_REPRESENTATION_CONTEXT() REPRESENTATION_CONTEXT('2D SPACE',''
  ) );
#1247 = ADVANCED_FACE('',(#1248),#732,.F.);
#1248 = FACE_BOUND('',#1249,.F.);
#1249 = EDGE_LOOP('',(#1250,#1273,#1295,#1296));
#1250 = ORIENTED_EDGE('',*,*,#1251,.F.);
#1251 = EDGE_CURVE('',#1252,#692,#1254,.T.);
#1252 = VERTEX_POINT('',#1253);
#1253 = CARTESIAN_POINT('',(-27.79476854097,-11.02092744526,-6.25));
#1254 = SURFACE_CURVE('',#1255,(#1259,#1266),.PCURVE_S1.);
#1255 = LINE('',#1256,#1257);
#1256 = CARTESIAN_POINT('',(-27.79476854097,-11.02092744526,-6.25));
#1257 = VECTOR('',#1258,1.);
#1258 = DIRECTION('',(0.,0.,1.));
#1259 = PCURVE('',#732,#1260);
#1260 = DEFINITIONAL_REPRESENTATION('',(#1261),#1265);
#1261 = LINE('',#1262,#1263);
#1262 = CARTESIAN_POINT('',(0.,0.));
#1263 = VECTOR('',#1264,1.);
#1264 = DIRECTION('',(0.,1.));
#1265 = ( GEOMETRIC_REPRESENTATION_CONTEXT(2) 
PARAMETRIC_REPRESENTATION_CONTEXT() REPRESENTATION_CONTEXT('2D SPACE',''
  ) );
#1266 = PCURVE('',#706,#1267);
#1267 = DEFINITIONAL_REPRESENTATION('',(#1268),#1272);
#1268 = LINE('',#1269,#1270);
#1269 = CARTESIAN_POINT('',(-1.646757561406,-0.460600517899));
#1270 = VECTOR('',#1271,1.);
#1271 = DIRECTION('',(1.,0.));
#1272 = ( GEOMETRIC_REPRESENTATION_CONTEXT(2) 
PARAMETRIC_REPRESENTATION_CONTEXT() REPRESENTATION_CONTEXT('2D SPACE',''
  ) );
#1273 = ORIENTED_EDGE('',*,*,#1274,.T.);
#1274 = EDGE_CURVE('',#1252,#986,#1275,.T.);
#1275 = SURFACE_CURVE('',#1276,(#1281,#1288),.PCURVE_S1.);
#1276 = CIRCLE('',#1277,29.9);
#1277 = AXIS2_PLACEMENT_3D('',#1278,#1279,#1280);
#1278 = CARTESIAN_POINT('',(0.,0.,-6.25));
#1279 = DIRECTION('',(0.,0.,1.));
#1280 = DIRECTION('',(-0.929590921103,-0.368592891146,0.));
#1281 = PCURVE('',#732,#1282);
#1282 = DEFINITIONAL_REPRESENTATION('',(#1283),#1287);
#1283 = LINE('',#1284,#1285);
#1284 = CARTESIAN_POINT('',(0.,0.));
#1285 = VECTOR('',#1286,1.);
#1286 = DIRECTION('',(1.,0.));
#1287 = ( GEOMETRIC_REPRESENTATION_CONTEXT(2) 
PARAMETRIC_REPRESENTATION_CONTEXT() REPRESENTATION_CONTEXT('2D SPACE',''
  ) );
#1288 = PCURVE('',#1186,#1289);
#1289 = DEFINITIONAL_REPRESENTATION('',(#1290),#1294);
#1290 = LINE('',#1291,#1292);
#1291 = CARTESIAN_POINT('',(0.,1.E-01));
#1292 = VECTOR('',#1293,1.);
#1293 = DIRECTION('',(1.,0.));
#1294 = ( GEOMETRIC_REPRESENTATION_CONTEXT(2) 
PARAMETRIC_REPRESENTATION_CONTEXT() REPRESENTATION_CONTEXT('2D SPACE',''
  ) );
#1295 = ORIENTED_EDGE('',*,*,#985,.T.);
#1296 = ORIENTED_EDGE('',*,*,#717,.F.);
#1297 = ADVANCED_FACE('',(#1298),#706,.F.);
#1298 = FACE_BOUND('',#1299,.F.);
#1299 = EDGE_LOOP('',(#1300,#1301,#1302,#1303,#1326,#1349,#1372,#1395,
    #1418));
#1300 = ORIENTED_EDGE('',*,*,#1251,.T.);
#1301 = ORIENTED_EDGE('',*,*,#691,.F.);
#1302 = ORIENTED_EDGE('',*,*,#1201,.T.);
#1303 = ORIENTED_EDGE('',*,*,#1304,.T.);
#1304 = EDGE_CURVE('',#1202,#1305,#1307,.T.);
#1305 = VERTEX_POINT('',#1306);
#1306 = CARTESIAN_POINT('',(-29.18915492262,-11.57381678198,-7.2));
#1307 = SURFACE_CURVE('',#1308,(#1312,#1319),.PCURVE_S1.);
#1308 = LINE('',#1309,#1310);
#1309 = CARTESIAN_POINT('',(-28.63140036996,-11.35266104729,-6.9));
#1310 = VECTOR('',#1311,1.);
#1311 = DIRECTION('',(-0.831451396341,-0.32967950425,-0.4472135955));
#1312 = PCURVE('',#706,#1313);
#1313 = DEFINITIONAL_REPRESENTATION('',(#1314),#1318);
#1314 = LINE('',#1315,#1316);
#1315 = CARTESIAN_POINT('',(-2.296757561406,0.439399482101));
#1316 = VECTOR('',#1317,1.);
#1317 = DIRECTION('',(-0.4472135955,0.894427191));
#1318 = ( GEOMETRIC_REPRESENTATION_CONTEXT(2) 
PARAMETRIC_REPRESENTATION_CONTEXT() REPRESENTATION_CONTEXT('2D SPACE',''
  ) );
#1319 = PCURVE('',#1048,#1320);
#1320 = DEFINITIONAL_REPRESENTATION('',(#1321),#1325);
#1321 = LINE('',#1322,#1323);
#1322 = CARTESIAN_POINT('',(-0.,0.));
#1323 = VECTOR('',#1324,1.);
#1324 = DIRECTION('',(-0.,1.));
#1325 = ( GEOMETRIC_REPRESENTATION_CONTEXT(2) 
PARAMETRIC_REPRESENTATION_CONTEXT() REPRESENTATION_CONTEXT('2D SPACE',''
  ) );
#1326 = ORIENTED_EDGE('',*,*,#1327,.T.);
#1327 = EDGE_CURVE('',#1305,#1328,#1330,.T.);
#1328 = VERTEX_POINT('',#1329);
#1329 = CARTESIAN_POINT('',(-29.18915492262,-11.57381678198,-7.5));
#1330 = SURFACE_CURVE('',#1331,(#1335,#1342),.PCURVE_S1.);
#1331 = LINE('',#1332,#1333);
#1332 = CARTESIAN_POINT('',(-29.18915492262,-11.57381678198,-7.2));
#1333 = VECTOR('',#1334,1.);
#1334 = DIRECTION('',(0.,-0.,-1.));
#1335 = PCURVE('',#706,#1336);
#1336 = DEFINITIONAL_REPRESENTATION('',(#1337),#1341);
#1337 = LINE('',#1338,#1339);
#1338 = CARTESIAN_POINT('',(-2.596757561406,1.039399482101));
#1339 = VECTOR('',#1340,1.);
#1340 = DIRECTION('',(-1.,-0.));
#1341 = ( GEOMETRIC_REPRESENTATION_CONTEXT(2) 
PARAMETRIC_REPRESENTATION_CONTEXT() REPRESENTATION_CONTEXT('2D SPACE',''
  ) );
#1342 = PCURVE('',#1076,#1343);
#1343 = DEFINITIONAL_REPRESENTATION('',(#1344),#1348);
#1344 = LINE('',#1345,#1346);
#1345 = CARTESIAN_POINT('',(-0.,0.));
#1346 = VECTOR('',#1347,1.);
#1347 = DIRECTION('',(-0.,1.));
#1348 = ( GEOMETRIC_REPRESENTATION_CONTEXT(2) 
PARAMETRIC_REPRESENTATION_CONTEXT() REPRESENTATION_CONTEXT('2D SPACE',''
  ) );
#1349 = ORIENTED_EDGE('',*,*,#1350,.T.);
#1350 = EDGE_CURVE('',#1328,#1351,#1353,.T.);
#1351 = VERTEX_POINT('',#1352);
#1352 = CARTESIAN_POINT('',(-27.84124808702,-11.03935708981,-7.5));
#1353 = SURFACE_CURVE('',#1354,(#1358,#1365),.PCURVE_S1.);
#1354 = LINE('',#1355,#1356);
#1355 = CARTESIAN_POINT('',(-29.18915492262,-11.57381678198,-7.5));
#1356 = VECTOR('',#1357,1.);
#1357 = DIRECTION('',(0.929590921103,0.368592891146,0.));
#1358 = PCURVE('',#706,#1359);
#1359 = DEFINITIONAL_REPRESENTATION('',(#1360),#1364);
#1360 = LINE('',#1361,#1362);
#1361 = CARTESIAN_POINT('',(-2.896757561406,1.039399482101));
#1362 = VECTOR('',#1363,1.);
#1363 = DIRECTION('',(0.,-1.));
#1364 = ( GEOMETRIC_REPRESENTATION_CONTEXT(2) 
PARAMETRIC_REPRESENTATION_CONTEXT() REPRESENTATION_CONTEXT('2D SPACE',''
  ) );
#1365 = PCURVE('',#1104,#1366);
#1366 = DEFINITIONAL_REPRESENTATION('',(#1367),#1371);
#1367 = LINE('',#1368,#1369);
#1368 = CARTESIAN_POINT('',(31.4,0.));
#1369 = VECTOR('',#1370,1.);
#1370 = DIRECTION('',(-1.,0.));
#1371 = ( GEOMETRIC_REPRESENTATION_CONTEXT(2) 
PARAMETRIC_REPRESENTATION_CONTEXT() REPRESENTATION_CONTEXT('2D SPACE',''
  ) );
#1372 = ORIENTED_EDGE('',*,*,#1373,.T.);
#1373 = EDGE_CURVE('',#1351,#1374,#1376,.T.);
#1374 = VERTEX_POINT('',#1375);
#1375 = CARTESIAN_POINT('',(-27.28349353436,-10.81820135513,-6.6));
#1376 = SURFACE_CURVE('',#1377,(#1381,#1388),.PCURVE_S1.);
#1377 = LINE('',#1378,#1379);
#1378 = CARTESIAN_POINT('',(-27.84124808702,-11.03935708981,-7.5));
#1379 = VECTOR('',#1380,1.);
#1380 = DIRECTION('',(0.515644266345,0.204458549046,0.832050294338));
#1381 = PCURVE('',#706,#1382);
#1382 = DEFINITIONAL_REPRESENTATION('',(#1383),#1387);
#1383 = LINE('',#1384,#1385);
#1384 = CARTESIAN_POINT('',(-2.896757561406,-0.410600517899));
#1385 = VECTOR('',#1386,1.);
#1386 = DIRECTION('',(0.832050294338,-0.554700196225));
#1387 = ( GEOMETRIC_REPRESENTATION_CONTEXT(2) 
PARAMETRIC_REPRESENTATION_CONTEXT() REPRESENTATION_CONTEXT('2D SPACE',''
  ) );
#1388 = PCURVE('',#1132,#1389);
#1389 = DEFINITIONAL_REPRESENTATION('',(#1390),#1394);
#1390 = LINE('',#1391,#1392);
#1391 = CARTESIAN_POINT('',(-0.,-0.));
#1392 = VECTOR('',#1393,1.);
#1393 = DIRECTION('',(-0.,-1.));
#1394 = ( GEOMETRIC_REPRESENTATION_CONTEXT(2) 
PARAMETRIC_REPRESENTATION_CONTEXT() REPRESENTATION_CONTEXT('2D SPACE',''
  ) );
#1395 = ORIENTED_EDGE('',*,*,#1396,.T.);
#1396 = EDGE_CURVE('',#1374,#1397,#1399,.T.);
#1397 = VERTEX_POINT('',#1398);
#1398 = CARTESIAN_POINT('',(-27.28349353436,-10.81820135513,-6.35));
#1399 = SURFACE_CURVE('',#1400,(#1404,#1411),.PCURVE_S1.);
#1400 = LINE('',#1401,#1402);
#1401 = CARTESIAN_POINT('',(-27.28349353436,-10.81820135513,-6.6));
#1402 = VECTOR('',#1403,1.);
#1403 = DIRECTION('',(0.,0.,1.));
#1404 = PCURVE('',#706,#1405);
#1405 = DEFINITIONAL_REPRESENTATION('',(#1406),#1410);
#1406 = LINE('',#1407,#1408);
#1407 = CARTESIAN_POINT('',(-1.996757561406,-1.010600517899));
#1408 = VECTOR('',#1409,1.);
#1409 = DIRECTION('',(1.,0.));
#1410 = ( GEOMETRIC_REPRESENTATION_CONTEXT(2) 
PARAMETRIC_REPRESENTATION_CONTEXT() REPRESENTATION_CONTEXT('2D SPACE',''
  ) );
#1411 = PCURVE('',#1160,#1412);
#1412 = DEFINITIONAL_REPRESENTATION('',(#1413),#1417);
#1413 = LINE('',#1414,#1415);
#1414 = CARTESIAN_POINT('',(0.,0.));
#1415 = VECTOR('',#1416,1.);
#1416 = DIRECTION('',(0.,1.));
#1417 = ( GEOMETRIC_REPRESENTATION_CONTEXT(2) 
PARAMETRIC_REPRESENTATION_CONTEXT() REPRESENTATION_CONTEXT('2D SPACE',''
  ) );
#1418 = ORIENTED_EDGE('',*,*,#1419,.T.);
#1419 = EDGE_CURVE('',#1397,#1252,#1420,.T.);
#1420 = SURFACE_CURVE('',#1421,(#1425,#1432),.PCURVE_S1.);
#1421 = LINE('',#1422,#1423);
#1422 = CARTESIAN_POINT('',(-27.28349353436,-10.81820135513,-6.35));
#1423 = VECTOR('',#1424,1.);
#1424 = DIRECTION('',(-0.914596535975,-0.362647454675,0.1788854382));
#1425 = PCURVE('',#706,#1426);
#1426 = DEFINITIONAL_REPRESENTATION('',(#1427),#1431);
#1427 = LINE('',#1428,#1429);
#1428 = CARTESIAN_POINT('',(-1.746757561406,-1.010600517899));
#1429 = VECTOR('',#1430,1.);
#1430 = DIRECTION('',(0.1788854382,0.9838699101));
#1431 = ( GEOMETRIC_REPRESENTATION_CONTEXT(2) 
PARAMETRIC_REPRESENTATION_CONTEXT() REPRESENTATION_CONTEXT('2D SPACE',''
  ) );
#1432 = PCURVE('',#1186,#1433);
#1433 = DEFINITIONAL_REPRESENTATION('',(#1434),#1438);
#1434 = LINE('',#1435,#1436);
#1435 = CARTESIAN_POINT('',(0.,0.));
#1436 = VECTOR('',#1437,1.);
#1437 = DIRECTION('',(0.,1.));
#1438 = ( GEOMETRIC_REPRESENTATION_CONTEXT(2) 
PARAMETRIC_REPRESENTATION_CONTEXT() REPRESENTATION_CONTEXT('2D SPACE',''
  ) );
#1439 = ADVANCED_FACE('',(#1440),#763,.T.);
#1440 = FACE_BOUND('',#1441,.T.);
#1441 = EDGE_LOOP('',(#1442,#1465,#1466,#1489,#1517,#1545,#1573,#1601,
    #1629));
#1442 = ORIENTED_EDGE('',*,*,#1443,.T.);
#1443 = EDGE_CURVE('',#1444,#749,#1446,.T.);
#1444 = VERTEX_POINT('',#1445);
#1445 = CARTESIAN_POINT('',(27.794768540973,-11.02092744526,-6.25));
#1446 = SURFACE_CURVE('',#1447,(#1451,#1458),.PCURVE_S1.);
#1447 = LINE('',#1448,#1449);
#1448 = CARTESIAN_POINT('',(27.794768540973,-11.02092744526,-6.25));
#1449 = VECTOR('',#1450,1.);
#1450 = DIRECTION('',(0.,0.,1.));
#1451 = PCURVE('',#763,#1452);
#1452 = DEFINITIONAL_REPRESENTATION('',(#1453),#1457);
#1453 = LINE('',#1454,#1455);
#1454 = CARTESIAN_POINT('',(-1.646757561406,-0.460600517899));
#1455 = VECTOR('',#1456,1.);
#1456 = DIRECTION('',(1.,0.));
#1457 = ( GEOMETRIC_REPRESENTATION_CONTEXT(2) 
PARAMETRIC_REPRESENTATION_CONTEXT() REPRESENTATION_CONTEXT('2D SPACE',''
  ) );
#1458 = PCURVE('',#848,#1459);
#1459 = DEFINITIONAL_REPRESENTATION('',(#1460),#1464);
#1460 = LINE('',#1461,#1462);
#1461 = CARTESIAN_POINT('',(0.292207792208,0.));
#1462 = VECTOR('',#1463,1.);
#1463 = DIRECTION('',(0.,1.));
#1464 = ( GEOMETRIC_REPRESENTATION_CONTEXT(2) 
PARAMETRIC_REPRESENTATION_CONTEXT() REPRESENTATION_CONTEXT('2D SPACE',''
  ) );
#1465 = ORIENTED_EDGE('',*,*,#746,.F.);
#1466 = ORIENTED_EDGE('',*,*,#1467,.T.);
#1467 = EDGE_CURVE('',#747,#1468,#1470,.T.);
#1468 = VERTEX_POINT('',#1469);
#1469 = CARTESIAN_POINT('',(28.631400369966,-11.35266104729,-6.9));
#1470 = SURFACE_CURVE('',#1471,(#1475,#1482),.PCURVE_S1.);
#1471 = LINE('',#1472,#1473);
#1472 = CARTESIAN_POINT('',(28.631400369966,-11.35266104729,-1.19));
#1473 = VECTOR('',#1474,1.);
#1474 = DIRECTION('',(0.,0.,-1.));
#1475 = PCURVE('',#763,#1476);
#1476 = DEFINITIONAL_REPRESENTATION('',(#1477),#1481);
#1477 = LINE('',#1478,#1479);
#1478 = CARTESIAN_POINT('',(3.413242438594,0.439399482101));
#1479 = VECTOR('',#1480,1.);
#1480 = DIRECTION('',(-1.,0.));
#1481 = ( GEOMETRIC_REPRESENTATION_CONTEXT(2) 
PARAMETRIC_REPRESENTATION_CONTEXT() REPRESENTATION_CONTEXT('2D SPACE',''
  ) );
#1482 = PCURVE('',#795,#1483);
#1483 = DEFINITIONAL_REPRESENTATION('',(#1484),#1488);
#1484 = LINE('',#1485,#1486);
#1485 = CARTESIAN_POINT('',(-0.292207792208,0.));
#1486 = VECTOR('',#1487,1.);
#1487 = DIRECTION('',(-0.,1.));
#1488 = ( GEOMETRIC_REPRESENTATION_CONTEXT(2) 
PARAMETRIC_REPRESENTATION_CONTEXT() REPRESENTATION_CONTEXT('2D SPACE',''
  ) );
#1489 = ORIENTED_EDGE('',*,*,#1490,.T.);
#1490 = EDGE_CURVE('',#1468,#1491,#1493,.T.);
#1491 = VERTEX_POINT('',#1492);
#1492 = CARTESIAN_POINT('',(29.189154922627,-11.57381678198,-7.2));
#1493 = SURFACE_CURVE('',#1494,(#1498,#1505),.PCURVE_S1.);
#1494 = LINE('',#1495,#1496);
#1495 = CARTESIAN_POINT('',(28.631400369966,-11.35266104729,-6.9));
#1496 = VECTOR('',#1497,1.);
#1497 = DIRECTION('',(0.831451396341,-0.32967950425,-0.4472135955));
#1498 = PCURVE('',#763,#1499);
#1499 = DEFINITIONAL_REPRESENTATION('',(#1500),#1504);
#1500 = LINE('',#1501,#1502);
#1501 = CARTESIAN_POINT('',(-2.296757561406,0.439399482101));
#1502 = VECTOR('',#1503,1.);
#1503 = DIRECTION('',(-0.4472135955,0.894427191));
#1504 = ( GEOMETRIC_REPRESENTATION_CONTEXT(2) 
PARAMETRIC_REPRESENTATION_CONTEXT() REPRESENTATION_CONTEXT('2D SPACE',''
  ) );
#1505 = PCURVE('',#1506,#1511);
#1506 = CONICAL_SURFACE('',#1507,30.8,1.107148717794);
#1507 = AXIS2_PLACEMENT_3D('',#1508,#1509,#1510);
#1508 = CARTESIAN_POINT('',(0.,0.,-6.9));
#1509 = DIRECTION('',(-0.,0.,-1.));
#1510 = DIRECTION('',(0.784006267938,-0.620752907229,0.));
#1511 = DEFINITIONAL_REPRESENTATION('',(#1512),#1516);
#1512 = LINE('',#1513,#1514);
#1513 = CARTESIAN_POINT('',(-0.292207792208,0.));
#1514 = VECTOR('',#1515,1.);
#1515 = DIRECTION('',(-0.,1.));
#1516 = ( GEOMETRIC_REPRESENTATION_CONTEXT(2) 
PARAMETRIC_REPRESENTATION_CONTEXT() REPRESENTATION_CONTEXT('2D SPACE',''
  ) );
#1517 = ORIENTED_EDGE('',*,*,#1518,.T.);
#1518 = EDGE_CURVE('',#1491,#1519,#1521,.T.);
#1519 = VERTEX_POINT('',#1520);
#1520 = CARTESIAN_POINT('',(29.189154922627,-11.57381678198,-7.5));
#1521 = SURFACE_CURVE('',#1522,(#1526,#1533),.PCURVE_S1.);
#1522 = LINE('',#1523,#1524);
#1523 = CARTESIAN_POINT('',(29.189154922627,-11.57381678198,-7.2));
#1524 = VECTOR('',#1525,1.);
#1525 = DIRECTION('',(0.,0.,-1.));
#1526 = PCURVE('',#763,#1527);
#1527 = DEFINITIONAL_REPRESENTATION('',(#1528),#1532);
#1528 = LINE('',#1529,#1530);
#1529 = CARTESIAN_POINT('',(-2.596757561406,1.039399482101));
#1530 = VECTOR('',#1531,1.);
#1531 = DIRECTION('',(-1.,0.));
#1532 = ( GEOMETRIC_REPRESENTATION_CONTEXT(2) 
PARAMETRIC_REPRESENTATION_CONTEXT() REPRESENTATION_CONTEXT('2D SPACE',''
  ) );
#1533 = PCURVE('',#1534,#1539);
#1534 = CYLINDRICAL_SURFACE('',#1535,31.4);
#1535 = AXIS2_PLACEMENT_3D('',#1536,#1537,#1538);
#1536 = CARTESIAN_POINT('',(0.,0.,-7.2));
#1537 = DIRECTION('',(-0.,0.,-1.));
#1538 = DIRECTION('',(0.784006267938,-0.620752907229,0.));
#1539 = DEFINITIONAL_REPRESENTATION('',(#1540),#1544);
#1540 = LINE('',#1541,#1542);
#1541 = CARTESIAN_POINT('',(-0.292207792208,0.));
#1542 = VECTOR('',#1543,1.);
#1543 = DIRECTION('',(-0.,1.));
#1544 = ( GEOMETRIC_REPRESENTATION_CONTEXT(2) 
PARAMETRIC_REPRESENTATION_CONTEXT() REPRESENTATION_CONTEXT('2D SPACE',''
  ) );
#1545 = ORIENTED_EDGE('',*,*,#1546,.T.);
#1546 = EDGE_CURVE('',#1519,#1547,#1549,.T.);
#1547 = VERTEX_POINT('',#1548);
#1548 = CARTESIAN_POINT('',(27.841248087028,-11.03935708981,-7.5));
#1549 = SURFACE_CURVE('',#1550,(#1554,#1561),.PCURVE_S1.);
#1550 = LINE('',#1551,#1552);
#1551 = CARTESIAN_POINT('',(29.189154922627,-11.57381678198,-7.5));
#1552 = VECTOR('',#1553,1.);
#1553 = DIRECTION('',(-0.929590921103,0.368592891146,0.));
#1554 = PCURVE('',#763,#1555);
#1555 = DEFINITIONAL_REPRESENTATION('',(#1556),#1560);
#1556 = LINE('',#1557,#1558);
#1557 = CARTESIAN_POINT('',(-2.896757561406,1.039399482101));
#1558 = VECTOR('',#1559,1.);
#1559 = DIRECTION('',(0.,-1.));
#1560 = ( GEOMETRIC_REPRESENTATION_CONTEXT(2) 
PARAMETRIC_REPRESENTATION_CONTEXT() REPRESENTATION_CONTEXT('2D SPACE',''
  ) );
#1561 = PCURVE('',#1562,#1567);
#1562 = PLANE('',#1563);
#1563 = AXIS2_PLACEMENT_3D('',#1564,#1565,#1566);
#1564 = CARTESIAN_POINT('',(0.,0.,-7.5));
#1565 = DIRECTION('',(0.,0.,1.));
#1566 = DIRECTION('',(0.784006267938,-0.620752907229,0.));
#1567 = DEFINITIONAL_REPRESENTATION('',(#1568),#1572);
#1568 = LINE('',#1569,#1570);
#1569 = CARTESIAN_POINT('',(30.068960830311,9.045307876751));
#1570 = VECTOR('',#1571,1.);
#1571 = DIRECTION('',(-0.957610217526,-0.288067129833));
#1572 = ( GEOMETRIC_REPRESENTATION_CONTEXT(2) 
PARAMETRIC_REPRESENTATION_CONTEXT() REPRESENTATION_CONTEXT('2D SPACE',''
  ) );
#1573 = ORIENTED_EDGE('',*,*,#1574,.T.);
#1574 = EDGE_CURVE('',#1547,#1575,#1577,.T.);
#1575 = VERTEX_POINT('',#1576);
#1576 = CARTESIAN_POINT('',(27.283493534367,-10.81820135513,-6.6));
#1577 = SURFACE_CURVE('',#1578,(#1582,#1589),.PCURVE_S1.);
#1578 = LINE('',#1579,#1580);
#1579 = CARTESIAN_POINT('',(27.841248087028,-11.03935708981,-7.5));
#1580 = VECTOR('',#1581,1.);
#1581 = DIRECTION('',(-0.515644266345,0.204458549046,0.832050294338));
#1582 = PCURVE('',#763,#1583);
#1583 = DEFINITIONAL_REPRESENTATION('',(#1584),#1588);
#1584 = LINE('',#1585,#1586);
#1585 = CARTESIAN_POINT('',(-2.896757561406,-0.410600517899));
#1586 = VECTOR('',#1587,1.);
#1587 = DIRECTION('',(0.832050294338,-0.554700196225));
#1588 = ( GEOMETRIC_REPRESENTATION_CONTEXT(2) 
PARAMETRIC_REPRESENTATION_CONTEXT() REPRESENTATION_CONTEXT('2D SPACE',''
  ) );
#1589 = PCURVE('',#1590,#1595);
#1590 = CONICAL_SURFACE('',#1591,29.95,0.588002603548);
#1591 = AXIS2_PLACEMENT_3D('',#1592,#1593,#1594);
#1592 = CARTESIAN_POINT('',(0.,0.,-7.5));
#1593 = DIRECTION('',(-0.,-0.,-1.));
#1594 = DIRECTION('',(0.784006267938,-0.620752907229,0.));
#1595 = DEFINITIONAL_REPRESENTATION('',(#1596),#1600);
#1596 = LINE('',#1597,#1598);
#1597 = CARTESIAN_POINT('',(-0.292207792208,-0.));
#1598 = VECTOR('',#1599,1.);
#1599 = DIRECTION('',(-0.,-1.));
#1600 = ( GEOMETRIC_REPRESENTATION_CONTEXT(2) 
PARAMETRIC_REPRESENTATION_CONTEXT() REPRESENTATION_CONTEXT('2D SPACE',''
  ) );
#1601 = ORIENTED_EDGE('',*,*,#1602,.T.);
#1602 = EDGE_CURVE('',#1575,#1603,#1605,.T.);
#1603 = VERTEX_POINT('',#1604);
#1604 = CARTESIAN_POINT('',(27.283493534367,-10.81820135513,-6.35));
#1605 = SURFACE_CURVE('',#1606,(#1610,#1617),.PCURVE_S1.);
#1606 = LINE('',#1607,#1608);
#1607 = CARTESIAN_POINT('',(27.283493534367,-10.81820135513,-6.6));
#1608 = VECTOR('',#1609,1.);
#1609 = DIRECTION('',(0.,0.,1.));
#1610 = PCURVE('',#763,#1611);
#1611 = DEFINITIONAL_REPRESENTATION('',(#1612),#1616);
#1612 = LINE('',#1613,#1614);
#1613 = CARTESIAN_POINT('',(-1.996757561406,-1.010600517899));
#1614 = VECTOR('',#1615,1.);
#1615 = DIRECTION('',(1.,0.));
#1616 = ( GEOMETRIC_REPRESENTATION_CONTEXT(2) 
PARAMETRIC_REPRESENTATION_CONTEXT() REPRESENTATION_CONTEXT('2D SPACE',''
  ) );
#1617 = PCURVE('',#1618,#1623);
#1618 = CYLINDRICAL_SURFACE('',#1619,29.35);
#1619 = AXIS2_PLACEMENT_3D('',#1620,#1621,#1622);
#1620 = CARTESIAN_POINT('',(0.,0.,-6.6));
#1621 = DIRECTION('',(0.,0.,1.));
#1622 = DIRECTION('',(0.784006267938,-0.620752907229,0.));
#1623 = DEFINITIONAL_REPRESENTATION('',(#1624),#1628);
#1624 = LINE('',#1625,#1626);
#1625 = CARTESIAN_POINT('',(0.292207792208,0.));
#1626 = VECTOR('',#1627,1.);
#1627 = DIRECTION('',(0.,1.));
#1628 = ( GEOMETRIC_REPRESENTATION_CONTEXT(2) 
PARAMETRIC_REPRESENTATION_CONTEXT() REPRESENTATION_CONTEXT('2D SPACE',''
  ) );
#1629 = ORIENTED_EDGE('',*,*,#1630,.T.);
#1630 = EDGE_CURVE('',#1603,#1444,#1631,.T.);
#1631 = SURFACE_CURVE('',#1632,(#1636,#1643),.PCURVE_S1.);
#1632 = LINE('',#1633,#1634);
#1633 = CARTESIAN_POINT('',(27.283493534367,-10.81820135513,-6.35));
#1634 = VECTOR('',#1635,1.);
#1635 = DIRECTION('',(0.914596535975,-0.362647454675,0.1788854382));
#1636 = PCURVE('',#763,#1637);
#1637 = DEFINITIONAL_REPRESENTATION('',(#1638),#1642);
#1638 = LINE('',#1639,#1640);
#1639 = CARTESIAN_POINT('',(-1.746757561406,-1.010600517899));
#1640 = VECTOR('',#1641,1.);
#1641 = DIRECTION('',(0.1788854382,0.9838699101));
#1642 = ( GEOMETRIC_REPRESENTATION_CONTEXT(2) 
PARAMETRIC_REPRESENTATION_CONTEXT() REPRESENTATION_CONTEXT('2D SPACE',''
  ) );
#1643 = PCURVE('',#1644,#1649);
#1644 = CONICAL_SURFACE('',#1645,29.35,1.390942827002);
#1645 = AXIS2_PLACEMENT_3D('',#1646,#1647,#1648);
#1646 = CARTESIAN_POINT('',(0.,0.,-6.35));
#1647 = DIRECTION('',(0.,0.,1.));
#1648 = DIRECTION('',(0.784006267938,-0.620752907229,0.));
#1649 = DEFINITIONAL_REPRESENTATION('',(#1650),#1654);
#1650 = LINE('',#1651,#1652);
#1651 = CARTESIAN_POINT('',(0.292207792208,0.));
#1652 = VECTOR('',#1653,1.);
#1653 = DIRECTION('',(0.,1.));
#1654 = ( GEOMETRIC_REPRESENTATION_CONTEXT(2) 
PARAMETRIC_REPRESENTATION_CONTEXT() REPRESENTATION_CONTEXT('2D SPACE',''
  ) );
#1655 = ADVANCED_FACE('',(#1656),#795,.T.);
#1656 = FACE_BOUND('',#1657,.F.);
#1657 = EDGE_LOOP('',(#1658,#1681,#1682,#1683));
#1658 = ORIENTED_EDGE('',*,*,#1659,.F.);
#1659 = EDGE_CURVE('',#775,#1660,#1662,.T.);
#1660 = VERTEX_POINT('',#1661);
#1661 = CARTESIAN_POINT('',(24.147393052493,-19.11918954266,-6.9));
#1662 = SURFACE_CURVE('',#1663,(#1667,#1674),.PCURVE_S1.);
#1663 = LINE('',#1664,#1665);
#1664 = CARTESIAN_POINT('',(24.147393052493,-19.11918954266,-1.19));
#1665 = VECTOR('',#1666,1.);
#1666 = DIRECTION('',(0.,0.,-1.));
#1667 = PCURVE('',#795,#1668);
#1668 = DEFINITIONAL_REPRESENTATION('',(#1669),#1673);
#1669 = LINE('',#1670,#1671);
#1670 = CARTESIAN_POINT('',(-0.,0.));
#1671 = VECTOR('',#1672,1.);
#1672 = DIRECTION('',(-0.,1.));
#1673 = ( GEOMETRIC_REPRESENTATION_CONTEXT(2) 
PARAMETRIC_REPRESENTATION_CONTEXT() REPRESENTATION_CONTEXT('2D SPACE',''
  ) );
#1674 = PCURVE('',#822,#1675);
#1675 = DEFINITIONAL_REPRESENTATION('',(#1676),#1680);
#1676 = LINE('',#1677,#1678);
#1677 = CARTESIAN_POINT('',(3.413242438594,0.439399482101));
#1678 = VECTOR('',#1679,1.);
#1679 = DIRECTION('',(-1.,0.));
#1680 = ( GEOMETRIC_REPRESENTATION_CONTEXT(2) 
PARAMETRIC_REPRESENTATION_CONTEXT() REPRESENTATION_CONTEXT('2D SPACE',''
  ) );
#1681 = ORIENTED_EDGE('',*,*,#774,.F.);
#1682 = ORIENTED_EDGE('',*,*,#1467,.T.);
#1683 = ORIENTED_EDGE('',*,*,#1684,.F.);
#1684 = EDGE_CURVE('',#1660,#1468,#1685,.T.);
#1685 = SURFACE_CURVE('',#1686,(#1691,#1698),.PCURVE_S1.);
#1686 = CIRCLE('',#1687,30.8);
#1687 = AXIS2_PLACEMENT_3D('',#1688,#1689,#1690);
#1688 = CARTESIAN_POINT('',(0.,0.,-6.9));
#1689 = DIRECTION('',(-0.,0.,1.));
#1690 = DIRECTION('',(0.784006267938,-0.620752907229,0.));
#1691 = PCURVE('',#795,#1692);
#1692 = DEFINITIONAL_REPRESENTATION('',(#1693),#1697);
#1693 = LINE('',#1694,#1695);
#1694 = CARTESIAN_POINT('',(-0.,5.71));
#1695 = VECTOR('',#1696,1.);
#1696 = DIRECTION('',(-1.,0.));
#1697 = ( GEOMETRIC_REPRESENTATION_CONTEXT(2) 
PARAMETRIC_REPRESENTATION_CONTEXT() REPRESENTATION_CONTEXT('2D SPACE',''
  ) );
#1698 = PCURVE('',#1506,#1699);
#1699 = DEFINITIONAL_REPRESENTATION('',(#1700),#1704);
#1700 = LINE('',#1701,#1702);
#1701 = CARTESIAN_POINT('',(-0.,0.));
#1702 = VECTOR('',#1703,1.);
#1703 = DIRECTION('',(-1.,0.));
#1704 = ( GEOMETRIC_REPRESENTATION_CONTEXT(2) 
PARAMETRIC_REPRESENTATION_CONTEXT() REPRESENTATION_CONTEXT('2D SPACE',''
  ) );
#1705 = ADVANCED_FACE('',(#1706),#848,.F.);
#1706 = FACE_BOUND('',#1707,.F.);
#1707 = EDGE_LOOP('',(#1708,#1731,#1753,#1754));
#1708 = ORIENTED_EDGE('',*,*,#1709,.F.);
#1709 = EDGE_CURVE('',#1710,#808,#1712,.T.);
#1710 = VERTEX_POINT('',#1711);
#1711 = CARTESIAN_POINT('',(23.441787411349,-18.56051192616,-6.25));
#1712 = SURFACE_CURVE('',#1713,(#1717,#1724),.PCURVE_S1.);
#1713 = LINE('',#1714,#1715);
#1714 = CARTESIAN_POINT('',(23.441787411349,-18.56051192616,-6.25));
#1715 = VECTOR('',#1716,1.);
#1716 = DIRECTION('',(0.,0.,1.));
#1717 = PCURVE('',#848,#1718);
#1718 = DEFINITIONAL_REPRESENTATION('',(#1719),#1723);
#1719 = LINE('',#1720,#1721);
#1720 = CARTESIAN_POINT('',(0.,0.));
#1721 = VECTOR('',#1722,1.);
#1722 = DIRECTION('',(0.,1.));
#1723 = ( GEOMETRIC_REPRESENTATION_CONTEXT(2) 
PARAMETRIC_REPRESENTATION_CONTEXT() REPRESENTATION_CONTEXT('2D SPACE',''
  ) );
#1724 = PCURVE('',#822,#1725);
#1725 = DEFINITIONAL_REPRESENTATION('',(#1726),#1730);
#1726 = LINE('',#1727,#1728);
#1727 = CARTESIAN_POINT('',(-1.646757561406,-0.460600517899));
#1728 = VECTOR('',#1729,1.);
#1729 = DIRECTION('',(1.,0.));
#1730 = ( GEOMETRIC_REPRESENTATION_CONTEXT(2) 
PARAMETRIC_REPRESENTATION_CONTEXT() REPRESENTATION_CONTEXT('2D SPACE',''
  ) );
#1731 = ORIENTED_EDGE('',*,*,#1732,.T.);
#1732 = EDGE_CURVE('',#1710,#1444,#1733,.T.);
#1733 = SURFACE_CURVE('',#1734,(#1739,#1746),.PCURVE_S1.);
#1734 = CIRCLE('',#1735,29.9);
#1735 = AXIS2_PLACEMENT_3D('',#1736,#1737,#1738);
#1736 = CARTESIAN_POINT('',(0.,0.,-6.25));
#1737 = DIRECTION('',(-0.,0.,1.));
#1738 = DIRECTION('',(0.784006267938,-0.620752907229,0.));
#1739 = PCURVE('',#848,#1740);
#1740 = DEFINITIONAL_REPRESENTATION('',(#1741),#1745);
#1741 = LINE('',#1742,#1743);
#1742 = CARTESIAN_POINT('',(0.,0.));
#1743 = VECTOR('',#1744,1.);
#1744 = DIRECTION('',(1.,0.));
#1745 = ( GEOMETRIC_REPRESENTATION_CONTEXT(2) 
PARAMETRIC_REPRESENTATION_CONTEXT() REPRESENTATION_CONTEXT('2D SPACE',''
  ) );
#1746 = PCURVE('',#1644,#1747);
#1747 = DEFINITIONAL_REPRESENTATION('',(#1748),#1752);
#1748 = LINE('',#1749,#1750);
#1749 = CARTESIAN_POINT('',(0.,1.E-01));
#1750 = VECTOR('',#1751,1.);
#1751 = DIRECTION('',(1.,0.));
#1752 = ( GEOMETRIC_REPRESENTATION_CONTEXT(2) 
PARAMETRIC_REPRESENTATION_CONTEXT() REPRESENTATION_CONTEXT('2D SPACE',''
  ) );
#1753 = ORIENTED_EDGE('',*,*,#1443,.T.);
#1754 = ORIENTED_EDGE('',*,*,#833,.F.);
#1755 = ADVANCED_FACE('',(#1756),#822,.F.);
#1756 = FACE_BOUND('',#1757,.F.);
#1757 = EDGE_LOOP('',(#1758,#1759,#1760,#1761,#1784,#1807,#1830,#1853,
    #1876));
#1758 = ORIENTED_EDGE('',*,*,#1709,.T.);
#1759 = ORIENTED_EDGE('',*,*,#807,.F.);
#1760 = ORIENTED_EDGE('',*,*,#1659,.T.);
#1761 = ORIENTED_EDGE('',*,*,#1762,.T.);
#1762 = EDGE_CURVE('',#1660,#1763,#1765,.T.);
#1763 = VERTEX_POINT('',#1764);
#1764 = CARTESIAN_POINT('',(24.617796813256,-19.491641287,-7.2));
#1765 = SURFACE_CURVE('',#1766,(#1770,#1777),.PCURVE_S1.);
#1766 = LINE('',#1767,#1768);
#1767 = CARTESIAN_POINT('',(24.147393052493,-19.11918954266,-6.9));
#1768 = VECTOR('',#1769,1.);
#1769 = DIRECTION('',(0.701236523958,-0.555218279118,-0.4472135955));
#1770 = PCURVE('',#822,#1771);
#1771 = DEFINITIONAL_REPRESENTATION('',(#1772),#1776);
#1772 = LINE('',#1773,#1774);
#1773 = CARTESIAN_POINT('',(-2.296757561406,0.439399482101));
#1774 = VECTOR('',#1775,1.);
#1775 = DIRECTION('',(-0.4472135955,0.894427191));
#1776 = ( GEOMETRIC_REPRESENTATION_CONTEXT(2) 
PARAMETRIC_REPRESENTATION_CONTEXT() REPRESENTATION_CONTEXT('2D SPACE',''
  ) );
#1777 = PCURVE('',#1506,#1778);
#1778 = DEFINITIONAL_REPRESENTATION('',(#1779),#1783);
#1779 = LINE('',#1780,#1781);
#1780 = CARTESIAN_POINT('',(-0.,0.));
#1781 = VECTOR('',#1782,1.);
#1782 = DIRECTION('',(-0.,1.));
#1783 = ( GEOMETRIC_REPRESENTATION_CONTEXT(2) 
PARAMETRIC_REPRESENTATION_CONTEXT() REPRESENTATION_CONTEXT('2D SPACE',''
  ) );
#1784 = ORIENTED_EDGE('',*,*,#1785,.T.);
#1785 = EDGE_CURVE('',#1763,#1786,#1788,.T.);
#1786 = VERTEX_POINT('',#1787);
#1787 = CARTESIAN_POINT('',(24.617796813256,-19.491641287,-7.5));
#1788 = SURFACE_CURVE('',#1789,(#1793,#1800),.PCURVE_S1.);
#1789 = LINE('',#1790,#1791);
#1790 = CARTESIAN_POINT('',(24.617796813256,-19.491641287,-7.2));
#1791 = VECTOR('',#1792,1.);
#1792 = DIRECTION('',(0.,0.,-1.));
#1793 = PCURVE('',#822,#1794);
#1794 = DEFINITIONAL_REPRESENTATION('',(#1795),#1799);
#1795 = LINE('',#1796,#1797);
#1796 = CARTESIAN_POINT('',(-2.596757561406,1.039399482101));
#1797 = VECTOR('',#1798,1.);
#1798 = DIRECTION('',(-1.,0.));
#1799 = ( GEOMETRIC_REPRESENTATION_CONTEXT(2) 
PARAMETRIC_REPRESENTATION_CONTEXT() REPRESENTATION_CONTEXT('2D SPACE',''
  ) );
#1800 = PCURVE('',#1534,#1801);
#1801 = DEFINITIONAL_REPRESENTATION('',(#1802),#1806);
#1802 = LINE('',#1803,#1804);
#1803 = CARTESIAN_POINT('',(-0.,0.));
#1804 = VECTOR('',#1805,1.);
#1805 = DIRECTION('',(-0.,1.));
#1806 = ( GEOMETRIC_REPRESENTATION_CONTEXT(2) 
PARAMETRIC_REPRESENTATION_CONTEXT() REPRESENTATION_CONTEXT('2D SPACE',''
  ) );
#1807 = ORIENTED_EDGE('',*,*,#1808,.T.);
#1808 = EDGE_CURVE('',#1786,#1809,#1811,.T.);
#1809 = VERTEX_POINT('',#1810);
#1810 = CARTESIAN_POINT('',(23.480987724746,-18.59154957152,-7.5));
#1811 = SURFACE_CURVE('',#1812,(#1816,#1823),.PCURVE_S1.);
#1812 = LINE('',#1813,#1814);
#1813 = CARTESIAN_POINT('',(24.617796813256,-19.491641287,-7.5));
#1814 = VECTOR('',#1815,1.);
#1815 = DIRECTION('',(-0.784006267938,0.620752907229,0.));
#1816 = PCURVE('',#822,#1817);
#1817 = DEFINITIONAL_REPRESENTATION('',(#1818),#1822);
#1818 = LINE('',#1819,#1820);
#1819 = CARTESIAN_POINT('',(-2.896757561406,1.039399482101));
#1820 = VECTOR('',#1821,1.);
#1821 = DIRECTION('',(0.,-1.));
#1822 = ( GEOMETRIC_REPRESENTATION_CONTEXT(2) 
PARAMETRIC_REPRESENTATION_CONTEXT() REPRESENTATION_CONTEXT('2D SPACE',''
  ) );
#1823 = PCURVE('',#1562,#1824);
#1824 = DEFINITIONAL_REPRESENTATION('',(#1825),#1829);
#1825 = LINE('',#1826,#1827);
#1826 = CARTESIAN_POINT('',(31.4,-1.7763568394E-15));
#1827 = VECTOR('',#1828,1.);
#1828 = DIRECTION('',(-1.,0.));
#1829 = ( GEOMETRIC_REPRESENTATION_CONTEXT(2) 
PARAMETRIC_REPRESENTATION_CONTEXT() REPRESENTATION_CONTEXT('2D SPACE',''
  ) );
#1830 = ORIENTED_EDGE('',*,*,#1831,.T.);
#1831 = EDGE_CURVE('',#1809,#1832,#1834,.T.);
#1832 = VERTEX_POINT('',#1833);
#1833 = CARTESIAN_POINT('',(23.010583963983,-18.21909782718,-6.6));
#1834 = SURFACE_CURVE('',#1835,(#1839,#1846),.PCURVE_S1.);
#1835 = LINE('',#1836,#1837);
#1836 = CARTESIAN_POINT('',(23.480987724746,-18.59154957152,-7.5));
#1837 = VECTOR('',#1838,1.);
#1838 = DIRECTION('',(-0.434888430667,0.344331759448,0.832050294338));
#1839 = PCURVE('',#822,#1840);
#1840 = DEFINITIONAL_REPRESENTATION('',(#1841),#1845);
#1841 = LINE('',#1842,#1843);
#1842 = CARTESIAN_POINT('',(-2.896757561406,-0.410600517899));
#1843 = VECTOR('',#1844,1.);
#1844 = DIRECTION('',(0.832050294338,-0.554700196225));
#1845 = ( GEOMETRIC_REPRESENTATION_CONTEXT(2) 
PARAMETRIC_REPRESENTATION_CONTEXT() REPRESENTATION_CONTEXT('2D SPACE',''
  ) );
#1846 = PCURVE('',#1590,#1847);
#1847 = DEFINITIONAL_REPRESENTATION('',(#1848),#1852);
#1848 = LINE('',#1849,#1850);
#1849 = CARTESIAN_POINT('',(-0.,-0.));
#1850 = VECTOR('',#1851,1.);
#1851 = DIRECTION('',(-0.,-1.));
#1852 = ( GEOMETRIC_REPRESENTATION_CONTEXT(2) 
PARAMETRIC_REPRESENTATION_CONTEXT() REPRESENTATION_CONTEXT('2D SPACE',''
  ) );
#1853 = ORIENTED_EDGE('',*,*,#1854,.T.);
#1854 = EDGE_CURVE('',#1832,#1855,#1857,.T.);
#1855 = VERTEX_POINT('',#1856);
#1856 = CARTESIAN_POINT('',(23.010583963983,-18.21909782718,-6.35));
#1857 = SURFACE_CURVE('',#1858,(#1862,#1869),.PCURVE_S1.);
#1858 = LINE('',#1859,#1860);
#1859 = CARTESIAN_POINT('',(23.010583963983,-18.21909782718,-6.6));
#1860 = VECTOR('',#1861,1.);
#1861 = DIRECTION('',(0.,0.,1.));
#1862 = PCURVE('',#822,#1863);
#1863 = DEFINITIONAL_REPRESENTATION('',(#1864),#1868);
#1864 = LINE('',#1865,#1866);
#1865 = CARTESIAN_POINT('',(-1.996757561406,-1.010600517899));
#1866 = VECTOR('',#1867,1.);
#1867 = DIRECTION('',(1.,0.));
#1868 = ( GEOMETRIC_REPRESENTATION_CONTEXT(2) 
PARAMETRIC_REPRESENTATION_CONTEXT() REPRESENTATION_CONTEXT('2D SPACE',''
  ) );
#1869 = PCURVE('',#1618,#1870);
#1870 = DEFINITIONAL_REPRESENTATION('',(#1871),#1875);
#1871 = LINE('',#1872,#1873);
#1872 = CARTESIAN_POINT('',(0.,0.));
#1873 = VECTOR('',#1874,1.);
#1874 = DIRECTION('',(0.,1.));
#1875 = ( GEOMETRIC_REPRESENTATION_CONTEXT(2) 
PARAMETRIC_REPRESENTATION_CONTEXT() REPRESENTATION_CONTEXT('2D SPACE',''
  ) );
#1876 = ORIENTED_EDGE('',*,*,#1877,.T.);
#1877 = EDGE_CURVE('',#1855,#1710,#1878,.T.);
#1878 = SURFACE_CURVE('',#1879,(#1883,#1890),.PCURVE_S1.);
#1879 = LINE('',#1880,#1881);
#1880 = CARTESIAN_POINT('',(23.010583963983,-18.21909782718,-6.35));
#1881 = VECTOR('',#1882,1.);
#1882 = DIRECTION('',(0.771360176354,-0.61074010703,0.1788854382));
#1883 = PCURVE('',#822,#1884);
#1884 = DEFINITIONAL_REPRESENTATION('',(#1885),#1889);
#1885 = LINE('',#1886,#1887);
#1886 = CARTESIAN_POINT('',(-1.746757561406,-1.010600517899));
#1887 = VECTOR('',#1888,1.);
#1888 = DIRECTION('',(0.1788854382,0.9838699101));
#1889 = ( GEOMETRIC_REPRESENTATION_CONTEXT(2) 
PARAMETRIC_REPRESENTATION_CONTEXT() REPRESENTATION_CONTEXT('2D SPACE',''
  ) );
#1890 = PCURVE('',#1644,#1891);
#1891 = DEFINITIONAL_REPRESENTATION('',(#1892),#1896);
#1892 = LINE('',#1893,#1894);
#1893 = CARTESIAN_POINT('',(0.,0.));
#1894 = VECTOR('',#1895,1.);
#1895 = DIRECTION('',(0.,1.));
#1896 = ( GEOMETRIC_REPRESENTATION_CONTEXT(2) 
PARAMETRIC_REPRESENTATION_CONTEXT() REPRESENTATION_CONTEXT('2D SPACE',''
  ) );
#1897 = ADVANCED_FACE('',(#1898),#885,.T.);
#1898 = FACE_BOUND('',#1899,.T.);
#1899 = EDGE_LOOP('',(#1900,#1923,#1924,#1947,#1975,#2003,#2031,#2059,
    #2087));
#1900 = ORIENTED_EDGE('',*,*,#1901,.T.);
#1901 = EDGE_CURVE('',#1902,#871,#1904,.T.);
#1902 = VERTEX_POINT('',#1903);
#1903 = CARTESIAN_POINT('',(-4.352981129624,29.581439371422,-6.25));
#1904 = SURFACE_CURVE('',#1905,(#1909,#1916),.PCURVE_S1.);
#1905 = LINE('',#1906,#1907);
#1906 = CARTESIAN_POINT('',(-4.352981129624,29.581439371422,-6.25));
#1907 = VECTOR('',#1908,1.);
#1908 = DIRECTION('',(0.,0.,1.));
#1909 = PCURVE('',#885,#1910);
#1910 = DEFINITIONAL_REPRESENTATION('',(#1911),#1915);
#1911 = LINE('',#1912,#1913);
#1912 = CARTESIAN_POINT('',(-1.646757561406,-0.460600517899));
#1913 = VECTOR('',#1914,1.);
#1914 = DIRECTION('',(1.,0.));
#1915 = ( GEOMETRIC_REPRESENTATION_CONTEXT(2) 
PARAMETRIC_REPRESENTATION_CONTEXT() REPRESENTATION_CONTEXT('2D SPACE',''
  ) );
#1916 = PCURVE('',#970,#1917);
#1917 = DEFINITIONAL_REPRESENTATION('',(#1918),#1922);
#1918 = LINE('',#1919,#1920);
#1919 = CARTESIAN_POINT('',(0.292207792208,0.));
#1920 = VECTOR('',#1921,1.);
#1921 = DIRECTION('',(0.,1.));
#1922 = ( GEOMETRIC_REPRESENTATION_CONTEXT(2) 
PARAMETRIC_REPRESENTATION_CONTEXT() REPRESENTATION_CONTEXT('2D SPACE',''
  ) );
#1923 = ORIENTED_EDGE('',*,*,#868,.F.);
#1924 = ORIENTED_EDGE('',*,*,#1925,.T.);
#1925 = EDGE_CURVE('',#869,#1926,#1928,.T.);
#1926 = VERTEX_POINT('',#1927);
#1927 = CARTESIAN_POINT('',(-4.484007317473,30.47185058996,-6.9));
#1928 = SURFACE_CURVE('',#1929,(#1933,#1940),.PCURVE_S1.);
#1929 = LINE('',#1930,#1931);
#1930 = CARTESIAN_POINT('',(-4.484007317473,30.47185058996,-1.19));
#1931 = VECTOR('',#1932,1.);
#1932 = DIRECTION('',(0.,0.,-1.));
#1933 = PCURVE('',#885,#1934);
#1934 = DEFINITIONAL_REPRESENTATION('',(#1935),#1939);
#1935 = LINE('',#1936,#1937);
#1936 = CARTESIAN_POINT('',(3.413242438594,0.439399482101));
#1937 = VECTOR('',#1938,1.);
#1938 = DIRECTION('',(-1.,0.));
#1939 = ( GEOMETRIC_REPRESENTATION_CONTEXT(2) 
PARAMETRIC_REPRESENTATION_CONTEXT() REPRESENTATION_CONTEXT('2D SPACE',''
  ) );
#1940 = PCURVE('',#917,#1941);
#1941 = DEFINITIONAL_REPRESENTATION('',(#1942),#1946);
#1942 = LINE('',#1943,#1944);
#1943 = CARTESIAN_POINT('',(-0.292207792208,0.));
#1944 = VECTOR('',#1945,1.);
#1945 = DIRECTION('',(-0.,1.));
#1946 = ( GEOMETRIC_REPRESENTATION_CONTEXT(2) 
PARAMETRIC_REPRESENTATION_CONTEXT() REPRESENTATION_CONTEXT('2D SPACE',''
  ) );
#1947 = ORIENTED_EDGE('',*,*,#1948,.T.);
#1948 = EDGE_CURVE('',#1926,#1949,#1951,.T.);
#1949 = VERTEX_POINT('',#1950);
#1950 = CARTESIAN_POINT('',(-4.571358109371,31.065458068985,-7.2));
#1951 = SURFACE_CURVE('',#1952,(#1956,#1963),.PCURVE_S1.);
#1952 = LINE('',#1953,#1954);
#1953 = CARTESIAN_POINT('',(-4.484007317473,30.47185058996,-6.9));
#1954 = VECTOR('',#1955,1.);
#1955 = DIRECTION('',(-0.130214872383,0.884897783368,-0.4472135955));
#1956 = PCURVE('',#885,#1957);
#1957 = DEFINITIONAL_REPRESENTATION('',(#1958),#1962);
#1958 = LINE('',#1959,#1960);
#1959 = CARTESIAN_POINT('',(-2.296757561406,0.439399482101));
#1960 = VECTOR('',#1961,1.);
#1961 = DIRECTION('',(-0.4472135955,0.894427191));
#1962 = ( GEOMETRIC_REPRESENTATION_CONTEXT(2) 
PARAMETRIC_REPRESENTATION_CONTEXT() REPRESENTATION_CONTEXT('2D SPACE',''
  ) );
#1963 = PCURVE('',#1964,#1969);
#1964 = CONICAL_SURFACE('',#1965,30.8,1.107148717794);
#1965 = AXIS2_PLACEMENT_3D('',#1966,#1967,#1968);
#1966 = CARTESIAN_POINT('',(0.,0.,-6.9));
#1967 = DIRECTION('',(0.,-0.,-1.));
#1968 = DIRECTION('',(0.145584653165,0.989345798375,0.));
#1969 = DEFINITIONAL_REPRESENTATION('',(#1970),#1974);
#1970 = LINE('',#1971,#1972);
#1971 = CARTESIAN_POINT('',(-0.292207792208,0.));
#1972 = VECTOR('',#1973,1.);
#1973 = DIRECTION('',(-0.,1.));
#1974 = ( GEOMETRIC_REPRESENTATION_CONTEXT(2) 
PARAMETRIC_REPRESENTATION_CONTEXT() REPRESENTATION_CONTEXT('2D SPACE',''
  ) );
#1975 = ORIENTED_EDGE('',*,*,#1976,.T.);
#1976 = EDGE_CURVE('',#1949,#1977,#1979,.T.);
#1977 = VERTEX_POINT('',#1978);
#1978 = CARTESIAN_POINT('',(-4.571358109371,31.065458068985,-7.5));
#1979 = SURFACE_CURVE('',#1980,(#1984,#1991),.PCURVE_S1.);
#1980 = LINE('',#1981,#1982);
#1981 = CARTESIAN_POINT('',(-4.571358109371,31.065458068985,-7.2));
#1982 = VECTOR('',#1983,1.);
#1983 = DIRECTION('',(0.,0.,-1.));
#1984 = PCURVE('',#885,#1985);
#1985 = DEFINITIONAL_REPRESENTATION('',(#1986),#1990);
#1986 = LINE('',#1987,#1988);
#1987 = CARTESIAN_POINT('',(-2.596757561406,1.039399482101));
#1988 = VECTOR('',#1989,1.);
#1989 = DIRECTION('',(-1.,0.));
#1990 = ( GEOMETRIC_REPRESENTATION_CONTEXT(2) 
PARAMETRIC_REPRESENTATION_CONTEXT() REPRESENTATION_CONTEXT('2D SPACE',''
  ) );
#1991 = PCURVE('',#1992,#1997);
#1992 = CYLINDRICAL_SURFACE('',#1993,31.4);
#1993 = AXIS2_PLACEMENT_3D('',#1994,#1995,#1996);
#1994 = CARTESIAN_POINT('',(0.,0.,-7.2));
#1995 = DIRECTION('',(0.,-0.,-1.));
#1996 = DIRECTION('',(0.145584653165,0.989345798375,0.));
#1997 = DEFINITIONAL_REPRESENTATION('',(#1998),#2002);
#1998 = LINE('',#1999,#2000);
#1999 = CARTESIAN_POINT('',(-0.292207792208,0.));
#2000 = VECTOR('',#2001,1.);
#2001 = DIRECTION('',(-0.,1.));
#2002 = ( GEOMETRIC_REPRESENTATION_CONTEXT(2) 
PARAMETRIC_REPRESENTATION_CONTEXT() REPRESENTATION_CONTEXT('2D SPACE',''
  ) );
#2003 = ORIENTED_EDGE('',*,*,#2004,.T.);
#2004 = EDGE_CURVE('',#1977,#2005,#2007,.T.);
#2005 = VERTEX_POINT('',#2006);
#2006 = CARTESIAN_POINT('',(-4.360260362283,29.630906661341,-7.5));
#2007 = SURFACE_CURVE('',#2008,(#2012,#2019),.PCURVE_S1.);
#2008 = LINE('',#2009,#2010);
#2009 = CARTESIAN_POINT('',(-4.571358109371,31.065458068985,-7.5));
#2010 = VECTOR('',#2011,1.);
#2011 = DIRECTION('',(0.145584653165,-0.989345798375,0.));
#2012 = PCURVE('',#885,#2013);
#2013 = DEFINITIONAL_REPRESENTATION('',(#2014),#2018);
#2014 = LINE('',#2015,#2016);
#2015 = CARTESIAN_POINT('',(-2.896757561406,1.039399482101));
#2016 = VECTOR('',#2017,1.);
#2017 = DIRECTION('',(0.,-1.));
#2018 = ( GEOMETRIC_REPRESENTATION_CONTEXT(2) 
PARAMETRIC_REPRESENTATION_CONTEXT() REPRESENTATION_CONTEXT('2D SPACE',''
  ) );
#2019 = PCURVE('',#2020,#2025);
#2020 = PLANE('',#2021);
#2021 = AXIS2_PLACEMENT_3D('',#2022,#2023,#2024);
#2022 = CARTESIAN_POINT('',(0.,0.,-7.5));
#2023 = DIRECTION('',(0.,0.,1.));
#2024 = DIRECTION('',(0.145584653165,0.989345798375,0.));
#2025 = DEFINITIONAL_REPRESENTATION('',(#2026),#2030);
#2026 = LINE('',#2027,#2028);
#2027 = CARTESIAN_POINT('',(30.068960830311,9.045307876751));
#2028 = VECTOR('',#2029,1.);
#2029 = DIRECTION('',(-0.957610217526,-0.288067129833));
#2030 = ( GEOMETRIC_REPRESENTATION_CONTEXT(2) 
PARAMETRIC_REPRESENTATION_CONTEXT() REPRESENTATION_CONTEXT('2D SPACE',''
  ) );
#2031 = ORIENTED_EDGE('',*,*,#2032,.T.);
#2032 = EDGE_CURVE('',#2005,#2033,#2035,.T.);
#2033 = VERTEX_POINT('',#2034);
#2034 = CARTESIAN_POINT('',(-4.272909570384,29.037299182316,-6.6));
#2035 = SURFACE_CURVE('',#2036,(#2040,#2047),.PCURVE_S1.);
#2036 = LINE('',#2037,#2038);
#2037 = CARTESIAN_POINT('',(-4.360260362283,29.630906661341,-7.5));
#2038 = VECTOR('',#2039,1.);
#2039 = DIRECTION('',(8.075583567784E-02,-0.548790308493,0.832050294338)
  );
#2040 = PCURVE('',#885,#2041);
#2041 = DEFINITIONAL_REPRESENTATION('',(#2042),#2046);
#2042 = LINE('',#2043,#2044);
#2043 = CARTESIAN_POINT('',(-2.896757561406,-0.410600517899));
#2044 = VECTOR('',#2045,1.);
#2045 = DIRECTION('',(0.832050294338,-0.554700196225));
#2046 = ( GEOMETRIC_REPRESENTATION_CONTEXT(2) 
PARAMETRIC_REPRESENTATION_CONTEXT() REPRESENTATION_CONTEXT('2D SPACE',''
  ) );
#2047 = PCURVE('',#2048,#2053);
#2048 = CONICAL_SURFACE('',#2049,29.95,0.588002603548);
#2049 = AXIS2_PLACEMENT_3D('',#2050,#2051,#2052);
#2050 = CARTESIAN_POINT('',(0.,0.,-7.5));
#2051 = DIRECTION('',(-0.,-0.,-1.));
#2052 = DIRECTION('',(0.145584653165,0.989345798375,0.));
#2053 = DEFINITIONAL_REPRESENTATION('',(#2054),#2058);
#2054 = LINE('',#2055,#2056);
#2055 = CARTESIAN_POINT('',(-0.292207792208,-0.));
#2056 = VECTOR('',#2057,1.);
#2057 = DIRECTION('',(-0.,-1.));
#2058 = ( GEOMETRIC_REPRESENTATION_CONTEXT(2) 
PARAMETRIC_REPRESENTATION_CONTEXT() REPRESENTATION_CONTEXT('2D SPACE',''
  ) );
#2059 = ORIENTED_EDGE('',*,*,#2060,.T.);
#2060 = EDGE_CURVE('',#2033,#2061,#2063,.T.);
#2061 = VERTEX_POINT('',#2062);
#2062 = CARTESIAN_POINT('',(-4.272909570384,29.037299182316,-6.35));
#2063 = SURFACE_CURVE('',#2064,(#2068,#2075),.PCURVE_S1.);
#2064 = LINE('',#2065,#2066);
#2065 = CARTESIAN_POINT('',(-4.272909570384,29.037299182316,-6.6));
#2066 = VECTOR('',#2067,1.);
#2067 = DIRECTION('',(0.,0.,1.));
#2068 = PCURVE('',#885,#2069);
#2069 = DEFINITIONAL_REPRESENTATION('',(#2070),#2074);
#2070 = LINE('',#2071,#2072);
#2071 = CARTESIAN_POINT('',(-1.996757561406,-1.010600517899));
#2072 = VECTOR('',#2073,1.);
#2073 = DIRECTION('',(1.,0.));
#2074 = ( GEOMETRIC_REPRESENTATION_CONTEXT(2) 
PARAMETRIC_REPRESENTATION_CONTEXT() REPRESENTATION_CONTEXT('2D SPACE',''
  ) );
#2075 = PCURVE('',#2076,#2081);
#2076 = CYLINDRICAL_SURFACE('',#2077,29.35);
#2077 = AXIS2_PLACEMENT_3D('',#2078,#2079,#2080);
#2078 = CARTESIAN_POINT('',(0.,0.,-6.6));
#2079 = DIRECTION('',(0.,0.,1.));
#2080 = DIRECTION('',(0.145584653165,0.989345798375,0.));
#2081 = DEFINITIONAL_REPRESENTATION('',(#2082),#2086);
#2082 = LINE('',#2083,#2084);
#2083 = CARTESIAN_POINT('',(0.292207792208,0.));
#2084 = VECTOR('',#2085,1.);
#2085 = DIRECTION('',(0.,1.));
#2086 = ( GEOMETRIC_REPRESENTATION_CONTEXT(2) 
PARAMETRIC_REPRESENTATION_CONTEXT() REPRESENTATION_CONTEXT('2D SPACE',''
  ) );
#2087 = ORIENTED_EDGE('',*,*,#2088,.T.);
#2088 = EDGE_CURVE('',#2061,#1902,#2089,.T.);
#2089 = SURFACE_CURVE('',#2090,(#2094,#2101),.PCURVE_S1.);
#2090 = LINE('',#2091,#2092);
#2091 = CARTESIAN_POINT('',(-4.272909570384,29.037299182316,-6.35));
#2092 = VECTOR('',#2093,1.);
#2093 = DIRECTION('',(-0.143236359621,0.973387561705,0.1788854382));
#2094 = PCURVE('',#885,#2095);
#2095 = DEFINITIONAL_REPRESENTATION('',(#2096),#2100);
#2096 = LINE('',#2097,#2098);
#2097 = CARTESIAN_POINT('',(-1.746757561406,-1.010600517899));
#2098 = VECTOR('',#2099,1.);
#2099 = DIRECTION('',(0.1788854382,0.9838699101));
#2100 = ( GEOMETRIC_REPRESENTATION_CONTEXT(2) 
PARAMETRIC_REPRESENTATION_CONTEXT() REPRESENTATION_CONTEXT('2D SPACE',''
  ) );
#2101 = PCURVE('',#2102,#2107);
#2102 = CONICAL_SURFACE('',#2103,29.35,1.390942827002);
#2103 = AXIS2_PLACEMENT_3D('',#2104,#2105,#2106);
#2104 = CARTESIAN_POINT('',(0.,0.,-6.35));
#2105 = DIRECTION('',(0.,0.,1.));
#2106 = DIRECTION('',(0.145584653165,0.989345798375,0.));
#2107 = DEFINITIONAL_REPRESENTATION('',(#2108),#2112);
#2108 = LINE('',#2109,#2110);
#2109 = CARTESIAN_POINT('',(0.292207792208,0.));
#2110 = VECTOR('',#2111,1.);
#2111 = DIRECTION('',(0.,1.));
#2112 = ( GEOMETRIC_REPRESENTATION_CONTEXT(2) 
PARAMETRIC_REPRESENTATION_CONTEXT() REPRESENTATION_CONTEXT('2D SPACE',''
  ) );
#2113 = ADVANCED_FACE('',(#2114),#917,.T.);
#2114 = FACE_BOUND('',#2115,.F.);
#2115 = EDGE_LOOP('',(#2116,#2139,#2140,#2141));
#2116 = ORIENTED_EDGE('',*,*,#2117,.F.);
#2117 = EDGE_CURVE('',#897,#2118,#2120,.T.);
#2118 = VERTEX_POINT('',#2119);
#2119 = CARTESIAN_POINT('',(4.484007317473,30.47185058996,-6.9));
#2120 = SURFACE_CURVE('',#2121,(#2125,#2132),.PCURVE_S1.);
#2121 = LINE('',#2122,#2123);
#2122 = CARTESIAN_POINT('',(4.484007317473,30.47185058996,-1.19));
#2123 = VECTOR('',#2124,1.);
#2124 = DIRECTION('',(0.,0.,-1.));
#2125 = PCURVE('',#917,#2126);
#2126 = DEFINITIONAL_REPRESENTATION('',(#2127),#2131);
#2127 = LINE('',#2128,#2129);
#2128 = CARTESIAN_POINT('',(-0.,0.));
#2129 = VECTOR('',#2130,1.);
#2130 = DIRECTION('',(-0.,1.));
#2131 = ( GEOMETRIC_REPRESENTATION_CONTEXT(2) 
PARAMETRIC_REPRESENTATION_CONTEXT() REPRESENTATION_CONTEXT('2D SPACE',''
  ) );
#2132 = PCURVE('',#944,#2133);
#2133 = DEFINITIONAL_REPRESENTATION('',(#2134),#2138);
#2134 = LINE('',#2135,#2136);
#2135 = CARTESIAN_POINT('',(3.413242438594,0.439399482101));
#2136 = VECTOR('',#2137,1.);
#2137 = DIRECTION('',(-1.,0.));
#2138 = ( GEOMETRIC_REPRESENTATION_CONTEXT(2) 
PARAMETRIC_REPRESENTATION_CONTEXT() REPRESENTATION_CONTEXT('2D SPACE',''
  ) );
#2139 = ORIENTED_EDGE('',*,*,#896,.F.);
#2140 = ORIENTED_EDGE('',*,*,#1925,.T.);
#2141 = ORIENTED_EDGE('',*,*,#2142,.F.);
#2142 = EDGE_CURVE('',#2118,#1926,#2143,.T.);
#2143 = SURFACE_CURVE('',#2144,(#2149,#2156),.PCURVE_S1.);
#2144 = CIRCLE('',#2145,30.8);
#2145 = AXIS2_PLACEMENT_3D('',#2146,#2147,#2148);
#2146 = CARTESIAN_POINT('',(0.,0.,-6.9));
#2147 = DIRECTION('',(0.,-0.,1.));
#2148 = DIRECTION('',(0.145584653165,0.989345798375,0.));
#2149 = PCURVE('',#917,#2150);
#2150 = DEFINITIONAL_REPRESENTATION('',(#2151),#2155);
#2151 = LINE('',#2152,#2153);
#2152 = CARTESIAN_POINT('',(-0.,5.71));
#2153 = VECTOR('',#2154,1.);
#2154 = DIRECTION('',(-1.,0.));
#2155 = ( GEOMETRIC_REPRESENTATION_CONTEXT(2) 
PARAMETRIC_REPRESENTATION_CONTEXT() REPRESENTATION_CONTEXT('2D SPACE',''
  ) );
#2156 = PCURVE('',#1964,#2157);
#2157 = DEFINITIONAL_REPRESENTATION('',(#2158),#2162);
#2158 = LINE('',#2159,#2160);
#2159 = CARTESIAN_POINT('',(-0.,0.));
#2160 = VECTOR('',#2161,1.);
#2161 = DIRECTION('',(-1.,0.));
#2162 = ( GEOMETRIC_REPRESENTATION_CONTEXT(2) 
PARAMETRIC_REPRESENTATION_CONTEXT() REPRESENTATION_CONTEXT('2D SPACE',''
  ) );
#2163 = ADVANCED_FACE('',(#2164),#970,.F.);
#2164 = FACE_BOUND('',#2165,.F.);
#2165 = EDGE_LOOP('',(#2166,#2189,#2211,#2212));
#2166 = ORIENTED_EDGE('',*,*,#2167,.F.);
#2167 = EDGE_CURVE('',#2168,#930,#2170,.T.);
#2168 = VERTEX_POINT('',#2169);
#2169 = CARTESIAN_POINT('',(4.352981129624,29.581439371422,-6.25));
#2170 = SURFACE_CURVE('',#2171,(#2175,#2182),.PCURVE_S1.);
#2171 = LINE('',#2172,#2173);
#2172 = CARTESIAN_POINT('',(4.352981129624,29.581439371422,-6.25));
#2173 = VECTOR('',#2174,1.);
#2174 = DIRECTION('',(0.,0.,1.));
#2175 = PCURVE('',#970,#2176);
#2176 = DEFINITIONAL_REPRESENTATION('',(#2177),#2181);
#2177 = LINE('',#2178,#2179);
#2178 = CARTESIAN_POINT('',(0.,0.));
#2179 = VECTOR('',#2180,1.);
#2180 = DIRECTION('',(0.,1.));
#2181 = ( GEOMETRIC_REPRESENTATION_CONTEXT(2) 
PARAMETRIC_REPRESENTATION_CONTEXT() REPRESENTATION_CONTEXT('2D SPACE',''
  ) );
#2182 = PCURVE('',#944,#2183);
#2183 = DEFINITIONAL_REPRESENTATION('',(#2184),#2188);
#2184 = LINE('',#2185,#2186);
#2185 = CARTESIAN_POINT('',(-1.646757561406,-0.460600517899));
#2186 = VECTOR('',#2187,1.);
#2187 = DIRECTION('',(1.,0.));
#2188 = ( GEOMETRIC_REPRESENTATION_CONTEXT(2) 
PARAMETRIC_REPRESENTATION_CONTEXT() REPRESENTATION_CONTEXT('2D SPACE',''
  ) );
#2189 = ORIENTED_EDGE('',*,*,#2190,.T.);
#2190 = EDGE_CURVE('',#2168,#1902,#2191,.T.);
#2191 = SURFACE_CURVE('',#2192,(#2197,#2204),.PCURVE_S1.);
#2192 = CIRCLE('',#2193,29.9);
#2193 = AXIS2_PLACEMENT_3D('',#2194,#2195,#2196);
#2194 = CARTESIAN_POINT('',(0.,0.,-6.25));
#2195 = DIRECTION('',(0.,-0.,1.));
#2196 = DIRECTION('',(0.145584653165,0.989345798375,0.));
#2197 = PCURVE('',#970,#2198);
#2198 = DEFINITIONAL_REPRESENTATION('',(#2199),#2203);
#2199 = LINE('',#2200,#2201);
#2200 = CARTESIAN_POINT('',(0.,0.));
#2201 = VECTOR('',#2202,1.);
#2202 = DIRECTION('',(1.,0.));
#2203 = ( GEOMETRIC_REPRESENTATION_CONTEXT(2) 
PARAMETRIC_REPRESENTATION_CONTEXT() REPRESENTATION_CONTEXT('2D SPACE',''
  ) );
#2204 = PCURVE('',#2102,#2205);
#2205 = DEFINITIONAL_REPRESENTATION('',(#2206),#2210);
#2206 = LINE('',#2207,#2208);
#2207 = CARTESIAN_POINT('',(0.,1.E-01));
#2208 = VECTOR('',#2209,1.);
#2209 = DIRECTION('',(1.,0.));
#2210 = ( GEOMETRIC_REPRESENTATION_CONTEXT(2) 
PARAMETRIC_REPRESENTATION_CONTEXT() REPRESENTATION_CONTEXT('2D SPACE',''
  ) );
#2211 = ORIENTED_EDGE('',*,*,#1901,.T.);
#2212 = ORIENTED_EDGE('',*,*,#955,.F.);
#2213 = ADVANCED_FACE('',(#2214),#944,.F.);
#2214 = FACE_BOUND('',#2215,.F.);
#2215 = EDGE_LOOP('',(#2216,#2217,#2218,#2219,#2242,#2265,#2288,#2311,
    #2334));
#2216 = ORIENTED_EDGE('',*,*,#2167,.T.);
#2217 = ORIENTED_EDGE('',*,*,#929,.F.);
#2218 = ORIENTED_EDGE('',*,*,#2117,.T.);
#2219 = ORIENTED_EDGE('',*,*,#2220,.T.);
#2220 = EDGE_CURVE('',#2118,#2221,#2223,.T.);
#2221 = VERTEX_POINT('',#2222);
#2222 = CARTESIAN_POINT('',(4.571358109371,31.065458068985,-7.2));
#2223 = SURFACE_CURVE('',#2224,(#2228,#2235),.PCURVE_S1.);
#2224 = LINE('',#2225,#2226);
#2225 = CARTESIAN_POINT('',(4.484007317473,30.47185058996,-6.9));
#2226 = VECTOR('',#2227,1.);
#2227 = DIRECTION('',(0.130214872383,0.884897783368,-0.4472135955));
#2228 = PCURVE('',#944,#2229);
#2229 = DEFINITIONAL_REPRESENTATION('',(#2230),#2234);
#2230 = LINE('',#2231,#2232);
#2231 = CARTESIAN_POINT('',(-2.296757561406,0.439399482101));
#2232 = VECTOR('',#2233,1.);
#2233 = DIRECTION('',(-0.4472135955,0.894427191));
#2234 = ( GEOMETRIC_REPRESENTATION_CONTEXT(2) 
PARAMETRIC_REPRESENTATION_CONTEXT() REPRESENTATION_CONTEXT('2D SPACE',''
  ) );
#2235 = PCURVE('',#1964,#2236);
#2236 = DEFINITIONAL_REPRESENTATION('',(#2237),#2241);
#2237 = LINE('',#2238,#2239);
#2238 = CARTESIAN_POINT('',(-0.,0.));
#2239 = VECTOR('',#2240,1.);
#2240 = DIRECTION('',(-0.,1.));
#2241 = ( GEOMETRIC_REPRESENTATION_CONTEXT(2) 
PARAMETRIC_REPRESENTATION_CONTEXT() REPRESENTATION_CONTEXT('2D SPACE',''
  ) );
#2242 = ORIENTED_EDGE('',*,*,#2243,.T.);
#2243 = EDGE_CURVE('',#2221,#2244,#2246,.T.);
#2244 = VERTEX_POINT('',#2245);
#2245 = CARTESIAN_POINT('',(4.571358109371,31.065458068985,-7.5));
#2246 = SURFACE_CURVE('',#2247,(#2251,#2258),.PCURVE_S1.);
#2247 = LINE('',#2248,#2249);
#2248 = CARTESIAN_POINT('',(4.571358109371,31.065458068985,-7.2));
#2249 = VECTOR('',#2250,1.);
#2250 = DIRECTION('',(0.,0.,-1.));
#2251 = PCURVE('',#944,#2252);
#2252 = DEFINITIONAL_REPRESENTATION('',(#2253),#2257);
#2253 = LINE('',#2254,#2255);
#2254 = CARTESIAN_POINT('',(-2.596757561406,1.039399482101));
#2255 = VECTOR('',#2256,1.);
#2256 = DIRECTION('',(-1.,0.));
#2257 = ( GEOMETRIC_REPRESENTATION_CONTEXT(2) 
PARAMETRIC_REPRESENTATION_CONTEXT() REPRESENTATION_CONTEXT('2D SPACE',''
  ) );
#2258 = PCURVE('',#1992,#2259);
#2259 = DEFINITIONAL_REPRESENTATION('',(#2260),#2264);
#2260 = LINE('',#2261,#2262);
#2261 = CARTESIAN_POINT('',(-0.,0.));
#2262 = VECTOR('',#2263,1.);
#2263 = DIRECTION('',(-0.,1.));
#2264 = ( GEOMETRIC_REPRESENTATION_CONTEXT(2) 
PARAMETRIC_REPRESENTATION_CONTEXT() REPRESENTATION_CONTEXT('2D SPACE',''
  ) );
#2265 = ORIENTED_EDGE('',*,*,#2266,.T.);
#2266 = EDGE_CURVE('',#2244,#2267,#2269,.T.);
#2267 = VERTEX_POINT('',#2268);
#2268 = CARTESIAN_POINT('',(4.360260362283,29.630906661341,-7.5));
#2269 = SURFACE_CURVE('',#2270,(#2274,#2281),.PCURVE_S1.);
#2270 = LINE('',#2271,#2272);
#2271 = CARTESIAN_POINT('',(4.571358109371,31.065458068985,-7.5));
#2272 = VECTOR('',#2273,1.);
#2273 = DIRECTION('',(-0.145584653165,-0.989345798375,0.));
#2274 = PCURVE('',#944,#2275);
#2275 = DEFINITIONAL_REPRESENTATION('',(#2276),#2280);
#2276 = LINE('',#2277,#2278);
#2277 = CARTESIAN_POINT('',(-2.896757561406,1.039399482101));
#2278 = VECTOR('',#2279,1.);
#2279 = DIRECTION('',(0.,-1.));
#2280 = ( GEOMETRIC_REPRESENTATION_CONTEXT(2) 
PARAMETRIC_REPRESENTATION_CONTEXT() REPRESENTATION_CONTEXT('2D SPACE',''
  ) );
#2281 = PCURVE('',#2020,#2282);
#2282 = DEFINITIONAL_REPRESENTATION('',(#2283),#2287);
#2283 = LINE('',#2284,#2285);
#2284 = CARTESIAN_POINT('',(31.4,8.881784197001E-16));
#2285 = VECTOR('',#2286,1.);
#2286 = DIRECTION('',(-1.,0.));
#2287 = ( GEOMETRIC_REPRESENTATION_CONTEXT(2) 
PARAMETRIC_REPRESENTATION_CONTEXT() REPRESENTATION_CONTEXT('2D SPACE',''
  ) );
#2288 = ORIENTED_EDGE('',*,*,#2289,.T.);
#2289 = EDGE_CURVE('',#2267,#2290,#2292,.T.);
#2290 = VERTEX_POINT('',#2291);
#2291 = CARTESIAN_POINT('',(4.272909570384,29.037299182316,-6.6));
#2292 = SURFACE_CURVE('',#2293,(#2297,#2304),.PCURVE_S1.);
#2293 = LINE('',#2294,#2295);
#2294 = CARTESIAN_POINT('',(4.360260362283,29.630906661341,-7.5));
#2295 = VECTOR('',#2296,1.);
#2296 = DIRECTION('',(-8.075583567784E-02,-0.548790308493,0.832050294338
    ));
#2297 = PCURVE('',#944,#2298);
#2298 = DEFINITIONAL_REPRESENTATION('',(#2299),#2303);
#2299 = LINE('',#2300,#2301);
#2300 = CARTESIAN_POINT('',(-2.896757561406,-0.410600517899));
#2301 = VECTOR('',#2302,1.);
#2302 = DIRECTION('',(0.832050294338,-0.554700196225));
#2303 = ( GEOMETRIC_REPRESENTATION_CONTEXT(2) 
PARAMETRIC_REPRESENTATION_CONTEXT() REPRESENTATION_CONTEXT('2D SPACE',''
  ) );
#2304 = PCURVE('',#2048,#2305);
#2305 = DEFINITIONAL_REPRESENTATION('',(#2306),#2310);
#2306 = LINE('',#2307,#2308);
#2307 = CARTESIAN_POINT('',(-0.,-0.));
#2308 = VECTOR('',#2309,1.);
#2309 = DIRECTION('',(-0.,-1.));
#2310 = ( GEOMETRIC_REPRESENTATION_CONTEXT(2) 
PARAMETRIC_REPRESENTATION_CONTEXT() REPRESENTATION_CONTEXT('2D SPACE',''
  ) );
#2311 = ORIENTED_EDGE('',*,*,#2312,.T.);
#2312 = EDGE_CURVE('',#2290,#2313,#2315,.T.);
#2313 = VERTEX_POINT('',#2314);
#2314 = CARTESIAN_POINT('',(4.272909570384,29.037299182316,-6.35));
#2315 = SURFACE_CURVE('',#2316,(#2320,#2327),.PCURVE_S1.);
#2316 = LINE('',#2317,#2318);
#2317 = CARTESIAN_POINT('',(4.272909570384,29.037299182316,-6.6));
#2318 = VECTOR('',#2319,1.);
#2319 = DIRECTION('',(0.,0.,1.));
#2320 = PCURVE('',#944,#2321);
#2321 = DEFINITIONAL_REPRESENTATION('',(#2322),#2326);
#2322 = LINE('',#2323,#2324);
#2323 = CARTESIAN_POINT('',(-1.996757561406,-1.010600517899));
#2324 = VECTOR('',#2325,1.);
#2325 = DIRECTION('',(1.,0.));
#2326 = ( GEOMETRIC_REPRESENTATION_CONTEXT(2) 
PARAMETRIC_REPRESENTATION_CONTEXT() REPRESENTATION_CONTEXT('2D SPACE',''
  ) );
#2327 = PCURVE('',#2076,#2328);
#2328 = DEFINITIONAL_REPRESENTATION('',(#2329),#2333);
#2329 = LINE('',#2330,#2331);
#2330 = CARTESIAN_POINT('',(0.,0.));
#2331 = VECTOR('',#2332,1.);
#2332 = DIRECTION('',(0.,1.));
#2333 = ( GEOMETRIC_REPRESENTATION_CONTEXT(2) 
PARAMETRIC_REPRESENTATION_CONTEXT() REPRESENTATION_CONTEXT('2D SPACE',''
  ) );
#2334 = ORIENTED_EDGE('',*,*,#2335,.T.);
#2335 = EDGE_CURVE('',#2313,#2168,#2336,.T.);
#2336 = SURFACE_CURVE('',#2337,(#2341,#2348),.PCURVE_S1.);
#2337 = LINE('',#2338,#2339);
#2338 = CARTESIAN_POINT('',(4.272909570384,29.037299182316,-6.35));
#2339 = VECTOR('',#2340,1.);
#2340 = DIRECTION('',(0.143236359621,0.973387561705,0.1788854382));
#2341 = PCURVE('',#944,#2342);
#2342 = DEFINITIONAL_REPRESENTATION('',(#2343),#2347);
#2343 = LINE('',#2344,#2345);
#2344 = CARTESIAN_POINT('',(-1.746757561406,-1.010600517899));
#2345 = VECTOR('',#2346,1.);
#2346 = DIRECTION('',(0.1788854382,0.9838699101));
#2347 = ( GEOMETRIC_REPRESENTATION_CONTEXT(2) 
PARAMETRIC_REPRESENTATION_CONTEXT() REPRESENTATION_CONTEXT('2D SPACE',''
  ) );
#2348 = PCURVE('',#2102,#2349);
#2349 = DEFINITIONAL_REPRESENTATION('',(#2350),#2354);
#2350 = LINE('',#2351,#2352);
#2351 = CARTESIAN_POINT('',(0.,0.));
#2352 = VECTOR('',#2353,1.);
#2353 = DIRECTION('',(0.,1.));
#2354 = ( GEOMETRIC_REPRESENTATION_CONTEXT(2) 
PARAMETRIC_REPRESENTATION_CONTEXT() REPRESENTATION_CONTEXT('2D SPACE',''
  ) );
#2355 = ADVANCED_FACE('',(#2356),#1186,.F.);
#2356 = FACE_BOUND('',#2357,.F.);
#2357 = EDGE_LOOP('',(#2358,#2380,#2381,#2382));
#2358 = ORIENTED_EDGE('',*,*,#2359,.T.);
#2359 = EDGE_CURVE('',#1397,#1145,#2360,.T.);
#2360 = SURFACE_CURVE('',#2361,(#2366,#2373),.PCURVE_S1.);
#2361 = CIRCLE('',#2362,29.35);
#2362 = AXIS2_PLACEMENT_3D('',#2363,#2364,#2365);
#2363 = CARTESIAN_POINT('',(0.,0.,-6.35));
#2364 = DIRECTION('',(0.,0.,1.));
#2365 = DIRECTION('',(-0.929590921103,-0.368592891146,0.));
#2366 = PCURVE('',#1186,#2367);
#2367 = DEFINITIONAL_REPRESENTATION('',(#2368),#2372);
#2368 = LINE('',#2369,#2370);
#2369 = CARTESIAN_POINT('',(0.,0.));
#2370 = VECTOR('',#2371,1.);
#2371 = DIRECTION('',(1.,0.));
#2372 = ( GEOMETRIC_REPRESENTATION_CONTEXT(2) 
PARAMETRIC_REPRESENTATION_CONTEXT() REPRESENTATION_CONTEXT('2D SPACE',''
  ) );
#2373 = PCURVE('',#1160,#2374);
#2374 = DEFINITIONAL_REPRESENTATION('',(#2375),#2379);
#2375 = LINE('',#2376,#2377);
#2376 = CARTESIAN_POINT('',(0.,0.25));
#2377 = VECTOR('',#2378,1.);
#2378 = DIRECTION('',(1.,0.));
#2379 = ( GEOMETRIC_REPRESENTATION_CONTEXT(2) 
PARAMETRIC_REPRESENTATION_CONTEXT() REPRESENTATION_CONTEXT('2D SPACE',''
  ) );
#2380 = ORIENTED_EDGE('',*,*,#1172,.T.);
#2381 = ORIENTED_EDGE('',*,*,#1274,.F.);
#2382 = ORIENTED_EDGE('',*,*,#1419,.F.);
#2383 = ADVANCED_FACE('',(#2384),#1160,.F.);
#2384 = FACE_BOUND('',#2385,.F.);
#2385 = EDGE_LOOP('',(#2386,#2408,#2409,#2410));
#2386 = ORIENTED_EDGE('',*,*,#2387,.T.);
#2387 = EDGE_CURVE('',#1374,#1117,#2388,.T.);
#2388 = SURFACE_CURVE('',#2389,(#2394,#2401),.PCURVE_S1.);
#2389 = CIRCLE('',#2390,29.35);
#2390 = AXIS2_PLACEMENT_3D('',#2391,#2392,#2393);
#2391 = CARTESIAN_POINT('',(0.,0.,-6.6));
#2392 = DIRECTION('',(0.,0.,1.));
#2393 = DIRECTION('',(-0.929590921103,-0.368592891146,0.));
#2394 = PCURVE('',#1160,#2395);
#2395 = DEFINITIONAL_REPRESENTATION('',(#2396),#2400);
#2396 = LINE('',#2397,#2398);
#2397 = CARTESIAN_POINT('',(0.,0.));
#2398 = VECTOR('',#2399,1.);
#2399 = DIRECTION('',(1.,0.));
#2400 = ( GEOMETRIC_REPRESENTATION_CONTEXT(2) 
PARAMETRIC_REPRESENTATION_CONTEXT() REPRESENTATION_CONTEXT('2D SPACE',''
  ) );
#2401 = PCURVE('',#1132,#2402);
#2402 = DEFINITIONAL_REPRESENTATION('',(#2403),#2407);
#2403 = LINE('',#2404,#2405);
#2404 = CARTESIAN_POINT('',(-0.,-0.9));
#2405 = VECTOR('',#2406,1.);
#2406 = DIRECTION('',(-1.,-0.));
#2407 = ( GEOMETRIC_REPRESENTATION_CONTEXT(2) 
PARAMETRIC_REPRESENTATION_CONTEXT() REPRESENTATION_CONTEXT('2D SPACE',''
  ) );
#2408 = ORIENTED_EDGE('',*,*,#1144,.T.);
#2409 = ORIENTED_EDGE('',*,*,#2359,.F.);
#2410 = ORIENTED_EDGE('',*,*,#1396,.F.);
#2411 = ADVANCED_FACE('',(#2412),#1132,.F.);
#2412 = FACE_BOUND('',#2413,.F.);
#2413 = EDGE_LOOP('',(#2414,#2436,#2437,#2438));
#2414 = ORIENTED_EDGE('',*,*,#2415,.T.);
#2415 = EDGE_CURVE('',#1351,#1089,#2416,.T.);
#2416 = SURFACE_CURVE('',#2417,(#2422,#2429),.PCURVE_S1.);
#2417 = CIRCLE('',#2418,29.95);
#2418 = AXIS2_PLACEMENT_3D('',#2419,#2420,#2421);
#2419 = CARTESIAN_POINT('',(0.,0.,-7.5));
#2420 = DIRECTION('',(0.,0.,1.));
#2421 = DIRECTION('',(-0.929590921103,-0.368592891146,0.));
#2422 = PCURVE('',#1132,#2423);
#2423 = DEFINITIONAL_REPRESENTATION('',(#2424),#2428);
#2424 = LINE('',#2425,#2426);
#2425 = CARTESIAN_POINT('',(-0.,-0.));
#2426 = VECTOR('',#2427,1.);
#2427 = DIRECTION('',(-1.,-0.));
#2428 = ( GEOMETRIC_REPRESENTATION_CONTEXT(2) 
PARAMETRIC_REPRESENTATION_CONTEXT() REPRESENTATION_CONTEXT('2D SPACE',''
  ) );
#2429 = PCURVE('',#1104,#2430);
#2430 = DEFINITIONAL_REPRESENTATION('',(#2431),#2435);
#2431 = CIRCLE('',#2432,29.95);
#2432 = AXIS2_PLACEMENT_2D('',#2433,#2434);
#2433 = CARTESIAN_POINT('',(0.,0.));
#2434 = DIRECTION('',(1.,0.));
#2435 = ( GEOMETRIC_REPRESENTATION_CONTEXT(2) 
PARAMETRIC_REPRESENTATION_CONTEXT() REPRESENTATION_CONTEXT('2D SPACE',''
  ) );
#2436 = ORIENTED_EDGE('',*,*,#1116,.T.);
#2437 = ORIENTED_EDGE('',*,*,#2387,.F.);
#2438 = ORIENTED_EDGE('',*,*,#1373,.F.);
#2439 = ADVANCED_FACE('',(#2440),#1104,.F.);
#2440 = FACE_BOUND('',#2441,.F.);
#2441 = EDGE_LOOP('',(#2442,#2464,#2465,#2466));
#2442 = ORIENTED_EDGE('',*,*,#2443,.T.);
#2443 = EDGE_CURVE('',#1328,#1061,#2444,.T.);
#2444 = SURFACE_CURVE('',#2445,(#2450,#2457),.PCURVE_S1.);
#2445 = CIRCLE('',#2446,31.4);
#2446 = AXIS2_PLACEMENT_3D('',#2447,#2448,#2449);
#2447 = CARTESIAN_POINT('',(0.,0.,-7.5));
#2448 = DIRECTION('',(0.,0.,1.));
#2449 = DIRECTION('',(-0.929590921103,-0.368592891146,0.));
#2450 = PCURVE('',#1104,#2451);
#2451 = DEFINITIONAL_REPRESENTATION('',(#2452),#2456);
#2452 = CIRCLE('',#2453,31.4);
#2453 = AXIS2_PLACEMENT_2D('',#2454,#2455);
#2454 = CARTESIAN_POINT('',(0.,0.));
#2455 = DIRECTION('',(1.,0.));
#2456 = ( GEOMETRIC_REPRESENTATION_CONTEXT(2) 
PARAMETRIC_REPRESENTATION_CONTEXT() REPRESENTATION_CONTEXT('2D SPACE',''
  ) );
#2457 = PCURVE('',#1076,#2458);
#2458 = DEFINITIONAL_REPRESENTATION('',(#2459),#2463);
#2459 = LINE('',#2460,#2461);
#2460 = CARTESIAN_POINT('',(-0.,0.3));
#2461 = VECTOR('',#2462,1.);
#2462 = DIRECTION('',(-1.,0.));
#2463 = ( GEOMETRIC_REPRESENTATION_CONTEXT(2) 
PARAMETRIC_REPRESENTATION_CONTEXT() REPRESENTATION_CONTEXT('2D SPACE',''
  ) );
#2464 = ORIENTED_EDGE('',*,*,#1088,.T.);
#2465 = ORIENTED_EDGE('',*,*,#2415,.F.);
#2466 = ORIENTED_EDGE('',*,*,#1350,.F.);
#2467 = ADVANCED_FACE('',(#2468),#1076,.T.);
#2468 = FACE_BOUND('',#2469,.F.);
#2469 = EDGE_LOOP('',(#2470,#2492,#2493,#2494));
#2470 = ORIENTED_EDGE('',*,*,#2471,.T.);
#2471 = EDGE_CURVE('',#1305,#1033,#2472,.T.);
#2472 = SURFACE_CURVE('',#2473,(#2478,#2485),.PCURVE_S1.);
#2473 = CIRCLE('',#2474,31.4);
#2474 = AXIS2_PLACEMENT_3D('',#2475,#2476,#2477);
#2475 = CARTESIAN_POINT('',(0.,0.,-7.2));
#2476 = DIRECTION('',(0.,0.,1.));
#2477 = DIRECTION('',(-0.929590921103,-0.368592891146,0.));
#2478 = PCURVE('',#1076,#2479);
#2479 = DEFINITIONAL_REPRESENTATION('',(#2480),#2484);
#2480 = LINE('',#2481,#2482);
#2481 = CARTESIAN_POINT('',(-0.,0.));
#2482 = VECTOR('',#2483,1.);
#2483 = DIRECTION('',(-1.,0.));
#2484 = ( GEOMETRIC_REPRESENTATION_CONTEXT(2) 
PARAMETRIC_REPRESENTATION_CONTEXT() REPRESENTATION_CONTEXT('2D SPACE',''
  ) );
#2485 = PCURVE('',#1048,#2486);
#2486 = DEFINITIONAL_REPRESENTATION('',(#2487),#2491);
#2487 = LINE('',#2488,#2489);
#2488 = CARTESIAN_POINT('',(-0.,0.3));
#2489 = VECTOR('',#2490,1.);
#2490 = DIRECTION('',(-1.,0.));
#2491 = ( GEOMETRIC_REPRESENTATION_CONTEXT(2) 
PARAMETRIC_REPRESENTATION_CONTEXT() REPRESENTATION_CONTEXT('2D SPACE',''
  ) );
#2492 = ORIENTED_EDGE('',*,*,#1060,.T.);
#2493 = ORIENTED_EDGE('',*,*,#2443,.F.);
#2494 = ORIENTED_EDGE('',*,*,#1327,.F.);
#2495 = ADVANCED_FACE('',(#2496),#1048,.T.);
#2496 = FACE_BOUND('',#2497,.F.);
#2497 = EDGE_LOOP('',(#2498,#2499,#2500,#2501));
#2498 = ORIENTED_EDGE('',*,*,#1226,.T.);
#2499 = ORIENTED_EDGE('',*,*,#1032,.T.);
#2500 = ORIENTED_EDGE('',*,*,#2471,.F.);
#2501 = ORIENTED_EDGE('',*,*,#1304,.F.);
#2502 = ADVANCED_FACE('',(#2503),#1644,.F.);
#2503 = FACE_BOUND('',#2504,.F.);
#2504 = EDGE_LOOP('',(#2505,#2527,#2528,#2529));
#2505 = ORIENTED_EDGE('',*,*,#2506,.T.);
#2506 = EDGE_CURVE('',#1855,#1603,#2507,.T.);
#2507 = SURFACE_CURVE('',#2508,(#2513,#2520),.PCURVE_S1.);
#2508 = CIRCLE('',#2509,29.35);
#2509 = AXIS2_PLACEMENT_3D('',#2510,#2511,#2512);
#2510 = CARTESIAN_POINT('',(0.,0.,-6.35));
#2511 = DIRECTION('',(-0.,0.,1.));
#2512 = DIRECTION('',(0.784006267938,-0.620752907229,0.));
#2513 = PCURVE('',#1644,#2514);
#2514 = DEFINITIONAL_REPRESENTATION('',(#2515),#2519);
#2515 = LINE('',#2516,#2517);
#2516 = CARTESIAN_POINT('',(0.,0.));
#2517 = VECTOR('',#2518,1.);
#2518 = DIRECTION('',(1.,0.));
#2519 = ( GEOMETRIC_REPRESENTATION_CONTEXT(2) 
PARAMETRIC_REPRESENTATION_CONTEXT() REPRESENTATION_CONTEXT('2D SPACE',''
  ) );
#2520 = PCURVE('',#1618,#2521);
#2521 = DEFINITIONAL_REPRESENTATION('',(#2522),#2526);
#2522 = LINE('',#2523,#2524);
#2523 = CARTESIAN_POINT('',(0.,0.25));
#2524 = VECTOR('',#2525,1.);
#2525 = DIRECTION('',(1.,0.));
#2526 = ( GEOMETRIC_REPRESENTATION_CONTEXT(2) 
PARAMETRIC_REPRESENTATION_CONTEXT() REPRESENTATION_CONTEXT('2D SPACE',''
  ) );
#2527 = ORIENTED_EDGE('',*,*,#1630,.T.);
#2528 = ORIENTED_EDGE('',*,*,#1732,.F.);
#2529 = ORIENTED_EDGE('',*,*,#1877,.F.);
#2530 = ADVANCED_FACE('',(#2531),#1618,.F.);
#2531 = FACE_BOUND('',#2532,.F.);
#2532 = EDGE_LOOP('',(#2533,#2555,#2556,#2557));
#2533 = ORIENTED_EDGE('',*,*,#2534,.T.);
#2534 = EDGE_CURVE('',#1832,#1575,#2535,.T.);
#2535 = SURFACE_CURVE('',#2536,(#2541,#2548),.PCURVE_S1.);
#2536 = CIRCLE('',#2537,29.35);
#2537 = AXIS2_PLACEMENT_3D('',#2538,#2539,#2540);
#2538 = CARTESIAN_POINT('',(0.,0.,-6.6));
#2539 = DIRECTION('',(-0.,0.,1.));
#2540 = DIRECTION('',(0.784006267938,-0.620752907229,0.));
#2541 = PCURVE('',#1618,#2542);
#2542 = DEFINITIONAL_REPRESENTATION('',(#2543),#2547);
#2543 = LINE('',#2544,#2545);
#2544 = CARTESIAN_POINT('',(0.,0.));
#2545 = VECTOR('',#2546,1.);
#2546 = DIRECTION('',(1.,0.));
#2547 = ( GEOMETRIC_REPRESENTATION_CONTEXT(2) 
PARAMETRIC_REPRESENTATION_CONTEXT() REPRESENTATION_CONTEXT('2D SPACE',''
  ) );
#2548 = PCURVE('',#1590,#2549);
#2549 = DEFINITIONAL_REPRESENTATION('',(#2550),#2554);
#2550 = LINE('',#2551,#2552);
#2551 = CARTESIAN_POINT('',(-0.,-0.9));
#2552 = VECTOR('',#2553,1.);
#2553 = DIRECTION('',(-1.,-0.));
#2554 = ( GEOMETRIC_REPRESENTATION_CONTEXT(2) 
PARAMETRIC_REPRESENTATION_CONTEXT() REPRESENTATION_CONTEXT('2D SPACE',''
  ) );
#2555 = ORIENTED_EDGE('',*,*,#1602,.T.);
#2556 = ORIENTED_EDGE('',*,*,#2506,.F.);
#2557 = ORIENTED_EDGE('',*,*,#1854,.F.);
#2558 = ADVANCED_FACE('',(#2559),#1590,.F.);
#2559 = FACE_BOUND('',#2560,.F.);
#2560 = EDGE_LOOP('',(#2561,#2583,#2584,#2585));
#2561 = ORIENTED_EDGE('',*,*,#2562,.T.);
#2562 = EDGE_CURVE('',#1809,#1547,#2563,.T.);
#2563 = SURFACE_CURVE('',#2564,(#2569,#2576),.PCURVE_S1.);
#2564 = CIRCLE('',#2565,29.95);
#2565 = AXIS2_PLACEMENT_3D('',#2566,#2567,#2568);
#2566 = CARTESIAN_POINT('',(0.,0.,-7.5));
#2567 = DIRECTION('',(-0.,0.,1.));
#2568 = DIRECTION('',(0.784006267938,-0.620752907229,0.));
#2569 = PCURVE('',#1590,#2570);
#2570 = DEFINITIONAL_REPRESENTATION('',(#2571),#2575);
#2571 = LINE('',#2572,#2573);
#2572 = CARTESIAN_POINT('',(-0.,-0.));
#2573 = VECTOR('',#2574,1.);
#2574 = DIRECTION('',(-1.,-0.));
#2575 = ( GEOMETRIC_REPRESENTATION_CONTEXT(2) 
PARAMETRIC_REPRESENTATION_CONTEXT() REPRESENTATION_CONTEXT('2D SPACE',''
  ) );
#2576 = PCURVE('',#1562,#2577);
#2577 = DEFINITIONAL_REPRESENTATION('',(#2578),#2582);
#2578 = CIRCLE('',#2579,29.95);
#2579 = AXIS2_PLACEMENT_2D('',#2580,#2581);
#2580 = CARTESIAN_POINT('',(0.,0.));
#2581 = DIRECTION('',(1.,0.));
#2582 = ( GEOMETRIC_REPRESENTATION_CONTEXT(2) 
PARAMETRIC_REPRESENTATION_CONTEXT() REPRESENTATION_CONTEXT('2D SPACE',''
  ) );
#2583 = ORIENTED_EDGE('',*,*,#1574,.T.);
#2584 = ORIENTED_EDGE('',*,*,#2534,.F.);
#2585 = ORIENTED_EDGE('',*,*,#1831,.F.);
#2586 = ADVANCED_FACE('',(#2587),#1562,.F.);
#2587 = FACE_BOUND('',#2588,.F.);
#2588 = EDGE_LOOP('',(#2589,#2611,#2612,#2613));
#2589 = ORIENTED_EDGE('',*,*,#2590,.T.);
#2590 = EDGE_CURVE('',#1786,#1519,#2591,.T.);
#2591 = SURFACE_CURVE('',#2592,(#2597,#2604),.PCURVE_S1.);
#2592 = CIRCLE('',#2593,31.4);
#2593 = AXIS2_PLACEMENT_3D('',#2594,#2595,#2596);
#2594 = CARTESIAN_POINT('',(0.,0.,-7.5));
#2595 = DIRECTION('',(-0.,0.,1.));
#2596 = DIRECTION('',(0.784006267938,-0.620752907229,0.));
#2597 = PCURVE('',#1562,#2598);
#2598 = DEFINITIONAL_REPRESENTATION('',(#2599),#2603);
#2599 = CIRCLE('',#2600,31.4);
#2600 = AXIS2_PLACEMENT_2D('',#2601,#2602);
#2601 = CARTESIAN_POINT('',(0.,0.));
#2602 = DIRECTION('',(1.,0.));
#2603 = ( GEOMETRIC_REPRESENTATION_CONTEXT(2) 
PARAMETRIC_REPRESENTATION_CONTEXT() REPRESENTATION_CONTEXT('2D SPACE',''
  ) );
#2604 = PCURVE('',#1534,#2605);
#2605 = DEFINITIONAL_REPRESENTATION('',(#2606),#2610);
#2606 = LINE('',#2607,#2608);
#2607 = CARTESIAN_POINT('',(-0.,0.3));
#2608 = VECTOR('',#2609,1.);
#2609 = DIRECTION('',(-1.,0.));
#2610 = ( GEOMETRIC_REPRESENTATION_CONTEXT(2) 
PARAMETRIC_REPRESENTATION_CONTEXT() REPRESENTATION_CONTEXT('2D SPACE',''
  ) );
#2611 = ORIENTED_EDGE('',*,*,#1546,.T.);
#2612 = ORIENTED_EDGE('',*,*,#2562,.F.);
#2613 = ORIENTED_EDGE('',*,*,#1808,.F.);
#2614 = ADVANCED_FACE('',(#2615),#1534,.T.);
#2615 = FACE_BOUND('',#2616,.F.);
#2616 = EDGE_LOOP('',(#2617,#2639,#2640,#2641));
#2617 = ORIENTED_EDGE('',*,*,#2618,.T.);
#2618 = EDGE_CURVE('',#1763,#1491,#2619,.T.);
#2619 = SURFACE_CURVE('',#2620,(#2625,#2632),.PCURVE_S1.);
#2620 = CIRCLE('',#2621,31.4);
#2621 = AXIS2_PLACEMENT_3D('',#2622,#2623,#2624);
#2622 = CARTESIAN_POINT('',(0.,0.,-7.2));
#2623 = DIRECTION('',(-0.,0.,1.));
#2624 = DIRECTION('',(0.784006267938,-0.620752907229,0.));
#2625 = PCURVE('',#1534,#2626);
#2626 = DEFINITIONAL_REPRESENTATION('',(#2627),#2631);
#2627 = LINE('',#2628,#2629);
#2628 = CARTESIAN_POINT('',(-0.,0.));
#2629 = VECTOR('',#2630,1.);
#2630 = DIRECTION('',(-1.,0.));
#2631 = ( GEOMETRIC_REPRESENTATION_CONTEXT(2) 
PARAMETRIC_REPRESENTATION_CONTEXT() REPRESENTATION_CONTEXT('2D SPACE',''
  ) );
#2632 = PCURVE('',#1506,#2633);
#2633 = DEFINITIONAL_REPRESENTATION('',(#2634),#2638);
#2634 = LINE('',#2635,#2636);
#2635 = CARTESIAN_POINT('',(-0.,0.3));
#2636 = VECTOR('',#2637,1.);
#2637 = DIRECTION('',(-1.,0.));
#2638 = ( GEOMETRIC_REPRESENTATION_CONTEXT(2) 
PARAMETRIC_REPRESENTATION_CONTEXT() REPRESENTATION_CONTEXT('2D SPACE',''
  ) );
#2639 = ORIENTED_EDGE('',*,*,#1518,.T.);
#2640 = ORIENTED_EDGE('',*,*,#2590,.F.);
#2641 = ORIENTED_EDGE('',*,*,#1785,.F.);
#2642 = ADVANCED_FACE('',(#2643),#1506,.T.);
#2643 = FACE_BOUND('',#2644,.F.);
#2644 = EDGE_LOOP('',(#2645,#2646,#2647,#2648));
#2645 = ORIENTED_EDGE('',*,*,#1684,.T.);
#2646 = ORIENTED_EDGE('',*,*,#1490,.T.);
#2647 = ORIENTED_EDGE('',*,*,#2618,.F.);
#2648 = ORIENTED_EDGE('',*,*,#1762,.F.);
#2649 = ADVANCED_FACE('',(#2650),#2102,.F.);
#2650 = FACE_BOUND('',#2651,.F.);
#2651 = EDGE_LOOP('',(#2652,#2674,#2675,#2676));
#2652 = ORIENTED_EDGE('',*,*,#2653,.T.);
#2653 = EDGE_CURVE('',#2313,#2061,#2654,.T.);
#2654 = SURFACE_CURVE('',#2655,(#2660,#2667),.PCURVE_S1.);
#2655 = CIRCLE('',#2656,29.35);
#2656 = AXIS2_PLACEMENT_3D('',#2657,#2658,#2659);
#2657 = CARTESIAN_POINT('',(0.,0.,-6.35));
#2658 = DIRECTION('',(0.,-0.,1.));
#2659 = DIRECTION('',(0.145584653165,0.989345798375,0.));
#2660 = PCURVE('',#2102,#2661);
#2661 = DEFINITIONAL_REPRESENTATION('',(#2662),#2666);
#2662 = LINE('',#2663,#2664);
#2663 = CARTESIAN_POINT('',(0.,0.));
#2664 = VECTOR('',#2665,1.);
#2665 = DIRECTION('',(1.,0.));
#2666 = ( GEOMETRIC_REPRESENTATION_CONTEXT(2) 
PARAMETRIC_REPRESENTATION_CONTEXT() REPRESENTATION_CONTEXT('2D SPACE',''
  ) );
#2667 = PCURVE('',#2076,#2668);
#2668 = DEFINITIONAL_REPRESENTATION('',(#2669),#2673);
#2669 = LINE('',#2670,#2671);
#2670 = CARTESIAN_POINT('',(0.,0.25));
#2671 = VECTOR('',#2672,1.);
#2672 = DIRECTION('',(1.,0.));
#2673 = ( GEOMETRIC_REPRESENTATION_CONTEXT(2) 
PARAMETRIC_REPRESENTATION_CONTEXT() REPRESENTATION_CONTEXT('2D SPACE',''
  ) );
#2674 = ORIENTED_EDGE('',*,*,#2088,.T.);
#2675 = ORIENTED_EDGE('',*,*,#2190,.F.);
#2676 = ORIENTED_EDGE('',*,*,#2335,.F.);
#2677 = ADVANCED_FACE('',(#2678),#2076,.F.);
#2678 = FACE_BOUND('',#2679,.F.);
#2679 = EDGE_LOOP('',(#2680,#2702,#2703,#2704));
#2680 = ORIENTED_EDGE('',*,*,#2681,.T.);
#2681 = EDGE_CURVE('',#2290,#2033,#2682,.T.);
#2682 = SURFACE_CURVE('',#2683,(#2688,#2695),.PCURVE_S1.);
#2683 = CIRCLE('',#2684,29.35);
#2684 = AXIS2_PLACEMENT_3D('',#2685,#2686,#2687);
#2685 = CARTESIAN_POINT('',(0.,0.,-6.6));
#2686 = DIRECTION('',(0.,-0.,1.));
#2687 = DIRECTION('',(0.145584653165,0.989345798375,0.));
#2688 = PCURVE('',#2076,#2689);
#2689 = DEFINITIONAL_REPRESENTATION('',(#2690),#2694);
#2690 = LINE('',#2691,#2692);
#2691 = CARTESIAN_POINT('',(0.,0.));
#2692 = VECTOR('',#2693,1.);
#2693 = DIRECTION('',(1.,0.));
#2694 = ( GEOMETRIC_REPRESENTATION_CONTEXT(2) 
PARAMETRIC_REPRESENTATION_CONTEXT() REPRESENTATION_CONTEXT('2D SPACE',''
  ) );
#2695 = PCURVE('',#2048,#2696);
#2696 = DEFINITIONAL_REPRESENTATION('',(#2697),#2701);
#2697 = LINE('',#2698,#2699);
#2698 = CARTESIAN_POINT('',(-0.,-0.9));
#2699 = VECTOR('',#2700,1.);
#2700 = DIRECTION('',(-1.,-0.));
#2701 = ( GEOMETRIC_REPRESENTATION_CONTEXT(2) 
PARAMETRIC_REPRESENTATION_CONTEXT() REPRESENTATION_CONTEXT('2D SPACE',''
  ) );
#2702 = ORIENTED_EDGE('',*,*,#2060,.T.);
#2703 = ORIENTED_EDGE('',*,*,#2653,.F.);
#2704 = ORIENTED_EDGE('',*,*,#2312,.F.);
#2705 = ADVANCED_FACE('',(#2706),#2048,.F.);
#2706 = FACE_BOUND('',#2707,.F.);
#2707 = EDGE_LOOP('',(#2708,#2730,#2731,#2732));
#2708 = ORIENTED_EDGE('',*,*,#2709,.T.);
#2709 = EDGE_CURVE('',#2267,#2005,#2710,.T.);
#2710 = SURFACE_CURVE('',#2711,(#2716,#2723),.PCURVE_S1.);
#2711 = CIRCLE('',#2712,29.95);
#2712 = AXIS2_PLACEMENT_3D('',#2713,#2714,#2715);
#2713 = CARTESIAN_POINT('',(0.,0.,-7.5));
#2714 = DIRECTION('',(0.,-0.,1.));
#2715 = DIRECTION('',(0.145584653165,0.989345798375,0.));
#2716 = PCURVE('',#2048,#2717);
#2717 = DEFINITIONAL_REPRESENTATION('',(#2718),#2722);
#2718 = LINE('',#2719,#2720);
#2719 = CARTESIAN_POINT('',(-0.,-0.));
#2720 = VECTOR('',#2721,1.);
#2721 = DIRECTION('',(-1.,-0.));
#2722 = ( GEOMETRIC_REPRESENTATION_CONTEXT(2) 
PARAMETRIC_REPRESENTATION_CONTEXT() REPRESENTATION_CONTEXT('2D SPACE',''
  ) );
#2723 = PCURVE('',#2020,#2724);
#2724 = DEFINITIONAL_REPRESENTATION('',(#2725),#2729);
#2725 = CIRCLE('',#2726,29.95);
#2726 = AXIS2_PLACEMENT_2D('',#2727,#2728);
#2727 = CARTESIAN_POINT('',(0.,0.));
#2728 = DIRECTION('',(1.,0.));
#2729 = ( GEOMETRIC_REPRESENTATION_CONTEXT(2) 
PARAMETRIC_REPRESENTATION_CONTEXT() REPRESENTATION_CONTEXT('2D SPACE',''
  ) );
#2730 = ORIENTED_EDGE('',*,*,#2032,.T.);
#2731 = ORIENTED_EDGE('',*,*,#2681,.F.);
#2732 = ORIENTED_EDGE('',*,*,#2289,.F.);
#2733 = ADVANCED_FACE('',(#2734),#2020,.F.);
#2734 = FACE_BOUND('',#2735,.F.);
#2735 = EDGE_LOOP('',(#2736,#2758,#2759,#2760));
#2736 = ORIENTED_EDGE('',*,*,#2737,.T.);
#2737 = EDGE_CURVE('',#2244,#1977,#2738,.T.);
#2738 = SURFACE_CURVE('',#2739,(#2744,#2751),.PCURVE_S1.);
#2739 = CIRCLE('',#2740,31.4);
#2740 = AXIS2_PLACEMENT_3D('',#2741,#2742,#2743);
#2741 = CARTESIAN_POINT('',(0.,0.,-7.5));
#2742 = DIRECTION('',(0.,-0.,1.));
#2743 = DIRECTION('',(0.145584653165,0.989345798375,0.));
#2744 = PCURVE('',#2020,#2745);
#2745 = DEFINITIONAL_REPRESENTATION('',(#2746),#2750);
#2746 = CIRCLE('',#2747,31.4);
#2747 = AXIS2_PLACEMENT_2D('',#2748,#2749);
#2748 = CARTESIAN_POINT('',(0.,0.));
#2749 = DIRECTION('',(1.,0.));
#2750 = ( GEOMETRIC_REPRESENTATION_CONTEXT(2) 
PARAMETRIC_REPRESENTATION_CONTEXT() REPRESENTATION_CONTEXT('2D SPACE',''
  ) );
#2751 = PCURVE('',#1992,#2752);
#2752 = DEFINITIONAL_REPRESENTATION('',(#2753),#2757);
#2753 = LINE('',#2754,#2755);
#2754 = CARTESIAN_POINT('',(-0.,0.3));
#2755 = VECTOR('',#2756,1.);
#2756 = DIRECTION('',(-1.,0.));
#2757 = ( GEOMETRIC_REPRESENTATION_CONTEXT(2) 
PARAMETRIC_REPRESENTATION_CONTEXT() REPRESENTATION_CONTEXT('2D SPACE',''
  ) );
#2758 = ORIENTED_EDGE('',*,*,#2004,.T.);
#2759 = ORIENTED_EDGE('',*,*,#2709,.F.);
#2760 = ORIENTED_EDGE('',*,*,#2266,.F.);
#2761 = ADVANCED_FACE('',(#2762),#1992,.T.);
#2762 = FACE_BOUND('',#2763,.F.);
#2763 = EDGE_LOOP('',(#2764,#2786,#2787,#2788));
#2764 = ORIENTED_EDGE('',*,*,#2765,.T.);
#2765 = EDGE_CURVE('',#2221,#1949,#2766,.T.);
#2766 = SURFACE_CURVE('',#2767,(#2772,#2779),.PCURVE_S1.);
#2767 = CIRCLE('',#2768,31.4);
#2768 = AXIS2_PLACEMENT_3D('',#2769,#2770,#2771);
#2769 = CARTESIAN_POINT('',(0.,0.,-7.2));
#2770 = DIRECTION('',(0.,-0.,1.));
#2771 = DIRECTION('',(0.145584653165,0.989345798375,0.));
#2772 = PCURVE('',#1992,#2773);
#2773 = DEFINITIONAL_REPRESENTATION('',(#2774),#2778);
#2774 = LINE('',#2775,#2776);
#2775 = CARTESIAN_POINT('',(-0.,0.));
#2776 = VECTOR('',#2777,1.);
#2777 = DIRECTION('',(-1.,0.));
#2778 = ( GEOMETRIC_REPRESENTATION_CONTEXT(2) 
PARAMETRIC_REPRESENTATION_CONTEXT() REPRESENTATION_CONTEXT('2D SPACE',''
  ) );
#2779 = PCURVE('',#1964,#2780);
#2780 = DEFINITIONAL_REPRESENTATION('',(#2781),#2785);
#2781 = LINE('',#2782,#2783);
#2782 = CARTESIAN_POINT('',(-0.,0.3));
#2783 = VECTOR('',#2784,1.);
#2784 = DIRECTION('',(-1.,0.));
#2785 = ( GEOMETRIC_REPRESENTATION_CONTEXT(2) 
PARAMETRIC_REPRESENTATION_CONTEXT() REPRESENTATION_CONTEXT('2D SPACE',''
  ) );
#2786 = ORIENTED_EDGE('',*,*,#1976,.T.);
#2787 = ORIENTED_EDGE('',*,*,#2737,.F.);
#2788 = ORIENTED_EDGE('',*,*,#2243,.F.);
#2789 = ADVANCED_FACE('',(#2790),#1964,.T.);
#2790 = FACE_BOUND('',#2791,.F.);
#2791 = EDGE_LOOP('',(#2792,#2793,#2794,#2795));
#2792 = ORIENTED_EDGE('',*,*,#2142,.T.);
#2793 = ORIENTED_EDGE('',*,*,#1948,.T.);
#2794 = ORIENTED_EDGE('',*,*,#2765,.F.);
#2795 = ORIENTED_EDGE('',*,*,#2220,.F.);
#2796 = ( GEOMETRIC_REPRESENTATION_CONTEXT(3) 
GLOBAL_UNCERTAINTY_ASSIGNED_CONTEXT((#2800)) 
GLOBAL_UNIT_ASSIGNED_CONTEXT((#2797,#2798,#2799)) REPRESENTATION_CONTEXT
('Context #1','3D Context with UNIT and UNCERTAINTY') );
#2797 = ( LENGTH_UNIT() NAMED_UNIT(*) SI_UNIT(.MILLI.,.METRE.) );
#2798 = ( NAMED_UNIT(*) PLANE_ANGLE_UNIT() SI_UNIT($,.RADIAN.) );
#2799 = ( NAMED_UNIT(*) SI_UNIT($,.STERADIAN.) SOLID_ANGLE_UNIT() );
#2800 = UNCERTAINTY_MEASURE_WITH_UNIT(LENGTH_MEASURE(1.E-07),#2797,
  'distance_accuracy_value','confusion accuracy');
#2801 = PRODUCT_RELATED_PRODUCT_CATEGORY('part',$,(#7));
ENDSEC;
END-ISO-10303-21;
