ISO-10303-21;
HEADER;
FILE_DESCRIPTION(('Open CASCADE Model'),'2;1');
FILE_NAME('Open CASCADE Shape Model','2026-10-10T20:52:59',('Author'),(
    'Open CASCADE'),'Open CASCADE STEP processor 7.9','Open CASCADE 7.9'
  ,'Unknown');
FILE_SCHEMA(('AUTOMOTIVE_DESIGN { 1 0 10303 214 1 1 1 1 }'));
ENDSEC;
DATA;
#1 = APPLICATION_PROTOCOL_DEFINITION('international standard',
  'automotive_design',2000,#2);
#2 = APPLICATION_CONTEXT(
  'core data for automotive mechanical design processes');
#3 = SHAPE_DEFINITION_REPRESENTATION(#4,#10);
#4 = PRODUCT_DEFINITION_SHAPE('','',#5);
#5 = PRODUCT_DEFINITION('design','',#6,#9);
#6 = PRODUCT_DEFINITION_FORMATION('','',#7);
#7 = PRODUCT('disctracker_housing','disctracker_housing','',(#8));
#8 = PRODUCT_CONTEXT('',#2,'mechanical');
#9 = PRODUCT_DEFINITION_CONTEXT('part definition',#2,'design');
#10 = SHAPE_REPRESENTATION('',(#11,#15,#19,#23,#27,#31,#35,#39,#43,#47,
    #51,#55),#59);
#11 = AXIS2_PLACEMENT_3D('',#12,#13,#14);
#12 = CARTESIAN_POINT('',(0.,0.,0.));
#13 = DIRECTION('',(0.,0.,1.));
#14 = DIRECTION('',(1.,0.,-0.));
#15 = AXIS2_PLACEMENT_3D('',#16,#17,#18);
#16 = CARTESIAN_POINT('',(0.,0.,0.));
#17 = DIRECTION('',(0.,0.,1.));
#18 = DIRECTION('',(1.,0.,-0.));
#19 = AXIS2_PLACEMENT_3D('',#20,#21,#22);
#20 = CARTESIAN_POINT('',(0.,0.,0.));
#21 = DIRECTION('',(0.,0.,1.));
#22 = DIRECTION('',(1.,0.,-0.));
#23 = AXIS2_PLACEMENT_3D('',#24,#25,#26);
#24 = CARTESIAN_POINT('',(0.,0.,0.));
#25 = DIRECTION('',(0.,0.,1.));
#26 = DIRECTION('',(1.,0.,-0.));
#27 = AXIS2_PLACEMENT_3D('',#28,#29,#30);
#28 = CARTESIAN_POINT('',(0.,0.,0.));
#29 = DIRECTION('',(0.,0.,1.));
#30 = DIRECTION('',(1.,0.,-0.));
#31 = AXIS2_PLACEMENT_3D('',#32,#33,#34);
#32 = CARTESIAN_POINT('',(0.,0.,0.));
#33 = DIRECTION('',(0.,0.,1.));
#34 = DIRECTION('',(1.,0.,-0.));
#35 = AXIS2_PLACEMENT_3D('',#36,#37,#38);
#36 = CARTESIAN_POINT('',(0.,0.,0.));
#37 = DIRECTION('',(0.,0.,1.));
#38 = DIRECTION('',(1.,0.,-0.));
#39 = AXIS2_PLACEMENT_3D('',#40,#41,#42);
#40 = CARTESIAN_POINT('',(0.,0.,0.));
#41 = DIRECTION('',(0.,0.,1.));
#42 = DIRECTION('',(1.,0.,-0.));
#43 = AXIS2_PLACEMENT_3D('',#44,#45,#46);
#44 = CARTESIAN_POINT('',(0.,0.,0.));
#45 = DIRECTION('',(0.,0.,1.));
#46 = DIRECTION('',(1.,0.,-0.));
#47 = AXIS2_PLACEMENT_3D('',#48,#49,#50);
#48 = CARTESIAN_POINT('',(0.,0.,0.));
#49 = DIRECTION('',(0.,0.,1.));
#50 = DIRECTION('',(1.,0.,-0.));
#51 = AXIS2_PLACEMENT_3D('',#52,#53,#54);
#52 = CARTESIAN_POINT('',(0.,0.,0.));
#53 = DIRECTION('',(0.,0.,1.));
#54 = DIRECTION('',(1.,0.,-0.));
#55 = AXIS2_PLACEMENT_3D('',#56,#57,#58);
#56 = CARTESIAN_POINT('',(0.,0.,0.));
#57 = DIRECTION('',(0.,0.,1.));
#58 = DIRECTION('',(1.,0.,-0.));
#59 = ( GEOMETRIC_REPRESENTATION_CONTEXT(3) 
GLOBAL_UNCERTAINTY_ASSIGNED_CONTEXT((#63)) GLOBAL_UNIT_ASSIGNED_CONTEXT(
(#60,#61,#62)) REPRESENTATION_CONTEXT('Context #1',
  '3D Context with UNIT and UNCERTAINTY') );
#60 = ( LENGTH_UNIT() NAMED_UNIT(*) SI_UNIT(.MILLI.,.METRE.) );
#61 = ( NAMED_UNIT(*) PLANE_ANGLE_UNIT() SI_UNIT($,.RADIAN.) );
#62 = ( NAMED_UNIT(*) SI_UNIT($,.STERADIAN.) SOLID_ANGLE_UNIT() );
#63 = UNCERTAINTY_MEASURE_WITH_UNIT(LENGTH_MEASURE(5.E-07),#60,
  'distance_accuracy_value','confusion accuracy');
#64 = PRODUCT_RELATED_PRODUCT_CATEGORY('part',$,(#7));
#65 = SHAPE_DEFINITION_REPRESENTATION(#66,#72);
#66 = PRODUCT_DEFINITION_SHAPE('','',#67);
#67 = PRODUCT_DEFINITION('design','',#68,#71);
#68 = PRODUCT_DEFINITION_FORMATION('','',#69);
#69 = PRODUCT('dock','dock','',(#70));
#70 = PRODUCT_CONTEXT('',#2,'mechanical');
#71 = PRODUCT_DEFINITION_CONTEXT('part definition',#2,'design');
#72 = ADVANCED_BREP_SHAPE_REPRESENTATION('',(#11,#73),#2854);
#73 = MANIFOLD_SOLID_BREP('',#74);
#74 = CLOSED_SHELL('',(#75,#299,#372,#419,#466,#491,#558,#605,#653,#678,
    #1039,#1255,#1305,#1355,#1497,#1713,#1763,#1813,#1955,#2171,#2221,
    #2271,#2413,#2441,#2469,#2497,#2525,#2553,#2560,#2588,#2616,#2644,
    #2672,#2700,#2707,#2735,#2763,#2791,#2819,#2847));
#75 = ADVANCED_FACE('',(#76,#190),#91,.T.);
#76 = FACE_BOUND('',#77,.F.);
#77 = EDGE_LOOP('',(#78,#114,#140,#166));
#78 = ORIENTED_EDGE('',*,*,#79,.F.);
#79 = EDGE_CURVE('',#80,#82,#84,.T.);
#80 = VERTEX_POINT('',#81);
#81 = CARTESIAN_POINT('',(32.978174600787,1.2,0.));
#82 = VERTEX_POINT('',#83);
#83 = CARTESIAN_POINT('',(32.978174600787,-1.2,0.));
#84 = SURFACE_CURVE('',#85,(#90,#102),.PCURVE_S1.);
#85 = CIRCLE('',#86,33.);
#86 = AXIS2_PLACEMENT_3D('',#87,#88,#89);
#87 = CARTESIAN_POINT('',(0.,0.,0.));
#88 = DIRECTION('',(0.,0.,1.));
#89 = DIRECTION('',(1.,0.,0.));
#90 = PCURVE('',#91,#96);
#91 = PLANE('',#92);
#92 = AXIS2_PLACEMENT_3D('',#93,#94,#95);
#93 = CARTESIAN_POINT('',(0.,0.,0.));
#94 = DIRECTION('',(0.,0.,1.));
#95 = DIRECTION('',(1.,-0.,-0.));
#96 = DEFINITIONAL_REPRESENTATION('',(#97),#101);
#97 = CIRCLE('',#98,33.);
#98 = AXIS2_PLACEMENT_2D('',#99,#100);
#99 = CARTESIAN_POINT('',(0.,0.));
#100 = DIRECTION('',(1.,-0.));
#101 = ( GEOMETRIC_REPRESENTATION_CONTEXT(2) 
PARAMETRIC_REPRESENTATION_CONTEXT() REPRESENTATION_CONTEXT('2D SPACE',''
  ) );
#102 = PCURVE('',#103,#108);
#103 = CYLINDRICAL_SURFACE('',#104,33.);
#104 = AXIS2_PLACEMENT_3D('',#105,#106,#107);
#105 = CARTESIAN_POINT('',(0.,0.,0.));
#106 = DIRECTION('',(-0.,-0.,-1.));
#107 = DIRECTION('',(1.,0.,0.));
#108 = DEFINITIONAL_REPRESENTATION('',(#109),#113);
#109 = LINE('',#110,#111);
#110 = CARTESIAN_POINT('',(-0.,0.));
#111 = VECTOR('',#112,1.);
#112 = DIRECTION('',(-1.,0.));
#113 = ( GEOMETRIC_REPRESENTATION_CONTEXT(2) 
PARAMETRIC_REPRESENTATION_CONTEXT() REPRESENTATION_CONTEXT('2D SPACE',''
  ) );
#114 = ORIENTED_EDGE('',*,*,#115,.T.);
#115 = EDGE_CURVE('',#80,#116,#118,.T.);
#116 = VERTEX_POINT('',#117);
#117 = CARTESIAN_POINT('',(32.3,1.2,0.));
#118 = SURFACE_CURVE('',#119,(#123,#129),.PCURVE_S1.);
#119 = LINE('',#120,#121);
#120 = CARTESIAN_POINT('',(16.85,1.2,0.));
#121 = VECTOR('',#122,1.);
#122 = DIRECTION('',(-1.,0.,0.));
#123 = PCURVE('',#91,#124);
#124 = DEFINITIONAL_REPRESENTATION('',(#125),#128);
#125 = B_SPLINE_CURVE_WITH_KNOTS('',1,(#126,#127),.UNSPECIFIED.,.F.,.F.,
  (2,2),(-16.15,-15.45),.PIECEWISE_BEZIER_KNOTS.);
#126 = CARTESIAN_POINT('',(33.,1.2));
#127 = CARTESIAN_POINT('',(32.3,1.2));
#128 = ( GEOMETRIC_REPRESENTATION_CONTEXT(2) 
PARAMETRIC_REPRESENTATION_CONTEXT() REPRESENTATION_CONTEXT('2D SPACE',''
  ) );
#129 = PCURVE('',#130,#135);
#130 = PLANE('',#131);
#131 = AXIS2_PLACEMENT_3D('',#132,#133,#134);
#132 = CARTESIAN_POINT('',(33.7,1.2,-2.2));
#133 = DIRECTION('',(0.,-1.,0.));
#134 = DIRECTION('',(-1.,0.,0.));
#135 = DEFINITIONAL_REPRESENTATION('',(#136),#139);
#136 = B_SPLINE_CURVE_WITH_KNOTS('',1,(#137,#138),.UNSPECIFIED.,.F.,.F.,
  (2,2),(-16.15,-15.45),.PIECEWISE_BEZIER_KNOTS.);
#137 = CARTESIAN_POINT('',(0.7,-2.2));
#138 = CARTESIAN_POINT('',(1.4,-2.2));
#139 = ( GEOMETRIC_REPRESENTATION_CONTEXT(2) 
PARAMETRIC_REPRESENTATION_CONTEXT() REPRESENTATION_CONTEXT('2D SPACE',''
  ) );
#140 = ORIENTED_EDGE('',*,*,#141,.T.);
#141 = EDGE_CURVE('',#116,#142,#144,.T.);
#142 = VERTEX_POINT('',#143);
#143 = CARTESIAN_POINT('',(32.3,-1.2,0.));
#144 = SURFACE_CURVE('',#145,(#149,#155),.PCURVE_S1.);
#145 = LINE('',#146,#147);
#146 = CARTESIAN_POINT('',(32.3,0.6,0.));
#147 = VECTOR('',#148,1.);
#148 = DIRECTION('',(0.,-1.,0.));
#149 = PCURVE('',#91,#150);
#150 = DEFINITIONAL_REPRESENTATION('',(#151),#154);
#151 = B_SPLINE_CURVE_WITH_KNOTS('',1,(#152,#153),.UNSPECIFIED.,.F.,.F.,
  (2,2),(-0.6,1.8),.PIECEWISE_BEZIER_KNOTS.);
#152 = CARTESIAN_POINT('',(32.3,1.2));
#153 = CARTESIAN_POINT('',(32.3,-1.2));
#154 = ( GEOMETRIC_REPRESENTATION_CONTEXT(2) 
PARAMETRIC_REPRESENTATION_CONTEXT() REPRESENTATION_CONTEXT('2D SPACE',''
  ) );
#155 = PCURVE('',#156,#161);
#156 = PLANE('',#157);
#157 = AXIS2_PLACEMENT_3D('',#158,#159,#160);
#158 = CARTESIAN_POINT('',(32.3,1.2,-2.2));
#159 = DIRECTION('',(1.,0.,-0.));
#160 = DIRECTION('',(0.,-1.,0.));
#161 = DEFINITIONAL_REPRESENTATION('',(#162),#165);
#162 = B_SPLINE_CURVE_WITH_KNOTS('',1,(#163,#164),.UNSPECIFIED.,.F.,.F.,
  (2,2),(-0.6,1.8),.PIECEWISE_BEZIER_KNOTS.);
#163 = CARTESIAN_POINT('',(0.,-2.2));
#164 = CARTESIAN_POINT('',(2.4,-2.2));
#165 = ( GEOMETRIC_REPRESENTATION_CONTEXT(2) 
PARAMETRIC_REPRESENTATION_CONTEXT() REPRESENTATION_CONTEXT('2D SPACE',''
  ) );
#166 = ORIENTED_EDGE('',*,*,#167,.T.);
#167 = EDGE_CURVE('',#142,#82,#168,.T.);
#168 = SURFACE_CURVE('',#169,(#173,#179),.PCURVE_S1.);
#169 = LINE('',#170,#171);
#170 = CARTESIAN_POINT('',(16.15,-1.2,0.));
#171 = VECTOR('',#172,1.);
#172 = DIRECTION('',(1.,0.,0.));
#173 = PCURVE('',#91,#174);
#174 = DEFINITIONAL_REPRESENTATION('',(#175),#178);
#175 = B_SPLINE_CURVE_WITH_KNOTS('',1,(#176,#177),.UNSPECIFIED.,.F.,.F.,
  (2,2),(16.15,16.85),.PIECEWISE_BEZIER_KNOTS.);
#176 = CARTESIAN_POINT('',(32.3,-1.2));
#177 = CARTESIAN_POINT('',(33.,-1.2));
#178 = ( GEOMETRIC_REPRESENTATION_CONTEXT(2) 
PARAMETRIC_REPRESENTATION_CONTEXT() REPRESENTATION_CONTEXT('2D SPACE',''
  ) );
#179 = PCURVE('',#180,#185);
#180 = PLANE('',#181);
#181 = AXIS2_PLACEMENT_3D('',#182,#183,#184);
#182 = CARTESIAN_POINT('',(32.3,-1.2,-2.2));
#183 = DIRECTION('',(0.,1.,0.));
#184 = DIRECTION('',(1.,0.,0.));
#185 = DEFINITIONAL_REPRESENTATION('',(#186),#189);
#186 = B_SPLINE_CURVE_WITH_KNOTS('',1,(#187,#188),.UNSPECIFIED.,.F.,.F.,
  (2,2),(16.15,16.85),.PIECEWISE_BEZIER_KNOTS.);
#187 = CARTESIAN_POINT('',(0.,-2.2));
#188 = CARTESIAN_POINT('',(0.7,-2.2));
#189 = ( GEOMETRIC_REPRESENTATION_CONTEXT(2) 
PARAMETRIC_REPRESENTATION_CONTEXT() REPRESENTATION_CONTEXT('2D SPACE',''
  ) );
#190 = FACE_BOUND('',#191,.F.);
#191 = EDGE_LOOP('',(#192,#220,#249,#275));
#192 = ORIENTED_EDGE('',*,*,#193,.T.);
#193 = EDGE_CURVE('',#194,#196,#198,.T.);
#194 = VERTEX_POINT('',#195);
#195 = CARTESIAN_POINT('',(30.65,1.7,0.));
#196 = VERTEX_POINT('',#197);
#197 = CARTESIAN_POINT('',(29.400892843586,1.7,0.));
#198 = SURFACE_CURVE('',#199,(#203,#209),.PCURVE_S1.);
#199 = LINE('',#200,#201);
#200 = CARTESIAN_POINT('',(15.325,1.7,0.));
#201 = VECTOR('',#202,1.);
#202 = DIRECTION('',(-1.,0.,0.));
#203 = PCURVE('',#91,#204);
#204 = DEFINITIONAL_REPRESENTATION('',(#205),#208);
#205 = B_SPLINE_CURVE_WITH_KNOTS('',1,(#206,#207),.UNSPECIFIED.,.F.,.F.,
  (2,2),(-15.325,-13.825),.PIECEWISE_BEZIER_KNOTS.);
#206 = CARTESIAN_POINT('',(30.65,1.7));
#207 = CARTESIAN_POINT('',(29.15,1.7));
#208 = ( GEOMETRIC_REPRESENTATION_CONTEXT(2) 
PARAMETRIC_REPRESENTATION_CONTEXT() REPRESENTATION_CONTEXT('2D SPACE',''
  ) );
#209 = PCURVE('',#210,#215);
#210 = PLANE('',#211);
#211 = AXIS2_PLACEMENT_3D('',#212,#213,#214);
#212 = CARTESIAN_POINT('',(30.65,1.7,-2.2));
#213 = DIRECTION('',(0.,-1.,0.));
#214 = DIRECTION('',(-1.,0.,0.));
#215 = DEFINITIONAL_REPRESENTATION('',(#216),#219);
#216 = B_SPLINE_CURVE_WITH_KNOTS('',1,(#217,#218),.UNSPECIFIED.,.F.,.F.,
  (2,2),(-15.325,-13.825),.PIECEWISE_BEZIER_KNOTS.);
#217 = CARTESIAN_POINT('',(0.,-2.2));
#218 = CARTESIAN_POINT('',(1.5,-2.2));
#219 = ( GEOMETRIC_REPRESENTATION_CONTEXT(2) 
PARAMETRIC_REPRESENTATION_CONTEXT() REPRESENTATION_CONTEXT('2D SPACE',''
  ) );
#220 = ORIENTED_EDGE('',*,*,#221,.T.);
#221 = EDGE_CURVE('',#196,#222,#224,.T.);
#222 = VERTEX_POINT('',#223);
#223 = CARTESIAN_POINT('',(29.400892843586,-1.7,0.));
#224 = SURFACE_CURVE('',#225,(#230,#237),.PCURVE_S1.);
#225 = CIRCLE('',#226,29.45);
#226 = AXIS2_PLACEMENT_3D('',#227,#228,#229);
#227 = CARTESIAN_POINT('',(0.,0.,0.));
#228 = DIRECTION('',(0.,0.,1.));
#229 = DIRECTION('',(1.,0.,0.));
#230 = PCURVE('',#91,#231);
#231 = DEFINITIONAL_REPRESENTATION('',(#232),#236);
#232 = CIRCLE('',#233,29.45);
#233 = AXIS2_PLACEMENT_2D('',#234,#235);
#234 = CARTESIAN_POINT('',(0.,0.));
#235 = DIRECTION('',(1.,-0.));
#236 = ( GEOMETRIC_REPRESENTATION_CONTEXT(2) 
PARAMETRIC_REPRESENTATION_CONTEXT() REPRESENTATION_CONTEXT('2D SPACE',''
  ) );
#237 = PCURVE('',#238,#243);
#238 = CYLINDRICAL_SURFACE('',#239,29.45);
#239 = AXIS2_PLACEMENT_3D('',#240,#241,#242);
#240 = CARTESIAN_POINT('',(0.,0.,-1.2));
#241 = DIRECTION('',(0.,0.,1.));
#242 = DIRECTION('',(1.,0.,0.));
#243 = DEFINITIONAL_REPRESENTATION('',(#244),#248);
#244 = LINE('',#245,#246);
#245 = CARTESIAN_POINT('',(0.,1.2));
#246 = VECTOR('',#247,1.);
#247 = DIRECTION('',(1.,0.));
#248 = ( GEOMETRIC_REPRESENTATION_CONTEXT(2) 
PARAMETRIC_REPRESENTATION_CONTEXT() REPRESENTATION_CONTEXT('2D SPACE',''
  ) );
#249 = ORIENTED_EDGE('',*,*,#250,.T.);
#250 = EDGE_CURVE('',#222,#251,#253,.T.);
#251 = VERTEX_POINT('',#252);
#252 = CARTESIAN_POINT('',(30.65,-1.7,0.));
#253 = SURFACE_CURVE('',#254,(#258,#264),.PCURVE_S1.);
#254 = LINE('',#255,#256);
#255 = CARTESIAN_POINT('',(14.575,-1.7,0.));
#256 = VECTOR('',#257,1.);
#257 = DIRECTION('',(1.,0.,0.));
#258 = PCURVE('',#91,#259);
#259 = DEFINITIONAL_REPRESENTATION('',(#260),#263);
#260 = B_SPLINE_CURVE_WITH_KNOTS('',1,(#261,#262),.UNSPECIFIED.,.F.,.F.,
  (2,2),(14.575,16.075),.PIECEWISE_BEZIER_KNOTS.);
#261 = CARTESIAN_POINT('',(29.15,-1.7));
#262 = CARTESIAN_POINT('',(30.65,-1.7));
#263 = ( GEOMETRIC_REPRESENTATION_CONTEXT(2) 
PARAMETRIC_REPRESENTATION_CONTEXT() REPRESENTATION_CONTEXT('2D SPACE',''
  ) );
#264 = PCURVE('',#265,#270);
#265 = PLANE('',#266);
#266 = AXIS2_PLACEMENT_3D('',#267,#268,#269);
#267 = CARTESIAN_POINT('',(29.15,-1.7,-2.2));
#268 = DIRECTION('',(0.,1.,0.));
#269 = DIRECTION('',(1.,0.,0.));
#270 = DEFINITIONAL_REPRESENTATION('',(#271),#274);
#271 = B_SPLINE_CURVE_WITH_KNOTS('',1,(#272,#273),.UNSPECIFIED.,.F.,.F.,
  (2,2),(14.575,16.075),.PIECEWISE_BEZIER_KNOTS.);
#272 = CARTESIAN_POINT('',(0.,-2.2));
#273 = CARTESIAN_POINT('',(1.5,-2.2));
#274 = ( GEOMETRIC_REPRESENTATION_CONTEXT(2) 
PARAMETRIC_REPRESENTATION_CONTEXT() REPRESENTATION_CONTEXT('2D SPACE',''
  ) );
#275 = ORIENTED_EDGE('',*,*,#276,.T.);
#276 = EDGE_CURVE('',#251,#194,#277,.T.);
#277 = SURFACE_CURVE('',#278,(#282,#288),.PCURVE_S1.);
#278 = LINE('',#279,#280);
#279 = CARTESIAN_POINT('',(30.65,-0.85,0.));
#280 = VECTOR('',#281,1.);
#281 = DIRECTION('',(0.,1.,-0.));
#282 = PCURVE('',#91,#283);
#283 = DEFINITIONAL_REPRESENTATION('',(#284),#287);
#284 = B_SPLINE_CURVE_WITH_KNOTS('',1,(#285,#286),.UNSPECIFIED.,.F.,.F.,
  (2,2),(-0.85,2.55),.PIECEWISE_BEZIER_KNOTS.);
#285 = CARTESIAN_POINT('',(30.65,-1.7));
#286 = CARTESIAN_POINT('',(30.65,1.7));
#287 = ( GEOMETRIC_REPRESENTATION_CONTEXT(2) 
PARAMETRIC_REPRESENTATION_CONTEXT() REPRESENTATION_CONTEXT('2D SPACE',''
  ) );
#288 = PCURVE('',#289,#294);
#289 = PLANE('',#290);
#290 = AXIS2_PLACEMENT_3D('',#291,#292,#293);
#291 = CARTESIAN_POINT('',(30.65,-1.7,-2.2));
#292 = DIRECTION('',(-1.,0.,0.));
#293 = DIRECTION('',(0.,1.,0.));
#294 = DEFINITIONAL_REPRESENTATION('',(#295),#298);
#295 = B_SPLINE_CURVE_WITH_KNOTS('',1,(#296,#297),.UNSPECIFIED.,.F.,.F.,
  (2,2),(-0.85,2.55),.PIECEWISE_BEZIER_KNOTS.);
#296 = CARTESIAN_POINT('',(0.,-2.2));
#297 = CARTESIAN_POINT('',(3.4,-2.2));
#298 = ( GEOMETRIC_REPRESENTATION_CONTEXT(2) 
PARAMETRIC_REPRESENTATION_CONTEXT() REPRESENTATION_CONTEXT('2D SPACE',''
  ) );
#299 = ADVANCED_FACE('',(#300),#103,.T.);
#300 = FACE_BOUND('',#301,.F.);
#301 = EDGE_LOOP('',(#302,#323,#324,#345));
#302 = ORIENTED_EDGE('',*,*,#303,.F.);
#303 = EDGE_CURVE('',#80,#304,#306,.T.);
#304 = VERTEX_POINT('',#305);
#305 = CARTESIAN_POINT('',(32.978174600787,1.2,-1.2));
#306 = SURFACE_CURVE('',#307,(#311,#317),.PCURVE_S1.);
#307 = LINE('',#308,#309);
#308 = CARTESIAN_POINT('',(32.978174600787,1.2,0.));
#309 = VECTOR('',#310,1.);
#310 = DIRECTION('',(-0.,-0.,-1.));
#311 = PCURVE('',#103,#312);
#312 = DEFINITIONAL_REPRESENTATION('',(#313),#316);
#313 = B_SPLINE_CURVE_WITH_KNOTS('',1,(#314,#315),.UNSPECIFIED.,.F.,.F.,
  (2,2),(-6.E-07,1.2000006),.PIECEWISE_BEZIER_KNOTS.);
#314 = CARTESIAN_POINT('',(-3.637165516061E-02,-6.E-07));
#315 = CARTESIAN_POINT('',(-3.637165516061E-02,1.2000006));
#316 = ( GEOMETRIC_REPRESENTATION_CONTEXT(2) 
PARAMETRIC_REPRESENTATION_CONTEXT() REPRESENTATION_CONTEXT('2D SPACE',''
  ) );
#317 = PCURVE('',#130,#318);
#318 = DEFINITIONAL_REPRESENTATION('',(#319),#322);
#319 = B_SPLINE_CURVE_WITH_KNOTS('',1,(#320,#321),.UNSPECIFIED.,.F.,.F.,
  (2,2),(-6.E-07,1.2000006),.PIECEWISE_BEZIER_KNOTS.);
#320 = CARTESIAN_POINT('',(0.721825399213,-2.2000006));
#321 = CARTESIAN_POINT('',(0.721825399213,-0.9999994));
#322 = ( GEOMETRIC_REPRESENTATION_CONTEXT(2) 
PARAMETRIC_REPRESENTATION_CONTEXT() REPRESENTATION_CONTEXT('2D SPACE',''
  ) );
#323 = ORIENTED_EDGE('',*,*,#79,.T.);
#324 = ORIENTED_EDGE('',*,*,#325,.T.);
#325 = EDGE_CURVE('',#82,#326,#328,.T.);
#326 = VERTEX_POINT('',#327);
#327 = CARTESIAN_POINT('',(32.978174600787,-1.2,-1.2));
#328 = SURFACE_CURVE('',#329,(#333,#339),.PCURVE_S1.);
#329 = LINE('',#330,#331);
#330 = CARTESIAN_POINT('',(32.978174600787,-1.2,0.));
#331 = VECTOR('',#332,1.);
#332 = DIRECTION('',(-0.,-0.,-1.));
#333 = PCURVE('',#103,#334);
#334 = DEFINITIONAL_REPRESENTATION('',(#335),#338);
#335 = B_SPLINE_CURVE_WITH_KNOTS('',1,(#336,#337),.UNSPECIFIED.,.F.,.F.,
  (2,2),(-6.E-07,1.2000006),.PIECEWISE_BEZIER_KNOTS.);
#336 = CARTESIAN_POINT('',(-6.246813652019,-6.E-07));
#337 = CARTESIAN_POINT('',(-6.246813652019,1.2000006));
#338 = ( GEOMETRIC_REPRESENTATION_CONTEXT(2) 
PARAMETRIC_REPRESENTATION_CONTEXT() REPRESENTATION_CONTEXT('2D SPACE',''
  ) );
#339 = PCURVE('',#180,#340);
#340 = DEFINITIONAL_REPRESENTATION('',(#341),#344);
#341 = B_SPLINE_CURVE_WITH_KNOTS('',1,(#342,#343),.UNSPECIFIED.,.F.,.F.,
  (2,2),(-6.E-07,1.2000006),.PIECEWISE_BEZIER_KNOTS.);
#342 = CARTESIAN_POINT('',(0.678174600787,-2.2000006));
#343 = CARTESIAN_POINT('',(0.678174600787,-0.9999994));
#344 = ( GEOMETRIC_REPRESENTATION_CONTEXT(2) 
PARAMETRIC_REPRESENTATION_CONTEXT() REPRESENTATION_CONTEXT('2D SPACE',''
  ) );
#345 = ORIENTED_EDGE('',*,*,#346,.F.);
#346 = EDGE_CURVE('',#304,#326,#347,.T.);
#347 = SURFACE_CURVE('',#348,(#353,#360),.PCURVE_S1.);
#348 = CIRCLE('',#349,33.);
#349 = AXIS2_PLACEMENT_3D('',#350,#351,#352);
#350 = CARTESIAN_POINT('',(0.,0.,-1.2));
#351 = DIRECTION('',(0.,0.,1.));
#352 = DIRECTION('',(1.,0.,0.));
#353 = PCURVE('',#103,#354);
#354 = DEFINITIONAL_REPRESENTATION('',(#355),#359);
#355 = LINE('',#356,#357);
#356 = CARTESIAN_POINT('',(-0.,1.2));
#357 = VECTOR('',#358,1.);
#358 = DIRECTION('',(-1.,0.));
#359 = ( GEOMETRIC_REPRESENTATION_CONTEXT(2) 
PARAMETRIC_REPRESENTATION_CONTEXT() REPRESENTATION_CONTEXT('2D SPACE',''
  ) );
#360 = PCURVE('',#361,#366);
#361 = PLANE('',#362);
#362 = AXIS2_PLACEMENT_3D('',#363,#364,#365);
#363 = CARTESIAN_POINT('',(0.,0.,-1.2));
#364 = DIRECTION('',(0.,0.,1.));
#365 = DIRECTION('',(1.,0.,0.));
#366 = DEFINITIONAL_REPRESENTATION('',(#367),#371);
#367 = CIRCLE('',#368,33.);
#368 = AXIS2_PLACEMENT_2D('',#369,#370);
#369 = CARTESIAN_POINT('',(0.,0.));
#370 = DIRECTION('',(1.,0.));
#371 = ( GEOMETRIC_REPRESENTATION_CONTEXT(2) 
PARAMETRIC_REPRESENTATION_CONTEXT() REPRESENTATION_CONTEXT('2D SPACE',''
  ) );
#372 = ADVANCED_FACE('',(#373),#180,.T.);
#373 = FACE_BOUND('',#374,.T.);
#374 = EDGE_LOOP('',(#375,#396,#417,#418));
#375 = ORIENTED_EDGE('',*,*,#376,.T.);
#376 = EDGE_CURVE('',#326,#377,#379,.T.);
#377 = VERTEX_POINT('',#378);
#378 = CARTESIAN_POINT('',(32.3,-1.2,-1.2));
#379 = SURFACE_CURVE('',#380,(#384,#390),.PCURVE_S1.);
#380 = LINE('',#381,#382);
#381 = CARTESIAN_POINT('',(16.15,-1.2,-1.2));
#382 = VECTOR('',#383,1.);
#383 = DIRECTION('',(-1.,0.,0.));
#384 = PCURVE('',#180,#385);
#385 = DEFINITIONAL_REPRESENTATION('',(#386),#389);
#386 = B_SPLINE_CURVE_WITH_KNOTS('',1,(#387,#388),.UNSPECIFIED.,.F.,.F.,
  (2,2),(-16.85,-16.15),.PIECEWISE_BEZIER_KNOTS.);
#387 = CARTESIAN_POINT('',(0.7,-1.));
#388 = CARTESIAN_POINT('',(0.,-1.));
#389 = ( GEOMETRIC_REPRESENTATION_CONTEXT(2) 
PARAMETRIC_REPRESENTATION_CONTEXT() REPRESENTATION_CONTEXT('2D SPACE',''
  ) );
#390 = PCURVE('',#361,#391);
#391 = DEFINITIONAL_REPRESENTATION('',(#392),#395);
#392 = B_SPLINE_CURVE_WITH_KNOTS('',1,(#393,#394),.UNSPECIFIED.,.F.,.F.,
  (2,2),(-16.85,-16.15),.PIECEWISE_BEZIER_KNOTS.);
#393 = CARTESIAN_POINT('',(33.,-1.2));
#394 = CARTESIAN_POINT('',(32.3,-1.2));
#395 = ( GEOMETRIC_REPRESENTATION_CONTEXT(2) 
PARAMETRIC_REPRESENTATION_CONTEXT() REPRESENTATION_CONTEXT('2D SPACE',''
  ) );
#396 = ORIENTED_EDGE('',*,*,#397,.T.);
#397 = EDGE_CURVE('',#377,#142,#398,.T.);
#398 = SURFACE_CURVE('',#399,(#403,#410),.PCURVE_S1.);
#399 = LINE('',#400,#401);
#400 = CARTESIAN_POINT('',(32.3,-1.2,-2.2));
#401 = VECTOR('',#402,1.);
#402 = DIRECTION('',(0.,0.,1.));
#403 = PCURVE('',#180,#404);
#404 = DEFINITIONAL_REPRESENTATION('',(#405),#409);
#405 = LINE('',#406,#407);
#406 = CARTESIAN_POINT('',(0.,0.));
#407 = VECTOR('',#408,1.);
#408 = DIRECTION('',(0.,-1.));
#409 = ( GEOMETRIC_REPRESENTATION_CONTEXT(2) 
PARAMETRIC_REPRESENTATION_CONTEXT() REPRESENTATION_CONTEXT('2D SPACE',''
  ) );
#410 = PCURVE('',#156,#411);
#411 = DEFINITIONAL_REPRESENTATION('',(#412),#416);
#412 = LINE('',#413,#414);
#413 = CARTESIAN_POINT('',(2.4,0.));
#414 = VECTOR('',#415,1.);
#415 = DIRECTION('',(0.,-1.));
#416 = ( GEOMETRIC_REPRESENTATION_CONTEXT(2) 
PARAMETRIC_REPRESENTATION_CONTEXT() REPRESENTATION_CONTEXT('2D SPACE',''
  ) );
#417 = ORIENTED_EDGE('',*,*,#167,.T.);
#418 = ORIENTED_EDGE('',*,*,#325,.T.);
#419 = ADVANCED_FACE('',(#420),#156,.T.);
#420 = FACE_BOUND('',#421,.T.);
#421 = EDGE_LOOP('',(#422,#443,#464,#465));
#422 = ORIENTED_EDGE('',*,*,#423,.T.);
#423 = EDGE_CURVE('',#377,#424,#426,.T.);
#424 = VERTEX_POINT('',#425);
#425 = CARTESIAN_POINT('',(32.3,1.2,-1.2));
#426 = SURFACE_CURVE('',#427,(#431,#437),.PCURVE_S1.);
#427 = LINE('',#428,#429);
#428 = CARTESIAN_POINT('',(32.3,0.6,-1.2));
#429 = VECTOR('',#430,1.);
#430 = DIRECTION('',(-0.,1.,0.));
#431 = PCURVE('',#156,#432);
#432 = DEFINITIONAL_REPRESENTATION('',(#433),#436);
#433 = B_SPLINE_CURVE_WITH_KNOTS('',1,(#434,#435),.UNSPECIFIED.,.F.,.F.,
  (2,2),(-1.8,0.6),.PIECEWISE_BEZIER_KNOTS.);
#434 = CARTESIAN_POINT('',(2.4,-1.));
#435 = CARTESIAN_POINT('',(0.,-1.));
#436 = ( GEOMETRIC_REPRESENTATION_CONTEXT(2) 
PARAMETRIC_REPRESENTATION_CONTEXT() REPRESENTATION_CONTEXT('2D SPACE',''
  ) );
#437 = PCURVE('',#361,#438);
#438 = DEFINITIONAL_REPRESENTATION('',(#439),#442);
#439 = B_SPLINE_CURVE_WITH_KNOTS('',1,(#440,#441),.UNSPECIFIED.,.F.,.F.,
  (2,2),(-1.8,0.6),.PIECEWISE_BEZIER_KNOTS.);
#440 = CARTESIAN_POINT('',(32.3,-1.2));
#441 = CARTESIAN_POINT('',(32.3,1.2));
#442 = ( GEOMETRIC_REPRESENTATION_CONTEXT(2) 
PARAMETRIC_REPRESENTATION_CONTEXT() REPRESENTATION_CONTEXT('2D SPACE',''
  ) );
#443 = ORIENTED_EDGE('',*,*,#444,.T.);
#444 = EDGE_CURVE('',#424,#116,#445,.T.);
#445 = SURFACE_CURVE('',#446,(#450,#457),.PCURVE_S1.);
#446 = LINE('',#447,#448);
#447 = CARTESIAN_POINT('',(32.3,1.2,-2.2));
#448 = VECTOR('',#449,1.);
#449 = DIRECTION('',(0.,0.,1.));
#450 = PCURVE('',#156,#451);
#451 = DEFINITIONAL_REPRESENTATION('',(#452),#456);
#452 = LINE('',#453,#454);
#453 = CARTESIAN_POINT('',(0.,0.));
#454 = VECTOR('',#455,1.);
#455 = DIRECTION('',(0.,-1.));
#456 = ( GEOMETRIC_REPRESENTATION_CONTEXT(2) 
PARAMETRIC_REPRESENTATION_CONTEXT() REPRESENTATION_CONTEXT('2D SPACE',''
  ) );
#457 = PCURVE('',#130,#458);
#458 = DEFINITIONAL_REPRESENTATION('',(#459),#463);
#459 = LINE('',#460,#461);
#460 = CARTESIAN_POINT('',(1.4,0.));
#461 = VECTOR('',#462,1.);
#462 = DIRECTION('',(0.,-1.));
#463 = ( GEOMETRIC_REPRESENTATION_CONTEXT(2) 
PARAMETRIC_REPRESENTATION_CONTEXT() REPRESENTATION_CONTEXT('2D SPACE',''
  ) );
#464 = ORIENTED_EDGE('',*,*,#141,.T.);
#465 = ORIENTED_EDGE('',*,*,#397,.F.);
#466 = ADVANCED_FACE('',(#467),#130,.T.);
#467 = FACE_BOUND('',#468,.T.);
#468 = EDGE_LOOP('',(#469,#470,#489,#490));
#469 = ORIENTED_EDGE('',*,*,#444,.F.);
#470 = ORIENTED_EDGE('',*,*,#471,.T.);
#471 = EDGE_CURVE('',#424,#304,#472,.T.);
#472 = SURFACE_CURVE('',#473,(#477,#483),.PCURVE_S1.);
#473 = LINE('',#474,#475);
#474 = CARTESIAN_POINT('',(16.85,1.2,-1.2));
#475 = VECTOR('',#476,1.);
#476 = DIRECTION('',(1.,0.,-0.));
#477 = PCURVE('',#130,#478);
#478 = DEFINITIONAL_REPRESENTATION('',(#479),#482);
#479 = B_SPLINE_CURVE_WITH_KNOTS('',1,(#480,#481),.UNSPECIFIED.,.F.,.F.,
  (2,2),(15.45,16.15),.PIECEWISE_BEZIER_KNOTS.);
#480 = CARTESIAN_POINT('',(1.4,-1.));
#481 = CARTESIAN_POINT('',(0.7,-1.));
#482 = ( GEOMETRIC_REPRESENTATION_CONTEXT(2) 
PARAMETRIC_REPRESENTATION_CONTEXT() REPRESENTATION_CONTEXT('2D SPACE',''
  ) );
#483 = PCURVE('',#361,#484);
#484 = DEFINITIONAL_REPRESENTATION('',(#485),#488);
#485 = B_SPLINE_CURVE_WITH_KNOTS('',1,(#486,#487),.UNSPECIFIED.,.F.,.F.,
  (2,2),(15.45,16.15),.PIECEWISE_BEZIER_KNOTS.);
#486 = CARTESIAN_POINT('',(32.3,1.2));
#487 = CARTESIAN_POINT('',(33.,1.2));
#488 = ( GEOMETRIC_REPRESENTATION_CONTEXT(2) 
PARAMETRIC_REPRESENTATION_CONTEXT() REPRESENTATION_CONTEXT('2D SPACE',''
  ) );
#489 = ORIENTED_EDGE('',*,*,#303,.F.);
#490 = ORIENTED_EDGE('',*,*,#115,.T.);
#491 = ADVANCED_FACE('',(#492),#210,.T.);
#492 = FACE_BOUND('',#493,.T.);
#493 = EDGE_LOOP('',(#494,#517,#538,#539));
#494 = ORIENTED_EDGE('',*,*,#495,.T.);
#495 = EDGE_CURVE('',#496,#498,#500,.T.);
#496 = VERTEX_POINT('',#497);
#497 = CARTESIAN_POINT('',(29.400892843586,1.7,-1.2));
#498 = VERTEX_POINT('',#499);
#499 = CARTESIAN_POINT('',(30.65,1.7,-1.2));
#500 = SURFACE_CURVE('',#501,(#505,#511),.PCURVE_S1.);
#501 = LINE('',#502,#503);
#502 = CARTESIAN_POINT('',(15.325,1.7,-1.2));
#503 = VECTOR('',#504,1.);
#504 = DIRECTION('',(1.,0.,-0.));
#505 = PCURVE('',#210,#506);
#506 = DEFINITIONAL_REPRESENTATION('',(#507),#510);
#507 = B_SPLINE_CURVE_WITH_KNOTS('',1,(#508,#509),.UNSPECIFIED.,.F.,.F.,
  (2,2),(13.825,15.325),.PIECEWISE_BEZIER_KNOTS.);
#508 = CARTESIAN_POINT('',(1.5,-1.));
#509 = CARTESIAN_POINT('',(0.,-1.));
#510 = ( GEOMETRIC_REPRESENTATION_CONTEXT(2) 
PARAMETRIC_REPRESENTATION_CONTEXT() REPRESENTATION_CONTEXT('2D SPACE',''
  ) );
#511 = PCURVE('',#361,#512);
#512 = DEFINITIONAL_REPRESENTATION('',(#513),#516);
#513 = B_SPLINE_CURVE_WITH_KNOTS('',1,(#514,#515),.UNSPECIFIED.,.F.,.F.,
  (2,2),(13.825,15.325),.PIECEWISE_BEZIER_KNOTS.);
#514 = CARTESIAN_POINT('',(29.15,1.7));
#515 = CARTESIAN_POINT('',(30.65,1.7));
#516 = ( GEOMETRIC_REPRESENTATION_CONTEXT(2) 
PARAMETRIC_REPRESENTATION_CONTEXT() REPRESENTATION_CONTEXT('2D SPACE',''
  ) );
#517 = ORIENTED_EDGE('',*,*,#518,.T.);
#518 = EDGE_CURVE('',#498,#194,#519,.T.);
#519 = SURFACE_CURVE('',#520,(#524,#531),.PCURVE_S1.);
#520 = LINE('',#521,#522);
#521 = CARTESIAN_POINT('',(30.65,1.7,-2.2));
#522 = VECTOR('',#523,1.);
#523 = DIRECTION('',(0.,0.,1.));
#524 = PCURVE('',#210,#525);
#525 = DEFINITIONAL_REPRESENTATION('',(#526),#530);
#526 = LINE('',#527,#528);
#527 = CARTESIAN_POINT('',(0.,-0.));
#528 = VECTOR('',#529,1.);
#529 = DIRECTION('',(0.,-1.));
#530 = ( GEOMETRIC_REPRESENTATION_CONTEXT(2) 
PARAMETRIC_REPRESENTATION_CONTEXT() REPRESENTATION_CONTEXT('2D SPACE',''
  ) );
#531 = PCURVE('',#289,#532);
#532 = DEFINITIONAL_REPRESENTATION('',(#533),#537);
#533 = LINE('',#534,#535);
#534 = CARTESIAN_POINT('',(3.4,0.));
#535 = VECTOR('',#536,1.);
#536 = DIRECTION('',(0.,-1.));
#537 = ( GEOMETRIC_REPRESENTATION_CONTEXT(2) 
PARAMETRIC_REPRESENTATION_CONTEXT() REPRESENTATION_CONTEXT('2D SPACE',''
  ) );
#538 = ORIENTED_EDGE('',*,*,#193,.T.);
#539 = ORIENTED_EDGE('',*,*,#540,.F.);
#540 = EDGE_CURVE('',#496,#196,#541,.T.);
#541 = SURFACE_CURVE('',#542,(#546,#552),.PCURVE_S1.);
#542 = LINE('',#543,#544);
#543 = CARTESIAN_POINT('',(29.400892843586,1.7,-1.2));
#544 = VECTOR('',#545,1.);
#545 = DIRECTION('',(0.,0.,1.));
#546 = PCURVE('',#210,#547);
#547 = DEFINITIONAL_REPRESENTATION('',(#548),#551);
#548 = B_SPLINE_CURVE_WITH_KNOTS('',1,(#549,#550),.UNSPECIFIED.,.F.,.F.,
  (2,2),(-5.999999999062E-07,1.2000006),.PIECEWISE_BEZIER_KNOTS.);
#549 = CARTESIAN_POINT('',(1.249107156414,-0.9999994));
#550 = CARTESIAN_POINT('',(1.249107156414,-2.2000006));
#551 = ( GEOMETRIC_REPRESENTATION_CONTEXT(2) 
PARAMETRIC_REPRESENTATION_CONTEXT() REPRESENTATION_CONTEXT('2D SPACE',''
  ) );
#552 = PCURVE('',#238,#553);
#553 = DEFINITIONAL_REPRESENTATION('',(#554),#557);
#554 = B_SPLINE_CURVE_WITH_KNOTS('',1,(#555,#556),.UNSPECIFIED.,.F.,.F.,
  (2,2),(-5.999999999062E-07,1.2000006),.PIECEWISE_BEZIER_KNOTS.);
#555 = CARTESIAN_POINT('',(5.775706395693E-02,-5.999999999062E-07));
#556 = CARTESIAN_POINT('',(5.775706395693E-02,1.2000006));
#557 = ( GEOMETRIC_REPRESENTATION_CONTEXT(2) 
PARAMETRIC_REPRESENTATION_CONTEXT() REPRESENTATION_CONTEXT('2D SPACE',''
  ) );
#558 = ADVANCED_FACE('',(#559),#289,.T.);
#559 = FACE_BOUND('',#560,.T.);
#560 = EDGE_LOOP('',(#561,#582,#603,#604));
#561 = ORIENTED_EDGE('',*,*,#562,.T.);
#562 = EDGE_CURVE('',#498,#563,#565,.T.);
#563 = VERTEX_POINT('',#564);
#564 = CARTESIAN_POINT('',(30.65,-1.7,-1.2));
#565 = SURFACE_CURVE('',#566,(#570,#576),.PCURVE_S1.);
#566 = LINE('',#567,#568);
#567 = CARTESIAN_POINT('',(30.65,-0.85,-1.2));
#568 = VECTOR('',#569,1.);
#569 = DIRECTION('',(0.,-1.,0.));
#570 = PCURVE('',#289,#571);
#571 = DEFINITIONAL_REPRESENTATION('',(#572),#575);
#572 = B_SPLINE_CURVE_WITH_KNOTS('',1,(#573,#574),.UNSPECIFIED.,.F.,.F.,
  (2,2),(-2.55,0.85),.PIECEWISE_BEZIER_KNOTS.);
#573 = CARTESIAN_POINT('',(3.4,-1.));
#574 = CARTESIAN_POINT('',(0.,-1.));
#575 = ( GEOMETRIC_REPRESENTATION_CONTEXT(2) 
PARAMETRIC_REPRESENTATION_CONTEXT() REPRESENTATION_CONTEXT('2D SPACE',''
  ) );
#576 = PCURVE('',#361,#577);
#577 = DEFINITIONAL_REPRESENTATION('',(#578),#581);
#578 = B_SPLINE_CURVE_WITH_KNOTS('',1,(#579,#580),.UNSPECIFIED.,.F.,.F.,
  (2,2),(-2.55,0.85),.PIECEWISE_BEZIER_KNOTS.);
#579 = CARTESIAN_POINT('',(30.65,1.7));
#580 = CARTESIAN_POINT('',(30.65,-1.7));
#581 = ( GEOMETRIC_REPRESENTATION_CONTEXT(2) 
PARAMETRIC_REPRESENTATION_CONTEXT() REPRESENTATION_CONTEXT('2D SPACE',''
  ) );
#582 = ORIENTED_EDGE('',*,*,#583,.T.);
#583 = EDGE_CURVE('',#563,#251,#584,.T.);
#584 = SURFACE_CURVE('',#585,(#589,#596),.PCURVE_S1.);
#585 = LINE('',#586,#587);
#586 = CARTESIAN_POINT('',(30.65,-1.7,-2.2));
#587 = VECTOR('',#588,1.);
#588 = DIRECTION('',(0.,0.,1.));
#589 = PCURVE('',#289,#590);
#590 = DEFINITIONAL_REPRESENTATION('',(#591),#595);
#591 = LINE('',#592,#593);
#592 = CARTESIAN_POINT('',(0.,0.));
#593 = VECTOR('',#594,1.);
#594 = DIRECTION('',(0.,-1.));
#595 = ( GEOMETRIC_REPRESENTATION_CONTEXT(2) 
PARAMETRIC_REPRESENTATION_CONTEXT() REPRESENTATION_CONTEXT('2D SPACE',''
  ) );
#596 = PCURVE('',#265,#597);
#597 = DEFINITIONAL_REPRESENTATION('',(#598),#602);
#598 = LINE('',#599,#600);
#599 = CARTESIAN_POINT('',(1.5,0.));
#600 = VECTOR('',#601,1.);
#601 = DIRECTION('',(0.,-1.));
#602 = ( GEOMETRIC_REPRESENTATION_CONTEXT(2) 
PARAMETRIC_REPRESENTATION_CONTEXT() REPRESENTATION_CONTEXT('2D SPACE',''
  ) );
#603 = ORIENTED_EDGE('',*,*,#276,.T.);
#604 = ORIENTED_EDGE('',*,*,#518,.F.);
#605 = ADVANCED_FACE('',(#606),#238,.F.);
#606 = FACE_BOUND('',#607,.F.);
#607 = EDGE_LOOP('',(#608,#609,#633,#652));
#608 = ORIENTED_EDGE('',*,*,#540,.F.);
#609 = ORIENTED_EDGE('',*,*,#610,.T.);
#610 = EDGE_CURVE('',#496,#611,#613,.T.);
#611 = VERTEX_POINT('',#612);
#612 = CARTESIAN_POINT('',(29.400892843586,-1.7,-1.2));
#613 = SURFACE_CURVE('',#614,(#619,#626),.PCURVE_S1.);
#614 = CIRCLE('',#615,29.45);
#615 = AXIS2_PLACEMENT_3D('',#616,#617,#618);
#616 = CARTESIAN_POINT('',(0.,0.,-1.2));
#617 = DIRECTION('',(0.,0.,1.));
#618 = DIRECTION('',(1.,0.,0.));
#619 = PCURVE('',#238,#620);
#620 = DEFINITIONAL_REPRESENTATION('',(#621),#625);
#621 = LINE('',#622,#623);
#622 = CARTESIAN_POINT('',(0.,0.));
#623 = VECTOR('',#624,1.);
#624 = DIRECTION('',(1.,0.));
#625 = ( GEOMETRIC_REPRESENTATION_CONTEXT(2) 
PARAMETRIC_REPRESENTATION_CONTEXT() REPRESENTATION_CONTEXT('2D SPACE',''
  ) );
#626 = PCURVE('',#361,#627);
#627 = DEFINITIONAL_REPRESENTATION('',(#628),#632);
#628 = CIRCLE('',#629,29.45);
#629 = AXIS2_PLACEMENT_2D('',#630,#631);
#630 = CARTESIAN_POINT('',(0.,0.));
#631 = DIRECTION('',(1.,0.));
#632 = ( GEOMETRIC_REPRESENTATION_CONTEXT(2) 
PARAMETRIC_REPRESENTATION_CONTEXT() REPRESENTATION_CONTEXT('2D SPACE',''
  ) );
#633 = ORIENTED_EDGE('',*,*,#634,.T.);
#634 = EDGE_CURVE('',#611,#222,#635,.T.);
#635 = SURFACE_CURVE('',#636,(#640,#646),.PCURVE_S1.);
#636 = LINE('',#637,#638);
#637 = CARTESIAN_POINT('',(29.400892843586,-1.7,-1.2));
#638 = VECTOR('',#639,1.);
#639 = DIRECTION('',(0.,0.,1.));
#640 = PCURVE('',#238,#641);
#641 = DEFINITIONAL_REPRESENTATION('',(#642),#645);
#642 = B_SPLINE_CURVE_WITH_KNOTS('',1,(#643,#644),.UNSPECIFIED.,.F.,.F.,
  (2,2),(-5.999999999062E-07,1.2000006),.PIECEWISE_BEZIER_KNOTS.);
#643 = CARTESIAN_POINT('',(6.225428243223,-5.999999999062E-07));
#644 = CARTESIAN_POINT('',(6.225428243223,1.2000006));
#645 = ( GEOMETRIC_REPRESENTATION_CONTEXT(2) 
PARAMETRIC_REPRESENTATION_CONTEXT() REPRESENTATION_CONTEXT('2D SPACE',''
  ) );
#646 = PCURVE('',#265,#647);
#647 = DEFINITIONAL_REPRESENTATION('',(#648),#651);
#648 = B_SPLINE_CURVE_WITH_KNOTS('',1,(#649,#650),.UNSPECIFIED.,.F.,.F.,
  (2,2),(-5.999999999062E-07,1.2000006),.PIECEWISE_BEZIER_KNOTS.);
#649 = CARTESIAN_POINT('',(0.250892843586,-0.9999994));
#650 = CARTESIAN_POINT('',(0.250892843586,-2.2000006));
#651 = ( GEOMETRIC_REPRESENTATION_CONTEXT(2) 
PARAMETRIC_REPRESENTATION_CONTEXT() REPRESENTATION_CONTEXT('2D SPACE',''
  ) );
#652 = ORIENTED_EDGE('',*,*,#221,.F.);
#653 = ADVANCED_FACE('',(#654),#265,.T.);
#654 = FACE_BOUND('',#655,.T.);
#655 = EDGE_LOOP('',(#656,#657,#676,#677));
#656 = ORIENTED_EDGE('',*,*,#583,.F.);
#657 = ORIENTED_EDGE('',*,*,#658,.T.);
#658 = EDGE_CURVE('',#563,#611,#659,.T.);
#659 = SURFACE_CURVE('',#660,(#664,#670),.PCURVE_S1.);
#660 = LINE('',#661,#662);
#661 = CARTESIAN_POINT('',(14.575,-1.7,-1.2));
#662 = VECTOR('',#663,1.);
#663 = DIRECTION('',(-1.,0.,0.));
#664 = PCURVE('',#265,#665);
#665 = DEFINITIONAL_REPRESENTATION('',(#666),#669);
#666 = B_SPLINE_CURVE_WITH_KNOTS('',1,(#667,#668),.UNSPECIFIED.,.F.,.F.,
  (2,2),(-16.075,-14.575),.PIECEWISE_BEZIER_KNOTS.);
#667 = CARTESIAN_POINT('',(1.5,-1.));
#668 = CARTESIAN_POINT('',(0.,-1.));
#669 = ( GEOMETRIC_REPRESENTATION_CONTEXT(2) 
PARAMETRIC_REPRESENTATION_CONTEXT() REPRESENTATION_CONTEXT('2D SPACE',''
  ) );
#670 = PCURVE('',#361,#671);
#671 = DEFINITIONAL_REPRESENTATION('',(#672),#675);
#672 = B_SPLINE_CURVE_WITH_KNOTS('',1,(#673,#674),.UNSPECIFIED.,.F.,.F.,
  (2,2),(-16.075,-14.575),.PIECEWISE_BEZIER_KNOTS.);
#673 = CARTESIAN_POINT('',(30.65,-1.7));
#674 = CARTESIAN_POINT('',(29.15,-1.7));
#675 = ( GEOMETRIC_REPRESENTATION_CONTEXT(2) 
PARAMETRIC_REPRESENTATION_CONTEXT() REPRESENTATION_CONTEXT('2D SPACE',''
  ) );
#676 = ORIENTED_EDGE('',*,*,#634,.T.);
#677 = ORIENTED_EDGE('',*,*,#250,.T.);
#678 = ADVANCED_FACE('',(#679,#685,#801,#917,#923),#361,.F.);
#679 = FACE_BOUND('',#680,.F.);
#680 = EDGE_LOOP('',(#681,#682,#683,#684));
#681 = ORIENTED_EDGE('',*,*,#471,.T.);
#682 = ORIENTED_EDGE('',*,*,#346,.T.);
#683 = ORIENTED_EDGE('',*,*,#376,.T.);
#684 = ORIENTED_EDGE('',*,*,#423,.T.);
#685 = FACE_BOUND('',#686,.F.);
#686 = EDGE_LOOP('',(#687,#715,#748,#774));
#687 = ORIENTED_EDGE('',*,*,#688,.F.);
#688 = EDGE_CURVE('',#689,#691,#693,.T.);
#689 = VERTEX_POINT('',#690);
#690 = CARTESIAN_POINT('',(-24.14739305249,-19.11918954266,-1.2));
#691 = VERTEX_POINT('',#692);
#692 = CARTESIAN_POINT('',(-23.44178741134,-18.56051192616,-1.2));
#693 = SURFACE_CURVE('',#694,(#698,#704),.PCURVE_S1.);
#694 = LINE('',#695,#696);
#695 = CARTESIAN_POINT('',(-11.90145055219,-9.423215518359,-1.2));
#696 = VECTOR('',#697,1.);
#697 = DIRECTION('',(0.784006267938,0.620752907229,-0.));
#698 = PCURVE('',#361,#699);
#699 = DEFINITIONAL_REPRESENTATION('',(#700),#703);
#700 = B_SPLINE_CURVE_WITH_KNOTS('',1,(#701,#702),.UNSPECIFIED.,.F.,.F.,
  (2,2),(-16.21969974105,-14.16969974105),.PIECEWISE_BEZIER_KNOTS.);
#701 = CARTESIAN_POINT('',(-24.61779681325,-19.491641287));
#702 = CARTESIAN_POINT('',(-23.01058396398,-18.21909782718));
#703 = ( GEOMETRIC_REPRESENTATION_CONTEXT(2) 
PARAMETRIC_REPRESENTATION_CONTEXT() REPRESENTATION_CONTEXT('2D SPACE',''
  ) );
#704 = PCURVE('',#705,#710);
#705 = PLANE('',#706);
#706 = AXIS2_PLACEMENT_3D('',#707,#708,#709);
#707 = CARTESIAN_POINT('',(-23.80290110439,-18.84643103671,
    -4.603242438594));
#708 = DIRECTION('',(0.620752907229,-0.784006267938,0.));
#709 = DIRECTION('',(0.,0.,1.));
#710 = DEFINITIONAL_REPRESENTATION('',(#711),#714);
#711 = B_SPLINE_CURVE_WITH_KNOTS('',1,(#712,#713),.UNSPECIFIED.,.F.,.F.,
  (2,2),(-16.21969974105,-14.16969974105),.PIECEWISE_BEZIER_KNOTS.);
#712 = CARTESIAN_POINT('',(3.403242438594,1.039399482101));
#713 = CARTESIAN_POINT('',(3.403242438594,-1.010600517899));
#714 = ( GEOMETRIC_REPRESENTATION_CONTEXT(2) 
PARAMETRIC_REPRESENTATION_CONTEXT() REPRESENTATION_CONTEXT('2D SPACE',''
  ) );
#715 = ORIENTED_EDGE('',*,*,#716,.T.);
#716 = EDGE_CURVE('',#689,#717,#719,.T.);
#717 = VERTEX_POINT('',#718);
#718 = CARTESIAN_POINT('',(-28.63140036996,-11.35266104729,-1.2));
#719 = SURFACE_CURVE('',#720,(#725,#736),.PCURVE_S1.);
#720 = CIRCLE('',#721,30.8);
#721 = AXIS2_PLACEMENT_3D('',#722,#723,#724);
#722 = CARTESIAN_POINT('',(0.,0.,-1.2));
#723 = DIRECTION('',(0.,0.,-1.));
#724 = DIRECTION('',(-0.929590921103,-0.368592891146,-0.));
#725 = PCURVE('',#361,#726);
#726 = DEFINITIONAL_REPRESENTATION('',(#727),#735);
#727 = ( BOUNDED_CURVE() B_SPLINE_CURVE(2,(#728,#729,#730,#731,#732,#733
,#734),.UNSPECIFIED.,.T.,.F.) B_SPLINE_CURVE_WITH_KNOTS((1,2,2,2,2,1),(
    -2.094395102393,0.,2.094395102393,4.188790204786,6.28318530718,
8.377580409573),.UNSPECIFIED.) CURVE() GEOMETRIC_REPRESENTATION_ITEM() 
RATIONAL_B_SPLINE_CURVE((1.,0.5,1.,0.5,1.,0.5,1.)) REPRESENTATION_ITEM(
  '') );
#728 = CARTESIAN_POINT('',(-28.63140036996,-11.35266104729));
#729 = CARTESIAN_POINT('',(-48.29478610498,38.238379085333));
#730 = CARTESIAN_POINT('',(4.484007317473,30.47185058996));
#731 = CARTESIAN_POINT('',(57.262800739931,22.705322094587));
#732 = CARTESIAN_POINT('',(24.147393052493,-19.11918954266));
#733 = CARTESIAN_POINT('',(-8.968014634945,-60.94370117992));
#734 = CARTESIAN_POINT('',(-28.63140036996,-11.35266104729));
#735 = ( GEOMETRIC_REPRESENTATION_CONTEXT(2) 
PARAMETRIC_REPRESENTATION_CONTEXT() REPRESENTATION_CONTEXT('2D SPACE',''
  ) );
#736 = PCURVE('',#737,#742);
#737 = CYLINDRICAL_SURFACE('',#738,30.8);
#738 = AXIS2_PLACEMENT_3D('',#739,#740,#741);
#739 = CARTESIAN_POINT('',(0.,0.,-1.19));
#740 = DIRECTION('',(0.,0.,-1.));
#741 = DIRECTION('',(-0.929590921103,-0.368592891146,0.));
#742 = DEFINITIONAL_REPRESENTATION('',(#743),#747);
#743 = LINE('',#744,#745);
#744 = CARTESIAN_POINT('',(-6.28318530718,1.E-02));
#745 = VECTOR('',#746,1.);
#746 = DIRECTION('',(1.,-0.));
#747 = ( GEOMETRIC_REPRESENTATION_CONTEXT(2) 
PARAMETRIC_REPRESENTATION_CONTEXT() REPRESENTATION_CONTEXT('2D SPACE',''
  ) );
#748 = ORIENTED_EDGE('',*,*,#749,.T.);
#749 = EDGE_CURVE('',#717,#750,#752,.T.);
#750 = VERTEX_POINT('',#751);
#751 = CARTESIAN_POINT('',(-27.79476854097,-11.02092744526,-1.2));
#752 = SURFACE_CURVE('',#753,(#757,#763),.PCURVE_S1.);
#753 = LINE('',#754,#755);
#754 = CARTESIAN_POINT('',(-14.11146930033,-5.595350760909,-1.2));
#755 = VECTOR('',#756,1.);
#756 = DIRECTION('',(0.929590921103,0.368592891146,-0.));
#757 = PCURVE('',#361,#758);
#758 = DEFINITIONAL_REPRESENTATION('',(#759),#762);
#759 = B_SPLINE_CURVE_WITH_KNOTS('',1,(#760,#761),.UNSPECIFIED.,.F.,.F.,
  (2,2),(-16.21969974105,-14.16969974105),.PIECEWISE_BEZIER_KNOTS.);
#760 = CARTESIAN_POINT('',(-29.18915492262,-11.57381678198));
#761 = CARTESIAN_POINT('',(-27.28349353436,-10.81820135513));
#762 = ( GEOMETRIC_REPRESENTATION_CONTEXT(2) 
PARAMETRIC_REPRESENTATION_CONTEXT() REPRESENTATION_CONTEXT('2D SPACE',''
  ) );
#763 = PCURVE('',#764,#769);
#764 = PLANE('',#765);
#765 = AXIS2_PLACEMENT_3D('',#766,#767,#768);
#766 = CARTESIAN_POINT('',(-28.22293860066,-11.19070152181,
    -4.603242438594));
#767 = DIRECTION('',(0.368592891146,-0.929590921103,0.));
#768 = DIRECTION('',(0.,0.,1.));
#769 = DEFINITIONAL_REPRESENTATION('',(#770),#773);
#770 = B_SPLINE_CURVE_WITH_KNOTS('',1,(#771,#772),.UNSPECIFIED.,.F.,.F.,
  (2,2),(-16.21969974105,-14.16969974105),.PIECEWISE_BEZIER_KNOTS.);
#771 = CARTESIAN_POINT('',(3.403242438594,1.039399482101));
#772 = CARTESIAN_POINT('',(3.403242438594,-1.010600517899));
#773 = ( GEOMETRIC_REPRESENTATION_CONTEXT(2) 
PARAMETRIC_REPRESENTATION_CONTEXT() REPRESENTATION_CONTEXT('2D SPACE',''
  ) );
#774 = ORIENTED_EDGE('',*,*,#775,.T.);
#775 = EDGE_CURVE('',#750,#691,#776,.T.);
#776 = SURFACE_CURVE('',#777,(#782,#789),.PCURVE_S1.);
#777 = CIRCLE('',#778,29.9);
#778 = AXIS2_PLACEMENT_3D('',#779,#780,#781);
#779 = CARTESIAN_POINT('',(0.,0.,-1.2));
#780 = DIRECTION('',(0.,0.,1.));
#781 = DIRECTION('',(-0.929590921103,-0.368592891146,0.));
#782 = PCURVE('',#361,#783);
#783 = DEFINITIONAL_REPRESENTATION('',(#784),#788);
#784 = CIRCLE('',#785,29.9);
#785 = AXIS2_PLACEMENT_2D('',#786,#787);
#786 = CARTESIAN_POINT('',(0.,0.));
#787 = DIRECTION('',(-0.929590921103,-0.368592891146));
#788 = ( GEOMETRIC_REPRESENTATION_CONTEXT(2) 
PARAMETRIC_REPRESENTATION_CONTEXT() REPRESENTATION_CONTEXT('2D SPACE',''
  ) );
#789 = PCURVE('',#790,#795);
#790 = CYLINDRICAL_SURFACE('',#791,29.9);
#791 = AXIS2_PLACEMENT_3D('',#792,#793,#794);
#792 = CARTESIAN_POINT('',(0.,0.,-6.25));
#793 = DIRECTION('',(0.,0.,1.));
#794 = DIRECTION('',(-0.929590921103,-0.368592891146,0.));
#795 = DEFINITIONAL_REPRESENTATION('',(#796),#800);
#796 = LINE('',#797,#798);
#797 = CARTESIAN_POINT('',(0.,5.05));
#798 = VECTOR('',#799,1.);
#799 = DIRECTION('',(1.,0.));
#800 = ( GEOMETRIC_REPRESENTATION_CONTEXT(2) 
PARAMETRIC_REPRESENTATION_CONTEXT() REPRESENTATION_CONTEXT('2D SPACE',''
  ) );
#801 = FACE_BOUND('',#802,.F.);
#802 = EDGE_LOOP('',(#803,#831,#864,#890));
#803 = ORIENTED_EDGE('',*,*,#804,.F.);
#804 = EDGE_CURVE('',#805,#807,#809,.T.);
#805 = VERTEX_POINT('',#806);
#806 = CARTESIAN_POINT('',(28.631400369966,-11.35266104729,-1.2));
#807 = VERTEX_POINT('',#808);
#808 = CARTESIAN_POINT('',(27.794768540973,-11.02092744526,-1.2));
#809 = SURFACE_CURVE('',#810,(#814,#820),.PCURVE_S1.);
#810 = LINE('',#811,#812);
#811 = CARTESIAN_POINT('',(14.111469300334,-5.595350760909,-1.2));
#812 = VECTOR('',#813,1.);
#813 = DIRECTION('',(-0.929590921103,0.368592891146,0.));
#814 = PCURVE('',#361,#815);
#815 = DEFINITIONAL_REPRESENTATION('',(#816),#819);
#816 = B_SPLINE_CURVE_WITH_KNOTS('',1,(#817,#818),.UNSPECIFIED.,.F.,.F.,
  (2,2),(-16.21969974105,-14.16969974105),.PIECEWISE_BEZIER_KNOTS.);
#817 = CARTESIAN_POINT('',(29.189154922627,-11.57381678198));
#818 = CARTESIAN_POINT('',(27.283493534367,-10.81820135513));
#819 = ( GEOMETRIC_REPRESENTATION_CONTEXT(2) 
PARAMETRIC_REPRESENTATION_CONTEXT() REPRESENTATION_CONTEXT('2D SPACE',''
  ) );
#820 = PCURVE('',#821,#826);
#821 = PLANE('',#822);
#822 = AXIS2_PLACEMENT_3D('',#823,#824,#825);
#823 = CARTESIAN_POINT('',(28.222938600667,-11.19070152181,
    -4.603242438594));
#824 = DIRECTION('',(0.368592891146,0.929590921103,0.));
#825 = DIRECTION('',(0.,0.,1.));
#826 = DEFINITIONAL_REPRESENTATION('',(#827),#830);
#827 = B_SPLINE_CURVE_WITH_KNOTS('',1,(#828,#829),.UNSPECIFIED.,.F.,.F.,
  (2,2),(-16.21969974105,-14.16969974105),.PIECEWISE_BEZIER_KNOTS.);
#828 = CARTESIAN_POINT('',(3.403242438594,1.039399482101));
#829 = CARTESIAN_POINT('',(3.403242438594,-1.010600517899));
#830 = ( GEOMETRIC_REPRESENTATION_CONTEXT(2) 
PARAMETRIC_REPRESENTATION_CONTEXT() REPRESENTATION_CONTEXT('2D SPACE',''
  ) );
#831 = ORIENTED_EDGE('',*,*,#832,.T.);
#832 = EDGE_CURVE('',#805,#833,#835,.T.);
#833 = VERTEX_POINT('',#834);
#834 = CARTESIAN_POINT('',(24.147393052493,-19.11918954266,-1.2));
#835 = SURFACE_CURVE('',#836,(#841,#852),.PCURVE_S1.);
#836 = CIRCLE('',#837,30.8);
#837 = AXIS2_PLACEMENT_3D('',#838,#839,#840);
#838 = CARTESIAN_POINT('',(0.,0.,-1.2));
#839 = DIRECTION('',(-0.,0.,-1.));
#840 = DIRECTION('',(0.784006267938,-0.620752907229,-0.));
#841 = PCURVE('',#361,#842);
#842 = DEFINITIONAL_REPRESENTATION('',(#843),#851);
#843 = ( BOUNDED_CURVE() B_SPLINE_CURVE(2,(#844,#845,#846,#847,#848,#849
,#850),.UNSPECIFIED.,.T.,.F.) B_SPLINE_CURVE_WITH_KNOTS((1,2,2,2,2,1),(
    -2.094395102393,0.,2.094395102393,4.188790204786,6.28318530718,
8.377580409573),.UNSPECIFIED.) CURVE() GEOMETRIC_REPRESENTATION_ITEM() 
RATIONAL_B_SPLINE_CURVE((1.,0.5,1.,0.5,1.,0.5,1.)) REPRESENTATION_ITEM(
  '') );
#844 = CARTESIAN_POINT('',(24.147393052493,-19.11918954266));
#845 = CARTESIAN_POINT('',(-8.968014634945,-60.94370117992));
#846 = CARTESIAN_POINT('',(-28.63140036996,-11.35266104729));
#847 = CARTESIAN_POINT('',(-48.29478610498,38.238379085333));
#848 = CARTESIAN_POINT('',(4.484007317473,30.47185058996));
#849 = CARTESIAN_POINT('',(57.262800739931,22.705322094587));
#850 = CARTESIAN_POINT('',(24.147393052493,-19.11918954266));
#851 = ( GEOMETRIC_REPRESENTATION_CONTEXT(2) 
PARAMETRIC_REPRESENTATION_CONTEXT() REPRESENTATION_CONTEXT('2D SPACE',''
  ) );
#852 = PCURVE('',#853,#858);
#853 = CYLINDRICAL_SURFACE('',#854,30.8);
#854 = AXIS2_PLACEMENT_3D('',#855,#856,#857);
#855 = CARTESIAN_POINT('',(0.,0.,-1.19));
#856 = DIRECTION('',(-0.,0.,-1.));
#857 = DIRECTION('',(0.784006267938,-0.620752907229,0.));
#858 = DEFINITIONAL_REPRESENTATION('',(#859),#863);
#859 = LINE('',#860,#861);
#860 = CARTESIAN_POINT('',(-6.28318530718,1.E-02));
#861 = VECTOR('',#862,1.);
#862 = DIRECTION('',(1.,-0.));
#863 = ( GEOMETRIC_REPRESENTATION_CONTEXT(2) 
PARAMETRIC_REPRESENTATION_CONTEXT() REPRESENTATION_CONTEXT('2D SPACE',''
  ) );
#864 = ORIENTED_EDGE('',*,*,#865,.T.);
#865 = EDGE_CURVE('',#833,#866,#868,.T.);
#866 = VERTEX_POINT('',#867);
#867 = CARTESIAN_POINT('',(23.441787411349,-18.56051192616,-1.2));
#868 = SURFACE_CURVE('',#869,(#873,#879),.PCURVE_S1.);
#869 = LINE('',#870,#871);
#870 = CARTESIAN_POINT('',(11.901450552199,-9.423215518359,-1.2));
#871 = VECTOR('',#872,1.);
#872 = DIRECTION('',(-0.784006267938,0.620752907229,0.));
#873 = PCURVE('',#361,#874);
#874 = DEFINITIONAL_REPRESENTATION('',(#875),#878);
#875 = B_SPLINE_CURVE_WITH_KNOTS('',1,(#876,#877),.UNSPECIFIED.,.F.,.F.,
  (2,2),(-16.21969974105,-14.16969974105),.PIECEWISE_BEZIER_KNOTS.);
#876 = CARTESIAN_POINT('',(24.617796813256,-19.491641287));
#877 = CARTESIAN_POINT('',(23.010583963983,-18.21909782718));
#878 = ( GEOMETRIC_REPRESENTATION_CONTEXT(2) 
PARAMETRIC_REPRESENTATION_CONTEXT() REPRESENTATION_CONTEXT('2D SPACE',''
  ) );
#879 = PCURVE('',#880,#885);
#880 = PLANE('',#881);
#881 = AXIS2_PLACEMENT_3D('',#882,#883,#884);
#882 = CARTESIAN_POINT('',(23.802901104397,-18.84643103671,
    -4.603242438594));
#883 = DIRECTION('',(0.620752907229,0.784006267938,0.));
#884 = DIRECTION('',(0.,0.,1.));
#885 = DEFINITIONAL_REPRESENTATION('',(#886),#889);
#886 = B_SPLINE_CURVE_WITH_KNOTS('',1,(#887,#888),.UNSPECIFIED.,.F.,.F.,
  (2,2),(-16.21969974105,-14.16969974105),.PIECEWISE_BEZIER_KNOTS.);
#887 = CARTESIAN_POINT('',(3.403242438594,1.039399482101));
#888 = CARTESIAN_POINT('',(3.403242438594,-1.010600517899));
#889 = ( GEOMETRIC_REPRESENTATION_CONTEXT(2) 
PARAMETRIC_REPRESENTATION_CONTEXT() REPRESENTATION_CONTEXT('2D SPACE',''
  ) );
#890 = ORIENTED_EDGE('',*,*,#891,.T.);
#891 = EDGE_CURVE('',#866,#807,#892,.T.);
#892 = SURFACE_CURVE('',#893,(#898,#905),.PCURVE_S1.);
#893 = CIRCLE('',#894,29.9);
#894 = AXIS2_PLACEMENT_3D('',#895,#896,#897);
#895 = CARTESIAN_POINT('',(0.,0.,-1.2));
#896 = DIRECTION('',(0.,0.,1.));
#897 = DIRECTION('',(0.784006267938,-0.620752907229,0.));
#898 = PCURVE('',#361,#899);
#899 = DEFINITIONAL_REPRESENTATION('',(#900),#904);
#900 = CIRCLE('',#901,29.9);
#901 = AXIS2_PLACEMENT_2D('',#902,#903);
#902 = CARTESIAN_POINT('',(0.,0.));
#903 = DIRECTION('',(0.784006267938,-0.620752907229));
#904 = ( GEOMETRIC_REPRESENTATION_CONTEXT(2) 
PARAMETRIC_REPRESENTATION_CONTEXT() REPRESENTATION_CONTEXT('2D SPACE',''
  ) );
#905 = PCURVE('',#906,#911);
#906 = CYLINDRICAL_SURFACE('',#907,29.9);
#907 = AXIS2_PLACEMENT_3D('',#908,#909,#910);
#908 = CARTESIAN_POINT('',(0.,0.,-6.25));
#909 = DIRECTION('',(0.,0.,1.));
#910 = DIRECTION('',(0.784006267938,-0.620752907229,0.));
#911 = DEFINITIONAL_REPRESENTATION('',(#912),#916);
#912 = LINE('',#913,#914);
#913 = CARTESIAN_POINT('',(0.,5.05));
#914 = VECTOR('',#915,1.);
#915 = DIRECTION('',(1.,0.));
#916 = ( GEOMETRIC_REPRESENTATION_CONTEXT(2) 
PARAMETRIC_REPRESENTATION_CONTEXT() REPRESENTATION_CONTEXT('2D SPACE',''
  ) );
#917 = FACE_BOUND('',#918,.F.);
#918 = EDGE_LOOP('',(#919,#920,#921,#922));
#919 = ORIENTED_EDGE('',*,*,#610,.F.);
#920 = ORIENTED_EDGE('',*,*,#495,.T.);
#921 = ORIENTED_EDGE('',*,*,#562,.T.);
#922 = ORIENTED_EDGE('',*,*,#658,.T.);
#923 = FACE_BOUND('',#924,.F.);
#924 = EDGE_LOOP('',(#925,#953,#986,#1012));
#925 = ORIENTED_EDGE('',*,*,#926,.F.);
#926 = EDGE_CURVE('',#927,#929,#931,.T.);
#927 = VERTEX_POINT('',#928);
#928 = CARTESIAN_POINT('',(-4.484007317473,30.47185058996,-1.2));
#929 = VERTEX_POINT('',#930);
#930 = CARTESIAN_POINT('',(-4.352981129624,29.581439371422,-1.2));
#931 = SURFACE_CURVE('',#932,(#936,#942),.PCURVE_S1.);
#932 = LINE('',#933,#934);
#933 = CARTESIAN_POINT('',(-2.210018748135,15.018566279268,-1.2));
#934 = VECTOR('',#935,1.);
#935 = DIRECTION('',(0.145584653165,-0.989345798375,0.));
#936 = PCURVE('',#361,#937);
#937 = DEFINITIONAL_REPRESENTATION('',(#938),#941);
#938 = B_SPLINE_CURVE_WITH_KNOTS('',1,(#939,#940),.UNSPECIFIED.,.F.,.F.,
  (2,2),(-16.21969974105,-14.16969974105),.PIECEWISE_BEZIER_KNOTS.);
#939 = CARTESIAN_POINT('',(-4.571358109371,31.065458068985));
#940 = CARTESIAN_POINT('',(-4.272909570384,29.037299182316));
#941 = ( GEOMETRIC_REPRESENTATION_CONTEXT(2) 
PARAMETRIC_REPRESENTATION_CONTEXT() REPRESENTATION_CONTEXT('2D SPACE',''
  ) );
#942 = PCURVE('',#943,#948);
#943 = PLANE('',#944);
#944 = AXIS2_PLACEMENT_3D('',#945,#946,#947);
#945 = CARTESIAN_POINT('',(-4.42003749627,30.037132558535,
    -4.603242438594));
#946 = DIRECTION('',(-0.989345798375,-0.145584653165,0.));
#947 = DIRECTION('',(0.,0.,1.));
#948 = DEFINITIONAL_REPRESENTATION('',(#949),#952);
#949 = B_SPLINE_CURVE_WITH_KNOTS('',1,(#950,#951),.UNSPECIFIED.,.F.,.F.,
  (2,2),(-16.21969974105,-14.16969974105),.PIECEWISE_BEZIER_KNOTS.);
#950 = CARTESIAN_POINT('',(3.403242438594,1.039399482101));
#951 = CARTESIAN_POINT('',(3.403242438594,-1.010600517899));
#952 = ( GEOMETRIC_REPRESENTATION_CONTEXT(2) 
PARAMETRIC_REPRESENTATION_CONTEXT() REPRESENTATION_CONTEXT('2D SPACE',''
  ) );
#953 = ORIENTED_EDGE('',*,*,#954,.T.);
#954 = EDGE_CURVE('',#927,#955,#957,.T.);
#955 = VERTEX_POINT('',#956);
#956 = CARTESIAN_POINT('',(4.484007317473,30.47185058996,-1.2));
#957 = SURFACE_CURVE('',#958,(#963,#974),.PCURVE_S1.);
#958 = CIRCLE('',#959,30.8);
#959 = AXIS2_PLACEMENT_3D('',#960,#961,#962);
#960 = CARTESIAN_POINT('',(0.,0.,-1.2));
#961 = DIRECTION('',(0.,0.,-1.));
#962 = DIRECTION('',(0.145584653165,0.989345798375,0.));
#963 = PCURVE('',#361,#964);
#964 = DEFINITIONAL_REPRESENTATION('',(#965),#973);
#965 = ( BOUNDED_CURVE() B_SPLINE_CURVE(2,(#966,#967,#968,#969,#970,#971
,#972),.UNSPECIFIED.,.T.,.F.) B_SPLINE_CURVE_WITH_KNOTS((1,2,2,2,2,1),(
    -2.094395102393,0.,2.094395102393,4.188790204786,6.28318530718,
8.377580409573),.UNSPECIFIED.) CURVE() GEOMETRIC_REPRESENTATION_ITEM() 
RATIONAL_B_SPLINE_CURVE((1.,0.5,1.,0.5,1.,0.5,1.)) REPRESENTATION_ITEM(
  '') );
#966 = CARTESIAN_POINT('',(4.484007317473,30.47185058996));
#967 = CARTESIAN_POINT('',(57.262800739931,22.705322094587));
#968 = CARTESIAN_POINT('',(24.147393052493,-19.11918954266));
#969 = CARTESIAN_POINT('',(-8.968014634945,-60.94370117992));
#970 = CARTESIAN_POINT('',(-28.63140036996,-11.35266104729));
#971 = CARTESIAN_POINT('',(-48.29478610498,38.238379085333));
#972 = CARTESIAN_POINT('',(4.484007317473,30.47185058996));
#973 = ( GEOMETRIC_REPRESENTATION_CONTEXT(2) 
PARAMETRIC_REPRESENTATION_CONTEXT() REPRESENTATION_CONTEXT('2D SPACE',''
  ) );
#974 = PCURVE('',#975,#980);
#975 = CYLINDRICAL_SURFACE('',#976,30.8);
#976 = AXIS2_PLACEMENT_3D('',#977,#978,#979);
#977 = CARTESIAN_POINT('',(0.,0.,-1.19));
#978 = DIRECTION('',(0.,-0.,-1.));
#979 = DIRECTION('',(0.145584653165,0.989345798375,0.));
#980 = DEFINITIONAL_REPRESENTATION('',(#981),#985);
#981 = LINE('',#982,#983);
#982 = CARTESIAN_POINT('',(-6.28318530718,1.E-02));
#983 = VECTOR('',#984,1.);
#984 = DIRECTION('',(1.,-0.));
#985 = ( GEOMETRIC_REPRESENTATION_CONTEXT(2) 
PARAMETRIC_REPRESENTATION_CONTEXT() REPRESENTATION_CONTEXT('2D SPACE',''
  ) );
#986 = ORIENTED_EDGE('',*,*,#987,.T.);
#987 = EDGE_CURVE('',#955,#988,#990,.T.);
#988 = VERTEX_POINT('',#989);
#989 = CARTESIAN_POINT('',(4.352981129624,29.581439371422,-1.2));
#990 = SURFACE_CURVE('',#991,(#995,#1001),.PCURVE_S1.);
#991 = LINE('',#992,#993);
#992 = CARTESIAN_POINT('',(2.210018748135,15.018566279268,-1.2));
#993 = VECTOR('',#994,1.);
#994 = DIRECTION('',(-0.145584653165,-0.989345798375,0.));
#995 = PCURVE('',#361,#996);
#996 = DEFINITIONAL_REPRESENTATION('',(#997),#1000);
#997 = B_SPLINE_CURVE_WITH_KNOTS('',1,(#998,#999),.UNSPECIFIED.,.F.,.F.,
  (2,2),(-16.21969974105,-14.16969974105),.PIECEWISE_BEZIER_KNOTS.);
#998 = CARTESIAN_POINT('',(4.571358109371,31.065458068985));
#999 = CARTESIAN_POINT('',(4.272909570384,29.037299182316));
#1000 = ( GEOMETRIC_REPRESENTATION_CONTEXT(2) 
PARAMETRIC_REPRESENTATION_CONTEXT() REPRESENTATION_CONTEXT('2D SPACE',''
  ) );
#1001 = PCURVE('',#1002,#1007);
#1002 = PLANE('',#1003);
#1003 = AXIS2_PLACEMENT_3D('',#1004,#1005,#1006);
#1004 = CARTESIAN_POINT('',(4.42003749627,30.037132558535,
    -4.603242438594));
#1005 = DIRECTION('',(-0.989345798375,0.145584653165,0.));
#1006 = DIRECTION('',(0.,0.,1.));
#1007 = DEFINITIONAL_REPRESENTATION('',(#1008),#1011);
#1008 = B_SPLINE_CURVE_WITH_KNOTS('',1,(#1009,#1010),.UNSPECIFIED.,.F.,
  .F.,(2,2),(-16.21969974105,-14.16969974105),.PIECEWISE_BEZIER_KNOTS.);
#1009 = CARTESIAN_POINT('',(3.403242438594,1.039399482101));
#1010 = CARTESIAN_POINT('',(3.403242438594,-1.010600517899));
#1011 = ( GEOMETRIC_REPRESENTATION_CONTEXT(2) 
PARAMETRIC_REPRESENTATION_CONTEXT() REPRESENTATION_CONTEXT('2D SPACE',''
  ) );
#1012 = ORIENTED_EDGE('',*,*,#1013,.T.);
#1013 = EDGE_CURVE('',#988,#929,#1014,.T.);
#1014 = SURFACE_CURVE('',#1015,(#1020,#1027),.PCURVE_S1.);
#1015 = CIRCLE('',#1016,29.9);
#1016 = AXIS2_PLACEMENT_3D('',#1017,#1018,#1019);
#1017 = CARTESIAN_POINT('',(0.,0.,-1.2));
#1018 = DIRECTION('',(0.,0.,1.));
#1019 = DIRECTION('',(0.145584653165,0.989345798375,-0.));
#1020 = PCURVE('',#361,#1021);
#1021 = DEFINITIONAL_REPRESENTATION('',(#1022),#1026);
#1022 = CIRCLE('',#1023,29.9);
#1023 = AXIS2_PLACEMENT_2D('',#1024,#1025);
#1024 = CARTESIAN_POINT('',(0.,0.));
#1025 = DIRECTION('',(0.145584653165,0.989345798375));
#1026 = ( GEOMETRIC_REPRESENTATION_CONTEXT(2) 
PARAMETRIC_REPRESENTATION_CONTEXT() REPRESENTATION_CONTEXT('2D SPACE',''
  ) );
#1027 = PCURVE('',#1028,#1033);
#1028 = CYLINDRICAL_SURFACE('',#1029,29.9);
#1029 = AXIS2_PLACEMENT_3D('',#1030,#1031,#1032);
#1030 = CARTESIAN_POINT('',(0.,0.,-6.25));
#1031 = DIRECTION('',(0.,0.,1.));
#1032 = DIRECTION('',(0.145584653165,0.989345798375,0.));
#1033 = DEFINITIONAL_REPRESENTATION('',(#1034),#1038);
#1034 = LINE('',#1035,#1036);
#1035 = CARTESIAN_POINT('',(0.,5.05));
#1036 = VECTOR('',#1037,1.);
#1037 = DIRECTION('',(1.,0.));
#1038 = ( GEOMETRIC_REPRESENTATION_CONTEXT(2) 
PARAMETRIC_REPRESENTATION_CONTEXT() REPRESENTATION_CONTEXT('2D SPACE',''
  ) );
#1039 = ADVANCED_FACE('',(#1040),#705,.T.);
#1040 = FACE_BOUND('',#1041,.T.);
#1041 = EDGE_LOOP('',(#1042,#1065,#1066,#1089,#1117,#1145,#1173,#1201,
    #1229));
#1042 = ORIENTED_EDGE('',*,*,#1043,.T.);
#1043 = EDGE_CURVE('',#1044,#691,#1046,.T.);
#1044 = VERTEX_POINT('',#1045);
#1045 = CARTESIAN_POINT('',(-23.44178741134,-18.56051192616,-6.25));
#1046 = SURFACE_CURVE('',#1047,(#1051,#1058),.PCURVE_S1.);
#1047 = LINE('',#1048,#1049);
#1048 = CARTESIAN_POINT('',(-23.44178741134,-18.56051192616,-6.25));
#1049 = VECTOR('',#1050,1.);
#1050 = DIRECTION('',(0.,0.,1.));
#1051 = PCURVE('',#705,#1052);
#1052 = DEFINITIONAL_REPRESENTATION('',(#1053),#1057);
#1053 = LINE('',#1054,#1055);
#1054 = CARTESIAN_POINT('',(-1.646757561406,-0.460600517899));
#1055 = VECTOR('',#1056,1.);
#1056 = DIRECTION('',(1.,0.));
#1057 = ( GEOMETRIC_REPRESENTATION_CONTEXT(2) 
PARAMETRIC_REPRESENTATION_CONTEXT() REPRESENTATION_CONTEXT('2D SPACE',''
  ) );
#1058 = PCURVE('',#790,#1059);
#1059 = DEFINITIONAL_REPRESENTATION('',(#1060),#1064);
#1060 = LINE('',#1061,#1062);
#1061 = CARTESIAN_POINT('',(0.292207792208,0.));
#1062 = VECTOR('',#1063,1.);
#1063 = DIRECTION('',(0.,1.));
#1064 = ( GEOMETRIC_REPRESENTATION_CONTEXT(2) 
PARAMETRIC_REPRESENTATION_CONTEXT() REPRESENTATION_CONTEXT('2D SPACE',''
  ) );
#1065 = ORIENTED_EDGE('',*,*,#688,.F.);
#1066 = ORIENTED_EDGE('',*,*,#1067,.T.);
#1067 = EDGE_CURVE('',#689,#1068,#1070,.T.);
#1068 = VERTEX_POINT('',#1069);
#1069 = CARTESIAN_POINT('',(-24.14739305249,-19.11918954266,-6.9));
#1070 = SURFACE_CURVE('',#1071,(#1075,#1082),.PCURVE_S1.);
#1071 = LINE('',#1072,#1073);
#1072 = CARTESIAN_POINT('',(-24.14739305249,-19.11918954266,-1.19));
#1073 = VECTOR('',#1074,1.);
#1074 = DIRECTION('',(0.,-0.,-1.));
#1075 = PCURVE('',#705,#1076);
#1076 = DEFINITIONAL_REPRESENTATION('',(#1077),#1081);
#1077 = LINE('',#1078,#1079);
#1078 = CARTESIAN_POINT('',(3.413242438594,0.439399482101));
#1079 = VECTOR('',#1080,1.);
#1080 = DIRECTION('',(-1.,-0.));
#1081 = ( GEOMETRIC_REPRESENTATION_CONTEXT(2) 
PARAMETRIC_REPRESENTATION_CONTEXT() REPRESENTATION_CONTEXT('2D SPACE',''
  ) );
#1082 = PCURVE('',#737,#1083);
#1083 = DEFINITIONAL_REPRESENTATION('',(#1084),#1088);
#1084 = LINE('',#1085,#1086);
#1085 = CARTESIAN_POINT('',(-0.292207792208,0.));
#1086 = VECTOR('',#1087,1.);
#1087 = DIRECTION('',(-0.,1.));
#1088 = ( GEOMETRIC_REPRESENTATION_CONTEXT(2) 
PARAMETRIC_REPRESENTATION_CONTEXT() REPRESENTATION_CONTEXT('2D SPACE',''
  ) );
#1089 = ORIENTED_EDGE('',*,*,#1090,.T.);
#1090 = EDGE_CURVE('',#1068,#1091,#1093,.T.);
#1091 = VERTEX_POINT('',#1092);
#1092 = CARTESIAN_POINT('',(-24.61779681325,-19.491641287,-7.2));
#1093 = SURFACE_CURVE('',#1094,(#1098,#1105),.PCURVE_S1.);
#1094 = LINE('',#1095,#1096);
#1095 = CARTESIAN_POINT('',(-24.14739305249,-19.11918954266,-6.9));
#1096 = VECTOR('',#1097,1.);
#1097 = DIRECTION('',(-0.701236523958,-0.555218279118,-0.4472135955));
#1098 = PCURVE('',#705,#1099);
#1099 = DEFINITIONAL_REPRESENTATION('',(#1100),#1104);
#1100 = LINE('',#1101,#1102);
#1101 = CARTESIAN_POINT('',(-2.296757561406,0.439399482101));
#1102 = VECTOR('',#1103,1.);
#1103 = DIRECTION('',(-0.4472135955,0.894427191));
#1104 = ( GEOMETRIC_REPRESENTATION_CONTEXT(2) 
PARAMETRIC_REPRESENTATION_CONTEXT() REPRESENTATION_CONTEXT('2D SPACE',''
  ) );
#1105 = PCURVE('',#1106,#1111);
#1106 = CONICAL_SURFACE('',#1107,30.8,1.107148717794);
#1107 = AXIS2_PLACEMENT_3D('',#1108,#1109,#1110);
#1108 = CARTESIAN_POINT('',(0.,0.,-6.9));
#1109 = DIRECTION('',(0.,0.,-1.));
#1110 = DIRECTION('',(-0.929590921103,-0.368592891146,0.));
#1111 = DEFINITIONAL_REPRESENTATION('',(#1112),#1116);
#1112 = LINE('',#1113,#1114);
#1113 = CARTESIAN_POINT('',(-0.292207792208,0.));
#1114 = VECTOR('',#1115,1.);
#1115 = DIRECTION('',(-0.,1.));
#1116 = ( GEOMETRIC_REPRESENTATION_CONTEXT(2) 
PARAMETRIC_REPRESENTATION_CONTEXT() REPRESENTATION_CONTEXT('2D SPACE',''
  ) );
#1117 = ORIENTED_EDGE('',*,*,#1118,.T.);
#1118 = EDGE_CURVE('',#1091,#1119,#1121,.T.);
#1119 = VERTEX_POINT('',#1120);
#1120 = CARTESIAN_POINT('',(-24.61779681325,-19.491641287,-7.5));
#1121 = SURFACE_CURVE('',#1122,(#1126,#1133),.PCURVE_S1.);
#1122 = LINE('',#1123,#1124);
#1123 = CARTESIAN_POINT('',(-24.61779681325,-19.491641287,-7.2));
#1124 = VECTOR('',#1125,1.);
#1125 = DIRECTION('',(0.,-0.,-1.));
#1126 = PCURVE('',#705,#1127);
#1127 = DEFINITIONAL_REPRESENTATION('',(#1128),#1132);
#1128 = LINE('',#1129,#1130);
#1129 = CARTESIAN_POINT('',(-2.596757561406,1.039399482101));
#1130 = VECTOR('',#1131,1.);
#1131 = DIRECTION('',(-1.,-0.));
#1132 = ( GEOMETRIC_REPRESENTATION_CONTEXT(2) 
PARAMETRIC_REPRESENTATION_CONTEXT() REPRESENTATION_CONTEXT('2D SPACE',''
  ) );
#1133 = PCURVE('',#1134,#1139);
#1134 = CYLINDRICAL_SURFACE('',#1135,31.4);
#1135 = AXIS2_PLACEMENT_3D('',#1136,#1137,#1138);
#1136 = CARTESIAN_POINT('',(0.,0.,-7.2));
#1137 = DIRECTION('',(0.,0.,-1.));
#1138 = DIRECTION('',(-0.929590921103,-0.368592891146,0.));
#1139 = DEFINITIONAL_REPRESENTATION('',(#1140),#1144);
#1140 = LINE('',#1141,#1142);
#1141 = CARTESIAN_POINT('',(-0.292207792208,0.));
#1142 = VECTOR('',#1143,1.);
#1143 = DIRECTION('',(-0.,1.));
#1144 = ( GEOMETRIC_REPRESENTATION_CONTEXT(2) 
PARAMETRIC_REPRESENTATION_CONTEXT() REPRESENTATION_CONTEXT('2D SPACE',''
  ) );
#1145 = ORIENTED_EDGE('',*,*,#1146,.T.);
#1146 = EDGE_CURVE('',#1119,#1147,#1149,.T.);
#1147 = VERTEX_POINT('',#1148);
#1148 = CARTESIAN_POINT('',(-23.48098772474,-18.59154957152,-7.5));
#1149 = SURFACE_CURVE('',#1150,(#1154,#1161),.PCURVE_S1.);
#1150 = LINE('',#1151,#1152);
#1151 = CARTESIAN_POINT('',(-24.61779681325,-19.491641287,-7.5));
#1152 = VECTOR('',#1153,1.);
#1153 = DIRECTION('',(0.784006267938,0.620752907229,0.));
#1154 = PCURVE('',#705,#1155);
#1155 = DEFINITIONAL_REPRESENTATION('',(#1156),#1160);
#1156 = LINE('',#1157,#1158);
#1157 = CARTESIAN_POINT('',(-2.896757561406,1.039399482101));
#1158 = VECTOR('',#1159,1.);
#1159 = DIRECTION('',(0.,-1.));
#1160 = ( GEOMETRIC_REPRESENTATION_CONTEXT(2) 
PARAMETRIC_REPRESENTATION_CONTEXT() REPRESENTATION_CONTEXT('2D SPACE',''
  ) );
#1161 = PCURVE('',#1162,#1167);
#1162 = PLANE('',#1163);
#1163 = AXIS2_PLACEMENT_3D('',#1164,#1165,#1166);
#1164 = CARTESIAN_POINT('',(0.,0.,-7.5));
#1165 = DIRECTION('',(0.,0.,1.));
#1166 = DIRECTION('',(-0.929590921103,-0.368592891146,0.));
#1167 = DEFINITIONAL_REPRESENTATION('',(#1168),#1172);
#1168 = LINE('',#1169,#1170);
#1169 = CARTESIAN_POINT('',(30.068960830311,9.045307876751));
#1170 = VECTOR('',#1171,1.);
#1171 = DIRECTION('',(-0.957610217526,-0.288067129833));
#1172 = ( GEOMETRIC_REPRESENTATION_CONTEXT(2) 
PARAMETRIC_REPRESENTATION_CONTEXT() REPRESENTATION_CONTEXT('2D SPACE',''
  ) );
#1173 = ORIENTED_EDGE('',*,*,#1174,.T.);
#1174 = EDGE_CURVE('',#1147,#1175,#1177,.T.);
#1175 = VERTEX_POINT('',#1176);
#1176 = CARTESIAN_POINT('',(-23.01058396398,-18.21909782718,-6.6));
#1177 = SURFACE_CURVE('',#1178,(#1182,#1189),.PCURVE_S1.);
#1178 = LINE('',#1179,#1180);
#1179 = CARTESIAN_POINT('',(-23.48098772474,-18.59154957152,-7.5));
#1180 = VECTOR('',#1181,1.);
#1181 = DIRECTION('',(0.434888430667,0.344331759448,0.832050294338));
#1182 = PCURVE('',#705,#1183);
#1183 = DEFINITIONAL_REPRESENTATION('',(#1184),#1188);
#1184 = LINE('',#1185,#1186);
#1185 = CARTESIAN_POINT('',(-2.896757561406,-0.410600517899));
#1186 = VECTOR('',#1187,1.);
#1187 = DIRECTION('',(0.832050294338,-0.554700196225));
#1188 = ( GEOMETRIC_REPRESENTATION_CONTEXT(2) 
PARAMETRIC_REPRESENTATION_CONTEXT() REPRESENTATION_CONTEXT('2D SPACE',''
  ) );
#1189 = PCURVE('',#1190,#1195);
#1190 = CONICAL_SURFACE('',#1191,29.95,0.588002603548);
#1191 = AXIS2_PLACEMENT_3D('',#1192,#1193,#1194);
#1192 = CARTESIAN_POINT('',(0.,0.,-7.5));
#1193 = DIRECTION('',(-0.,-0.,-1.));
#1194 = DIRECTION('',(-0.929590921103,-0.368592891146,0.));
#1195 = DEFINITIONAL_REPRESENTATION('',(#1196),#1200);
#1196 = LINE('',#1197,#1198);
#1197 = CARTESIAN_POINT('',(-0.292207792208,-0.));
#1198 = VECTOR('',#1199,1.);
#1199 = DIRECTION('',(-0.,-1.));
#1200 = ( GEOMETRIC_REPRESENTATION_CONTEXT(2) 
PARAMETRIC_REPRESENTATION_CONTEXT() REPRESENTATION_CONTEXT('2D SPACE',''
  ) );
#1201 = ORIENTED_EDGE('',*,*,#1202,.T.);
#1202 = EDGE_CURVE('',#1175,#1203,#1205,.T.);
#1203 = VERTEX_POINT('',#1204);
#1204 = CARTESIAN_POINT('',(-23.01058396398,-18.21909782718,-6.35));
#1205 = SURFACE_CURVE('',#1206,(#1210,#1217),.PCURVE_S1.);
#1206 = LINE('',#1207,#1208);
#1207 = CARTESIAN_POINT('',(-23.01058396398,-18.21909782718,-6.6));
#1208 = VECTOR('',#1209,1.);
#1209 = DIRECTION('',(0.,0.,1.));
#1210 = PCURVE('',#705,#1211);
#1211 = DEFINITIONAL_REPRESENTATION('',(#1212),#1216);
#1212 = LINE('',#1213,#1214);
#1213 = CARTESIAN_POINT('',(-1.996757561406,-1.010600517899));
#1214 = VECTOR('',#1215,1.);
#1215 = DIRECTION('',(1.,0.));
#1216 = ( GEOMETRIC_REPRESENTATION_CONTEXT(2) 
PARAMETRIC_REPRESENTATION_CONTEXT() REPRESENTATION_CONTEXT('2D SPACE',''
  ) );
#1217 = PCURVE('',#1218,#1223);
#1218 = CYLINDRICAL_SURFACE('',#1219,29.35);
#1219 = AXIS2_PLACEMENT_3D('',#1220,#1221,#1222);
#1220 = CARTESIAN_POINT('',(0.,0.,-6.6));
#1221 = DIRECTION('',(0.,0.,1.));
#1222 = DIRECTION('',(-0.929590921103,-0.368592891146,0.));
#1223 = DEFINITIONAL_REPRESENTATION('',(#1224),#1228);
#1224 = LINE('',#1225,#1226);
#1225 = CARTESIAN_POINT('',(0.292207792208,0.));
#1226 = VECTOR('',#1227,1.);
#1227 = DIRECTION('',(0.,1.));
#1228 = ( GEOMETRIC_REPRESENTATION_CONTEXT(2) 
PARAMETRIC_REPRESENTATION_CONTEXT() REPRESENTATION_CONTEXT('2D SPACE',''
  ) );
#1229 = ORIENTED_EDGE('',*,*,#1230,.T.);
#1230 = EDGE_CURVE('',#1203,#1044,#1231,.T.);
#1231 = SURFACE_CURVE('',#1232,(#1236,#1243),.PCURVE_S1.);
#1232 = LINE('',#1233,#1234);
#1233 = CARTESIAN_POINT('',(-23.01058396398,-18.21909782718,-6.35));
#1234 = VECTOR('',#1235,1.);
#1235 = DIRECTION('',(-0.771360176354,-0.61074010703,0.1788854382));
#1236 = PCURVE('',#705,#1237);
#1237 = DEFINITIONAL_REPRESENTATION('',(#1238),#1242);
#1238 = LINE('',#1239,#1240);
#1239 = CARTESIAN_POINT('',(-1.746757561406,-1.010600517899));
#1240 = VECTOR('',#1241,1.);
#1241 = DIRECTION('',(0.1788854382,0.9838699101));
#1242 = ( GEOMETRIC_REPRESENTATION_CONTEXT(2) 
PARAMETRIC_REPRESENTATION_CONTEXT() REPRESENTATION_CONTEXT('2D SPACE',''
  ) );
#1243 = PCURVE('',#1244,#1249);
#1244 = CONICAL_SURFACE('',#1245,29.35,1.390942827002);
#1245 = AXIS2_PLACEMENT_3D('',#1246,#1247,#1248);
#1246 = CARTESIAN_POINT('',(0.,0.,-6.35));
#1247 = DIRECTION('',(0.,0.,1.));
#1248 = DIRECTION('',(-0.929590921103,-0.368592891146,0.));
#1249 = DEFINITIONAL_REPRESENTATION('',(#1250),#1254);
#1250 = LINE('',#1251,#1252);
#1251 = CARTESIAN_POINT('',(0.292207792208,0.));
#1252 = VECTOR('',#1253,1.);
#1253 = DIRECTION('',(0.,1.));
#1254 = ( GEOMETRIC_REPRESENTATION_CONTEXT(2) 
PARAMETRIC_REPRESENTATION_CONTEXT() REPRESENTATION_CONTEXT('2D SPACE',''
  ) );
#1255 = ADVANCED_FACE('',(#1256),#737,.T.);
#1256 = FACE_BOUND('',#1257,.F.);
#1257 = EDGE_LOOP('',(#1258,#1281,#1282,#1283));
#1258 = ORIENTED_EDGE('',*,*,#1259,.F.);
#1259 = EDGE_CURVE('',#717,#1260,#1262,.T.);
#1260 = VERTEX_POINT('',#1261);
#1261 = CARTESIAN_POINT('',(-28.63140036996,-11.35266104729,-6.9));
#1262 = SURFACE_CURVE('',#1263,(#1267,#1274),.PCURVE_S1.);
#1263 = LINE('',#1264,#1265);
#1264 = CARTESIAN_POINT('',(-28.63140036996,-11.35266104729,-1.19));
#1265 = VECTOR('',#1266,1.);
#1266 = DIRECTION('',(0.,-0.,-1.));
#1267 = PCURVE('',#737,#1268);
#1268 = DEFINITIONAL_REPRESENTATION('',(#1269),#1273);
#1269 = LINE('',#1270,#1271);
#1270 = CARTESIAN_POINT('',(-0.,0.));
#1271 = VECTOR('',#1272,1.);
#1272 = DIRECTION('',(-0.,1.));
#1273 = ( GEOMETRIC_REPRESENTATION_CONTEXT(2) 
PARAMETRIC_REPRESENTATION_CONTEXT() REPRESENTATION_CONTEXT('2D SPACE',''
  ) );
#1274 = PCURVE('',#764,#1275);
#1275 = DEFINITIONAL_REPRESENTATION('',(#1276),#1280);
#1276 = LINE('',#1277,#1278);
#1277 = CARTESIAN_POINT('',(3.413242438594,0.439399482101));
#1278 = VECTOR('',#1279,1.);
#1279 = DIRECTION('',(-1.,-0.));
#1280 = ( GEOMETRIC_REPRESENTATION_CONTEXT(2) 
PARAMETRIC_REPRESENTATION_CONTEXT() REPRESENTATION_CONTEXT('2D SPACE',''
  ) );
#1281 = ORIENTED_EDGE('',*,*,#716,.F.);
#1282 = ORIENTED_EDGE('',*,*,#1067,.T.);
#1283 = ORIENTED_EDGE('',*,*,#1284,.F.);
#1284 = EDGE_CURVE('',#1260,#1068,#1285,.T.);
#1285 = SURFACE_CURVE('',#1286,(#1291,#1298),.PCURVE_S1.);
#1286 = CIRCLE('',#1287,30.8);
#1287 = AXIS2_PLACEMENT_3D('',#1288,#1289,#1290);
#1288 = CARTESIAN_POINT('',(0.,0.,-6.9));
#1289 = DIRECTION('',(0.,0.,1.));
#1290 = DIRECTION('',(-0.929590921103,-0.368592891146,0.));
#1291 = PCURVE('',#737,#1292);
#1292 = DEFINITIONAL_REPRESENTATION('',(#1293),#1297);
#1293 = LINE('',#1294,#1295);
#1294 = CARTESIAN_POINT('',(-0.,5.71));
#1295 = VECTOR('',#1296,1.);
#1296 = DIRECTION('',(-1.,0.));
#1297 = ( GEOMETRIC_REPRESENTATION_CONTEXT(2) 
PARAMETRIC_REPRESENTATION_CONTEXT() REPRESENTATION_CONTEXT('2D SPACE',''
  ) );
#1298 = PCURVE('',#1106,#1299);
#1299 = DEFINITIONAL_REPRESENTATION('',(#1300),#1304);
#1300 = LINE('',#1301,#1302);
#1301 = CARTESIAN_POINT('',(-0.,0.));
#1302 = VECTOR('',#1303,1.);
#1303 = DIRECTION('',(-1.,0.));
#1304 = ( GEOMETRIC_REPRESENTATION_CONTEXT(2) 
PARAMETRIC_REPRESENTATION_CONTEXT() REPRESENTATION_CONTEXT('2D SPACE',''
  ) );
#1305 = ADVANCED_FACE('',(#1306),#790,.F.);
#1306 = FACE_BOUND('',#1307,.F.);
#1307 = EDGE_LOOP('',(#1308,#1331,#1353,#1354));
#1308 = ORIENTED_EDGE('',*,*,#1309,.F.);
#1309 = EDGE_CURVE('',#1310,#750,#1312,.T.);
#1310 = VERTEX_POINT('',#1311);
#1311 = CARTESIAN_POINT('',(-27.79476854097,-11.02092744526,-6.25));
#1312 = SURFACE_CURVE('',#1313,(#1317,#1324),.PCURVE_S1.);
#1313 = LINE('',#1314,#1315);
#1314 = CARTESIAN_POINT('',(-27.79476854097,-11.02092744526,-6.25));
#1315 = VECTOR('',#1316,1.);
#1316 = DIRECTION('',(0.,0.,1.));
#1317 = PCURVE('',#790,#1318);
#1318 = DEFINITIONAL_REPRESENTATION('',(#1319),#1323);
#1319 = LINE('',#1320,#1321);
#1320 = CARTESIAN_POINT('',(0.,0.));
#1321 = VECTOR('',#1322,1.);
#1322 = DIRECTION('',(0.,1.));
#1323 = ( GEOMETRIC_REPRESENTATION_CONTEXT(2) 
PARAMETRIC_REPRESENTATION_CONTEXT() REPRESENTATION_CONTEXT('2D SPACE',''
  ) );
#1324 = PCURVE('',#764,#1325);
#1325 = DEFINITIONAL_REPRESENTATION('',(#1326),#1330);
#1326 = LINE('',#1327,#1328);
#1327 = CARTESIAN_POINT('',(-1.646757561406,-0.460600517899));
#1328 = VECTOR('',#1329,1.);
#1329 = DIRECTION('',(1.,0.));
#1330 = ( GEOMETRIC_REPRESENTATION_CONTEXT(2) 
PARAMETRIC_REPRESENTATION_CONTEXT() REPRESENTATION_CONTEXT('2D SPACE',''
  ) );
#1331 = ORIENTED_EDGE('',*,*,#1332,.T.);
#1332 = EDGE_CURVE('',#1310,#1044,#1333,.T.);
#1333 = SURFACE_CURVE('',#1334,(#1339,#1346),.PCURVE_S1.);
#1334 = CIRCLE('',#1335,29.9);
#1335 = AXIS2_PLACEMENT_3D('',#1336,#1337,#1338);
#1336 = CARTESIAN_POINT('',(0.,0.,-6.25));
#1337 = DIRECTION('',(0.,0.,1.));
#1338 = DIRECTION('',(-0.929590921103,-0.368592891146,0.));
#1339 = PCURVE('',#790,#1340);
#1340 = DEFINITIONAL_REPRESENTATION('',(#1341),#1345);
#1341 = LINE('',#1342,#1343);
#1342 = CARTESIAN_POINT('',(0.,0.));
#1343 = VECTOR('',#1344,1.);
#1344 = DIRECTION('',(1.,0.));
#1345 = ( GEOMETRIC_REPRESENTATION_CONTEXT(2) 
PARAMETRIC_REPRESENTATION_CONTEXT() REPRESENTATION_CONTEXT('2D SPACE',''
  ) );
#1346 = PCURVE('',#1244,#1347);
#1347 = DEFINITIONAL_REPRESENTATION('',(#1348),#1352);
#1348 = LINE('',#1349,#1350);
#1349 = CARTESIAN_POINT('',(0.,1.E-01));
#1350 = VECTOR('',#1351,1.);
#1351 = DIRECTION('',(1.,0.));
#1352 = ( GEOMETRIC_REPRESENTATION_CONTEXT(2) 
PARAMETRIC_REPRESENTATION_CONTEXT() REPRESENTATION_CONTEXT('2D SPACE',''
  ) );
#1353 = ORIENTED_EDGE('',*,*,#1043,.T.);
#1354 = ORIENTED_EDGE('',*,*,#775,.F.);
#1355 = ADVANCED_FACE('',(#1356),#764,.F.);
#1356 = FACE_BOUND('',#1357,.F.);
#1357 = EDGE_LOOP('',(#1358,#1359,#1360,#1361,#1384,#1407,#1430,#1453,
    #1476));
#1358 = ORIENTED_EDGE('',*,*,#1309,.T.);
#1359 = ORIENTED_EDGE('',*,*,#749,.F.);
#1360 = ORIENTED_EDGE('',*,*,#1259,.T.);
#1361 = ORIENTED_EDGE('',*,*,#1362,.T.);
#1362 = EDGE_CURVE('',#1260,#1363,#1365,.T.);
#1363 = VERTEX_POINT('',#1364);
#1364 = CARTESIAN_POINT('',(-29.18915492262,-11.57381678198,-7.2));
#1365 = SURFACE_CURVE('',#1366,(#1370,#1377),.PCURVE_S1.);
#1366 = LINE('',#1367,#1368);
#1367 = CARTESIAN_POINT('',(-28.63140036996,-11.35266104729,-6.9));
#1368 = VECTOR('',#1369,1.);
#1369 = DIRECTION('',(-0.831451396341,-0.32967950425,-0.4472135955));
#1370 = PCURVE('',#764,#1371);
#1371 = DEFINITIONAL_REPRESENTATION('',(#1372),#1376);
#1372 = LINE('',#1373,#1374);
#1373 = CARTESIAN_POINT('',(-2.296757561406,0.439399482101));
#1374 = VECTOR('',#1375,1.);
#1375 = DIRECTION('',(-0.4472135955,0.894427191));
#1376 = ( GEOMETRIC_REPRESENTATION_CONTEXT(2) 
PARAMETRIC_REPRESENTATION_CONTEXT() REPRESENTATION_CONTEXT('2D SPACE',''
  ) );
#1377 = PCURVE('',#1106,#1378);
#1378 = DEFINITIONAL_REPRESENTATION('',(#1379),#1383);
#1379 = LINE('',#1380,#1381);
#1380 = CARTESIAN_POINT('',(-0.,0.));
#1381 = VECTOR('',#1382,1.);
#1382 = DIRECTION('',(-0.,1.));
#1383 = ( GEOMETRIC_REPRESENTATION_CONTEXT(2) 
PARAMETRIC_REPRESENTATION_CONTEXT() REPRESENTATION_CONTEXT('2D SPACE',''
  ) );
#1384 = ORIENTED_EDGE('',*,*,#1385,.T.);
#1385 = EDGE_CURVE('',#1363,#1386,#1388,.T.);
#1386 = VERTEX_POINT('',#1387);
#1387 = CARTESIAN_POINT('',(-29.18915492262,-11.57381678198,-7.5));
#1388 = SURFACE_CURVE('',#1389,(#1393,#1400),.PCURVE_S1.);
#1389 = LINE('',#1390,#1391);
#1390 = CARTESIAN_POINT('',(-29.18915492262,-11.57381678198,-7.2));
#1391 = VECTOR('',#1392,1.);
#1392 = DIRECTION('',(0.,-0.,-1.));
#1393 = PCURVE('',#764,#1394);
#1394 = DEFINITIONAL_REPRESENTATION('',(#1395),#1399);
#1395 = LINE('',#1396,#1397);
#1396 = CARTESIAN_POINT('',(-2.596757561406,1.039399482101));
#1397 = VECTOR('',#1398,1.);
#1398 = DIRECTION('',(-1.,-0.));
#1399 = ( GEOMETRIC_REPRESENTATION_CONTEXT(2) 
PARAMETRIC_REPRESENTATION_CONTEXT() REPRESENTATION_CONTEXT('2D SPACE',''
  ) );
#1400 = PCURVE('',#1134,#1401);
#1401 = DEFINITIONAL_REPRESENTATION('',(#1402),#1406);
#1402 = LINE('',#1403,#1404);
#1403 = CARTESIAN_POINT('',(-0.,0.));
#1404 = VECTOR('',#1405,1.);
#1405 = DIRECTION('',(-0.,1.));
#1406 = ( GEOMETRIC_REPRESENTATION_CONTEXT(2) 
PARAMETRIC_REPRESENTATION_CONTEXT() REPRESENTATION_CONTEXT('2D SPACE',''
  ) );
#1407 = ORIENTED_EDGE('',*,*,#1408,.T.);
#1408 = EDGE_CURVE('',#1386,#1409,#1411,.T.);
#1409 = VERTEX_POINT('',#1410);
#1410 = CARTESIAN_POINT('',(-27.84124808702,-11.03935708981,-7.5));
#1411 = SURFACE_CURVE('',#1412,(#1416,#1423),.PCURVE_S1.);
#1412 = LINE('',#1413,#1414);
#1413 = CARTESIAN_POINT('',(-29.18915492262,-11.57381678198,-7.5));
#1414 = VECTOR('',#1415,1.);
#1415 = DIRECTION('',(0.929590921103,0.368592891146,0.));
#1416 = PCURVE('',#764,#1417);
#1417 = DEFINITIONAL_REPRESENTATION('',(#1418),#1422);
#1418 = LINE('',#1419,#1420);
#1419 = CARTESIAN_POINT('',(-2.896757561406,1.039399482101));
#1420 = VECTOR('',#1421,1.);
#1421 = DIRECTION('',(0.,-1.));
#1422 = ( GEOMETRIC_REPRESENTATION_CONTEXT(2) 
PARAMETRIC_REPRESENTATION_CONTEXT() REPRESENTATION_CONTEXT('2D SPACE',''
  ) );
#1423 = PCURVE('',#1162,#1424);
#1424 = DEFINITIONAL_REPRESENTATION('',(#1425),#1429);
#1425 = LINE('',#1426,#1427);
#1426 = CARTESIAN_POINT('',(31.4,0.));
#1427 = VECTOR('',#1428,1.);
#1428 = DIRECTION('',(-1.,0.));
#1429 = ( GEOMETRIC_REPRESENTATION_CONTEXT(2) 
PARAMETRIC_REPRESENTATION_CONTEXT() REPRESENTATION_CONTEXT('2D SPACE',''
  ) );
#1430 = ORIENTED_EDGE('',*,*,#1431,.T.);
#1431 = EDGE_CURVE('',#1409,#1432,#1434,.T.);
#1432 = VERTEX_POINT('',#1433);
#1433 = CARTESIAN_POINT('',(-27.28349353436,-10.81820135513,-6.6));
#1434 = SURFACE_CURVE('',#1435,(#1439,#1446),.PCURVE_S1.);
#1435 = LINE('',#1436,#1437);
#1436 = CARTESIAN_POINT('',(-27.84124808702,-11.03935708981,-7.5));
#1437 = VECTOR('',#1438,1.);
#1438 = DIRECTION('',(0.515644266345,0.204458549046,0.832050294338));
#1439 = PCURVE('',#764,#1440);
#1440 = DEFINITIONAL_REPRESENTATION('',(#1441),#1445);
#1441 = LINE('',#1442,#1443);
#1442 = CARTESIAN_POINT('',(-2.896757561406,-0.410600517899));
#1443 = VECTOR('',#1444,1.);
#1444 = DIRECTION('',(0.832050294338,-0.554700196225));
#1445 = ( GEOMETRIC_REPRESENTATION_CONTEXT(2) 
PARAMETRIC_REPRESENTATION_CONTEXT() REPRESENTATION_CONTEXT('2D SPACE',''
  ) );
#1446 = PCURVE('',#1190,#1447);
#1447 = DEFINITIONAL_REPRESENTATION('',(#1448),#1452);
#1448 = LINE('',#1449,#1450);
#1449 = CARTESIAN_POINT('',(-0.,-0.));
#1450 = VECTOR('',#1451,1.);
#1451 = DIRECTION('',(-0.,-1.));
#1452 = ( GEOMETRIC_REPRESENTATION_CONTEXT(2) 
PARAMETRIC_REPRESENTATION_CONTEXT() REPRESENTATION_CONTEXT('2D SPACE',''
  ) );
#1453 = ORIENTED_EDGE('',*,*,#1454,.T.);
#1454 = EDGE_CURVE('',#1432,#1455,#1457,.T.);
#1455 = VERTEX_POINT('',#1456);
#1456 = CARTESIAN_POINT('',(-27.28349353436,-10.81820135513,-6.35));
#1457 = SURFACE_CURVE('',#1458,(#1462,#1469),.PCURVE_S1.);
#1458 = LINE('',#1459,#1460);
#1459 = CARTESIAN_POINT('',(-27.28349353436,-10.81820135513,-6.6));
#1460 = VECTOR('',#1461,1.);
#1461 = DIRECTION('',(0.,0.,1.));
#1462 = PCURVE('',#764,#1463);
#1463 = DEFINITIONAL_REPRESENTATION('',(#1464),#1468);
#1464 = LINE('',#1465,#1466);
#1465 = CARTESIAN_POINT('',(-1.996757561406,-1.010600517899));
#1466 = VECTOR('',#1467,1.);
#1467 = DIRECTION('',(1.,0.));
#1468 = ( GEOMETRIC_REPRESENTATION_CONTEXT(2) 
PARAMETRIC_REPRESENTATION_CONTEXT() REPRESENTATION_CONTEXT('2D SPACE',''
  ) );
#1469 = PCURVE('',#1218,#1470);
#1470 = DEFINITIONAL_REPRESENTATION('',(#1471),#1475);
#1471 = LINE('',#1472,#1473);
#1472 = CARTESIAN_POINT('',(0.,0.));
#1473 = VECTOR('',#1474,1.);
#1474 = DIRECTION('',(0.,1.));
#1475 = ( GEOMETRIC_REPRESENTATION_CONTEXT(2) 
PARAMETRIC_REPRESENTATION_CONTEXT() REPRESENTATION_CONTEXT('2D SPACE',''
  ) );
#1476 = ORIENTED_EDGE('',*,*,#1477,.T.);
#1477 = EDGE_CURVE('',#1455,#1310,#1478,.T.);
#1478 = SURFACE_CURVE('',#1479,(#1483,#1490),.PCURVE_S1.);
#1479 = LINE('',#1480,#1481);
#1480 = CARTESIAN_POINT('',(-27.28349353436,-10.81820135513,-6.35));
#1481 = VECTOR('',#1482,1.);
#1482 = DIRECTION('',(-0.914596535975,-0.362647454675,0.1788854382));
#1483 = PCURVE('',#764,#1484);
#1484 = DEFINITIONAL_REPRESENTATION('',(#1485),#1489);
#1485 = LINE('',#1486,#1487);
#1486 = CARTESIAN_POINT('',(-1.746757561406,-1.010600517899));
#1487 = VECTOR('',#1488,1.);
#1488 = DIRECTION('',(0.1788854382,0.9838699101));
#1489 = ( GEOMETRIC_REPRESENTATION_CONTEXT(2) 
PARAMETRIC_REPRESENTATION_CONTEXT() REPRESENTATION_CONTEXT('2D SPACE',''
  ) );
#1490 = PCURVE('',#1244,#1491);
#1491 = DEFINITIONAL_REPRESENTATION('',(#1492),#1496);
#1492 = LINE('',#1493,#1494);
#1493 = CARTESIAN_POINT('',(0.,0.));
#1494 = VECTOR('',#1495,1.);
#1495 = DIRECTION('',(0.,1.));
#1496 = ( GEOMETRIC_REPRESENTATION_CONTEXT(2) 
PARAMETRIC_REPRESENTATION_CONTEXT() REPRESENTATION_CONTEXT('2D SPACE',''
  ) );
#1497 = ADVANCED_FACE('',(#1498),#821,.T.);
#1498 = FACE_BOUND('',#1499,.T.);
#1499 = EDGE_LOOP('',(#1500,#1523,#1524,#1547,#1575,#1603,#1631,#1659,
    #1687));
#1500 = ORIENTED_EDGE('',*,*,#1501,.T.);
#1501 = EDGE_CURVE('',#1502,#807,#1504,.T.);
#1502 = VERTEX_POINT('',#1503);
#1503 = CARTESIAN_POINT('',(27.794768540973,-11.02092744526,-6.25));
#1504 = SURFACE_CURVE('',#1505,(#1509,#1516),.PCURVE_S1.);
#1505 = LINE('',#1506,#1507);
#1506 = CARTESIAN_POINT('',(27.794768540973,-11.02092744526,-6.25));
#1507 = VECTOR('',#1508,1.);
#1508 = DIRECTION('',(0.,0.,1.));
#1509 = PCURVE('',#821,#1510);
#1510 = DEFINITIONAL_REPRESENTATION('',(#1511),#1515);
#1511 = LINE('',#1512,#1513);
#1512 = CARTESIAN_POINT('',(-1.646757561406,-0.460600517899));
#1513 = VECTOR('',#1514,1.);
#1514 = DIRECTION('',(1.,0.));
#1515 = ( GEOMETRIC_REPRESENTATION_CONTEXT(2) 
PARAMETRIC_REPRESENTATION_CONTEXT() REPRESENTATION_CONTEXT('2D SPACE',''
  ) );
#1516 = PCURVE('',#906,#1517);
#1517 = DEFINITIONAL_REPRESENTATION('',(#1518),#1522);
#1518 = LINE('',#1519,#1520);
#1519 = CARTESIAN_POINT('',(0.292207792208,0.));
#1520 = VECTOR('',#1521,1.);
#1521 = DIRECTION('',(0.,1.));
#1522 = ( GEOMETRIC_REPRESENTATION_CONTEXT(2) 
PARAMETRIC_REPRESENTATION_CONTEXT() REPRESENTATION_CONTEXT('2D SPACE',''
  ) );
#1523 = ORIENTED_EDGE('',*,*,#804,.F.);
#1524 = ORIENTED_EDGE('',*,*,#1525,.T.);
#1525 = EDGE_CURVE('',#805,#1526,#1528,.T.);
#1526 = VERTEX_POINT('',#1527);
#1527 = CARTESIAN_POINT('',(28.631400369966,-11.35266104729,-6.9));
#1528 = SURFACE_CURVE('',#1529,(#1533,#1540),.PCURVE_S1.);
#1529 = LINE('',#1530,#1531);
#1530 = CARTESIAN_POINT('',(28.631400369966,-11.35266104729,-1.19));
#1531 = VECTOR('',#1532,1.);
#1532 = DIRECTION('',(0.,0.,-1.));
#1533 = PCURVE('',#821,#1534);
#1534 = DEFINITIONAL_REPRESENTATION('',(#1535),#1539);
#1535 = LINE('',#1536,#1537);
#1536 = CARTESIAN_POINT('',(3.413242438594,0.439399482101));
#1537 = VECTOR('',#1538,1.);
#1538 = DIRECTION('',(-1.,0.));
#1539 = ( GEOMETRIC_REPRESENTATION_CONTEXT(2) 
PARAMETRIC_REPRESENTATION_CONTEXT() REPRESENTATION_CONTEXT('2D SPACE',''
  ) );
#1540 = PCURVE('',#853,#1541);
#1541 = DEFINITIONAL_REPRESENTATION('',(#1542),#1546);
#1542 = LINE('',#1543,#1544);
#1543 = CARTESIAN_POINT('',(-0.292207792208,0.));
#1544 = VECTOR('',#1545,1.);
#1545 = DIRECTION('',(-0.,1.));
#1546 = ( GEOMETRIC_REPRESENTATION_CONTEXT(2) 
PARAMETRIC_REPRESENTATION_CONTEXT() REPRESENTATION_CONTEXT('2D SPACE',''
  ) );
#1547 = ORIENTED_EDGE('',*,*,#1548,.T.);
#1548 = EDGE_CURVE('',#1526,#1549,#1551,.T.);
#1549 = VERTEX_POINT('',#1550);
#1550 = CARTESIAN_POINT('',(29.189154922627,-11.57381678198,-7.2));
#1551 = SURFACE_CURVE('',#1552,(#1556,#1563),.PCURVE_S1.);
#1552 = LINE('',#1553,#1554);
#1553 = CARTESIAN_POINT('',(28.631400369966,-11.35266104729,-6.9));
#1554 = VECTOR('',#1555,1.);
#1555 = DIRECTION('',(0.831451396341,-0.32967950425,-0.4472135955));
#1556 = PCURVE('',#821,#1557);
#1557 = DEFINITIONAL_REPRESENTATION('',(#1558),#1562);
#1558 = LINE('',#1559,#1560);
#1559 = CARTESIAN_POINT('',(-2.296757561406,0.439399482101));
#1560 = VECTOR('',#1561,1.);
#1561 = DIRECTION('',(-0.4472135955,0.894427191));
#1562 = ( GEOMETRIC_REPRESENTATION_CONTEXT(2) 
PARAMETRIC_REPRESENTATION_CONTEXT() REPRESENTATION_CONTEXT('2D SPACE',''
  ) );
#1563 = PCURVE('',#1564,#1569);
#1564 = CONICAL_SURFACE('',#1565,30.8,1.107148717794);
#1565 = AXIS2_PLACEMENT_3D('',#1566,#1567,#1568);
#1566 = CARTESIAN_POINT('',(0.,0.,-6.9));
#1567 = DIRECTION('',(-0.,0.,-1.));
#1568 = DIRECTION('',(0.784006267938,-0.620752907229,0.));
#1569 = DEFINITIONAL_REPRESENTATION('',(#1570),#1574);
#1570 = LINE('',#1571,#1572);
#1571 = CARTESIAN_POINT('',(-0.292207792208,0.));
#1572 = VECTOR('',#1573,1.);
#1573 = DIRECTION('',(-0.,1.));
#1574 = ( GEOMETRIC_REPRESENTATION_CONTEXT(2) 
PARAMETRIC_REPRESENTATION_CONTEXT() REPRESENTATION_CONTEXT('2D SPACE',''
  ) );
#1575 = ORIENTED_EDGE('',*,*,#1576,.T.);
#1576 = EDGE_CURVE('',#1549,#1577,#1579,.T.);
#1577 = VERTEX_POINT('',#1578);
#1578 = CARTESIAN_POINT('',(29.189154922627,-11.57381678198,-7.5));
#1579 = SURFACE_CURVE('',#1580,(#1584,#1591),.PCURVE_S1.);
#1580 = LINE('',#1581,#1582);
#1581 = CARTESIAN_POINT('',(29.189154922627,-11.57381678198,-7.2));
#1582 = VECTOR('',#1583,1.);
#1583 = DIRECTION('',(0.,0.,-1.));
#1584 = PCURVE('',#821,#1585);
#1585 = DEFINITIONAL_REPRESENTATION('',(#1586),#1590);
#1586 = LINE('',#1587,#1588);
#1587 = CARTESIAN_POINT('',(-2.596757561406,1.039399482101));
#1588 = VECTOR('',#1589,1.);
#1589 = DIRECTION('',(-1.,0.));
#1590 = ( GEOMETRIC_REPRESENTATION_CONTEXT(2) 
PARAMETRIC_REPRESENTATION_CONTEXT() REPRESENTATION_CONTEXT('2D SPACE',''
  ) );
#1591 = PCURVE('',#1592,#1597);
#1592 = CYLINDRICAL_SURFACE('',#1593,31.4);
#1593 = AXIS2_PLACEMENT_3D('',#1594,#1595,#1596);
#1594 = CARTESIAN_POINT('',(0.,0.,-7.2));
#1595 = DIRECTION('',(-0.,0.,-1.));
#1596 = DIRECTION('',(0.784006267938,-0.620752907229,0.));
#1597 = DEFINITIONAL_REPRESENTATION('',(#1598),#1602);
#1598 = LINE('',#1599,#1600);
#1599 = CARTESIAN_POINT('',(-0.292207792208,0.));
#1600 = VECTOR('',#1601,1.);
#1601 = DIRECTION('',(-0.,1.));
#1602 = ( GEOMETRIC_REPRESENTATION_CONTEXT(2) 
PARAMETRIC_REPRESENTATION_CONTEXT() REPRESENTATION_CONTEXT('2D SPACE',''
  ) );
#1603 = ORIENTED_EDGE('',*,*,#1604,.T.);
#1604 = EDGE_CURVE('',#1577,#1605,#1607,.T.);
#1605 = VERTEX_POINT('',#1606);
#1606 = CARTESIAN_POINT('',(27.841248087028,-11.03935708981,-7.5));
#1607 = SURFACE_CURVE('',#1608,(#1612,#1619),.PCURVE_S1.);
#1608 = LINE('',#1609,#1610);
#1609 = CARTESIAN_POINT('',(29.189154922627,-11.57381678198,-7.5));
#1610 = VECTOR('',#1611,1.);
#1611 = DIRECTION('',(-0.929590921103,0.368592891146,0.));
#1612 = PCURVE('',#821,#1613);
#1613 = DEFINITIONAL_REPRESENTATION('',(#1614),#1618);
#1614 = LINE('',#1615,#1616);
#1615 = CARTESIAN_POINT('',(-2.896757561406,1.039399482101));
#1616 = VECTOR('',#1617,1.);
#1617 = DIRECTION('',(0.,-1.));
#1618 = ( GEOMETRIC_REPRESENTATION_CONTEXT(2) 
PARAMETRIC_REPRESENTATION_CONTEXT() REPRESENTATION_CONTEXT('2D SPACE',''
  ) );
#1619 = PCURVE('',#1620,#1625);
#1620 = PLANE('',#1621);
#1621 = AXIS2_PLACEMENT_3D('',#1622,#1623,#1624);
#1622 = CARTESIAN_POINT('',(0.,0.,-7.5));
#1623 = DIRECTION('',(0.,0.,1.));
#1624 = DIRECTION('',(0.784006267938,-0.620752907229,0.));
#1625 = DEFINITIONAL_REPRESENTATION('',(#1626),#1630);
#1626 = LINE('',#1627,#1628);
#1627 = CARTESIAN_POINT('',(30.068960830311,9.045307876751));
#1628 = VECTOR('',#1629,1.);
#1629 = DIRECTION('',(-0.957610217526,-0.288067129833));
#1630 = ( GEOMETRIC_REPRESENTATION_CONTEXT(2) 
PARAMETRIC_REPRESENTATION_CONTEXT() REPRESENTATION_CONTEXT('2D SPACE',''
  ) );
#1631 = ORIENTED_EDGE('',*,*,#1632,.T.);
#1632 = EDGE_CURVE('',#1605,#1633,#1635,.T.);
#1633 = VERTEX_POINT('',#1634);
#1634 = CARTESIAN_POINT('',(27.283493534367,-10.81820135513,-6.6));
#1635 = SURFACE_CURVE('',#1636,(#1640,#1647),.PCURVE_S1.);
#1636 = LINE('',#1637,#1638);
#1637 = CARTESIAN_POINT('',(27.841248087028,-11.03935708981,-7.5));
#1638 = VECTOR('',#1639,1.);
#1639 = DIRECTION('',(-0.515644266345,0.204458549046,0.832050294338));
#1640 = PCURVE('',#821,#1641);
#1641 = DEFINITIONAL_REPRESENTATION('',(#1642),#1646);
#1642 = LINE('',#1643,#1644);
#1643 = CARTESIAN_POINT('',(-2.896757561406,-0.410600517899));
#1644 = VECTOR('',#1645,1.);
#1645 = DIRECTION('',(0.832050294338,-0.554700196225));
#1646 = ( GEOMETRIC_REPRESENTATION_CONTEXT(2) 
PARAMETRIC_REPRESENTATION_CONTEXT() REPRESENTATION_CONTEXT('2D SPACE',''
  ) );
#1647 = PCURVE('',#1648,#1653);
#1648 = CONICAL_SURFACE('',#1649,29.95,0.588002603548);
#1649 = AXIS2_PLACEMENT_3D('',#1650,#1651,#1652);
#1650 = CARTESIAN_POINT('',(0.,0.,-7.5));
#1651 = DIRECTION('',(-0.,-0.,-1.));
#1652 = DIRECTION('',(0.784006267938,-0.620752907229,0.));
#1653 = DEFINITIONAL_REPRESENTATION('',(#1654),#1658);
#1654 = LINE('',#1655,#1656);
#1655 = CARTESIAN_POINT('',(-0.292207792208,-0.));
#1656 = VECTOR('',#1657,1.);
#1657 = DIRECTION('',(-0.,-1.));
#1658 = ( GEOMETRIC_REPRESENTATION_CONTEXT(2) 
PARAMETRIC_REPRESENTATION_CONTEXT() REPRESENTATION_CONTEXT('2D SPACE',''
  ) );
#1659 = ORIENTED_EDGE('',*,*,#1660,.T.);
#1660 = EDGE_CURVE('',#1633,#1661,#1663,.T.);
#1661 = VERTEX_POINT('',#1662);
#1662 = CARTESIAN_POINT('',(27.283493534367,-10.81820135513,-6.35));
#1663 = SURFACE_CURVE('',#1664,(#1668,#1675),.PCURVE_S1.);
#1664 = LINE('',#1665,#1666);
#1665 = CARTESIAN_POINT('',(27.283493534367,-10.81820135513,-6.6));
#1666 = VECTOR('',#1667,1.);
#1667 = DIRECTION('',(0.,0.,1.));
#1668 = PCURVE('',#821,#1669);
#1669 = DEFINITIONAL_REPRESENTATION('',(#1670),#1674);
#1670 = LINE('',#1671,#1672);
#1671 = CARTESIAN_POINT('',(-1.996757561406,-1.010600517899));
#1672 = VECTOR('',#1673,1.);
#1673 = DIRECTION('',(1.,0.));
#1674 = ( GEOMETRIC_REPRESENTATION_CONTEXT(2) 
PARAMETRIC_REPRESENTATION_CONTEXT() REPRESENTATION_CONTEXT('2D SPACE',''
  ) );
#1675 = PCURVE('',#1676,#1681);
#1676 = CYLINDRICAL_SURFACE('',#1677,29.35);
#1677 = AXIS2_PLACEMENT_3D('',#1678,#1679,#1680);
#1678 = CARTESIAN_POINT('',(0.,0.,-6.6));
#1679 = DIRECTION('',(0.,0.,1.));
#1680 = DIRECTION('',(0.784006267938,-0.620752907229,0.));
#1681 = DEFINITIONAL_REPRESENTATION('',(#1682),#1686);
#1682 = LINE('',#1683,#1684);
#1683 = CARTESIAN_POINT('',(0.292207792208,0.));
#1684 = VECTOR('',#1685,1.);
#1685 = DIRECTION('',(0.,1.));
#1686 = ( GEOMETRIC_REPRESENTATION_CONTEXT(2) 
PARAMETRIC_REPRESENTATION_CONTEXT() REPRESENTATION_CONTEXT('2D SPACE',''
  ) );
#1687 = ORIENTED_EDGE('',*,*,#1688,.T.);
#1688 = EDGE_CURVE('',#1661,#1502,#1689,.T.);
#1689 = SURFACE_CURVE('',#1690,(#1694,#1701),.PCURVE_S1.);
#1690 = LINE('',#1691,#1692);
#1691 = CARTESIAN_POINT('',(27.283493534367,-10.81820135513,-6.35));
#1692 = VECTOR('',#1693,1.);
#1693 = DIRECTION('',(0.914596535975,-0.362647454675,0.1788854382));
#1694 = PCURVE('',#821,#1695);
#1695 = DEFINITIONAL_REPRESENTATION('',(#1696),#1700);
#1696 = LINE('',#1697,#1698);
#1697 = CARTESIAN_POINT('',(-1.746757561406,-1.010600517899));
#1698 = VECTOR('',#1699,1.);
#1699 = DIRECTION('',(0.1788854382,0.9838699101));
#1700 = ( GEOMETRIC_REPRESENTATION_CONTEXT(2) 
PARAMETRIC_REPRESENTATION_CONTEXT() REPRESENTATION_CONTEXT('2D SPACE',''
  ) );
#1701 = PCURVE('',#1702,#1707);
#1702 = CONICAL_SURFACE('',#1703,29.35,1.390942827002);
#1703 = AXIS2_PLACEMENT_3D('',#1704,#1705,#1706);
#1704 = CARTESIAN_POINT('',(0.,0.,-6.35));
#1705 = DIRECTION('',(0.,0.,1.));
#1706 = DIRECTION('',(0.784006267938,-0.620752907229,0.));
#1707 = DEFINITIONAL_REPRESENTATION('',(#1708),#1712);
#1708 = LINE('',#1709,#1710);
#1709 = CARTESIAN_POINT('',(0.292207792208,0.));
#1710 = VECTOR('',#1711,1.);
#1711 = DIRECTION('',(0.,1.));
#1712 = ( GEOMETRIC_REPRESENTATION_CONTEXT(2) 
PARAMETRIC_REPRESENTATION_CONTEXT() REPRESENTATION_CONTEXT('2D SPACE',''
  ) );
#1713 = ADVANCED_FACE('',(#1714),#853,.T.);
#1714 = FACE_BOUND('',#1715,.F.);
#1715 = EDGE_LOOP('',(#1716,#1739,#1740,#1741));
#1716 = ORIENTED_EDGE('',*,*,#1717,.F.);
#1717 = EDGE_CURVE('',#833,#1718,#1720,.T.);
#1718 = VERTEX_POINT('',#1719);
#1719 = CARTESIAN_POINT('',(24.147393052493,-19.11918954266,-6.9));
#1720 = SURFACE_CURVE('',#1721,(#1725,#1732),.PCURVE_S1.);
#1721 = LINE('',#1722,#1723);
#1722 = CARTESIAN_POINT('',(24.147393052493,-19.11918954266,-1.19));
#1723 = VECTOR('',#1724,1.);
#1724 = DIRECTION('',(0.,0.,-1.));
#1725 = PCURVE('',#853,#1726);
#1726 = DEFINITIONAL_REPRESENTATION('',(#1727),#1731);
#1727 = LINE('',#1728,#1729);
#1728 = CARTESIAN_POINT('',(-0.,0.));
#1729 = VECTOR('',#1730,1.);
#1730 = DIRECTION('',(-0.,1.));
#1731 = ( GEOMETRIC_REPRESENTATION_CONTEXT(2) 
PARAMETRIC_REPRESENTATION_CONTEXT() REPRESENTATION_CONTEXT('2D SPACE',''
  ) );
#1732 = PCURVE('',#880,#1733);
#1733 = DEFINITIONAL_REPRESENTATION('',(#1734),#1738);
#1734 = LINE('',#1735,#1736);
#1735 = CARTESIAN_POINT('',(3.413242438594,0.439399482101));
#1736 = VECTOR('',#1737,1.);
#1737 = DIRECTION('',(-1.,0.));
#1738 = ( GEOMETRIC_REPRESENTATION_CONTEXT(2) 
PARAMETRIC_REPRESENTATION_CONTEXT() REPRESENTATION_CONTEXT('2D SPACE',''
  ) );
#1739 = ORIENTED_EDGE('',*,*,#832,.F.);
#1740 = ORIENTED_EDGE('',*,*,#1525,.T.);
#1741 = ORIENTED_EDGE('',*,*,#1742,.F.);
#1742 = EDGE_CURVE('',#1718,#1526,#1743,.T.);
#1743 = SURFACE_CURVE('',#1744,(#1749,#1756),.PCURVE_S1.);
#1744 = CIRCLE('',#1745,30.8);
#1745 = AXIS2_PLACEMENT_3D('',#1746,#1747,#1748);
#1746 = CARTESIAN_POINT('',(0.,0.,-6.9));
#1747 = DIRECTION('',(-0.,0.,1.));
#1748 = DIRECTION('',(0.784006267938,-0.620752907229,0.));
#1749 = PCURVE('',#853,#1750);
#1750 = DEFINITIONAL_REPRESENTATION('',(#1751),#1755);
#1751 = LINE('',#1752,#1753);
#1752 = CARTESIAN_POINT('',(-0.,5.71));
#1753 = VECTOR('',#1754,1.);
#1754 = DIRECTION('',(-1.,0.));
#1755 = ( GEOMETRIC_REPRESENTATION_CONTEXT(2) 
PARAMETRIC_REPRESENTATION_CONTEXT() REPRESENTATION_CONTEXT('2D SPACE',''
  ) );
#1756 = PCURVE('',#1564,#1757);
#1757 = DEFINITIONAL_REPRESENTATION('',(#1758),#1762);
#1758 = LINE('',#1759,#1760);
#1759 = CARTESIAN_POINT('',(-0.,0.));
#1760 = VECTOR('',#1761,1.);
#1761 = DIRECTION('',(-1.,0.));
#1762 = ( GEOMETRIC_REPRESENTATION_CONTEXT(2) 
PARAMETRIC_REPRESENTATION_CONTEXT() REPRESENTATION_CONTEXT('2D SPACE',''
  ) );
#1763 = ADVANCED_FACE('',(#1764),#906,.F.);
#1764 = FACE_BOUND('',#1765,.F.);
#1765 = EDGE_LOOP('',(#1766,#1789,#1811,#1812));
#1766 = ORIENTED_EDGE('',*,*,#1767,.F.);
#1767 = EDGE_CURVE('',#1768,#866,#1770,.T.);
#1768 = VERTEX_POINT('',#1769);
#1769 = CARTESIAN_POINT('',(23.441787411349,-18.56051192616,-6.25));
#1770 = SURFACE_CURVE('',#1771,(#1775,#1782),.PCURVE_S1.);
#1771 = LINE('',#1772,#1773);
#1772 = CARTESIAN_POINT('',(23.441787411349,-18.56051192616,-6.25));
#1773 = VECTOR('',#1774,1.);
#1774 = DIRECTION('',(0.,0.,1.));
#1775 = PCURVE('',#906,#1776);
#1776 = DEFINITIONAL_REPRESENTATION('',(#1777),#1781);
#1777 = LINE('',#1778,#1779);
#1778 = CARTESIAN_POINT('',(0.,0.));
#1779 = VECTOR('',#1780,1.);
#1780 = DIRECTION('',(0.,1.));
#1781 = ( GEOMETRIC_REPRESENTATION_CONTEXT(2) 
PARAMETRIC_REPRESENTATION_CONTEXT() REPRESENTATION_CONTEXT('2D SPACE',''
  ) );
#1782 = PCURVE('',#880,#1783);
#1783 = DEFINITIONAL_REPRESENTATION('',(#1784),#1788);
#1784 = LINE('',#1785,#1786);
#1785 = CARTESIAN_POINT('',(-1.646757561406,-0.460600517899));
#1786 = VECTOR('',#1787,1.);
#1787 = DIRECTION('',(1.,0.));
#1788 = ( GEOMETRIC_REPRESENTATION_CONTEXT(2) 
PARAMETRIC_REPRESENTATION_CONTEXT() REPRESENTATION_CONTEXT('2D SPACE',''
  ) );
#1789 = ORIENTED_EDGE('',*,*,#1790,.T.);
#1790 = EDGE_CURVE('',#1768,#1502,#1791,.T.);
#1791 = SURFACE_CURVE('',#1792,(#1797,#1804),.PCURVE_S1.);
#1792 = CIRCLE('',#1793,29.9);
#1793 = AXIS2_PLACEMENT_3D('',#1794,#1795,#1796);
#1794 = CARTESIAN_POINT('',(0.,0.,-6.25));
#1795 = DIRECTION('',(-0.,0.,1.));
#1796 = DIRECTION('',(0.784006267938,-0.620752907229,0.));
#1797 = PCURVE('',#906,#1798);
#1798 = DEFINITIONAL_REPRESENTATION('',(#1799),#1803);
#1799 = LINE('',#1800,#1801);
#1800 = CARTESIAN_POINT('',(0.,0.));
#1801 = VECTOR('',#1802,1.);
#1802 = DIRECTION('',(1.,0.));
#1803 = ( GEOMETRIC_REPRESENTATION_CONTEXT(2) 
PARAMETRIC_REPRESENTATION_CONTEXT() REPRESENTATION_CONTEXT('2D SPACE',''
  ) );
#1804 = PCURVE('',#1702,#1805);
#1805 = DEFINITIONAL_REPRESENTATION('',(#1806),#1810);
#1806 = LINE('',#1807,#1808);
#1807 = CARTESIAN_POINT('',(0.,1.E-01));
#1808 = VECTOR('',#1809,1.);
#1809 = DIRECTION('',(1.,0.));
#1810 = ( GEOMETRIC_REPRESENTATION_CONTEXT(2) 
PARAMETRIC_REPRESENTATION_CONTEXT() REPRESENTATION_CONTEXT('2D SPACE',''
  ) );
#1811 = ORIENTED_EDGE('',*,*,#1501,.T.);
#1812 = ORIENTED_EDGE('',*,*,#891,.F.);
#1813 = ADVANCED_FACE('',(#1814),#880,.F.);
#1814 = FACE_BOUND('',#1815,.F.);
#1815 = EDGE_LOOP('',(#1816,#1817,#1818,#1819,#1842,#1865,#1888,#1911,
    #1934));
#1816 = ORIENTED_EDGE('',*,*,#1767,.T.);
#1817 = ORIENTED_EDGE('',*,*,#865,.F.);
#1818 = ORIENTED_EDGE('',*,*,#1717,.T.);
#1819 = ORIENTED_EDGE('',*,*,#1820,.T.);
#1820 = EDGE_CURVE('',#1718,#1821,#1823,.T.);
#1821 = VERTEX_POINT('',#1822);
#1822 = CARTESIAN_POINT('',(24.617796813256,-19.491641287,-7.2));
#1823 = SURFACE_CURVE('',#1824,(#1828,#1835),.PCURVE_S1.);
#1824 = LINE('',#1825,#1826);
#1825 = CARTESIAN_POINT('',(24.147393052493,-19.11918954266,-6.9));
#1826 = VECTOR('',#1827,1.);
#1827 = DIRECTION('',(0.701236523958,-0.555218279118,-0.4472135955));
#1828 = PCURVE('',#880,#1829);
#1829 = DEFINITIONAL_REPRESENTATION('',(#1830),#1834);
#1830 = LINE('',#1831,#1832);
#1831 = CARTESIAN_POINT('',(-2.296757561406,0.439399482101));
#1832 = VECTOR('',#1833,1.);
#1833 = DIRECTION('',(-0.4472135955,0.894427191));
#1834 = ( GEOMETRIC_REPRESENTATION_CONTEXT(2) 
PARAMETRIC_REPRESENTATION_CONTEXT() REPRESENTATION_CONTEXT('2D SPACE',''
  ) );
#1835 = PCURVE('',#1564,#1836);
#1836 = DEFINITIONAL_REPRESENTATION('',(#1837),#1841);
#1837 = LINE('',#1838,#1839);
#1838 = CARTESIAN_POINT('',(-0.,0.));
#1839 = VECTOR('',#1840,1.);
#1840 = DIRECTION('',(-0.,1.));
#1841 = ( GEOMETRIC_REPRESENTATION_CONTEXT(2) 
PARAMETRIC_REPRESENTATION_CONTEXT() REPRESENTATION_CONTEXT('2D SPACE',''
  ) );
#1842 = ORIENTED_EDGE('',*,*,#1843,.T.);
#1843 = EDGE_CURVE('',#1821,#1844,#1846,.T.);
#1844 = VERTEX_POINT('',#1845);
#1845 = CARTESIAN_POINT('',(24.617796813256,-19.491641287,-7.5));
#1846 = SURFACE_CURVE('',#1847,(#1851,#1858),.PCURVE_S1.);
#1847 = LINE('',#1848,#1849);
#1848 = CARTESIAN_POINT('',(24.617796813256,-19.491641287,-7.2));
#1849 = VECTOR('',#1850,1.);
#1850 = DIRECTION('',(0.,0.,-1.));
#1851 = PCURVE('',#880,#1852);
#1852 = DEFINITIONAL_REPRESENTATION('',(#1853),#1857);
#1853 = LINE('',#1854,#1855);
#1854 = CARTESIAN_POINT('',(-2.596757561406,1.039399482101));
#1855 = VECTOR('',#1856,1.);
#1856 = DIRECTION('',(-1.,0.));
#1857 = ( GEOMETRIC_REPRESENTATION_CONTEXT(2) 
PARAMETRIC_REPRESENTATION_CONTEXT() REPRESENTATION_CONTEXT('2D SPACE',''
  ) );
#1858 = PCURVE('',#1592,#1859);
#1859 = DEFINITIONAL_REPRESENTATION('',(#1860),#1864);
#1860 = LINE('',#1861,#1862);
#1861 = CARTESIAN_POINT('',(-0.,0.));
#1862 = VECTOR('',#1863,1.);
#1863 = DIRECTION('',(-0.,1.));
#1864 = ( GEOMETRIC_REPRESENTATION_CONTEXT(2) 
PARAMETRIC_REPRESENTATION_CONTEXT() REPRESENTATION_CONTEXT('2D SPACE',''
  ) );
#1865 = ORIENTED_EDGE('',*,*,#1866,.T.);
#1866 = EDGE_CURVE('',#1844,#1867,#1869,.T.);
#1867 = VERTEX_POINT('',#1868);
#1868 = CARTESIAN_POINT('',(23.480987724746,-18.59154957152,-7.5));
#1869 = SURFACE_CURVE('',#1870,(#1874,#1881),.PCURVE_S1.);
#1870 = LINE('',#1871,#1872);
#1871 = CARTESIAN_POINT('',(24.617796813256,-19.491641287,-7.5));
#1872 = VECTOR('',#1873,1.);
#1873 = DIRECTION('',(-0.784006267938,0.620752907229,0.));
#1874 = PCURVE('',#880,#1875);
#1875 = DEFINITIONAL_REPRESENTATION('',(#1876),#1880);
#1876 = LINE('',#1877,#1878);
#1877 = CARTESIAN_POINT('',(-2.896757561406,1.039399482101));
#1878 = VECTOR('',#1879,1.);
#1879 = DIRECTION('',(0.,-1.));
#1880 = ( GEOMETRIC_REPRESENTATION_CONTEXT(2) 
PARAMETRIC_REPRESENTATION_CONTEXT() REPRESENTATION_CONTEXT('2D SPACE',''
  ) );
#1881 = PCURVE('',#1620,#1882);
#1882 = DEFINITIONAL_REPRESENTATION('',(#1883),#1887);
#1883 = LINE('',#1884,#1885);
#1884 = CARTESIAN_POINT('',(31.4,-1.7763568394E-15));
#1885 = VECTOR('',#1886,1.);
#1886 = DIRECTION('',(-1.,0.));
#1887 = ( GEOMETRIC_REPRESENTATION_CONTEXT(2) 
PARAMETRIC_REPRESENTATION_CONTEXT() REPRESENTATION_CONTEXT('2D SPACE',''
  ) );
#1888 = ORIENTED_EDGE('',*,*,#1889,.T.);
#1889 = EDGE_CURVE('',#1867,#1890,#1892,.T.);
#1890 = VERTEX_POINT('',#1891);
#1891 = CARTESIAN_POINT('',(23.010583963983,-18.21909782718,-6.6));
#1892 = SURFACE_CURVE('',#1893,(#1897,#1904),.PCURVE_S1.);
#1893 = LINE('',#1894,#1895);
#1894 = CARTESIAN_POINT('',(23.480987724746,-18.59154957152,-7.5));
#1895 = VECTOR('',#1896,1.);
#1896 = DIRECTION('',(-0.434888430667,0.344331759448,0.832050294338));
#1897 = PCURVE('',#880,#1898);
#1898 = DEFINITIONAL_REPRESENTATION('',(#1899),#1903);
#1899 = LINE('',#1900,#1901);
#1900 = CARTESIAN_POINT('',(-2.896757561406,-0.410600517899));
#1901 = VECTOR('',#1902,1.);
#1902 = DIRECTION('',(0.832050294338,-0.554700196225));
#1903 = ( GEOMETRIC_REPRESENTATION_CONTEXT(2) 
PARAMETRIC_REPRESENTATION_CONTEXT() REPRESENTATION_CONTEXT('2D SPACE',''
  ) );
#1904 = PCURVE('',#1648,#1905);
#1905 = DEFINITIONAL_REPRESENTATION('',(#1906),#1910);
#1906 = LINE('',#1907,#1908);
#1907 = CARTESIAN_POINT('',(-0.,-0.));
#1908 = VECTOR('',#1909,1.);
#1909 = DIRECTION('',(-0.,-1.));
#1910 = ( GEOMETRIC_REPRESENTATION_CONTEXT(2) 
PARAMETRIC_REPRESENTATION_CONTEXT() REPRESENTATION_CONTEXT('2D SPACE',''
  ) );
#1911 = ORIENTED_EDGE('',*,*,#1912,.T.);
#1912 = EDGE_CURVE('',#1890,#1913,#1915,.T.);
#1913 = VERTEX_POINT('',#1914);
#1914 = CARTESIAN_POINT('',(23.010583963983,-18.21909782718,-6.35));
#1915 = SURFACE_CURVE('',#1916,(#1920,#1927),.PCURVE_S1.);
#1916 = LINE('',#1917,#1918);
#1917 = CARTESIAN_POINT('',(23.010583963983,-18.21909782718,-6.6));
#1918 = VECTOR('',#1919,1.);
#1919 = DIRECTION('',(0.,0.,1.));
#1920 = PCURVE('',#880,#1921);
#1921 = DEFINITIONAL_REPRESENTATION('',(#1922),#1926);
#1922 = LINE('',#1923,#1924);
#1923 = CARTESIAN_POINT('',(-1.996757561406,-1.010600517899));
#1924 = VECTOR('',#1925,1.);
#1925 = DIRECTION('',(1.,0.));
#1926 = ( GEOMETRIC_REPRESENTATION_CONTEXT(2) 
PARAMETRIC_REPRESENTATION_CONTEXT() REPRESENTATION_CONTEXT('2D SPACE',''
  ) );
#1927 = PCURVE('',#1676,#1928);
#1928 = DEFINITIONAL_REPRESENTATION('',(#1929),#1933);
#1929 = LINE('',#1930,#1931);
#1930 = CARTESIAN_POINT('',(0.,0.));
#1931 = VECTOR('',#1932,1.);
#1932 = DIRECTION('',(0.,1.));
#1933 = ( GEOMETRIC_REPRESENTATION_CONTEXT(2) 
PARAMETRIC_REPRESENTATION_CONTEXT() REPRESENTATION_CONTEXT('2D SPACE',''
  ) );
#1934 = ORIENTED_EDGE('',*,*,#1935,.T.);
#1935 = EDGE_CURVE('',#1913,#1768,#1936,.T.);
#1936 = SURFACE_CURVE('',#1937,(#1941,#1948),.PCURVE_S1.);
#1937 = LINE('',#1938,#1939);
#1938 = CARTESIAN_POINT('',(23.010583963983,-18.21909782718,-6.35));
#1939 = VECTOR('',#1940,1.);
#1940 = DIRECTION('',(0.771360176354,-0.61074010703,0.1788854382));
#1941 = PCURVE('',#880,#1942);
#1942 = DEFINITIONAL_REPRESENTATION('',(#1943),#1947);
#1943 = LINE('',#1944,#1945);
#1944 = CARTESIAN_POINT('',(-1.746757561406,-1.010600517899));
#1945 = VECTOR('',#1946,1.);
#1946 = DIRECTION('',(0.1788854382,0.9838699101));
#1947 = ( GEOMETRIC_REPRESENTATION_CONTEXT(2) 
PARAMETRIC_REPRESENTATION_CONTEXT() REPRESENTATION_CONTEXT('2D SPACE',''
  ) );
#1948 = PCURVE('',#1702,#1949);
#1949 = DEFINITIONAL_REPRESENTATION('',(#1950),#1954);
#1950 = LINE('',#1951,#1952);
#1951 = CARTESIAN_POINT('',(0.,0.));
#1952 = VECTOR('',#1953,1.);
#1953 = DIRECTION('',(0.,1.));
#1954 = ( GEOMETRIC_REPRESENTATION_CONTEXT(2) 
PARAMETRIC_REPRESENTATION_CONTEXT() REPRESENTATION_CONTEXT('2D SPACE',''
  ) );
#1955 = ADVANCED_FACE('',(#1956),#943,.T.);
#1956 = FACE_BOUND('',#1957,.T.);
#1957 = EDGE_LOOP('',(#1958,#1981,#1982,#2005,#2033,#2061,#2089,#2117,
    #2145));
#1958 = ORIENTED_EDGE('',*,*,#1959,.T.);
#1959 = EDGE_CURVE('',#1960,#929,#1962,.T.);
#1960 = VERTEX_POINT('',#1961);
#1961 = CARTESIAN_POINT('',(-4.352981129624,29.581439371422,-6.25));
#1962 = SURFACE_CURVE('',#1963,(#1967,#1974),.PCURVE_S1.);
#1963 = LINE('',#1964,#1965);
#1964 = CARTESIAN_POINT('',(-4.352981129624,29.581439371422,-6.25));
#1965 = VECTOR('',#1966,1.);
#1966 = DIRECTION('',(0.,0.,1.));
#1967 = PCURVE('',#943,#1968);
#1968 = DEFINITIONAL_REPRESENTATION('',(#1969),#1973);
#1969 = LINE('',#1970,#1971);
#1970 = CARTESIAN_POINT('',(-1.646757561406,-0.460600517899));
#1971 = VECTOR('',#1972,1.);
#1972 = DIRECTION('',(1.,0.));
#1973 = ( GEOMETRIC_REPRESENTATION_CONTEXT(2) 
PARAMETRIC_REPRESENTATION_CONTEXT() REPRESENTATION_CONTEXT('2D SPACE',''
  ) );
#1974 = PCURVE('',#1028,#1975);
#1975 = DEFINITIONAL_REPRESENTATION('',(#1976),#1980);
#1976 = LINE('',#1977,#1978);
#1977 = CARTESIAN_POINT('',(0.292207792208,0.));
#1978 = VECTOR('',#1979,1.);
#1979 = DIRECTION('',(0.,1.));
#1980 = ( GEOMETRIC_REPRESENTATION_CONTEXT(2) 
PARAMETRIC_REPRESENTATION_CONTEXT() REPRESENTATION_CONTEXT('2D SPACE',''
  ) );
#1981 = ORIENTED_EDGE('',*,*,#926,.F.);
#1982 = ORIENTED_EDGE('',*,*,#1983,.T.);
#1983 = EDGE_CURVE('',#927,#1984,#1986,.T.);
#1984 = VERTEX_POINT('',#1985);
#1985 = CARTESIAN_POINT('',(-4.484007317473,30.47185058996,-6.9));
#1986 = SURFACE_CURVE('',#1987,(#1991,#1998),.PCURVE_S1.);
#1987 = LINE('',#1988,#1989);
#1988 = CARTESIAN_POINT('',(-4.484007317473,30.47185058996,-1.19));
#1989 = VECTOR('',#1990,1.);
#1990 = DIRECTION('',(0.,0.,-1.));
#1991 = PCURVE('',#943,#1992);
#1992 = DEFINITIONAL_REPRESENTATION('',(#1993),#1997);
#1993 = LINE('',#1994,#1995);
#1994 = CARTESIAN_POINT('',(3.413242438594,0.439399482101));
#1995 = VECTOR('',#1996,1.);
#1996 = DIRECTION('',(-1.,0.));
#1997 = ( GEOMETRIC_REPRESENTATION_CONTEXT(2) 
PARAMETRIC_REPRESENTATION_CONTEXT() REPRESENTATION_CONTEXT('2D SPACE',''
  ) );
#1998 = PCURVE('',#975,#1999);
#1999 = DEFINITIONAL_REPRESENTATION('',(#2000),#2004);
#2000 = LINE('',#2001,#2002);
#2001 = CARTESIAN_POINT('',(-0.292207792208,0.));
#2002 = VECTOR('',#2003,1.);
#2003 = DIRECTION('',(-0.,1.));
#2004 = ( GEOMETRIC_REPRESENTATION_CONTEXT(2) 
PARAMETRIC_REPRESENTATION_CONTEXT() REPRESENTATION_CONTEXT('2D SPACE',''
  ) );
#2005 = ORIENTED_EDGE('',*,*,#2006,.T.);
#2006 = EDGE_CURVE('',#1984,#2007,#2009,.T.);
#2007 = VERTEX_POINT('',#2008);
#2008 = CARTESIAN_POINT('',(-4.571358109371,31.065458068985,-7.2));
#2009 = SURFACE_CURVE('',#2010,(#2014,#2021),.PCURVE_S1.);
#2010 = LINE('',#2011,#2012);
#2011 = CARTESIAN_POINT('',(-4.484007317473,30.47185058996,-6.9));
#2012 = VECTOR('',#2013,1.);
#2013 = DIRECTION('',(-0.130214872383,0.884897783368,-0.4472135955));
#2014 = PCURVE('',#943,#2015);
#2015 = DEFINITIONAL_REPRESENTATION('',(#2016),#2020);
#2016 = LINE('',#2017,#2018);
#2017 = CARTESIAN_POINT('',(-2.296757561406,0.439399482101));
#2018 = VECTOR('',#2019,1.);
#2019 = DIRECTION('',(-0.4472135955,0.894427191));
#2020 = ( GEOMETRIC_REPRESENTATION_CONTEXT(2) 
PARAMETRIC_REPRESENTATION_CONTEXT() REPRESENTATION_CONTEXT('2D SPACE',''
  ) );
#2021 = PCURVE('',#2022,#2027);
#2022 = CONICAL_SURFACE('',#2023,30.8,1.107148717794);
#2023 = AXIS2_PLACEMENT_3D('',#2024,#2025,#2026);
#2024 = CARTESIAN_POINT('',(0.,0.,-6.9));
#2025 = DIRECTION('',(0.,-0.,-1.));
#2026 = DIRECTION('',(0.145584653165,0.989345798375,0.));
#2027 = DEFINITIONAL_REPRESENTATION('',(#2028),#2032);
#2028 = LINE('',#2029,#2030);
#2029 = CARTESIAN_POINT('',(-0.292207792208,0.));
#2030 = VECTOR('',#2031,1.);
#2031 = DIRECTION('',(-0.,1.));
#2032 = ( GEOMETRIC_REPRESENTATION_CONTEXT(2) 
PARAMETRIC_REPRESENTATION_CONTEXT() REPRESENTATION_CONTEXT('2D SPACE',''
  ) );
#2033 = ORIENTED_EDGE('',*,*,#2034,.T.);
#2034 = EDGE_CURVE('',#2007,#2035,#2037,.T.);
#2035 = VERTEX_POINT('',#2036);
#2036 = CARTESIAN_POINT('',(-4.571358109371,31.065458068985,-7.5));
#2037 = SURFACE_CURVE('',#2038,(#2042,#2049),.PCURVE_S1.);
#2038 = LINE('',#2039,#2040);
#2039 = CARTESIAN_POINT('',(-4.571358109371,31.065458068985,-7.2));
#2040 = VECTOR('',#2041,1.);
#2041 = DIRECTION('',(0.,0.,-1.));
#2042 = PCURVE('',#943,#2043);
#2043 = DEFINITIONAL_REPRESENTATION('',(#2044),#2048);
#2044 = LINE('',#2045,#2046);
#2045 = CARTESIAN_POINT('',(-2.596757561406,1.039399482101));
#2046 = VECTOR('',#2047,1.);
#2047 = DIRECTION('',(-1.,0.));
#2048 = ( GEOMETRIC_REPRESENTATION_CONTEXT(2) 
PARAMETRIC_REPRESENTATION_CONTEXT() REPRESENTATION_CONTEXT('2D SPACE',''
  ) );
#2049 = PCURVE('',#2050,#2055);
#2050 = CYLINDRICAL_SURFACE('',#2051,31.4);
#2051 = AXIS2_PLACEMENT_3D('',#2052,#2053,#2054);
#2052 = CARTESIAN_POINT('',(0.,0.,-7.2));
#2053 = DIRECTION('',(0.,-0.,-1.));
#2054 = DIRECTION('',(0.145584653165,0.989345798375,0.));
#2055 = DEFINITIONAL_REPRESENTATION('',(#2056),#2060);
#2056 = LINE('',#2057,#2058);
#2057 = CARTESIAN_POINT('',(-0.292207792208,0.));
#2058 = VECTOR('',#2059,1.);
#2059 = DIRECTION('',(-0.,1.));
#2060 = ( GEOMETRIC_REPRESENTATION_CONTEXT(2) 
PARAMETRIC_REPRESENTATION_CONTEXT() REPRESENTATION_CONTEXT('2D SPACE',''
  ) );
#2061 = ORIENTED_EDGE('',*,*,#2062,.T.);
#2062 = EDGE_CURVE('',#2035,#2063,#2065,.T.);
#2063 = VERTEX_POINT('',#2064);
#2064 = CARTESIAN_POINT('',(-4.360260362283,29.630906661341,-7.5));
#2065 = SURFACE_CURVE('',#2066,(#2070,#2077),.PCURVE_S1.);
#2066 = LINE('',#2067,#2068);
#2067 = CARTESIAN_POINT('',(-4.571358109371,31.065458068985,-7.5));
#2068 = VECTOR('',#2069,1.);
#2069 = DIRECTION('',(0.145584653165,-0.989345798375,0.));
#2070 = PCURVE('',#943,#2071);
#2071 = DEFINITIONAL_REPRESENTATION('',(#2072),#2076);
#2072 = LINE('',#2073,#2074);
#2073 = CARTESIAN_POINT('',(-2.896757561406,1.039399482101));
#2074 = VECTOR('',#2075,1.);
#2075 = DIRECTION('',(0.,-1.));
#2076 = ( GEOMETRIC_REPRESENTATION_CONTEXT(2) 
PARAMETRIC_REPRESENTATION_CONTEXT() REPRESENTATION_CONTEXT('2D SPACE',''
  ) );
#2077 = PCURVE('',#2078,#2083);
#2078 = PLANE('',#2079);
#2079 = AXIS2_PLACEMENT_3D('',#2080,#2081,#2082);
#2080 = CARTESIAN_POINT('',(0.,0.,-7.5));
#2081 = DIRECTION('',(0.,0.,1.));
#2082 = DIRECTION('',(0.145584653165,0.989345798375,0.));
#2083 = DEFINITIONAL_REPRESENTATION('',(#2084),#2088);
#2084 = LINE('',#2085,#2086);
#2085 = CARTESIAN_POINT('',(30.068960830311,9.045307876751));
#2086 = VECTOR('',#2087,1.);
#2087 = DIRECTION('',(-0.957610217526,-0.288067129833));
#2088 = ( GEOMETRIC_REPRESENTATION_CONTEXT(2) 
PARAMETRIC_REPRESENTATION_CONTEXT() REPRESENTATION_CONTEXT('2D SPACE',''
  ) );
#2089 = ORIENTED_EDGE('',*,*,#2090,.T.);
#2090 = EDGE_CURVE('',#2063,#2091,#2093,.T.);
#2091 = VERTEX_POINT('',#2092);
#2092 = CARTESIAN_POINT('',(-4.272909570384,29.037299182316,-6.6));
#2093 = SURFACE_CURVE('',#2094,(#2098,#2105),.PCURVE_S1.);
#2094 = LINE('',#2095,#2096);
#2095 = CARTESIAN_POINT('',(-4.360260362283,29.630906661341,-7.5));
#2096 = VECTOR('',#2097,1.);
#2097 = DIRECTION('',(8.075583567784E-02,-0.548790308493,0.832050294338)
  );
#2098 = PCURVE('',#943,#2099);
#2099 = DEFINITIONAL_REPRESENTATION('',(#2100),#2104);
#2100 = LINE('',#2101,#2102);
#2101 = CARTESIAN_POINT('',(-2.896757561406,-0.410600517899));
#2102 = VECTOR('',#2103,1.);
#2103 = DIRECTION('',(0.832050294338,-0.554700196225));
#2104 = ( GEOMETRIC_REPRESENTATION_CONTEXT(2) 
PARAMETRIC_REPRESENTATION_CONTEXT() REPRESENTATION_CONTEXT('2D SPACE',''
  ) );
#2105 = PCURVE('',#2106,#2111);
#2106 = CONICAL_SURFACE('',#2107,29.95,0.588002603548);
#2107 = AXIS2_PLACEMENT_3D('',#2108,#2109,#2110);
#2108 = CARTESIAN_POINT('',(0.,0.,-7.5));
#2109 = DIRECTION('',(-0.,-0.,-1.));
#2110 = DIRECTION('',(0.145584653165,0.989345798375,0.));
#2111 = DEFINITIONAL_REPRESENTATION('',(#2112),#2116);
#2112 = LINE('',#2113,#2114);
#2113 = CARTESIAN_POINT('',(-0.292207792208,-0.));
#2114 = VECTOR('',#2115,1.);
#2115 = DIRECTION('',(-0.,-1.));
#2116 = ( GEOMETRIC_REPRESENTATION_CONTEXT(2) 
PARAMETRIC_REPRESENTATION_CONTEXT() REPRESENTATION_CONTEXT('2D SPACE',''
  ) );
#2117 = ORIENTED_EDGE('',*,*,#2118,.T.);
#2118 = EDGE_CURVE('',#2091,#2119,#2121,.T.);
#2119 = VERTEX_POINT('',#2120);
#2120 = CARTESIAN_POINT('',(-4.272909570384,29.037299182316,-6.35));
#2121 = SURFACE_CURVE('',#2122,(#2126,#2133),.PCURVE_S1.);
#2122 = LINE('',#2123,#2124);
#2123 = CARTESIAN_POINT('',(-4.272909570384,29.037299182316,-6.6));
#2124 = VECTOR('',#2125,1.);
#2125 = DIRECTION('',(0.,0.,1.));
#2126 = PCURVE('',#943,#2127);
#2127 = DEFINITIONAL_REPRESENTATION('',(#2128),#2132);
#2128 = LINE('',#2129,#2130);
#2129 = CARTESIAN_POINT('',(-1.996757561406,-1.010600517899));
#2130 = VECTOR('',#2131,1.);
#2131 = DIRECTION('',(1.,0.));
#2132 = ( GEOMETRIC_REPRESENTATION_CONTEXT(2) 
PARAMETRIC_REPRESENTATION_CONTEXT() REPRESENTATION_CONTEXT('2D SPACE',''
  ) );
#2133 = PCURVE('',#2134,#2139);
#2134 = CYLINDRICAL_SURFACE('',#2135,29.35);
#2135 = AXIS2_PLACEMENT_3D('',#2136,#2137,#2138);
#2136 = CARTESIAN_POINT('',(0.,0.,-6.6));
#2137 = DIRECTION('',(0.,0.,1.));
#2138 = DIRECTION('',(0.145584653165,0.989345798375,0.));
#2139 = DEFINITIONAL_REPRESENTATION('',(#2140),#2144);
#2140 = LINE('',#2141,#2142);
#2141 = CARTESIAN_POINT('',(0.292207792208,0.));
#2142 = VECTOR('',#2143,1.);
#2143 = DIRECTION('',(0.,1.));
#2144 = ( GEOMETRIC_REPRESENTATION_CONTEXT(2) 
PARAMETRIC_REPRESENTATION_CONTEXT() REPRESENTATION_CONTEXT('2D SPACE',''
  ) );
#2145 = ORIENTED_EDGE('',*,*,#2146,.T.);
#2146 = EDGE_CURVE('',#2119,#1960,#2147,.T.);
#2147 = SURFACE_CURVE('',#2148,(#2152,#2159),.PCURVE_S1.);
#2148 = LINE('',#2149,#2150);
#2149 = CARTESIAN_POINT('',(-4.272909570384,29.037299182316,-6.35));
#2150 = VECTOR('',#2151,1.);
#2151 = DIRECTION('',(-0.143236359621,0.973387561705,0.1788854382));
#2152 = PCURVE('',#943,#2153);
#2153 = DEFINITIONAL_REPRESENTATION('',(#2154),#2158);
#2154 = LINE('',#2155,#2156);
#2155 = CARTESIAN_POINT('',(-1.746757561406,-1.010600517899));
#2156 = VECTOR('',#2157,1.);
#2157 = DIRECTION('',(0.1788854382,0.9838699101));
#2158 = ( GEOMETRIC_REPRESENTATION_CONTEXT(2) 
PARAMETRIC_REPRESENTATION_CONTEXT() REPRESENTATION_CONTEXT('2D SPACE',''
  ) );
#2159 = PCURVE('',#2160,#2165);
#2160 = CONICAL_SURFACE('',#2161,29.35,1.390942827002);
#2161 = AXIS2_PLACEMENT_3D('',#2162,#2163,#2164);
#2162 = CARTESIAN_POINT('',(0.,0.,-6.35));
#2163 = DIRECTION('',(0.,0.,1.));
#2164 = DIRECTION('',(0.145584653165,0.989345798375,0.));
#2165 = DEFINITIONAL_REPRESENTATION('',(#2166),#2170);
#2166 = LINE('',#2167,#2168);
#2167 = CARTESIAN_POINT('',(0.292207792208,0.));
#2168 = VECTOR('',#2169,1.);
#2169 = DIRECTION('',(0.,1.));
#2170 = ( GEOMETRIC_REPRESENTATION_CONTEXT(2) 
PARAMETRIC_REPRESENTATION_CONTEXT() REPRESENTATION_CONTEXT('2D SPACE',''
  ) );
#2171 = ADVANCED_FACE('',(#2172),#975,.T.);
#2172 = FACE_BOUND('',#2173,.F.);
#2173 = EDGE_LOOP('',(#2174,#2197,#2198,#2199));
#2174 = ORIENTED_EDGE('',*,*,#2175,.F.);
#2175 = EDGE_CURVE('',#955,#2176,#2178,.T.);
#2176 = VERTEX_POINT('',#2177);
#2177 = CARTESIAN_POINT('',(4.484007317473,30.47185058996,-6.9));
#2178 = SURFACE_CURVE('',#2179,(#2183,#2190),.PCURVE_S1.);
#2179 = LINE('',#2180,#2181);
#2180 = CARTESIAN_POINT('',(4.484007317473,30.47185058996,-1.19));
#2181 = VECTOR('',#2182,1.);
#2182 = DIRECTION('',(0.,0.,-1.));
#2183 = PCURVE('',#975,#2184);
#2184 = DEFINITIONAL_REPRESENTATION('',(#2185),#2189);
#2185 = LINE('',#2186,#2187);
#2186 = CARTESIAN_POINT('',(-0.,0.));
#2187 = VECTOR('',#2188,1.);
#2188 = DIRECTION('',(-0.,1.));
#2189 = ( GEOMETRIC_REPRESENTATION_CONTEXT(2) 
PARAMETRIC_REPRESENTATION_CONTEXT() REPRESENTATION_CONTEXT('2D SPACE',''
  ) );
#2190 = PCURVE('',#1002,#2191);
#2191 = DEFINITIONAL_REPRESENTATION('',(#2192),#2196);
#2192 = LINE('',#2193,#2194);
#2193 = CARTESIAN_POINT('',(3.413242438594,0.439399482101));
#2194 = VECTOR('',#2195,1.);
#2195 = DIRECTION('',(-1.,0.));
#2196 = ( GEOMETRIC_REPRESENTATION_CONTEXT(2) 
PARAMETRIC_REPRESENTATION_CONTEXT() REPRESENTATION_CONTEXT('2D SPACE',''
  ) );
#2197 = ORIENTED_EDGE('',*,*,#954,.F.);
#2198 = ORIENTED_EDGE('',*,*,#1983,.T.);
#2199 = ORIENTED_EDGE('',*,*,#2200,.F.);
#2200 = EDGE_CURVE('',#2176,#1984,#2201,.T.);
#2201 = SURFACE_CURVE('',#2202,(#2207,#2214),.PCURVE_S1.);
#2202 = CIRCLE('',#2203,30.8);
#2203 = AXIS2_PLACEMENT_3D('',#2204,#2205,#2206);
#2204 = CARTESIAN_POINT('',(0.,0.,-6.9));
#2205 = DIRECTION('',(0.,-0.,1.));
#2206 = DIRECTION('',(0.145584653165,0.989345798375,0.));
#2207 = PCURVE('',#975,#2208);
#2208 = DEFINITIONAL_REPRESENTATION('',(#2209),#2213);
#2209 = LINE('',#2210,#2211);
#2210 = CARTESIAN_POINT('',(-0.,5.71));
#2211 = VECTOR('',#2212,1.);
#2212 = DIRECTION('',(-1.,0.));
#2213 = ( GEOMETRIC_REPRESENTATION_CONTEXT(2) 
PARAMETRIC_REPRESENTATION_CONTEXT() REPRESENTATION_CONTEXT('2D SPACE',''
  ) );
#2214 = PCURVE('',#2022,#2215);
#2215 = DEFINITIONAL_REPRESENTATION('',(#2216),#2220);
#2216 = LINE('',#2217,#2218);
#2217 = CARTESIAN_POINT('',(-0.,0.));
#2218 = VECTOR('',#2219,1.);
#2219 = DIRECTION('',(-1.,0.));
#2220 = ( GEOMETRIC_REPRESENTATION_CONTEXT(2) 
PARAMETRIC_REPRESENTATION_CONTEXT() REPRESENTATION_CONTEXT('2D SPACE',''
  ) );
#2221 = ADVANCED_FACE('',(#2222),#1028,.F.);
#2222 = FACE_BOUND('',#2223,.F.);
#2223 = EDGE_LOOP('',(#2224,#2247,#2269,#2270));
#2224 = ORIENTED_EDGE('',*,*,#2225,.F.);
#2225 = EDGE_CURVE('',#2226,#988,#2228,.T.);
#2226 = VERTEX_POINT('',#2227);
#2227 = CARTESIAN_POINT('',(4.352981129624,29.581439371422,-6.25));
#2228 = SURFACE_CURVE('',#2229,(#2233,#2240),.PCURVE_S1.);
#2229 = LINE('',#2230,#2231);
#2230 = CARTESIAN_POINT('',(4.352981129624,29.581439371422,-6.25));
#2231 = VECTOR('',#2232,1.);
#2232 = DIRECTION('',(0.,0.,1.));
#2233 = PCURVE('',#1028,#2234);
#2234 = DEFINITIONAL_REPRESENTATION('',(#2235),#2239);
#2235 = LINE('',#2236,#2237);
#2236 = CARTESIAN_POINT('',(0.,0.));
#2237 = VECTOR('',#2238,1.);
#2238 = DIRECTION('',(0.,1.));
#2239 = ( GEOMETRIC_REPRESENTATION_CONTEXT(2) 
PARAMETRIC_REPRESENTATION_CONTEXT() REPRESENTATION_CONTEXT('2D SPACE',''
  ) );
#2240 = PCURVE('',#1002,#2241);
#2241 = DEFINITIONAL_REPRESENTATION('',(#2242),#2246);
#2242 = LINE('',#2243,#2244);
#2243 = CARTESIAN_POINT('',(-1.646757561406,-0.460600517899));
#2244 = VECTOR('',#2245,1.);
#2245 = DIRECTION('',(1.,0.));
#2246 = ( GEOMETRIC_REPRESENTATION_CONTEXT(2) 
PARAMETRIC_REPRESENTATION_CONTEXT() REPRESENTATION_CONTEXT('2D SPACE',''
  ) );
#2247 = ORIENTED_EDGE('',*,*,#2248,.T.);
#2248 = EDGE_CURVE('',#2226,#1960,#2249,.T.);
#2249 = SURFACE_CURVE('',#2250,(#2255,#2262),.PCURVE_S1.);
#2250 = CIRCLE('',#2251,29.9);
#2251 = AXIS2_PLACEMENT_3D('',#2252,#2253,#2254);
#2252 = CARTESIAN_POINT('',(0.,0.,-6.25));
#2253 = DIRECTION('',(0.,-0.,1.));
#2254 = DIRECTION('',(0.145584653165,0.989345798375,0.));
#2255 = PCURVE('',#1028,#2256);
#2256 = DEFINITIONAL_REPRESENTATION('',(#2257),#2261);
#2257 = LINE('',#2258,#2259);
#2258 = CARTESIAN_POINT('',(0.,0.));
#2259 = VECTOR('',#2260,1.);
#2260 = DIRECTION('',(1.,0.));
#2261 = ( GEOMETRIC_REPRESENTATION_CONTEXT(2) 
PARAMETRIC_REPRESENTATION_CONTEXT() REPRESENTATION_CONTEXT('2D SPACE',''
  ) );
#2262 = PCURVE('',#2160,#2263);
#2263 = DEFINITIONAL_REPRESENTATION('',(#2264),#2268);
#2264 = LINE('',#2265,#2266);
#2265 = CARTESIAN_POINT('',(0.,1.E-01));
#2266 = VECTOR('',#2267,1.);
#2267 = DIRECTION('',(1.,0.));
#2268 = ( GEOMETRIC_REPRESENTATION_CONTEXT(2) 
PARAMETRIC_REPRESENTATION_CONTEXT() REPRESENTATION_CONTEXT('2D SPACE',''
  ) );
#2269 = ORIENTED_EDGE('',*,*,#1959,.T.);
#2270 = ORIENTED_EDGE('',*,*,#1013,.F.);
#2271 = ADVANCED_FACE('',(#2272),#1002,.F.);
#2272 = FACE_BOUND('',#2273,.F.);
#2273 = EDGE_LOOP('',(#2274,#2275,#2276,#2277,#2300,#2323,#2346,#2369,
    #2392));
#2274 = ORIENTED_EDGE('',*,*,#2225,.T.);
#2275 = ORIENTED_EDGE('',*,*,#987,.F.);
#2276 = ORIENTED_EDGE('',*,*,#2175,.T.);
#2277 = ORIENTED_EDGE('',*,*,#2278,.T.);
#2278 = EDGE_CURVE('',#2176,#2279,#2281,.T.);
#2279 = VERTEX_POINT('',#2280);
#2280 = CARTESIAN_POINT('',(4.571358109371,31.065458068985,-7.2));
#2281 = SURFACE_CURVE('',#2282,(#2286,#2293),.PCURVE_S1.);
#2282 = LINE('',#2283,#2284);
#2283 = CARTESIAN_POINT('',(4.484007317473,30.47185058996,-6.9));
#2284 = VECTOR('',#2285,1.);
#2285 = DIRECTION('',(0.130214872383,0.884897783368,-0.4472135955));
#2286 = PCURVE('',#1002,#2287);
#2287 = DEFINITIONAL_REPRESENTATION('',(#2288),#2292);
#2288 = LINE('',#2289,#2290);
#2289 = CARTESIAN_POINT('',(-2.296757561406,0.439399482101));
#2290 = VECTOR('',#2291,1.);
#2291 = DIRECTION('',(-0.4472135955,0.894427191));
#2292 = ( GEOMETRIC_REPRESENTATION_CONTEXT(2) 
PARAMETRIC_REPRESENTATION_CONTEXT() REPRESENTATION_CONTEXT('2D SPACE',''
  ) );
#2293 = PCURVE('',#2022,#2294);
#2294 = DEFINITIONAL_REPRESENTATION('',(#2295),#2299);
#2295 = LINE('',#2296,#2297);
#2296 = CARTESIAN_POINT('',(-0.,0.));
#2297 = VECTOR('',#2298,1.);
#2298 = DIRECTION('',(-0.,1.));
#2299 = ( GEOMETRIC_REPRESENTATION_CONTEXT(2) 
PARAMETRIC_REPRESENTATION_CONTEXT() REPRESENTATION_CONTEXT('2D SPACE',''
  ) );
#2300 = ORIENTED_EDGE('',*,*,#2301,.T.);
#2301 = EDGE_CURVE('',#2279,#2302,#2304,.T.);
#2302 = VERTEX_POINT('',#2303);
#2303 = CARTESIAN_POINT('',(4.571358109371,31.065458068985,-7.5));
#2304 = SURFACE_CURVE('',#2305,(#2309,#2316),.PCURVE_S1.);
#2305 = LINE('',#2306,#2307);
#2306 = CARTESIAN_POINT('',(4.571358109371,31.065458068985,-7.2));
#2307 = VECTOR('',#2308,1.);
#2308 = DIRECTION('',(0.,0.,-1.));
#2309 = PCURVE('',#1002,#2310);
#2310 = DEFINITIONAL_REPRESENTATION('',(#2311),#2315);
#2311 = LINE('',#2312,#2313);
#2312 = CARTESIAN_POINT('',(-2.596757561406,1.039399482101));
#2313 = VECTOR('',#2314,1.);
#2314 = DIRECTION('',(-1.,0.));
#2315 = ( GEOMETRIC_REPRESENTATION_CONTEXT(2) 
PARAMETRIC_REPRESENTATION_CONTEXT() REPRESENTATION_CONTEXT('2D SPACE',''
  ) );
#2316 = PCURVE('',#2050,#2317);
#2317 = DEFINITIONAL_REPRESENTATION('',(#2318),#2322);
#2318 = LINE('',#2319,#2320);
#2319 = CARTESIAN_POINT('',(-0.,0.));
#2320 = VECTOR('',#2321,1.);
#2321 = DIRECTION('',(-0.,1.));
#2322 = ( GEOMETRIC_REPRESENTATION_CONTEXT(2) 
PARAMETRIC_REPRESENTATION_CONTEXT() REPRESENTATION_CONTEXT('2D SPACE',''
  ) );
#2323 = ORIENTED_EDGE('',*,*,#2324,.T.);
#2324 = EDGE_CURVE('',#2302,#2325,#2327,.T.);
#2325 = VERTEX_POINT('',#2326);
#2326 = CARTESIAN_POINT('',(4.360260362283,29.630906661341,-7.5));
#2327 = SURFACE_CURVE('',#2328,(#2332,#2339),.PCURVE_S1.);
#2328 = LINE('',#2329,#2330);
#2329 = CARTESIAN_POINT('',(4.571358109371,31.065458068985,-7.5));
#2330 = VECTOR('',#2331,1.);
#2331 = DIRECTION('',(-0.145584653165,-0.989345798375,0.));
#2332 = PCURVE('',#1002,#2333);
#2333 = DEFINITIONAL_REPRESENTATION('',(#2334),#2338);
#2334 = LINE('',#2335,#2336);
#2335 = CARTESIAN_POINT('',(-2.896757561406,1.039399482101));
#2336 = VECTOR('',#2337,1.);
#2337 = DIRECTION('',(0.,-1.));
#2338 = ( GEOMETRIC_REPRESENTATION_CONTEXT(2) 
PARAMETRIC_REPRESENTATION_CONTEXT() REPRESENTATION_CONTEXT('2D SPACE',''
  ) );
#2339 = PCURVE('',#2078,#2340);
#2340 = DEFINITIONAL_REPRESENTATION('',(#2341),#2345);
#2341 = LINE('',#2342,#2343);
#2342 = CARTESIAN_POINT('',(31.4,8.881784197001E-16));
#2343 = VECTOR('',#2344,1.);
#2344 = DIRECTION('',(-1.,0.));
#2345 = ( GEOMETRIC_REPRESENTATION_CONTEXT(2) 
PARAMETRIC_REPRESENTATION_CONTEXT() REPRESENTATION_CONTEXT('2D SPACE',''
  ) );
#2346 = ORIENTED_EDGE('',*,*,#2347,.T.);
#2347 = EDGE_CURVE('',#2325,#2348,#2350,.T.);
#2348 = VERTEX_POINT('',#2349);
#2349 = CARTESIAN_POINT('',(4.272909570384,29.037299182316,-6.6));
#2350 = SURFACE_CURVE('',#2351,(#2355,#2362),.PCURVE_S1.);
#2351 = LINE('',#2352,#2353);
#2352 = CARTESIAN_POINT('',(4.360260362283,29.630906661341,-7.5));
#2353 = VECTOR('',#2354,1.);
#2354 = DIRECTION('',(-8.075583567784E-02,-0.548790308493,0.832050294338
    ));
#2355 = PCURVE('',#1002,#2356);
#2356 = DEFINITIONAL_REPRESENTATION('',(#2357),#2361);
#2357 = LINE('',#2358,#2359);
#2358 = CARTESIAN_POINT('',(-2.896757561406,-0.410600517899));
#2359 = VECTOR('',#2360,1.);
#2360 = DIRECTION('',(0.832050294338,-0.554700196225));
#2361 = ( GEOMETRIC_REPRESENTATION_CONTEXT(2) 
PARAMETRIC_REPRESENTATION_CONTEXT() REPRESENTATION_CONTEXT('2D SPACE',''
  ) );
#2362 = PCURVE('',#2106,#2363);
#2363 = DEFINITIONAL_REPRESENTATION('',(#2364),#2368);
#2364 = LINE('',#2365,#2366);
#2365 = CARTESIAN_POINT('',(-0.,-0.));
#2366 = VECTOR('',#2367,1.);
#2367 = DIRECTION('',(-0.,-1.));
#2368 = ( GEOMETRIC_REPRESENTATION_CONTEXT(2) 
PARAMETRIC_REPRESENTATION_CONTEXT() REPRESENTATION_CONTEXT('2D SPACE',''
  ) );
#2369 = ORIENTED_EDGE('',*,*,#2370,.T.);
#2370 = EDGE_CURVE('',#2348,#2371,#2373,.T.);
#2371 = VERTEX_POINT('',#2372);
#2372 = CARTESIAN_POINT('',(4.272909570384,29.037299182316,-6.35));
#2373 = SURFACE_CURVE('',#2374,(#2378,#2385),.PCURVE_S1.);
#2374 = LINE('',#2375,#2376);
#2375 = CARTESIAN_POINT('',(4.272909570384,29.037299182316,-6.6));
#2376 = VECTOR('',#2377,1.);
#2377 = DIRECTION('',(0.,0.,1.));
#2378 = PCURVE('',#1002,#2379);
#2379 = DEFINITIONAL_REPRESENTATION('',(#2380),#2384);
#2380 = LINE('',#2381,#2382);
#2381 = CARTESIAN_POINT('',(-1.996757561406,-1.010600517899));
#2382 = VECTOR('',#2383,1.);
#2383 = DIRECTION('',(1.,0.));
#2384 = ( GEOMETRIC_REPRESENTATION_CONTEXT(2) 
PARAMETRIC_REPRESENTATION_CONTEXT() REPRESENTATION_CONTEXT('2D SPACE',''
  ) );
#2385 = PCURVE('',#2134,#2386);
#2386 = DEFINITIONAL_REPRESENTATION('',(#2387),#2391);
#2387 = LINE('',#2388,#2389);
#2388 = CARTESIAN_POINT('',(0.,0.));
#2389 = VECTOR('',#2390,1.);
#2390 = DIRECTION('',(0.,1.));
#2391 = ( GEOMETRIC_REPRESENTATION_CONTEXT(2) 
PARAMETRIC_REPRESENTATION_CONTEXT() REPRESENTATION_CONTEXT('2D SPACE',''
  ) );
#2392 = ORIENTED_EDGE('',*,*,#2393,.T.);
#2393 = EDGE_CURVE('',#2371,#2226,#2394,.T.);
#2394 = SURFACE_CURVE('',#2395,(#2399,#2406),.PCURVE_S1.);
#2395 = LINE('',#2396,#2397);
#2396 = CARTESIAN_POINT('',(4.272909570384,29.037299182316,-6.35));
#2397 = VECTOR('',#2398,1.);
#2398 = DIRECTION('',(0.143236359621,0.973387561705,0.1788854382));
#2399 = PCURVE('',#1002,#2400);
#2400 = DEFINITIONAL_REPRESENTATION('',(#2401),#2405);
#2401 = LINE('',#2402,#2403);
#2402 = CARTESIAN_POINT('',(-1.746757561406,-1.010600517899));
#2403 = VECTOR('',#2404,1.);
#2404 = DIRECTION('',(0.1788854382,0.9838699101));
#2405 = ( GEOMETRIC_REPRESENTATION_CONTEXT(2) 
PARAMETRIC_REPRESENTATION_CONTEXT() REPRESENTATION_CONTEXT('2D SPACE',''
  ) );
#2406 = PCURVE('',#2160,#2407);
#2407 = DEFINITIONAL_REPRESENTATION('',(#2408),#2412);
#2408 = LINE('',#2409,#2410);
#2409 = CARTESIAN_POINT('',(0.,0.));
#2410 = VECTOR('',#2411,1.);
#2411 = DIRECTION('',(0.,1.));
#2412 = ( GEOMETRIC_REPRESENTATION_CONTEXT(2) 
PARAMETRIC_REPRESENTATION_CONTEXT() REPRESENTATION_CONTEXT('2D SPACE',''
  ) );
#2413 = ADVANCED_FACE('',(#2414),#1244,.F.);
#2414 = FACE_BOUND('',#2415,.F.);
#2415 = EDGE_LOOP('',(#2416,#2438,#2439,#2440));
#2416 = ORIENTED_EDGE('',*,*,#2417,.T.);
#2417 = EDGE_CURVE('',#1455,#1203,#2418,.T.);
#2418 = SURFACE_CURVE('',#2419,(#2424,#2431),.PCURVE_S1.);
#2419 = CIRCLE('',#2420,29.35);
#2420 = AXIS2_PLACEMENT_3D('',#2421,#2422,#2423);
#2421 = CARTESIAN_POINT('',(0.,0.,-6.35));
#2422 = DIRECTION('',(0.,0.,1.));
#2423 = DIRECTION('',(-0.929590921103,-0.368592891146,0.));
#2424 = PCURVE('',#1244,#2425);
#2425 = DEFINITIONAL_REPRESENTATION('',(#2426),#2430);
#2426 = LINE('',#2427,#2428);
#2427 = CARTESIAN_POINT('',(0.,0.));
#2428 = VECTOR('',#2429,1.);
#2429 = DIRECTION('',(1.,0.));
#2430 = ( GEOMETRIC_REPRESENTATION_CONTEXT(2) 
PARAMETRIC_REPRESENTATION_CONTEXT() REPRESENTATION_CONTEXT('2D SPACE',''
  ) );
#2431 = PCURVE('',#1218,#2432);
#2432 = DEFINITIONAL_REPRESENTATION('',(#2433),#2437);
#2433 = LINE('',#2434,#2435);
#2434 = CARTESIAN_POINT('',(0.,0.25));
#2435 = VECTOR('',#2436,1.);
#2436 = DIRECTION('',(1.,0.));
#2437 = ( GEOMETRIC_REPRESENTATION_CONTEXT(2) 
PARAMETRIC_REPRESENTATION_CONTEXT() REPRESENTATION_CONTEXT('2D SPACE',''
  ) );
#2438 = ORIENTED_EDGE('',*,*,#1230,.T.);
#2439 = ORIENTED_EDGE('',*,*,#1332,.F.);
#2440 = ORIENTED_EDGE('',*,*,#1477,.F.);
#2441 = ADVANCED_FACE('',(#2442),#1218,.F.);
#2442 = FACE_BOUND('',#2443,.F.);
#2443 = EDGE_LOOP('',(#2444,#2466,#2467,#2468));
#2444 = ORIENTED_EDGE('',*,*,#2445,.T.);
#2445 = EDGE_CURVE('',#1432,#1175,#2446,.T.);
#2446 = SURFACE_CURVE('',#2447,(#2452,#2459),.PCURVE_S1.);
#2447 = CIRCLE('',#2448,29.35);
#2448 = AXIS2_PLACEMENT_3D('',#2449,#2450,#2451);
#2449 = CARTESIAN_POINT('',(0.,0.,-6.6));
#2450 = DIRECTION('',(0.,0.,1.));
#2451 = DIRECTION('',(-0.929590921103,-0.368592891146,0.));
#2452 = PCURVE('',#1218,#2453);
#2453 = DEFINITIONAL_REPRESENTATION('',(#2454),#2458);
#2454 = LINE('',#2455,#2456);
#2455 = CARTESIAN_POINT('',(0.,0.));
#2456 = VECTOR('',#2457,1.);
#2457 = DIRECTION('',(1.,0.));
#2458 = ( GEOMETRIC_REPRESENTATION_CONTEXT(2) 
PARAMETRIC_REPRESENTATION_CONTEXT() REPRESENTATION_CONTEXT('2D SPACE',''
  ) );
#2459 = PCURVE('',#1190,#2460);
#2460 = DEFINITIONAL_REPRESENTATION('',(#2461),#2465);
#2461 = LINE('',#2462,#2463);
#2462 = CARTESIAN_POINT('',(-0.,-0.9));
#2463 = VECTOR('',#2464,1.);
#2464 = DIRECTION('',(-1.,-0.));
#2465 = ( GEOMETRIC_REPRESENTATION_CONTEXT(2) 
PARAMETRIC_REPRESENTATION_CONTEXT() REPRESENTATION_CONTEXT('2D SPACE',''
  ) );
#2466 = ORIENTED_EDGE('',*,*,#1202,.T.);
#2467 = ORIENTED_EDGE('',*,*,#2417,.F.);
#2468 = ORIENTED_EDGE('',*,*,#1454,.F.);
#2469 = ADVANCED_FACE('',(#2470),#1190,.F.);
#2470 = FACE_BOUND('',#2471,.F.);
#2471 = EDGE_LOOP('',(#2472,#2494,#2495,#2496));
#2472 = ORIENTED_EDGE('',*,*,#2473,.T.);
#2473 = EDGE_CURVE('',#1409,#1147,#2474,.T.);
#2474 = SURFACE_CURVE('',#2475,(#2480,#2487),.PCURVE_S1.);
#2475 = CIRCLE('',#2476,29.95);
#2476 = AXIS2_PLACEMENT_3D('',#2477,#2478,#2479);
#2477 = CARTESIAN_POINT('',(0.,0.,-7.5));
#2478 = DIRECTION('',(0.,0.,1.));
#2479 = DIRECTION('',(-0.929590921103,-0.368592891146,0.));
#2480 = PCURVE('',#1190,#2481);
#2481 = DEFINITIONAL_REPRESENTATION('',(#2482),#2486);
#2482 = LINE('',#2483,#2484);
#2483 = CARTESIAN_POINT('',(-0.,-0.));
#2484 = VECTOR('',#2485,1.);
#2485 = DIRECTION('',(-1.,-0.));
#2486 = ( GEOMETRIC_REPRESENTATION_CONTEXT(2) 
PARAMETRIC_REPRESENTATION_CONTEXT() REPRESENTATION_CONTEXT('2D SPACE',''
  ) );
#2487 = PCURVE('',#1162,#2488);
#2488 = DEFINITIONAL_REPRESENTATION('',(#2489),#2493);
#2489 = CIRCLE('',#2490,29.95);
#2490 = AXIS2_PLACEMENT_2D('',#2491,#2492);
#2491 = CARTESIAN_POINT('',(0.,0.));
#2492 = DIRECTION('',(1.,0.));
#2493 = ( GEOMETRIC_REPRESENTATION_CONTEXT(2) 
PARAMETRIC_REPRESENTATION_CONTEXT() REPRESENTATION_CONTEXT('2D SPACE',''
  ) );
#2494 = ORIENTED_EDGE('',*,*,#1174,.T.);
#2495 = ORIENTED_EDGE('',*,*,#2445,.F.);
#2496 = ORIENTED_EDGE('',*,*,#1431,.F.);
#2497 = ADVANCED_FACE('',(#2498),#1162,.F.);
#2498 = FACE_BOUND('',#2499,.F.);
#2499 = EDGE_LOOP('',(#2500,#2522,#2523,#2524));
#2500 = ORIENTED_EDGE('',*,*,#2501,.T.);
#2501 = EDGE_CURVE('',#1386,#1119,#2502,.T.);
#2502 = SURFACE_CURVE('',#2503,(#2508,#2515),.PCURVE_S1.);
#2503 = CIRCLE('',#2504,31.4);
#2504 = AXIS2_PLACEMENT_3D('',#2505,#2506,#2507);
#2505 = CARTESIAN_POINT('',(0.,0.,-7.5));
#2506 = DIRECTION('',(0.,0.,1.));
#2507 = DIRECTION('',(-0.929590921103,-0.368592891146,0.));
#2508 = PCURVE('',#1162,#2509);
#2509 = DEFINITIONAL_REPRESENTATION('',(#2510),#2514);
#2510 = CIRCLE('',#2511,31.4);
#2511 = AXIS2_PLACEMENT_2D('',#2512,#2513);
#2512 = CARTESIAN_POINT('',(0.,0.));
#2513 = DIRECTION('',(1.,0.));
#2514 = ( GEOMETRIC_REPRESENTATION_CONTEXT(2) 
PARAMETRIC_REPRESENTATION_CONTEXT() REPRESENTATION_CONTEXT('2D SPACE',''
  ) );
#2515 = PCURVE('',#1134,#2516);
#2516 = DEFINITIONAL_REPRESENTATION('',(#2517),#2521);
#2517 = LINE('',#2518,#2519);
#2518 = CARTESIAN_POINT('',(-0.,0.3));
#2519 = VECTOR('',#2520,1.);
#2520 = DIRECTION('',(-1.,0.));
#2521 = ( GEOMETRIC_REPRESENTATION_CONTEXT(2) 
PARAMETRIC_REPRESENTATION_CONTEXT() REPRESENTATION_CONTEXT('2D SPACE',''
  ) );
#2522 = ORIENTED_EDGE('',*,*,#1146,.T.);
#2523 = ORIENTED_EDGE('',*,*,#2473,.F.);
#2524 = ORIENTED_EDGE('',*,*,#1408,.F.);
#2525 = ADVANCED_FACE('',(#2526),#1134,.T.);
#2526 = FACE_BOUND('',#2527,.F.);
#2527 = EDGE_LOOP('',(#2528,#2550,#2551,#2552));
#2528 = ORIENTED_EDGE('',*,*,#2529,.T.);
#2529 = EDGE_CURVE('',#1363,#1091,#2530,.T.);
#2530 = SURFACE_CURVE('',#2531,(#2536,#2543),.PCURVE_S1.);
#2531 = CIRCLE('',#2532,31.4);
#2532 = AXIS2_PLACEMENT_3D('',#2533,#2534,#2535);
#2533 = CARTESIAN_POINT('',(0.,0.,-7.2));
#2534 = DIRECTION('',(0.,0.,1.));
#2535 = DIRECTION('',(-0.929590921103,-0.368592891146,0.));
#2536 = PCURVE('',#1134,#2537);
#2537 = DEFINITIONAL_REPRESENTATION('',(#2538),#2542);
#2538 = LINE('',#2539,#2540);
#2539 = CARTESIAN_POINT('',(-0.,0.));
#2540 = VECTOR('',#2541,1.);
#2541 = DIRECTION('',(-1.,0.));
#2542 = ( GEOMETRIC_REPRESENTATION_CONTEXT(2) 
PARAMETRIC_REPRESENTATION_CONTEXT() REPRESENTATION_CONTEXT('2D SPACE',''
  ) );
#2543 = PCURVE('',#1106,#2544);
#2544 = DEFINITIONAL_REPRESENTATION('',(#2545),#2549);
#2545 = LINE('',#2546,#2547);
#2546 = CARTESIAN_POINT('',(-0.,0.3));
#2547 = VECTOR('',#2548,1.);
#2548 = DIRECTION('',(-1.,0.));
#2549 = ( GEOMETRIC_REPRESENTATION_CONTEXT(2) 
PARAMETRIC_REPRESENTATION_CONTEXT() REPRESENTATION_CONTEXT('2D SPACE',''
  ) );
#2550 = ORIENTED_EDGE('',*,*,#1118,.T.);
#2551 = ORIENTED_EDGE('',*,*,#2501,.F.);
#2552 = ORIENTED_EDGE('',*,*,#1385,.F.);
#2553 = ADVANCED_FACE('',(#2554),#1106,.T.);
#2554 = FACE_BOUND('',#2555,.F.);
#2555 = EDGE_LOOP('',(#2556,#2557,#2558,#2559));
#2556 = ORIENTED_EDGE('',*,*,#1284,.T.);
#2557 = ORIENTED_EDGE('',*,*,#1090,.T.);
#2558 = ORIENTED_EDGE('',*,*,#2529,.F.);
#2559 = ORIENTED_EDGE('',*,*,#1362,.F.);
#2560 = ADVANCED_FACE('',(#2561),#1702,.F.);
#2561 = FACE_BOUND('',#2562,.F.);
#2562 = EDGE_LOOP('',(#2563,#2585,#2586,#2587));
#2563 = ORIENTED_EDGE('',*,*,#2564,.T.);
#2564 = EDGE_CURVE('',#1913,#1661,#2565,.T.);
#2565 = SURFACE_CURVE('',#2566,(#2571,#2578),.PCURVE_S1.);
#2566 = CIRCLE('',#2567,29.35);
#2567 = AXIS2_PLACEMENT_3D('',#2568,#2569,#2570);
#2568 = CARTESIAN_POINT('',(0.,0.,-6.35));
#2569 = DIRECTION('',(-0.,0.,1.));
#2570 = DIRECTION('',(0.784006267938,-0.620752907229,0.));
#2571 = PCURVE('',#1702,#2572);
#2572 = DEFINITIONAL_REPRESENTATION('',(#2573),#2577);
#2573 = LINE('',#2574,#2575);
#2574 = CARTESIAN_POINT('',(0.,0.));
#2575 = VECTOR('',#2576,1.);
#2576 = DIRECTION('',(1.,0.));
#2577 = ( GEOMETRIC_REPRESENTATION_CONTEXT(2) 
PARAMETRIC_REPRESENTATION_CONTEXT() REPRESENTATION_CONTEXT('2D SPACE',''
  ) );
#2578 = PCURVE('',#1676,#2579);
#2579 = DEFINITIONAL_REPRESENTATION('',(#2580),#2584);
#2580 = LINE('',#2581,#2582);
#2581 = CARTESIAN_POINT('',(0.,0.25));
#2582 = VECTOR('',#2583,1.);
#2583 = DIRECTION('',(1.,0.));
#2584 = ( GEOMETRIC_REPRESENTATION_CONTEXT(2) 
PARAMETRIC_REPRESENTATION_CONTEXT() REPRESENTATION_CONTEXT('2D SPACE',''
  ) );
#2585 = ORIENTED_EDGE('',*,*,#1688,.T.);
#2586 = ORIENTED_EDGE('',*,*,#1790,.F.);
#2587 = ORIENTED_EDGE('',*,*,#1935,.F.);
#2588 = ADVANCED_FACE('',(#2589),#1676,.F.);
#2589 = FACE_BOUND('',#2590,.F.);
#2590 = EDGE_LOOP('',(#2591,#2613,#2614,#2615));
#2591 = ORIENTED_EDGE('',*,*,#2592,.T.);
#2592 = EDGE_CURVE('',#1890,#1633,#2593,.T.);
#2593 = SURFACE_CURVE('',#2594,(#2599,#2606),.PCURVE_S1.);
#2594 = CIRCLE('',#2595,29.35);
#2595 = AXIS2_PLACEMENT_3D('',#2596,#2597,#2598);
#2596 = CARTESIAN_POINT('',(0.,0.,-6.6));
#2597 = DIRECTION('',(-0.,0.,1.));
#2598 = DIRECTION('',(0.784006267938,-0.620752907229,0.));
#2599 = PCURVE('',#1676,#2600);
#2600 = DEFINITIONAL_REPRESENTATION('',(#2601),#2605);
#2601 = LINE('',#2602,#2603);
#2602 = CARTESIAN_POINT('',(0.,0.));
#2603 = VECTOR('',#2604,1.);
#2604 = DIRECTION('',(1.,0.));
#2605 = ( GEOMETRIC_REPRESENTATION_CONTEXT(2) 
PARAMETRIC_REPRESENTATION_CONTEXT() REPRESENTATION_CONTEXT('2D SPACE',''
  ) );
#2606 = PCURVE('',#1648,#2607);
#2607 = DEFINITIONAL_REPRESENTATION('',(#2608),#2612);
#2608 = LINE('',#2609,#2610);
#2609 = CARTESIAN_POINT('',(-0.,-0.9));
#2610 = VECTOR('',#2611,1.);
#2611 = DIRECTION('',(-1.,-0.));
#2612 = ( GEOMETRIC_REPRESENTATION_CONTEXT(2) 
PARAMETRIC_REPRESENTATION_CONTEXT() REPRESENTATION_CONTEXT('2D SPACE',''
  ) );
#2613 = ORIENTED_EDGE('',*,*,#1660,.T.);
#2614 = ORIENTED_EDGE('',*,*,#2564,.F.);
#2615 = ORIENTED_EDGE('',*,*,#1912,.F.);
#2616 = ADVANCED_FACE('',(#2617),#1648,.F.);
#2617 = FACE_BOUND('',#2618,.F.);
#2618 = EDGE_LOOP('',(#2619,#2641,#2642,#2643));
#2619 = ORIENTED_EDGE('',*,*,#2620,.T.);
#2620 = EDGE_CURVE('',#1867,#1605,#2621,.T.);
#2621 = SURFACE_CURVE('',#2622,(#2627,#2634),.PCURVE_S1.);
#2622 = CIRCLE('',#2623,29.95);
#2623 = AXIS2_PLACEMENT_3D('',#2624,#2625,#2626);
#2624 = CARTESIAN_POINT('',(0.,0.,-7.5));
#2625 = DIRECTION('',(-0.,0.,1.));
#2626 = DIRECTION('',(0.784006267938,-0.620752907229,0.));
#2627 = PCURVE('',#1648,#2628);
#2628 = DEFINITIONAL_REPRESENTATION('',(#2629),#2633);
#2629 = LINE('',#2630,#2631);
#2630 = CARTESIAN_POINT('',(-0.,-0.));
#2631 = VECTOR('',#2632,1.);
#2632 = DIRECTION('',(-1.,-0.));
#2633 = ( GEOMETRIC_REPRESENTATION_CONTEXT(2) 
PARAMETRIC_REPRESENTATION_CONTEXT() REPRESENTATION_CONTEXT('2D SPACE',''
  ) );
#2634 = PCURVE('',#1620,#2635);
#2635 = DEFINITIONAL_REPRESENTATION('',(#2636),#2640);
#2636 = CIRCLE('',#2637,29.95);
#2637 = AXIS2_PLACEMENT_2D('',#2638,#2639);
#2638 = CARTESIAN_POINT('',(0.,0.));
#2639 = DIRECTION('',(1.,0.));
#2640 = ( GEOMETRIC_REPRESENTATION_CONTEXT(2) 
PARAMETRIC_REPRESENTATION_CONTEXT() REPRESENTATION_CONTEXT('2D SPACE',''
  ) );
#2641 = ORIENTED_EDGE('',*,*,#1632,.T.);
#2642 = ORIENTED_EDGE('',*,*,#2592,.F.);
#2643 = ORIENTED_EDGE('',*,*,#1889,.F.);
#2644 = ADVANCED_FACE('',(#2645),#1620,.F.);
#2645 = FACE_BOUND('',#2646,.F.);
#2646 = EDGE_LOOP('',(#2647,#2669,#2670,#2671));
#2647 = ORIENTED_EDGE('',*,*,#2648,.T.);
#2648 = EDGE_CURVE('',#1844,#1577,#2649,.T.);
#2649 = SURFACE_CURVE('',#2650,(#2655,#2662),.PCURVE_S1.);
#2650 = CIRCLE('',#2651,31.4);
#2651 = AXIS2_PLACEMENT_3D('',#2652,#2653,#2654);
#2652 = CARTESIAN_POINT('',(0.,0.,-7.5));
#2653 = DIRECTION('',(-0.,0.,1.));
#2654 = DIRECTION('',(0.784006267938,-0.620752907229,0.));
#2655 = PCURVE('',#1620,#2656);
#2656 = DEFINITIONAL_REPRESENTATION('',(#2657),#2661);
#2657 = CIRCLE('',#2658,31.4);
#2658 = AXIS2_PLACEMENT_2D('',#2659,#2660);
#2659 = CARTESIAN_POINT('',(0.,0.));
#2660 = DIRECTION('',(1.,0.));
#2661 = ( GEOMETRIC_REPRESENTATION_CONTEXT(2) 
PARAMETRIC_REPRESENTATION_CONTEXT() REPRESENTATION_CONTEXT('2D SPACE',''
  ) );
#2662 = PCURVE('',#1592,#2663);
#2663 = DEFINITIONAL_REPRESENTATION('',(#2664),#2668);
#2664 = LINE('',#2665,#2666);
#2665 = CARTESIAN_POINT('',(-0.,0.3));
#2666 = VECTOR('',#2667,1.);
#2667 = DIRECTION('',(-1.,0.));
#2668 = ( GEOMETRIC_REPRESENTATION_CONTEXT(2) 
PARAMETRIC_REPRESENTATION_CONTEXT() REPRESENTATION_CONTEXT('2D SPACE',''
  ) );
#2669 = ORIENTED_EDGE('',*,*,#1604,.T.);
#2670 = ORIENTED_EDGE('',*,*,#2620,.F.);
#2671 = ORIENTED_EDGE('',*,*,#1866,.F.);
#2672 = ADVANCED_FACE('',(#2673),#1592,.T.);
#2673 = FACE_BOUND('',#2674,.F.);
#2674 = EDGE_LOOP('',(#2675,#2697,#2698,#2699));
#2675 = ORIENTED_EDGE('',*,*,#2676,.T.);
#2676 = EDGE_CURVE('',#1821,#1549,#2677,.T.);
#2677 = SURFACE_CURVE('',#2678,(#2683,#2690),.PCURVE_S1.);
#2678 = CIRCLE('',#2679,31.4);
#2679 = AXIS2_PLACEMENT_3D('',#2680,#2681,#2682);
#2680 = CARTESIAN_POINT('',(0.,0.,-7.2));
#2681 = DIRECTION('',(-0.,0.,1.));
#2682 = DIRECTION('',(0.784006267938,-0.620752907229,0.));
#2683 = PCURVE('',#1592,#2684);
#2684 = DEFINITIONAL_REPRESENTATION('',(#2685),#2689);
#2685 = LINE('',#2686,#2687);
#2686 = CARTESIAN_POINT('',(-0.,0.));
#2687 = VECTOR('',#2688,1.);
#2688 = DIRECTION('',(-1.,0.));
#2689 = ( GEOMETRIC_REPRESENTATION_CONTEXT(2) 
PARAMETRIC_REPRESENTATION_CONTEXT() REPRESENTATION_CONTEXT('2D SPACE',''
  ) );
#2690 = PCURVE('',#1564,#2691);
#2691 = DEFINITIONAL_REPRESENTATION('',(#2692),#2696);
#2692 = LINE('',#2693,#2694);
#2693 = CARTESIAN_POINT('',(-0.,0.3));
#2694 = VECTOR('',#2695,1.);
#2695 = DIRECTION('',(-1.,0.));
#2696 = ( GEOMETRIC_REPRESENTATION_CONTEXT(2) 
PARAMETRIC_REPRESENTATION_CONTEXT() REPRESENTATION_CONTEXT('2D SPACE',''
  ) );
#2697 = ORIENTED_EDGE('',*,*,#1576,.T.);
#2698 = ORIENTED_EDGE('',*,*,#2648,.F.);
#2699 = ORIENTED_EDGE('',*,*,#1843,.F.);
#2700 = ADVANCED_FACE('',(#2701),#1564,.T.);
#2701 = FACE_BOUND('',#2702,.F.);
#2702 = EDGE_LOOP('',(#2703,#2704,#2705,#2706));
#2703 = ORIENTED_EDGE('',*,*,#1742,.T.);
#2704 = ORIENTED_EDGE('',*,*,#1548,.T.);
#2705 = ORIENTED_EDGE('',*,*,#2676,.F.);
#2706 = ORIENTED_EDGE('',*,*,#1820,.F.);
#2707 = ADVANCED_FACE('',(#2708),#2160,.F.);
#2708 = FACE_BOUND('',#2709,.F.);
#2709 = EDGE_LOOP('',(#2710,#2732,#2733,#2734));
#2710 = ORIENTED_EDGE('',*,*,#2711,.T.);
#2711 = EDGE_CURVE('',#2371,#2119,#2712,.T.);
#2712 = SURFACE_CURVE('',#2713,(#2718,#2725),.PCURVE_S1.);
#2713 = CIRCLE('',#2714,29.35);
#2714 = AXIS2_PLACEMENT_3D('',#2715,#2716,#2717);
#2715 = CARTESIAN_POINT('',(0.,0.,-6.35));
#2716 = DIRECTION('',(0.,-0.,1.));
#2717 = DIRECTION('',(0.145584653165,0.989345798375,0.));
#2718 = PCURVE('',#2160,#2719);
#2719 = DEFINITIONAL_REPRESENTATION('',(#2720),#2724);
#2720 = LINE('',#2721,#2722);
#2721 = CARTESIAN_POINT('',(0.,0.));
#2722 = VECTOR('',#2723,1.);
#2723 = DIRECTION('',(1.,0.));
#2724 = ( GEOMETRIC_REPRESENTATION_CONTEXT(2) 
PARAMETRIC_REPRESENTATION_CONTEXT() REPRESENTATION_CONTEXT('2D SPACE',''
  ) );
#2725 = PCURVE('',#2134,#2726);
#2726 = DEFINITIONAL_REPRESENTATION('',(#2727),#2731);
#2727 = LINE('',#2728,#2729);
#2728 = CARTESIAN_POINT('',(0.,0.25));
#2729 = VECTOR('',#2730,1.);
#2730 = DIRECTION('',(1.,0.));
#2731 = ( GEOMETRIC_REPRESENTATION_CONTEXT(2) 
PARAMETRIC_REPRESENTATION_CONTEXT() REPRESENTATION_CONTEXT('2D SPACE',''
  ) );
#2732 = ORIENTED_EDGE('',*,*,#2146,.T.);
#2733 = ORIENTED_EDGE('',*,*,#2248,.F.);
#2734 = ORIENTED_EDGE('',*,*,#2393,.F.);
#2735 = ADVANCED_FACE('',(#2736),#2134,.F.);
#2736 = FACE_BOUND('',#2737,.F.);
#2737 = EDGE_LOOP('',(#2738,#2760,#2761,#2762));
#2738 = ORIENTED_EDGE('',*,*,#2739,.T.);
#2739 = EDGE_CURVE('',#2348,#2091,#2740,.T.);
#2740 = SURFACE_CURVE('',#2741,(#2746,#2753),.PCURVE_S1.);
#2741 = CIRCLE('',#2742,29.35);
#2742 = AXIS2_PLACEMENT_3D('',#2743,#2744,#2745);
#2743 = CARTESIAN_POINT('',(0.,0.,-6.6));
#2744 = DIRECTION('',(0.,-0.,1.));
#2745 = DIRECTION('',(0.145584653165,0.989345798375,0.));
#2746 = PCURVE('',#2134,#2747);
#2747 = DEFINITIONAL_REPRESENTATION('',(#2748),#2752);
#2748 = LINE('',#2749,#2750);
#2749 = CARTESIAN_POINT('',(0.,0.));
#2750 = VECTOR('',#2751,1.);
#2751 = DIRECTION('',(1.,0.));
#2752 = ( GEOMETRIC_REPRESENTATION_CONTEXT(2) 
PARAMETRIC_REPRESENTATION_CONTEXT() REPRESENTATION_CONTEXT('2D SPACE',''
  ) );
#2753 = PCURVE('',#2106,#2754);
#2754 = DEFINITIONAL_REPRESENTATION('',(#2755),#2759);
#2755 = LINE('',#2756,#2757);
#2756 = CARTESIAN_POINT('',(-0.,-0.9));
#2757 = VECTOR('',#2758,1.);
#2758 = DIRECTION('',(-1.,-0.));
#2759 = ( GEOMETRIC_REPRESENTATION_CONTEXT(2) 
PARAMETRIC_REPRESENTATION_CONTEXT() REPRESENTATION_CONTEXT('2D SPACE',''
  ) );
#2760 = ORIENTED_EDGE('',*,*,#2118,.T.);
#2761 = ORIENTED_EDGE('',*,*,#2711,.F.);
#2762 = ORIENTED_EDGE('',*,*,#2370,.F.);
#2763 = ADVANCED_FACE('',(#2764),#2106,.F.);
#2764 = FACE_BOUND('',#2765,.F.);
#2765 = EDGE_LOOP('',(#2766,#2788,#2789,#2790));
#2766 = ORIENTED_EDGE('',*,*,#2767,.T.);
#2767 = EDGE_CURVE('',#2325,#2063,#2768,.T.);
#2768 = SURFACE_CURVE('',#2769,(#2774,#2781),.PCURVE_S1.);
#2769 = CIRCLE('',#2770,29.95);
#2770 = AXIS2_PLACEMENT_3D('',#2771,#2772,#2773);
#2771 = CARTESIAN_POINT('',(0.,0.,-7.5));
#2772 = DIRECTION('',(0.,-0.,1.));
#2773 = DIRECTION('',(0.145584653165,0.989345798375,0.));
#2774 = PCURVE('',#2106,#2775);
#2775 = DEFINITIONAL_REPRESENTATION('',(#2776),#2780);
#2776 = LINE('',#2777,#2778);
#2777 = CARTESIAN_POINT('',(-0.,-0.));
#2778 = VECTOR('',#2779,1.);
#2779 = DIRECTION('',(-1.,-0.));
#2780 = ( GEOMETRIC_REPRESENTATION_CONTEXT(2) 
PARAMETRIC_REPRESENTATION_CONTEXT() REPRESENTATION_CONTEXT('2D SPACE',''
  ) );
#2781 = PCURVE('',#2078,#2782);
#2782 = DEFINITIONAL_REPRESENTATION('',(#2783),#2787);
#2783 = CIRCLE('',#2784,29.95);
#2784 = AXIS2_PLACEMENT_2D('',#2785,#2786);
#2785 = CARTESIAN_POINT('',(0.,0.));
#2786 = DIRECTION('',(1.,0.));
#2787 = ( GEOMETRIC_REPRESENTATION_CONTEXT(2) 
PARAMETRIC_REPRESENTATION_CONTEXT() REPRESENTATION_CONTEXT('2D SPACE',''
  ) );
#2788 = ORIENTED_EDGE('',*,*,#2090,.T.);
#2789 = ORIENTED_EDGE('',*,*,#2739,.F.);
#2790 = ORIENTED_EDGE('',*,*,#2347,.F.);
#2791 = ADVANCED_FACE('',(#2792),#2078,.F.);
#2792 = FACE_BOUND('',#2793,.F.);
#2793 = EDGE_LOOP('',(#2794,#2816,#2817,#2818));
#2794 = ORIENTED_EDGE('',*,*,#2795,.T.);
#2795 = EDGE_CURVE('',#2302,#2035,#2796,.T.);
#2796 = SURFACE_CURVE('',#2797,(#2802,#2809),.PCURVE_S1.);
#2797 = CIRCLE('',#2798,31.4);
#2798 = AXIS2_PLACEMENT_3D('',#2799,#2800,#2801);
#2799 = CARTESIAN_POINT('',(0.,0.,-7.5));
#2800 = DIRECTION('',(0.,-0.,1.));
#2801 = DIRECTION('',(0.145584653165,0.989345798375,0.));
#2802 = PCURVE('',#2078,#2803);
#2803 = DEFINITIONAL_REPRESENTATION('',(#2804),#2808);
#2804 = CIRCLE('',#2805,31.4);
#2805 = AXIS2_PLACEMENT_2D('',#2806,#2807);
#2806 = CARTESIAN_POINT('',(0.,0.));
#2807 = DIRECTION('',(1.,0.));
#2808 = ( GEOMETRIC_REPRESENTATION_CONTEXT(2) 
PARAMETRIC_REPRESENTATION_CONTEXT() REPRESENTATION_CONTEXT('2D SPACE',''
  ) );
#2809 = PCURVE('',#2050,#2810);
#2810 = DEFINITIONAL_REPRESENTATION('',(#2811),#2815);
#2811 = LINE('',#2812,#2813);
#2812 = CARTESIAN_POINT('',(-0.,0.3));
#2813 = VECTOR('',#2814,1.);
#2814 = DIRECTION('',(-1.,0.));
#2815 = ( GEOMETRIC_REPRESENTATION_CONTEXT(2) 
PARAMETRIC_REPRESENTATION_CONTEXT() REPRESENTATION_CONTEXT('2D SPACE',''
  ) );
#2816 = ORIENTED_EDGE('',*,*,#2062,.T.);
#2817 = ORIENTED_EDGE('',*,*,#2767,.F.);
#2818 = ORIENTED_EDGE('',*,*,#2324,.F.);
#2819 = ADVANCED_FACE('',(#2820),#2050,.T.);
#2820 = FACE_BOUND('',#2821,.F.);
#2821 = EDGE_LOOP('',(#2822,#2844,#2845,#2846));
#2822 = ORIENTED_EDGE('',*,*,#2823,.T.);
#2823 = EDGE_CURVE('',#2279,#2007,#2824,.T.);
#2824 = SURFACE_CURVE('',#2825,(#2830,#2837),.PCURVE_S1.);
#2825 = CIRCLE('',#2826,31.4);
#2826 = AXIS2_PLACEMENT_3D('',#2827,#2828,#2829);
#2827 = CARTESIAN_POINT('',(0.,0.,-7.2));
#2828 = DIRECTION('',(0.,-0.,1.));
#2829 = DIRECTION('',(0.145584653165,0.989345798375,0.));
#2830 = PCURVE('',#2050,#2831);
#2831 = DEFINITIONAL_REPRESENTATION('',(#2832),#2836);
#2832 = LINE('',#2833,#2834);
#2833 = CARTESIAN_POINT('',(-0.,0.));
#2834 = VECTOR('',#2835,1.);
#2835 = DIRECTION('',(-1.,0.));
#2836 = ( GEOMETRIC_REPRESENTATION_CONTEXT(2) 
PARAMETRIC_REPRESENTATION_CONTEXT() REPRESENTATION_CONTEXT('2D SPACE',''
  ) );
#2837 = PCURVE('',#2022,#2838);
#2838 = DEFINITIONAL_REPRESENTATION('',(#2839),#2843);
#2839 = LINE('',#2840,#2841);
#2840 = CARTESIAN_POINT('',(-0.,0.3));
#2841 = VECTOR('',#2842,1.);
#2842 = DIRECTION('',(-1.,0.));
#2843 = ( GEOMETRIC_REPRESENTATION_CONTEXT(2) 
PARAMETRIC_REPRESENTATION_CONTEXT() REPRESENTATION_CONTEXT('2D SPACE',''
  ) );
#2844 = ORIENTED_EDGE('',*,*,#2034,.T.);
#2845 = ORIENTED_EDGE('',*,*,#2795,.F.);
#2846 = ORIENTED_EDGE('',*,*,#2301,.F.);
#2847 = ADVANCED_FACE('',(#2848),#2022,.T.);
#2848 = FACE_BOUND('',#2849,.F.);
#2849 = EDGE_LOOP('',(#2850,#2851,#2852,#2853));
#2850 = ORIENTED_EDGE('',*,*,#2200,.T.);
#2851 = ORIENTED_EDGE('',*,*,#2006,.T.);
#2852 = ORIENTED_EDGE('',*,*,#2823,.F.);
#2853 = ORIENTED_EDGE('',*,*,#2278,.F.);
#2854 = ( GEOMETRIC_REPRESENTATION_CONTEXT(3) 
GLOBAL_UNCERTAINTY_ASSIGNED_CONTEXT((#2858)) 
GLOBAL_UNIT_ASSIGNED_CONTEXT((#2855,#2856,#2857)) REPRESENTATION_CONTEXT
('Context #1','3D Context with UNIT and UNCERTAINTY') );
#2855 = ( LENGTH_UNIT() NAMED_UNIT(*) SI_UNIT(.MILLI.,.METRE.) );
#2856 = ( NAMED_UNIT(*) PLANE_ANGLE_UNIT() SI_UNIT($,.RADIAN.) );
#2857 = ( NAMED_UNIT(*) SI_UNIT($,.STERADIAN.) SOLID_ANGLE_UNIT() );
#2858 = UNCERTAINTY_MEASURE_WITH_UNIT(LENGTH_MEASURE(1.E-07),#2855,
  'distance_accuracy_value','confusion accuracy');
#2859 = CONTEXT_DEPENDENT_SHAPE_REPRESENTATION(#2860,#2862);
#2860 = ( REPRESENTATION_RELATIONSHIP('','',#72,#10) 
REPRESENTATION_RELATIONSHIP_WITH_TRANSFORMATION(#2861) 
SHAPE_REPRESENTATION_RELATIONSHIP() );
#2861 = ITEM_DEFINED_TRANSFORMATION('','',#11,#15);
#2862 = PRODUCT_DEFINITION_SHAPE('Placement','Placement of an item',
  #2863);
#2863 = NEXT_ASSEMBLY_USAGE_OCCURRENCE('3','dock','',#5,#67,$);
#2864 = PRODUCT_RELATED_PRODUCT_CATEGORY('part',$,(#69));
#2865 = SHAPE_DEFINITION_REPRESENTATION(#2866,#2872);
#2866 = PRODUCT_DEFINITION_SHAPE('','',#2867);
#2867 = PRODUCT_DEFINITION('design','',#2868,#2871);
#2868 = PRODUCT_DEFINITION_FORMATION('','',#2869);
#2869 = PRODUCT('pod','pod','',(#2870));
#2870 = PRODUCT_CONTEXT('',#2,'mechanical');
#2871 = PRODUCT_DEFINITION_CONTEXT('part definition',#2,'design');
#2872 = ADVANCED_BREP_SHAPE_REPRESENTATION('',(#11,#2873),#6470);
#2873 = MANIFOLD_SOLID_BREP('',#2874);
#2874 = CLOSED_SHELL('',(#2875,#2993,#3183,#3376,#4911,#4936,#4962,#4987
    ,#5096,#5151,#5190,#5245,#5249,#5304,#5343,#5398,#5402,#5457,#5496,
    #5551,#5555,#5602,#5627,#5698,#5752,#5942,#6018,#6089,#6202,#6278,
    #6326,#6353,#6360,#6387,#6395,#6426,#6455));
#2875 = ADVANCED_FACE('',(#2876),#2891,.T.);
#2876 = FACE_BOUND('',#2877,.F.);
#2877 = EDGE_LOOP('',(#2878,#2914,#2940,#2969));
#2878 = ORIENTED_EDGE('',*,*,#2879,.F.);
#2879 = EDGE_CURVE('',#2880,#2882,#2884,.T.);
#2880 = VERTEX_POINT('',#2881);
#2881 = CARTESIAN_POINT('',(28.489998244998,6.4,-7.5));
#2882 = VERTEX_POINT('',#2883);
#2883 = CARTESIAN_POINT('',(28.489998244998,-6.4,-7.5));
#2884 = SURFACE_CURVE('',#2885,(#2890,#2902),.PCURVE_S1.);
#2885 = CIRCLE('',#2886,29.2);
#2886 = AXIS2_PLACEMENT_3D('',#2887,#2888,#2889);
#2887 = CARTESIAN_POINT('',(0.,0.,-7.5));
#2888 = DIRECTION('',(0.,0.,1.));
#2889 = DIRECTION('',(1.,0.,0.));
#2890 = PCURVE('',#2891,#2896);
#2891 = CYLINDRICAL_SURFACE('',#2892,29.2);
#2892 = AXIS2_PLACEMENT_3D('',#2893,#2894,#2895);
#2893 = CARTESIAN_POINT('',(0.,0.,-7.5));
#2894 = DIRECTION('',(-0.,-0.,-1.));
#2895 = DIRECTION('',(1.,0.,0.));
#2896 = DEFINITIONAL_REPRESENTATION('',(#2897),#2901);
#2897 = LINE('',#2898,#2899);
#2898 = CARTESIAN_POINT('',(-0.,0.));
#2899 = VECTOR('',#2900,1.);
#2900 = DIRECTION('',(-1.,0.));
#2901 = ( GEOMETRIC_REPRESENTATION_CONTEXT(2) 
PARAMETRIC_REPRESENTATION_CONTEXT() REPRESENTATION_CONTEXT('2D SPACE',''
  ) );
#2902 = PCURVE('',#2903,#2908);
#2903 = PLANE('',#2904);
#2904 = AXIS2_PLACEMENT_3D('',#2905,#2906,#2907);
#2905 = CARTESIAN_POINT('',(-1.49856452881E-15,1.805139506451E-15,-7.5)
  );
#2906 = DIRECTION('',(0.,0.,1.));
#2907 = DIRECTION('',(1.,0.,-0.));
#2908 = DEFINITIONAL_REPRESENTATION('',(#2909),#2913);
#2909 = CIRCLE('',#2910,29.2);
#2910 = AXIS2_PLACEMENT_2D('',#2911,#2912);
#2911 = CARTESIAN_POINT('',(1.49856452881E-15,-1.805139506451E-15));
#2912 = DIRECTION('',(1.,0.));
#2913 = ( GEOMETRIC_REPRESENTATION_CONTEXT(2) 
PARAMETRIC_REPRESENTATION_CONTEXT() REPRESENTATION_CONTEXT('2D SPACE',''
  ) );
#2914 = ORIENTED_EDGE('',*,*,#2915,.F.);
#2915 = EDGE_CURVE('',#2916,#2880,#2918,.T.);
#2916 = VERTEX_POINT('',#2917);
#2917 = CARTESIAN_POINT('',(28.489998244998,6.4,-6.298360655738));
#2918 = SURFACE_CURVE('',#2919,(#2923,#2929),.PCURVE_S1.);
#2919 = LINE('',#2920,#2921);
#2920 = CARTESIAN_POINT('',(28.489998244998,6.4,-7.5));
#2921 = VECTOR('',#2922,1.);
#2922 = DIRECTION('',(-0.,-0.,-1.));
#2923 = PCURVE('',#2891,#2924);
#2924 = DEFINITIONAL_REPRESENTATION('',(#2925),#2928);
#2925 = B_SPLINE_CURVE_WITH_KNOTS('',1,(#2926,#2927),.UNSPECIFIED.,.F.,
  .F.,(2,2),(-1.201639944262,5.999999999062E-07),
  .PIECEWISE_BEZIER_KNOTS.);
#2926 = CARTESIAN_POINT('',(-0.220971989781,-1.201639944262));
#2927 = CARTESIAN_POINT('',(-0.220971989781,5.999999999062E-07));
#2928 = ( GEOMETRIC_REPRESENTATION_CONTEXT(2) 
PARAMETRIC_REPRESENTATION_CONTEXT() REPRESENTATION_CONTEXT('2D SPACE',''
  ) );
#2929 = PCURVE('',#2930,#2935);
#2930 = PLANE('',#2931);
#2931 = AXIS2_PLACEMENT_3D('',#2932,#2933,#2934);
#2932 = CARTESIAN_POINT('',(33.8,6.4,-8.5));
#2933 = DIRECTION('',(0.,-1.,0.));
#2934 = DIRECTION('',(-1.,0.,0.));
#2935 = DEFINITIONAL_REPRESENTATION('',(#2936),#2939);
#2936 = B_SPLINE_CURVE_WITH_KNOTS('',1,(#2937,#2938),.UNSPECIFIED.,.F.,
  .F.,(2,2),(-1.201639944262,5.999999999062E-07),
  .PIECEWISE_BEZIER_KNOTS.);
#2937 = CARTESIAN_POINT('',(5.310001755002,-2.201639944262));
#2938 = CARTESIAN_POINT('',(5.310001755002,-0.9999994));
#2939 = ( GEOMETRIC_REPRESENTATION_CONTEXT(2) 
PARAMETRIC_REPRESENTATION_CONTEXT() REPRESENTATION_CONTEXT('2D SPACE',''
  ) );
#2940 = ORIENTED_EDGE('',*,*,#2941,.F.);
#2941 = EDGE_CURVE('',#2942,#2916,#2944,.T.);
#2942 = VERTEX_POINT('',#2943);
#2943 = CARTESIAN_POINT('',(28.489998244998,-6.4,-6.298360655738));
#2944 = SURFACE_CURVE('',#2945,(#2950,#2957),.PCURVE_S1.);
#2945 = CIRCLE('',#2946,29.2);
#2946 = AXIS2_PLACEMENT_3D('',#2947,#2948,#2949);
#2947 = CARTESIAN_POINT('',(0.,0.,-6.298360655738));
#2948 = DIRECTION('',(0.,-0.,-1.));
#2949 = DIRECTION('',(0.,1.,-0.));
#2950 = PCURVE('',#2891,#2951);
#2951 = DEFINITIONAL_REPRESENTATION('',(#2952),#2956);
#2952 = LINE('',#2953,#2954);
#2953 = CARTESIAN_POINT('',(-7.853981633974,-1.201639344262));
#2954 = VECTOR('',#2955,1.);
#2955 = DIRECTION('',(1.,-0.));
#2956 = ( GEOMETRIC_REPRESENTATION_CONTEXT(2) 
PARAMETRIC_REPRESENTATION_CONTEXT() REPRESENTATION_CONTEXT('2D SPACE',''
  ) );
#2957 = PCURVE('',#2958,#2963);
#2958 = CONICAL_SURFACE('',#2959,29.8,1.408307217578);
#2959 = AXIS2_PLACEMENT_3D('',#2960,#2961,#2962);
#2960 = CARTESIAN_POINT('',(0.,0.,-6.2));
#2961 = DIRECTION('',(0.,0.,1.));
#2962 = DIRECTION('',(1.,0.,0.));
#2963 = DEFINITIONAL_REPRESENTATION('',(#2964),#2968);
#2964 = LINE('',#2965,#2966);
#2965 = CARTESIAN_POINT('',(7.853981633974,-9.83606557377E-02));
#2966 = VECTOR('',#2967,1.);
#2967 = DIRECTION('',(-1.,-0.));
#2968 = ( GEOMETRIC_REPRESENTATION_CONTEXT(2) 
PARAMETRIC_REPRESENTATION_CONTEXT() REPRESENTATION_CONTEXT('2D SPACE',''
  ) );
#2969 = ORIENTED_EDGE('',*,*,#2970,.T.);
#2970 = EDGE_CURVE('',#2942,#2882,#2971,.T.);
#2971 = SURFACE_CURVE('',#2972,(#2976,#2982),.PCURVE_S1.);
#2972 = LINE('',#2973,#2974);
#2973 = CARTESIAN_POINT('',(28.489998244998,-6.4,-7.5));
#2974 = VECTOR('',#2975,1.);
#2975 = DIRECTION('',(-0.,-0.,-1.));
#2976 = PCURVE('',#2891,#2977);
#2977 = DEFINITIONAL_REPRESENTATION('',(#2978),#2981);
#2978 = B_SPLINE_CURVE_WITH_KNOTS('',1,(#2979,#2980),.UNSPECIFIED.,.F.,
  .F.,(2,2),(-1.201639944262,5.999999999062E-07),
  .PIECEWISE_BEZIER_KNOTS.);
#2979 = CARTESIAN_POINT('',(-6.062213317399,-1.201639944262));
#2980 = CARTESIAN_POINT('',(-6.062213317399,5.999999999062E-07));
#2981 = ( GEOMETRIC_REPRESENTATION_CONTEXT(2) 
PARAMETRIC_REPRESENTATION_CONTEXT() REPRESENTATION_CONTEXT('2D SPACE',''
  ) );
#2982 = PCURVE('',#2983,#2988);
#2983 = PLANE('',#2984);
#2984 = AXIS2_PLACEMENT_3D('',#2985,#2986,#2987);
#2985 = CARTESIAN_POINT('',(27.8,-6.4,-8.5));
#2986 = DIRECTION('',(0.,1.,0.));
#2987 = DIRECTION('',(1.,0.,0.));
#2988 = DEFINITIONAL_REPRESENTATION('',(#2989),#2992);
#2989 = B_SPLINE_CURVE_WITH_KNOTS('',1,(#2990,#2991),.UNSPECIFIED.,.F.,
  .F.,(2,2),(-1.201639944262,5.999999999062E-07),
  .PIECEWISE_BEZIER_KNOTS.);
#2990 = CARTESIAN_POINT('',(0.689998244998,-2.201639944262));
#2991 = CARTESIAN_POINT('',(0.689998244998,-0.9999994));
#2992 = ( GEOMETRIC_REPRESENTATION_CONTEXT(2) 
PARAMETRIC_REPRESENTATION_CONTEXT() REPRESENTATION_CONTEXT('2D SPACE',''
  ) );
#2993 = ADVANCED_FACE('',(#2994),#2930,.T.);
#2994 = FACE_BOUND('',#2995,.T.);
#2995 = EDGE_LOOP('',(#2996,#3024,#3052,#3080,#3099,#3100,#3127,#3153));
#2996 = ORIENTED_EDGE('',*,*,#2997,.F.);
#2997 = EDGE_CURVE('',#2998,#3000,#3002,.T.);
#2998 = VERTEX_POINT('',#2999);
#2999 = CARTESIAN_POINT('',(28.489998244998,6.4,-1.8));
#3000 = VERTEX_POINT('',#3001);
#3001 = CARTESIAN_POINT('',(28.489998244998,6.4,-5.308196721311));
#3002 = SURFACE_CURVE('',#3003,(#3007,#3013),.PCURVE_S1.);
#3003 = LINE('',#3004,#3005);
#3004 = CARTESIAN_POINT('',(28.489998244998,6.4,-7.5));
#3005 = VECTOR('',#3006,1.);
#3006 = DIRECTION('',(-0.,-0.,-1.));
#3007 = PCURVE('',#2930,#3008);
#3008 = DEFINITIONAL_REPRESENTATION('',(#3009),#3012);
#3009 = B_SPLINE_CURVE_WITH_KNOTS('',1,(#3010,#3011),.UNSPECIFIED.,.F.,
  .F.,(2,2),(-6.37,-2.191802678689),.PIECEWISE_BEZIER_KNOTS.);
#3010 = CARTESIAN_POINT('',(5.310001755002,-7.37));
#3011 = CARTESIAN_POINT('',(5.310001755002,-3.191802678689));
#3012 = ( GEOMETRIC_REPRESENTATION_CONTEXT(2) 
PARAMETRIC_REPRESENTATION_CONTEXT() REPRESENTATION_CONTEXT('2D SPACE',''
  ) );
#3013 = PCURVE('',#3014,#3019);
#3014 = CYLINDRICAL_SURFACE('',#3015,29.2);
#3015 = AXIS2_PLACEMENT_3D('',#3016,#3017,#3018);
#3016 = CARTESIAN_POINT('',(0.,0.,-7.5));
#3017 = DIRECTION('',(-0.,-0.,-1.));
#3018 = DIRECTION('',(1.,0.,0.));
#3019 = DEFINITIONAL_REPRESENTATION('',(#3020),#3023);
#3020 = B_SPLINE_CURVE_WITH_KNOTS('',1,(#3021,#3022),.UNSPECIFIED.,.F.,
  .F.,(2,2),(-6.37,-2.191802678689),.PIECEWISE_BEZIER_KNOTS.);
#3021 = CARTESIAN_POINT('',(-0.220971989781,-6.37));
#3022 = CARTESIAN_POINT('',(-0.220971989781,-2.191802678689));
#3023 = ( GEOMETRIC_REPRESENTATION_CONTEXT(2) 
PARAMETRIC_REPRESENTATION_CONTEXT() REPRESENTATION_CONTEXT('2D SPACE',''
  ) );
#3024 = ORIENTED_EDGE('',*,*,#3025,.T.);
#3025 = EDGE_CURVE('',#2998,#3026,#3028,.T.);
#3026 = VERTEX_POINT('',#3027);
#3027 = CARTESIAN_POINT('',(27.8,6.4,-1.8));
#3028 = SURFACE_CURVE('',#3029,(#3033,#3040),.PCURVE_S1.);
#3029 = LINE('',#3030,#3031);
#3030 = CARTESIAN_POINT('',(33.8,6.4,-1.8));
#3031 = VECTOR('',#3032,1.);
#3032 = DIRECTION('',(-1.,0.,0.));
#3033 = PCURVE('',#2930,#3034);
#3034 = DEFINITIONAL_REPRESENTATION('',(#3035),#3039);
#3035 = LINE('',#3036,#3037);
#3036 = CARTESIAN_POINT('',(0.,-6.7));
#3037 = VECTOR('',#3038,1.);
#3038 = DIRECTION('',(1.,0.));
#3039 = ( GEOMETRIC_REPRESENTATION_CONTEXT(2) 
PARAMETRIC_REPRESENTATION_CONTEXT() REPRESENTATION_CONTEXT('2D SPACE',''
  ) );
#3040 = PCURVE('',#3041,#3046);
#3041 = PLANE('',#3042);
#3042 = AXIS2_PLACEMENT_3D('',#3043,#3044,#3045);
#3043 = CARTESIAN_POINT('',(30.8,0.,-1.8));
#3044 = DIRECTION('',(0.,0.,1.));
#3045 = DIRECTION('',(1.,0.,-0.));
#3046 = DEFINITIONAL_REPRESENTATION('',(#3047),#3051);
#3047 = LINE('',#3048,#3049);
#3048 = CARTESIAN_POINT('',(3.,6.4));
#3049 = VECTOR('',#3050,1.);
#3050 = DIRECTION('',(-1.,0.));
#3051 = ( GEOMETRIC_REPRESENTATION_CONTEXT(2) 
PARAMETRIC_REPRESENTATION_CONTEXT() REPRESENTATION_CONTEXT('2D SPACE',''
  ) );
#3052 = ORIENTED_EDGE('',*,*,#3053,.F.);
#3053 = EDGE_CURVE('',#3054,#3026,#3056,.T.);
#3054 = VERTEX_POINT('',#3055);
#3055 = CARTESIAN_POINT('',(27.8,6.4,-7.5));
#3056 = SURFACE_CURVE('',#3057,(#3061,#3068),.PCURVE_S1.);
#3057 = LINE('',#3058,#3059);
#3058 = CARTESIAN_POINT('',(27.8,6.4,-8.5));
#3059 = VECTOR('',#3060,1.);
#3060 = DIRECTION('',(0.,0.,1.));
#3061 = PCURVE('',#2930,#3062);
#3062 = DEFINITIONAL_REPRESENTATION('',(#3063),#3067);
#3063 = LINE('',#3064,#3065);
#3064 = CARTESIAN_POINT('',(6.,0.));
#3065 = VECTOR('',#3066,1.);
#3066 = DIRECTION('',(0.,-1.));
#3067 = ( GEOMETRIC_REPRESENTATION_CONTEXT(2) 
PARAMETRIC_REPRESENTATION_CONTEXT() REPRESENTATION_CONTEXT('2D SPACE',''
  ) );
#3068 = PCURVE('',#3069,#3074);
#3069 = PLANE('',#3070);
#3070 = AXIS2_PLACEMENT_3D('',#3071,#3072,#3073);
#3071 = CARTESIAN_POINT('',(27.8,6.4,-8.5));
#3072 = DIRECTION('',(1.,0.,-0.));
#3073 = DIRECTION('',(0.,-1.,0.));
#3074 = DEFINITIONAL_REPRESENTATION('',(#3075),#3079);
#3075 = LINE('',#3076,#3077);
#3076 = CARTESIAN_POINT('',(0.,0.));
#3077 = VECTOR('',#3078,1.);
#3078 = DIRECTION('',(0.,-1.));
#3079 = ( GEOMETRIC_REPRESENTATION_CONTEXT(2) 
PARAMETRIC_REPRESENTATION_CONTEXT() REPRESENTATION_CONTEXT('2D SPACE',''
  ) );
#3080 = ORIENTED_EDGE('',*,*,#3081,.T.);
#3081 = EDGE_CURVE('',#3054,#2880,#3082,.T.);
#3082 = SURFACE_CURVE('',#3083,(#3087,#3093),.PCURVE_S1.);
#3083 = LINE('',#3084,#3085);
#3084 = CARTESIAN_POINT('',(16.9,6.4,-7.5));
#3085 = VECTOR('',#3086,1.);
#3086 = DIRECTION('',(1.,0.,-0.));
#3087 = PCURVE('',#2930,#3088);
#3088 = DEFINITIONAL_REPRESENTATION('',(#3089),#3092);
#3089 = B_SPLINE_CURVE_WITH_KNOTS('',1,(#3090,#3091),.UNSPECIFIED.,.F.,
  .F.,(2,2),(10.9,12.3),.PIECEWISE_BEZIER_KNOTS.);
#3090 = CARTESIAN_POINT('',(6.,-1.));
#3091 = CARTESIAN_POINT('',(4.6,-1.));
#3092 = ( GEOMETRIC_REPRESENTATION_CONTEXT(2) 
PARAMETRIC_REPRESENTATION_CONTEXT() REPRESENTATION_CONTEXT('2D SPACE',''
  ) );
#3093 = PCURVE('',#2903,#3094);
#3094 = DEFINITIONAL_REPRESENTATION('',(#3095),#3098);
#3095 = B_SPLINE_CURVE_WITH_KNOTS('',1,(#3096,#3097),.UNSPECIFIED.,.F.,
  .F.,(2,2),(10.9,12.3),.PIECEWISE_BEZIER_KNOTS.);
#3096 = CARTESIAN_POINT('',(27.8,6.4));
#3097 = CARTESIAN_POINT('',(29.2,6.4));
#3098 = ( GEOMETRIC_REPRESENTATION_CONTEXT(2) 
PARAMETRIC_REPRESENTATION_CONTEXT() REPRESENTATION_CONTEXT('2D SPACE',''
  ) );
#3099 = ORIENTED_EDGE('',*,*,#2915,.F.);
#3100 = ORIENTED_EDGE('',*,*,#3101,.F.);
#3101 = EDGE_CURVE('',#3102,#2916,#3104,.T.);
#3102 = VERTEX_POINT('',#3103);
#3103 = CARTESIAN_POINT('',(29.104638805524,6.4,-6.2));
#3104 = SURFACE_CURVE('',#3105,(#3110,#3117),.PCURVE_S1.);
#3105 = HYPERBOLA('',#3106,1.049180327869,6.4);
#3106 = AXIS2_PLACEMENT_3D('',#3107,#3108,#3109);
#3107 = CARTESIAN_POINT('',(0.,6.4,-11.08524590163));
#3108 = DIRECTION('',(0.,-1.,0.));
#3109 = DIRECTION('',(-0.,0.,1.));
#3110 = PCURVE('',#2930,#3111);
#3111 = DEFINITIONAL_REPRESENTATION('',(#3112),#3116);
#3112 = ( BOUNDED_CURVE() B_SPLINE_CURVE(2,(#3113,#3114,#3115),
.UNSPECIFIED.,.F.,.F.) B_SPLINE_CURVE_WITH_KNOTS((3,3),(-2.2196218545,
-2.198785827482),.PIECEWISE_BEZIER_KNOTS.) CURVE() 
GEOMETRIC_REPRESENTATION_ITEM() RATIONAL_B_SPLINE_CURVE((1.,
1.000054267994,1.)) REPRESENTATION_ITEM('') );
#3113 = CARTESIAN_POINT('',(4.695361194476,-2.3));
#3114 = CARTESIAN_POINT('',(5.005806765724,-2.250294827704));
#3115 = CARTESIAN_POINT('',(5.310001755002,-2.201639344262));
#3116 = ( GEOMETRIC_REPRESENTATION_CONTEXT(2) 
PARAMETRIC_REPRESENTATION_CONTEXT() REPRESENTATION_CONTEXT('2D SPACE',''
  ) );
#3117 = PCURVE('',#2958,#3118);
#3118 = DEFINITIONAL_REPRESENTATION('',(#3119),#3126);
#3119 = B_SPLINE_CURVE_WITH_KNOTS('',5,(#3120,#3121,#3122,#3123,#3124,
    #3125),.UNSPECIFIED.,.F.,.F.,(6,6),(-2.2196218545,-2.198785827482),
  .PIECEWISE_BEZIER_KNOTS.);
#3120 = CARTESIAN_POINT('',(0.216451311991,0.));
#3121 = CARTESIAN_POINT('',(0.217346282279,-1.988278821334E-02));
#3122 = CARTESIAN_POINT('',(0.218245805691,-3.965953238855E-02));
#3123 = CARTESIAN_POINT('',(0.219149911619,-5.933095185173E-02));
#3124 = CARTESIAN_POINT('',(0.220058629693,-7.889775825635E-02));
#3125 = CARTESIAN_POINT('',(0.220971989781,-9.83606557377E-02));
#3126 = ( GEOMETRIC_REPRESENTATION_CONTEXT(2) 
PARAMETRIC_REPRESENTATION_CONTEXT() REPRESENTATION_CONTEXT('2D SPACE',''
  ) );
#3127 = ORIENTED_EDGE('',*,*,#3128,.F.);
#3128 = EDGE_CURVE('',#3129,#3102,#3131,.T.);
#3129 = VERTEX_POINT('',#3130);
#3130 = CARTESIAN_POINT('',(29.104638805524,6.4,-5.8));
#3131 = SURFACE_CURVE('',#3132,(#3136,#3142),.PCURVE_S1.);
#3132 = LINE('',#3133,#3134);
#3133 = CARTESIAN_POINT('',(29.104638805524,6.4,-5.8));
#3134 = VECTOR('',#3135,1.);
#3135 = DIRECTION('',(-0.,-0.,-1.));
#3136 = PCURVE('',#2930,#3137);
#3137 = DEFINITIONAL_REPRESENTATION('',(#3138),#3141);
#3138 = B_SPLINE_CURVE_WITH_KNOTS('',1,(#3139,#3140),.UNSPECIFIED.,.F.,
  .F.,(2,2),(-5.999999999062E-07,0.4000006),.PIECEWISE_BEZIER_KNOTS.);
#3139 = CARTESIAN_POINT('',(4.695361194476,-2.7000006));
#3140 = CARTESIAN_POINT('',(4.695361194476,-2.2999994));
#3141 = ( GEOMETRIC_REPRESENTATION_CONTEXT(2) 
PARAMETRIC_REPRESENTATION_CONTEXT() REPRESENTATION_CONTEXT('2D SPACE',''
  ) );
#3142 = PCURVE('',#3143,#3148);
#3143 = CYLINDRICAL_SURFACE('',#3144,29.8);
#3144 = AXIS2_PLACEMENT_3D('',#3145,#3146,#3147);
#3145 = CARTESIAN_POINT('',(0.,0.,-5.8));
#3146 = DIRECTION('',(-0.,-0.,-1.));
#3147 = DIRECTION('',(1.,0.,0.));
#3148 = DEFINITIONAL_REPRESENTATION('',(#3149),#3152);
#3149 = B_SPLINE_CURVE_WITH_KNOTS('',1,(#3150,#3151),.UNSPECIFIED.,.F.,
  .F.,(2,2),(-5.999999999062E-07,0.4000006),.PIECEWISE_BEZIER_KNOTS.);
#3150 = CARTESIAN_POINT('',(-0.216451311991,-5.999999999062E-07));
#3151 = CARTESIAN_POINT('',(-0.216451311991,0.4000006));
#3152 = ( GEOMETRIC_REPRESENTATION_CONTEXT(2) 
PARAMETRIC_REPRESENTATION_CONTEXT() REPRESENTATION_CONTEXT('2D SPACE',''
  ) );
#3153 = ORIENTED_EDGE('',*,*,#3154,.F.);
#3154 = EDGE_CURVE('',#3000,#3129,#3155,.T.);
#3155 = SURFACE_CURVE('',#3156,(#3161,#3168),.PCURVE_S1.);
#3156 = HYPERBOLA('',#3157,5.245901639344,6.4);
#3157 = AXIS2_PLACEMENT_3D('',#3158,#3159,#3160);
#3158 = CARTESIAN_POINT('',(0.,6.4,18.626229508197));
#3159 = DIRECTION('',(0.,-1.,0.));
#3160 = DIRECTION('',(0.,-0.,-1.));
#3161 = PCURVE('',#2930,#3162);
#3162 = DEFINITIONAL_REPRESENTATION('',(#3163),#3167);
#3163 = ( BOUNDED_CURVE() B_SPLINE_CURVE(2,(#3164,#3165,#3166),
.UNSPECIFIED.,.F.,.F.) B_SPLINE_CURVE_WITH_KNOTS((3,3),(2.198785827482,
2.2196218545),.PIECEWISE_BEZIER_KNOTS.) CURVE() 
GEOMETRIC_REPRESENTATION_ITEM() RATIONAL_B_SPLINE_CURVE((1.,
1.000054267994,1.)) REPRESENTATION_ITEM('') );
#3164 = CARTESIAN_POINT('',(5.310001755002,-3.191803278689));
#3165 = CARTESIAN_POINT('',(5.005806765724,-2.94852586148));
#3166 = CARTESIAN_POINT('',(4.695361194476,-2.7));
#3167 = ( GEOMETRIC_REPRESENTATION_CONTEXT(2) 
PARAMETRIC_REPRESENTATION_CONTEXT() REPRESENTATION_CONTEXT('2D SPACE',''
  ) );
#3168 = PCURVE('',#3169,#3174);
#3169 = CONICAL_SURFACE('',#3170,29.19,0.884174755465);
#3170 = AXIS2_PLACEMENT_3D('',#3171,#3172,#3173);
#3171 = CARTESIAN_POINT('',(0.,0.,-5.3));
#3172 = DIRECTION('',(-0.,-0.,-1.));
#3173 = DIRECTION('',(1.,0.,0.));
#3174 = DEFINITIONAL_REPRESENTATION('',(#3175),#3182);
#3175 = B_SPLINE_CURVE_WITH_KNOTS('',5,(#3176,#3177,#3178,#3179,#3180,
    #3181),.UNSPECIFIED.,.F.,.F.,(6,6),(2.198785827482,2.2196218545),
  .PIECEWISE_BEZIER_KNOTS.);
#3176 = CARTESIAN_POINT('',(-0.220971989781,8.196721311473E-03));
#3177 = CARTESIAN_POINT('',(-0.220058629693,0.105511208718));
#3178 = CARTESIAN_POINT('',(-0.219149911619,0.203345240741));
#3179 = CARTESIAN_POINT('',(-0.218245805691,0.301702338057));
#3180 = CARTESIAN_POINT('',(-0.217346282279,0.400586058933));
#3181 = CARTESIAN_POINT('',(-0.216451311991,0.5));
#3182 = ( GEOMETRIC_REPRESENTATION_CONTEXT(2) 
PARAMETRIC_REPRESENTATION_CONTEXT() REPRESENTATION_CONTEXT('2D SPACE',''
  ) );
#3183 = ADVANCED_FACE('',(#3184),#3041,.F.);
#3184 = FACE_BOUND('',#3185,.F.);
#3185 = EDGE_LOOP('',(#3186,#3216,#3239,#3267,#3293,#3294,#3317,#3350));
#3186 = ORIENTED_EDGE('',*,*,#3187,.T.);
#3187 = EDGE_CURVE('',#3188,#3190,#3192,.T.);
#3188 = VERTEX_POINT('',#3189);
#3189 = CARTESIAN_POINT('',(27.8,-5.296225070746,-1.8));
#3190 = VERTEX_POINT('',#3191);
#3191 = CARTESIAN_POINT('',(27.8,-6.4,-1.8));
#3192 = SURFACE_CURVE('',#3193,(#3197,#3204),.PCURVE_S1.);
#3193 = LINE('',#3194,#3195);
#3194 = CARTESIAN_POINT('',(27.8,6.4,-1.8));
#3195 = VECTOR('',#3196,1.);
#3196 = DIRECTION('',(0.,-1.,0.));
#3197 = PCURVE('',#3041,#3198);
#3198 = DEFINITIONAL_REPRESENTATION('',(#3199),#3203);
#3199 = LINE('',#3200,#3201);
#3200 = CARTESIAN_POINT('',(-3.,6.4));
#3201 = VECTOR('',#3202,1.);
#3202 = DIRECTION('',(0.,-1.));
#3203 = ( GEOMETRIC_REPRESENTATION_CONTEXT(2) 
PARAMETRIC_REPRESENTATION_CONTEXT() REPRESENTATION_CONTEXT('2D SPACE',''
  ) );
#3204 = PCURVE('',#3205,#3210);
#3205 = PLANE('',#3206);
#3206 = AXIS2_PLACEMENT_3D('',#3207,#3208,#3209);
#3207 = CARTESIAN_POINT('',(27.8,6.4,-8.5));
#3208 = DIRECTION('',(1.,0.,-0.));
#3209 = DIRECTION('',(0.,-1.,0.));
#3210 = DEFINITIONAL_REPRESENTATION('',(#3211),#3215);
#3211 = LINE('',#3212,#3213);
#3212 = CARTESIAN_POINT('',(0.,-6.7));
#3213 = VECTOR('',#3214,1.);
#3214 = DIRECTION('',(1.,0.));
#3215 = ( GEOMETRIC_REPRESENTATION_CONTEXT(2) 
PARAMETRIC_REPRESENTATION_CONTEXT() REPRESENTATION_CONTEXT('2D SPACE',''
  ) );
#3216 = ORIENTED_EDGE('',*,*,#3217,.T.);
#3217 = EDGE_CURVE('',#3190,#3218,#3220,.T.);
#3218 = VERTEX_POINT('',#3219);
#3219 = CARTESIAN_POINT('',(28.489998244998,-6.4,-1.8));
#3220 = SURFACE_CURVE('',#3221,(#3225,#3232),.PCURVE_S1.);
#3221 = LINE('',#3222,#3223);
#3222 = CARTESIAN_POINT('',(27.8,-6.4,-1.8));
#3223 = VECTOR('',#3224,1.);
#3224 = DIRECTION('',(1.,0.,0.));
#3225 = PCURVE('',#3041,#3226);
#3226 = DEFINITIONAL_REPRESENTATION('',(#3227),#3231);
#3227 = LINE('',#3228,#3229);
#3228 = CARTESIAN_POINT('',(-3.,-6.4));
#3229 = VECTOR('',#3230,1.);
#3230 = DIRECTION('',(1.,0.));
#3231 = ( GEOMETRIC_REPRESENTATION_CONTEXT(2) 
PARAMETRIC_REPRESENTATION_CONTEXT() REPRESENTATION_CONTEXT('2D SPACE',''
  ) );
#3232 = PCURVE('',#2983,#3233);
#3233 = DEFINITIONAL_REPRESENTATION('',(#3234),#3238);
#3234 = LINE('',#3235,#3236);
#3235 = CARTESIAN_POINT('',(0.,-6.7));
#3236 = VECTOR('',#3237,1.);
#3237 = DIRECTION('',(1.,0.));
#3238 = ( GEOMETRIC_REPRESENTATION_CONTEXT(2) 
PARAMETRIC_REPRESENTATION_CONTEXT() REPRESENTATION_CONTEXT('2D SPACE',''
  ) );
#3239 = ORIENTED_EDGE('',*,*,#3240,.F.);
#3240 = EDGE_CURVE('',#3241,#3218,#3243,.T.);
#3241 = VERTEX_POINT('',#3242);
#3242 = CARTESIAN_POINT('',(29.2,0.,-1.8));
#3243 = SURFACE_CURVE('',#3244,(#3249,#3260),.PCURVE_S1.);
#3244 = CIRCLE('',#3245,29.2);
#3245 = AXIS2_PLACEMENT_3D('',#3246,#3247,#3248);
#3246 = CARTESIAN_POINT('',(0.,0.,-1.8));
#3247 = DIRECTION('',(0.,0.,-1.));
#3248 = DIRECTION('',(1.,0.,0.));
#3249 = PCURVE('',#3041,#3250);
#3250 = DEFINITIONAL_REPRESENTATION('',(#3251),#3259);
#3251 = ( BOUNDED_CURVE() B_SPLINE_CURVE(2,(#3252,#3253,#3254,#3255,
#3256,#3257,#3258),.UNSPECIFIED.,.T.,.F.) B_SPLINE_CURVE_WITH_KNOTS((1,2
    ,2,2,2,1),(-2.094395102393,0.,2.094395102393,4.188790204786,
6.28318530718,8.377580409573),.UNSPECIFIED.) CURVE() 
GEOMETRIC_REPRESENTATION_ITEM() RATIONAL_B_SPLINE_CURVE((1.,0.5,1.,0.5,
1.,0.5,1.)) REPRESENTATION_ITEM('') );
#3252 = CARTESIAN_POINT('',(-1.6,0.));
#3253 = CARTESIAN_POINT('',(-1.6,-50.57588358101));
#3254 = CARTESIAN_POINT('',(-45.4,-25.2879417905));
#3255 = CARTESIAN_POINT('',(-89.2,-7.151937307021E-15));
#3256 = CARTESIAN_POINT('',(-45.4,25.287941790506));
#3257 = CARTESIAN_POINT('',(-1.6,50.575883581011));
#3258 = CARTESIAN_POINT('',(-1.6,0.));
#3259 = ( GEOMETRIC_REPRESENTATION_CONTEXT(2) 
PARAMETRIC_REPRESENTATION_CONTEXT() REPRESENTATION_CONTEXT('2D SPACE',''
  ) );
#3260 = PCURVE('',#3014,#3261);
#3261 = DEFINITIONAL_REPRESENTATION('',(#3262),#3266);
#3262 = LINE('',#3263,#3264);
#3263 = CARTESIAN_POINT('',(-6.28318530718,-5.7));
#3264 = VECTOR('',#3265,1.);
#3265 = DIRECTION('',(1.,-0.));
#3266 = ( GEOMETRIC_REPRESENTATION_CONTEXT(2) 
PARAMETRIC_REPRESENTATION_CONTEXT() REPRESENTATION_CONTEXT('2D SPACE',''
  ) );
#3267 = ORIENTED_EDGE('',*,*,#3268,.F.);
#3268 = EDGE_CURVE('',#2998,#3241,#3269,.T.);
#3269 = SURFACE_CURVE('',#3270,(#3275,#3286),.PCURVE_S1.);
#3270 = CIRCLE('',#3271,29.2);
#3271 = AXIS2_PLACEMENT_3D('',#3272,#3273,#3274);
#3272 = CARTESIAN_POINT('',(0.,0.,-1.8));
#3273 = DIRECTION('',(0.,0.,-1.));
#3274 = DIRECTION('',(1.,0.,0.));
#3275 = PCURVE('',#3041,#3276);
#3276 = DEFINITIONAL_REPRESENTATION('',(#3277),#3285);
#3277 = ( BOUNDED_CURVE() B_SPLINE_CURVE(2,(#3278,#3279,#3280,#3281,
#3282,#3283,#3284),.UNSPECIFIED.,.T.,.F.) B_SPLINE_CURVE_WITH_KNOTS((1,2
    ,2,2,2,1),(-2.094395102393,0.,2.094395102393,4.188790204786,
6.28318530718,8.377580409573),.UNSPECIFIED.) CURVE() 
GEOMETRIC_REPRESENTATION_ITEM() RATIONAL_B_SPLINE_CURVE((1.,0.5,1.,0.5,
1.,0.5,1.)) REPRESENTATION_ITEM('') );
#3278 = CARTESIAN_POINT('',(-1.6,0.));
#3279 = CARTESIAN_POINT('',(-1.6,-50.57588358101));
#3280 = CARTESIAN_POINT('',(-45.4,-25.2879417905));
#3281 = CARTESIAN_POINT('',(-89.2,-7.151937307021E-15));
#3282 = CARTESIAN_POINT('',(-45.4,25.287941790506));
#3283 = CARTESIAN_POINT('',(-1.6,50.575883581011));
#3284 = CARTESIAN_POINT('',(-1.6,0.));
#3285 = ( GEOMETRIC_REPRESENTATION_CONTEXT(2) 
PARAMETRIC_REPRESENTATION_CONTEXT() REPRESENTATION_CONTEXT('2D SPACE',''
  ) );
#3286 = PCURVE('',#3014,#3287);
#3287 = DEFINITIONAL_REPRESENTATION('',(#3288),#3292);
#3288 = LINE('',#3289,#3290);
#3289 = CARTESIAN_POINT('',(-6.28318530718,-5.7));
#3290 = VECTOR('',#3291,1.);
#3291 = DIRECTION('',(1.,-0.));
#3292 = ( GEOMETRIC_REPRESENTATION_CONTEXT(2) 
PARAMETRIC_REPRESENTATION_CONTEXT() REPRESENTATION_CONTEXT('2D SPACE',''
  ) );
#3293 = ORIENTED_EDGE('',*,*,#3025,.T.);
#3294 = ORIENTED_EDGE('',*,*,#3295,.T.);
#3295 = EDGE_CURVE('',#3026,#3296,#3298,.T.);
#3296 = VERTEX_POINT('',#3297);
#3297 = CARTESIAN_POINT('',(27.8,5.296225070746,-1.8));
#3298 = SURFACE_CURVE('',#3299,(#3303,#3310),.PCURVE_S1.);
#3299 = LINE('',#3300,#3301);
#3300 = CARTESIAN_POINT('',(27.8,6.4,-1.8));
#3301 = VECTOR('',#3302,1.);
#3302 = DIRECTION('',(0.,-1.,0.));
#3303 = PCURVE('',#3041,#3304);
#3304 = DEFINITIONAL_REPRESENTATION('',(#3305),#3309);
#3305 = LINE('',#3306,#3307);
#3306 = CARTESIAN_POINT('',(-3.,6.4));
#3307 = VECTOR('',#3308,1.);
#3308 = DIRECTION('',(0.,-1.));
#3309 = ( GEOMETRIC_REPRESENTATION_CONTEXT(2) 
PARAMETRIC_REPRESENTATION_CONTEXT() REPRESENTATION_CONTEXT('2D SPACE',''
  ) );
#3310 = PCURVE('',#3069,#3311);
#3311 = DEFINITIONAL_REPRESENTATION('',(#3312),#3316);
#3312 = LINE('',#3313,#3314);
#3313 = CARTESIAN_POINT('',(0.,-6.7));
#3314 = VECTOR('',#3315,1.);
#3315 = DIRECTION('',(1.,0.));
#3316 = ( GEOMETRIC_REPRESENTATION_CONTEXT(2) 
PARAMETRIC_REPRESENTATION_CONTEXT() REPRESENTATION_CONTEXT('2D SPACE',''
  ) );
#3317 = ORIENTED_EDGE('',*,*,#3318,.T.);
#3318 = EDGE_CURVE('',#3296,#3319,#3321,.T.);
#3319 = VERTEX_POINT('',#3320);
#3320 = CARTESIAN_POINT('',(28.3,0.,-1.8));
#3321 = SURFACE_CURVE('',#3322,(#3327,#3338),.PCURVE_S1.);
#3322 = CIRCLE('',#3323,28.3);
#3323 = AXIS2_PLACEMENT_3D('',#3324,#3325,#3326);
#3324 = CARTESIAN_POINT('',(0.,0.,-1.8));
#3325 = DIRECTION('',(0.,0.,-1.));
#3326 = DIRECTION('',(1.,0.,0.));
#3327 = PCURVE('',#3041,#3328);
#3328 = DEFINITIONAL_REPRESENTATION('',(#3329),#3337);
#3329 = ( BOUNDED_CURVE() B_SPLINE_CURVE(2,(#3330,#3331,#3332,#3333,
#3334,#3335,#3336),.UNSPECIFIED.,.T.,.F.) B_SPLINE_CURVE_WITH_KNOTS((1,2
    ,2,2,2,1),(-2.094395102393,0.,2.094395102393,4.188790204786,
6.28318530718,8.377580409573),.UNSPECIFIED.) CURVE() 
GEOMETRIC_REPRESENTATION_ITEM() RATIONAL_B_SPLINE_CURVE((1.,0.5,1.,0.5,
1.,0.5,1.)) REPRESENTATION_ITEM('') );
#3330 = CARTESIAN_POINT('',(-2.5,0.));
#3331 = CARTESIAN_POINT('',(-2.5,-49.01703785419));
#3332 = CARTESIAN_POINT('',(-44.95,-24.5085189271));
#3333 = CARTESIAN_POINT('',(-87.4,-6.931500883174E-15));
#3334 = CARTESIAN_POINT('',(-44.95,24.5085189271));
#3335 = CARTESIAN_POINT('',(-2.5,49.017037854199));
#3336 = CARTESIAN_POINT('',(-2.5,0.));
#3337 = ( GEOMETRIC_REPRESENTATION_CONTEXT(2) 
PARAMETRIC_REPRESENTATION_CONTEXT() REPRESENTATION_CONTEXT('2D SPACE',''
  ) );
#3338 = PCURVE('',#3339,#3344);
#3339 = CYLINDRICAL_SURFACE('',#3340,28.3);
#3340 = AXIS2_PLACEMENT_3D('',#3341,#3342,#3343);
#3341 = CARTESIAN_POINT('',(0.,0.,-8.5));
#3342 = DIRECTION('',(-0.,-0.,-1.));
#3343 = DIRECTION('',(1.,0.,0.));
#3344 = DEFINITIONAL_REPRESENTATION('',(#3345),#3349);
#3345 = LINE('',#3346,#3347);
#3346 = CARTESIAN_POINT('',(-6.28318530718,-6.7));
#3347 = VECTOR('',#3348,1.);
#3348 = DIRECTION('',(1.,-0.));
#3349 = ( GEOMETRIC_REPRESENTATION_CONTEXT(2) 
PARAMETRIC_REPRESENTATION_CONTEXT() REPRESENTATION_CONTEXT('2D SPACE',''
  ) );
#3350 = ORIENTED_EDGE('',*,*,#3351,.T.);
#3351 = EDGE_CURVE('',#3319,#3188,#3352,.T.);
#3352 = SURFACE_CURVE('',#3353,(#3358,#3369),.PCURVE_S1.);
#3353 = CIRCLE('',#3354,28.3);
#3354 = AXIS2_PLACEMENT_3D('',#3355,#3356,#3357);
#3355 = CARTESIAN_POINT('',(0.,0.,-1.8));
#3356 = DIRECTION('',(0.,0.,-1.));
#3357 = DIRECTION('',(1.,0.,0.));
#3358 = PCURVE('',#3041,#3359);
#3359 = DEFINITIONAL_REPRESENTATION('',(#3360),#3368);
#3360 = ( BOUNDED_CURVE() B_SPLINE_CURVE(2,(#3361,#3362,#3363,#3364,
#3365,#3366,#3367),.UNSPECIFIED.,.T.,.F.) B_SPLINE_CURVE_WITH_KNOTS((1,2
    ,2,2,2,1),(-2.094395102393,0.,2.094395102393,4.188790204786,
6.28318530718,8.377580409573),.UNSPECIFIED.) CURVE() 
GEOMETRIC_REPRESENTATION_ITEM() RATIONAL_B_SPLINE_CURVE((1.,0.5,1.,0.5,
1.,0.5,1.)) REPRESENTATION_ITEM('') );
#3361 = CARTESIAN_POINT('',(-2.5,0.));
#3362 = CARTESIAN_POINT('',(-2.5,-49.01703785419));
#3363 = CARTESIAN_POINT('',(-44.95,-24.5085189271));
#3364 = CARTESIAN_POINT('',(-87.4,-6.931500883174E-15));
#3365 = CARTESIAN_POINT('',(-44.95,24.5085189271));
#3366 = CARTESIAN_POINT('',(-2.5,49.017037854199));
#3367 = CARTESIAN_POINT('',(-2.5,0.));
#3368 = ( GEOMETRIC_REPRESENTATION_CONTEXT(2) 
PARAMETRIC_REPRESENTATION_CONTEXT() REPRESENTATION_CONTEXT('2D SPACE',''
  ) );
#3369 = PCURVE('',#3339,#3370);
#3370 = DEFINITIONAL_REPRESENTATION('',(#3371),#3375);
#3371 = LINE('',#3372,#3373);
#3372 = CARTESIAN_POINT('',(-6.28318530718,-6.7));
#3373 = VECTOR('',#3374,1.);
#3374 = DIRECTION('',(1.,-0.));
#3375 = ( GEOMETRIC_REPRESENTATION_CONTEXT(2) 
PARAMETRIC_REPRESENTATION_CONTEXT() REPRESENTATION_CONTEXT('2D SPACE',''
  ) );
#3376 = ADVANCED_FACE('',(#3377),#3339,.F.);
#3377 = FACE_BOUND('',#3378,.T.);
#3378 = EDGE_LOOP('',(#3379,#3380,#3403,#3430,#3431,#3432,#3453,#3481,
    #3924,#3952,#4337,#4365,#4864,#4892));
#3379 = ORIENTED_EDGE('',*,*,#3318,.T.);
#3380 = ORIENTED_EDGE('',*,*,#3381,.T.);
#3381 = EDGE_CURVE('',#3319,#3382,#3384,.T.);
#3382 = VERTEX_POINT('',#3383);
#3383 = CARTESIAN_POINT('',(28.3,0.,-0.8));
#3384 = SEAM_CURVE('',#3385,(#3389,#3396),.PCURVE_S1.);
#3385 = LINE('',#3386,#3387);
#3386 = CARTESIAN_POINT('',(28.3,0.,-8.5));
#3387 = VECTOR('',#3388,1.);
#3388 = DIRECTION('',(0.,0.,1.));
#3389 = PCURVE('',#3339,#3390);
#3390 = DEFINITIONAL_REPRESENTATION('',(#3391),#3395);
#3391 = LINE('',#3392,#3393);
#3392 = CARTESIAN_POINT('',(-0.,0.));
#3393 = VECTOR('',#3394,1.);
#3394 = DIRECTION('',(-0.,-1.));
#3395 = ( GEOMETRIC_REPRESENTATION_CONTEXT(2) 
PARAMETRIC_REPRESENTATION_CONTEXT() REPRESENTATION_CONTEXT('2D SPACE',''
  ) );
#3396 = PCURVE('',#3339,#3397);
#3397 = DEFINITIONAL_REPRESENTATION('',(#3398),#3402);
#3398 = LINE('',#3399,#3400);
#3399 = CARTESIAN_POINT('',(-6.28318530718,0.));
#3400 = VECTOR('',#3401,1.);
#3401 = DIRECTION('',(-0.,-1.));
#3402 = ( GEOMETRIC_REPRESENTATION_CONTEXT(2) 
PARAMETRIC_REPRESENTATION_CONTEXT() REPRESENTATION_CONTEXT('2D SPACE',''
  ) );
#3403 = ORIENTED_EDGE('',*,*,#3404,.T.);
#3404 = EDGE_CURVE('',#3382,#3382,#3405,.T.);
#3405 = SURFACE_CURVE('',#3406,(#3411,#3418),.PCURVE_S1.);
#3406 = CIRCLE('',#3407,28.3);
#3407 = AXIS2_PLACEMENT_3D('',#3408,#3409,#3410);
#3408 = CARTESIAN_POINT('',(0.,0.,-0.8));
#3409 = DIRECTION('',(0.,0.,1.));
#3410 = DIRECTION('',(1.,0.,0.));
#3411 = PCURVE('',#3339,#3412);
#3412 = DEFINITIONAL_REPRESENTATION('',(#3413),#3417);
#3413 = LINE('',#3414,#3415);
#3414 = CARTESIAN_POINT('',(-0.,-7.7));
#3415 = VECTOR('',#3416,1.);
#3416 = DIRECTION('',(-1.,0.));
#3417 = ( GEOMETRIC_REPRESENTATION_CONTEXT(2) 
PARAMETRIC_REPRESENTATION_CONTEXT() REPRESENTATION_CONTEXT('2D SPACE',''
  ) );
#3418 = PCURVE('',#3419,#3424);
#3419 = PLANE('',#3420);
#3420 = AXIS2_PLACEMENT_3D('',#3421,#3422,#3423);
#3421 = CARTESIAN_POINT('',(-7.731110289976E-16,3.909719107994E-16,-0.8)
  );
#3422 = DIRECTION('',(0.,0.,1.));
#3423 = DIRECTION('',(1.,0.,-0.));
#3424 = DEFINITIONAL_REPRESENTATION('',(#3425),#3429);
#3425 = CIRCLE('',#3426,28.3);
#3426 = AXIS2_PLACEMENT_2D('',#3427,#3428);
#3427 = CARTESIAN_POINT('',(7.731110289976E-16,-3.909719107994E-16));
#3428 = DIRECTION('',(1.,0.));
#3429 = ( GEOMETRIC_REPRESENTATION_CONTEXT(2) 
PARAMETRIC_REPRESENTATION_CONTEXT() REPRESENTATION_CONTEXT('2D SPACE',''
  ) );
#3430 = ORIENTED_EDGE('',*,*,#3381,.F.);
#3431 = ORIENTED_EDGE('',*,*,#3351,.T.);
#3432 = ORIENTED_EDGE('',*,*,#3433,.T.);
#3433 = EDGE_CURVE('',#3188,#3434,#3436,.T.);
#3434 = VERTEX_POINT('',#3435);
#3435 = CARTESIAN_POINT('',(27.8,-5.296225070746,-7.5));
#3436 = SURFACE_CURVE('',#3437,(#3441,#3447),.PCURVE_S1.);
#3437 = LINE('',#3438,#3439);
#3438 = CARTESIAN_POINT('',(27.8,-5.296225070746,-8.5));
#3439 = VECTOR('',#3440,1.);
#3440 = DIRECTION('',(-0.,-0.,-1.));
#3441 = PCURVE('',#3339,#3442);
#3442 = DEFINITIONAL_REPRESENTATION('',(#3443),#3446);
#3443 = B_SPLINE_CURVE_WITH_KNOTS('',1,(#3444,#3445),.UNSPECIFIED.,.F.,
  .F.,(2,2),(-7.37,-0.9999994),.PIECEWISE_BEZIER_KNOTS.);
#3444 = CARTESIAN_POINT('',(-6.094929542366,-7.37));
#3445 = CARTESIAN_POINT('',(-6.094929542366,-0.9999994));
#3446 = ( GEOMETRIC_REPRESENTATION_CONTEXT(2) 
PARAMETRIC_REPRESENTATION_CONTEXT() REPRESENTATION_CONTEXT('2D SPACE',''
  ) );
#3447 = PCURVE('',#3205,#3448);
#3448 = DEFINITIONAL_REPRESENTATION('',(#3449),#3452);
#3449 = B_SPLINE_CURVE_WITH_KNOTS('',1,(#3450,#3451),.UNSPECIFIED.,.F.,
  .F.,(2,2),(-7.37,-0.9999994),.PIECEWISE_BEZIER_KNOTS.);
#3450 = CARTESIAN_POINT('',(11.696225070746,-7.37));
#3451 = CARTESIAN_POINT('',(11.696225070746,-0.9999994));
#3452 = ( GEOMETRIC_REPRESENTATION_CONTEXT(2) 
PARAMETRIC_REPRESENTATION_CONTEXT() REPRESENTATION_CONTEXT('2D SPACE',''
  ) );
#3453 = ORIENTED_EDGE('',*,*,#3454,.T.);
#3454 = EDGE_CURVE('',#3434,#3455,#3457,.T.);
#3455 = VERTEX_POINT('',#3456);
#3456 = CARTESIAN_POINT('',(14.279934005945,-24.43304084198,-7.5));
#3457 = SURFACE_CURVE('',#3458,(#3463,#3470),.PCURVE_S1.);
#3458 = CIRCLE('',#3459,28.3);
#3459 = AXIS2_PLACEMENT_3D('',#3460,#3461,#3462);
#3460 = CARTESIAN_POINT('',(0.,0.,-7.5));
#3461 = DIRECTION('',(0.,0.,-1.));
#3462 = DIRECTION('',(1.,0.,0.));
#3463 = PCURVE('',#3339,#3464);
#3464 = DEFINITIONAL_REPRESENTATION('',(#3465),#3469);
#3465 = LINE('',#3466,#3467);
#3466 = CARTESIAN_POINT('',(-6.28318530718,-1.));
#3467 = VECTOR('',#3468,1.);
#3468 = DIRECTION('',(1.,-0.));
#3469 = ( GEOMETRIC_REPRESENTATION_CONTEXT(2) 
PARAMETRIC_REPRESENTATION_CONTEXT() REPRESENTATION_CONTEXT('2D SPACE',''
  ) );
#3470 = PCURVE('',#2903,#3471);
#3471 = DEFINITIONAL_REPRESENTATION('',(#3472),#3480);
#3472 = ( BOUNDED_CURVE() B_SPLINE_CURVE(2,(#3473,#3474,#3475,#3476,
#3477,#3478,#3479),.UNSPECIFIED.,.T.,.F.) B_SPLINE_CURVE_WITH_KNOTS((1,2
    ,2,2,2,1),(-2.094395102393,0.,2.094395102393,4.188790204786,
6.28318530718,8.377580409573),.UNSPECIFIED.) CURVE() 
GEOMETRIC_REPRESENTATION_ITEM() RATIONAL_B_SPLINE_CURVE((1.,0.5,1.,0.5,
1.,0.5,1.)) REPRESENTATION_ITEM('') );
#3473 = CARTESIAN_POINT('',(28.3,-1.805139506451E-15));
#3474 = CARTESIAN_POINT('',(28.3,-49.01703785419));
#3475 = CARTESIAN_POINT('',(-14.15,-24.5085189271));
#3476 = CARTESIAN_POINT('',(-56.6,-8.736640389625E-15));
#3477 = CARTESIAN_POINT('',(-14.15,24.5085189271));
#3478 = CARTESIAN_POINT('',(28.3,49.017037854199));
#3479 = CARTESIAN_POINT('',(28.3,-1.805139506451E-15));
#3480 = ( GEOMETRIC_REPRESENTATION_CONTEXT(2) 
PARAMETRIC_REPRESENTATION_CONTEXT() REPRESENTATION_CONTEXT('2D SPACE',''
  ) );
#3481 = ORIENTED_EDGE('',*,*,#3482,.T.);
#3482 = EDGE_CURVE('',#3455,#3483,#3485,.T.);
#3483 = VERTEX_POINT('',#3484);
#3484 = CARTESIAN_POINT('',(14.019667057885,-24.5833060345,-7.5));
#3485 = SURFACE_CURVE('',#3486,(#3597,#3758),.PCURVE_S1.);
#3486 = B_SPLINE_CURVE_WITH_KNOTS('',7,(#3487,#3488,#3489,#3490,#3491,
    #3492,#3493,#3494,#3495,#3496,#3497,#3498,#3499,#3500,#3501,#3502,
    #3503,#3504,#3505,#3506,#3507,#3508,#3509,#3510,#3511,#3512,#3513,
    #3514,#3515,#3516,#3517,#3518,#3519,#3520,#3521,#3522,#3523,#3524,
    #3525,#3526,#3527,#3528,#3529,#3530,#3531,#3532,#3533,#3534,#3535,
    #3536,#3537,#3538,#3539,#3540,#3541,#3542,#3543,#3544,#3545,#3546,
    #3547,#3548,#3549,#3550,#3551,#3552,#3553,#3554,#3555,#3556,#3557,
    #3558,#3559,#3560,#3561,#3562,#3563,#3564,#3565,#3566,#3567,#3568,
    #3569,#3570,#3571,#3572,#3573,#3574,#3575,#3576,#3577,#3578,#3579,
    #3580,#3581,#3582,#3583,#3584,#3585,#3586,#3587,#3588,#3589,#3590,
    #3591,#3592,#3593,#3594,#3595,#3596),.UNSPECIFIED.,.F.,.F.,(8,6,6,6,
    6,6,6,6,6,6,6,6,6,6,6,6,6,6,8),(0.,0.999944047301,3.966988670901,
    5.900962808275,12.719960076985,21.97820539705,24.95777335099,
    29.510714970453,37.655681334801,45.137285938032,46.595791367997,
    48.852277753103,51.094080806212,52.532645923943,54.518854068731,
    61.958384727721,68.894771397025,70.861374511937,74.692599830391),
  .UNSPECIFIED.);
#3487 = CARTESIAN_POINT('',(14.279934005944,-24.43304084198,-7.5));
#3488 = CARTESIAN_POINT('',(14.282583740232,-24.43149220008,
    -7.498468168316));
#3489 = CARTESIAN_POINT('',(14.285261153256,-24.42992693174,
    -7.496874621613));
#3490 = CARTESIAN_POINT('',(14.28796321269,-24.42834679165,
    -7.495218341128));
#3491 = CARTESIAN_POINT('',(14.29068670742,-24.42675364246,
    -7.493498599863));
#3492 = CARTESIAN_POINT('',(14.293428247548,-24.42514945482,
    -7.491714962581));
#3493 = CARTESIAN_POINT('',(14.29618426439,-24.42353630737,
    -7.489867285808));
#3494 = CARTESIAN_POINT('',(14.30716052892,-24.41710974091,
    -7.482283692969));
#3495 = CARTESIAN_POINT('',(14.315463287547,-24.41224418099,
    -7.476050279761));
#3496 = CARTESIAN_POINT('',(14.323763661471,-24.4073755091,
    -7.469259570831));
#3497 = CARTESIAN_POINT('',(14.331969093036,-24.40255804891,
    -7.461933334341));
#3498 = CARTESIAN_POINT('',(14.340000937278,-24.39783824986,
    -7.454106028388));
#3499 = CARTESIAN_POINT('',(14.347798736971,-24.39325209006,
    -7.445817437718));
#3500 = CARTESIAN_POINT('',(14.360219073438,-24.38594145212,
    -7.431422658503));
#3501 = CARTESIAN_POINT('',(14.365002219519,-24.38312453425,
    -7.425561020667));
#3502 = CARTESIAN_POINT('',(14.369655365542,-24.3803827213,
    -7.419527400859));
#3503 = CARTESIAN_POINT('',(14.374168496315,-24.37772205889,
    -7.413331461149));
#3504 = CARTESIAN_POINT('',(14.378533371851,-24.37514755751,
    -7.406982762752));
#3505 = CARTESIAN_POINT('',(14.382743317845,-24.37266330889,
    -7.400490384716));
#3506 = CARTESIAN_POINT('',(14.401071842856,-24.36184321262,
    -7.370493441469));
#3507 = CARTESIAN_POINT('',(14.413343821728,-24.35458538789,
    -7.345464200917));
#3508 = CARTESIAN_POINT('',(14.423402371882,-24.34862771677,
    -7.319108782209));
#3509 = CARTESIAN_POINT('',(14.43112645687,-24.34404807646,
    -7.291784287873));
#3510 = CARTESIAN_POINT('',(14.436464507393,-24.34088141102,
    -7.263824920859));
#3511 = CARTESIAN_POINT('',(14.439400408368,-24.33913959474,
    -7.235522474336));
#3512 = CARTESIAN_POINT('',(14.440626744499,-24.33841202503,
    -7.168581886338));
#3513 = CARTESIAN_POINT('',(14.436874433821,-24.34063821114,
    -7.130182058299));
#3514 = CARTESIAN_POINT('',(14.428760326497,-24.34545279005,
    -7.092375579864));
#3515 = CARTESIAN_POINT('',(14.416260276208,-24.35286423095,
    -7.055803702047));
#3516 = CARTESIAN_POINT('',(14.399459289902,-24.36280897238,
    -7.021391890548));
#3517 = CARTESIAN_POINT('',(14.378857950619,-24.37497039753,
    -6.990214123049));
#3518 = CARTESIAN_POINT('',(14.347915074498,-24.39318366749,
    -6.954306287603));
#3519 = CARTESIAN_POINT('',(14.340100788589,-24.39777957343,
    -6.94599131801));
#3520 = CARTESIAN_POINT('',(14.332050698856,-24.40251013745,
    -6.938139550849));
#3521 = CARTESIAN_POINT('',(14.323825581885,-24.40733918891,
    -6.930791100654));
#3522 = CARTESIAN_POINT('',(14.315504593818,-24.41221997478,
    -6.923980735378));
#3523 = CARTESIAN_POINT('',(14.307180961361,-24.41709777778,
    -6.917730423974));
#3524 = CARTESIAN_POINT('',(14.286375198651,-24.42927948281,
    -6.903355548747));
#3525 = CARTESIAN_POINT('',(14.274003058184,-24.43651319083,
    -6.895973491167));
#3526 = CARTESIAN_POINT('',(14.262250685727,-24.44337444717,
    -6.889971265985));
#3527 = CARTESIAN_POINT('',(14.251382516561,-24.44971119974,
    -6.885157200907));
#3528 = CARTESIAN_POINT('',(14.241411531735,-24.45551857357,
    -6.881281054957));
#3529 = CARTESIAN_POINT('',(14.232288562851,-24.46082696552,
    -6.878152641717));
#3530 = CARTESIAN_POINT('',(14.208965365243,-24.47438666679,
    -6.871072177267));
#3531 = CARTESIAN_POINT('',(14.196395033142,-24.48168056257,
    -6.868404455809));
#3532 = CARTESIAN_POINT('',(14.18536846112,-24.48807087331,
    -6.86663091472));
#3533 = CARTESIAN_POINT('',(14.17530915147,-24.49389425692,
    -6.865495892737));
#3534 = CARTESIAN_POINT('',(14.165850254321,-24.4993647561,
    -6.864809463763));
#3535 = CARTESIAN_POINT('',(14.15666341357,-24.504672946,-6.864506610164
    ));
#3536 = CARTESIAN_POINT('',(14.138829353629,-24.51496689177,
    -6.864692546277));
#3537 = CARTESIAN_POINT('',(14.130262078548,-24.51990735783,
    -6.8651184516));
#3538 = CARTESIAN_POINT('',(14.121373848786,-24.52502839795,
    -6.865890750077));
#3539 = CARTESIAN_POINT('',(14.111890384042,-24.53048734663,
    -6.867080011812));
#3540 = CARTESIAN_POINT('',(14.101503586728,-24.53646011798,
    -6.868848387877));
#3541 = CARTESIAN_POINT('',(14.089738189089,-24.54321760783,
    -6.871441172866));
#3542 = CARTESIAN_POINT('',(14.073256318675,-24.55266719107,
    -6.876427332651));
#3543 = CARTESIAN_POINT('',(14.070492386281,-24.55425138527,
    -6.877300242949));
#3544 = CARTESIAN_POINT('',(14.067649699078,-24.55588023012,
    -6.878237781718));
#3545 = CARTESIAN_POINT('',(14.064724835638,-24.55755563542,
    -6.879245665541));
#3546 = CARTESIAN_POINT('',(14.061714934778,-24.5592791844,
    -6.880330058149));
#3547 = CARTESIAN_POINT('',(14.058617973198,-24.56105197561,
    -6.881497470136));
#3548 = CARTESIAN_POINT('',(14.050505566564,-24.56569407841,
    -6.884699683163));
#3549 = CARTESIAN_POINT('',(14.045366290025,-24.56863335631,
    -6.886860264361));
#3550 = CARTESIAN_POINT('',(14.040013652658,-24.57169296186,
    -6.889260019389));
#3551 = CARTESIAN_POINT('',(14.034453111842,-24.57486951046,
    -6.891924666631));
#3552 = CARTESIAN_POINT('',(14.028699161713,-24.57815445714,
    -6.894878067816));
#3553 = CARTESIAN_POINT('',(14.022777351698,-24.58153298437,
    -6.898138270113));
#3554 = CARTESIAN_POINT('',(14.010714633537,-24.58841034604,
    -6.905265561405));
#3555 = CARTESIAN_POINT('',(14.004573102485,-24.59190956907,
    -6.909129586644));
#3556 = CARTESIAN_POINT('',(13.998338801222,-24.5954592302,
    -6.913314129956));
#3557 = CARTESIAN_POINT('',(13.992052393838,-24.59903605757,
    -6.917820922256));
#3558 = CARTESIAN_POINT('',(13.985755533226,-24.60261630839,
    -6.922645436105));
#3559 = CARTESIAN_POINT('',(13.979488275135,-24.60617724124,
    -6.927777402445));
#3560 = CARTESIAN_POINT('',(13.969306807871,-24.61195823683,
    -6.936681860203));
#3561 = CARTESIAN_POINT('',(13.965353438272,-24.61420195109,
    -6.940283232156));
#3562 = CARTESIAN_POINT('',(13.961435247013,-24.61642472234,
    -6.944002133333));
#3563 = CARTESIAN_POINT('',(13.957560249447,-24.61862203658,
    -6.947834803715));
#3564 = CARTESIAN_POINT('',(13.953735590897,-24.62078988415,
    -6.951777234725));
#3565 = CARTESIAN_POINT('',(13.949967524843,-24.62292476934,
    -6.955825370814));
#3566 = CARTESIAN_POINT('',(13.941144380495,-24.62792171386,
    -6.965705079542));
#3567 = CARTESIAN_POINT('',(13.936145756615,-24.63075102139,
    -6.971628559463));
#3568 = CARTESIAN_POINT('',(13.931279383531,-24.6335039287,
    -6.977735697146));
#3569 = CARTESIAN_POINT('',(13.926556840866,-24.6361740359,
    -6.984016056953));
#3570 = CARTESIAN_POINT('',(13.921987655256,-24.63875611788,
    -6.990459280006));
#3571 = CARTESIAN_POINT('',(13.917579531805,-24.64124598502,
    -6.997055542926));
#3572 = CARTESIAN_POINT('',(13.897453719711,-24.65260864224,
    -7.029043098775));
#3573 = CARTESIAN_POINT('',(13.883927649411,-24.66022945608,
    -7.056292166765));
#3574 = CARTESIAN_POINT('',(13.873056324006,-24.66634413645,
    -7.085103904152));
#3575 = CARTESIAN_POINT('',(13.864999344753,-24.6708709074,
    -7.115005235118));
#3576 = CARTESIAN_POINT('',(13.859808432616,-24.67378595206,
    -7.145573976175));
#3577 = CARTESIAN_POINT('',(13.857496454978,-24.67508444695,
    -7.176461747728));
#3578 = CARTESIAN_POINT('',(13.858643971951,-24.67443996653,
    -7.236197314235));
#3579 = CARTESIAN_POINT('',(13.861721572794,-24.67271147416,
    -7.264926210045));
#3580 = CARTESIAN_POINT('',(13.867308528617,-24.66957331452,
    -7.293296186174));
#3581 = CARTESIAN_POINT('',(13.875385534312,-24.66503390107,
    -7.32100091935));
#3582 = CARTESIAN_POINT('',(13.885892455356,-24.65912244404,
    -7.347688739439));
#3583 = CARTESIAN_POINT('',(13.898691078887,-24.65191021956,
    -7.372984407951));
#3584 = CARTESIAN_POINT('',(13.917763226702,-24.64114222538,
    -7.403218598051));
#3585 = CARTESIAN_POINT('',(13.922140317412,-24.63866984394,
    -7.40975495259));
#3586 = CARTESIAN_POINT('',(13.926675600873,-24.63610688454,
    -7.416140525702));
#3587 = CARTESIAN_POINT('',(13.931361528097,-24.63345745274,
    -7.422365729591));
#3588 = CARTESIAN_POINT('',(13.936188783758,-24.63072665836,
    -7.428420461551));
#3589 = CARTESIAN_POINT('',(13.941146064115,-24.627920749,
    -7.434294544856));
#3590 = CARTESIAN_POINT('',(13.956104328146,-24.61944924287,
    -7.45105068697));
#3591 = CARTESIAN_POINT('',(13.966444940123,-24.61358679673,
    -7.4614158947));
#3592 = CARTESIAN_POINT('',(13.977127772894,-24.60752340571,
    -7.470979896078));
#3593 = CARTESIAN_POINT('',(13.987996920036,-24.60134667674,
    -7.479651793262));
#3594 = CARTESIAN_POINT('',(13.998846286472,-24.59517340948,
    -7.487370225166));
#3595 = CARTESIAN_POINT('',(14.009464022103,-24.58912474596,
    -7.494137601072));
#3596 = CARTESIAN_POINT('',(14.019667057885,-24.5833060345,-7.5));
#3597 = PCURVE('',#3339,#3598);
#3598 = DEFINITIONAL_REPRESENTATION('',(#3599),#3757);
#3599 = B_SPLINE_CURVE_WITH_KNOTS('',3,(#3600,#3601,#3602,#3603,#3604,
    #3605,#3606,#3607,#3608,#3609,#3610,#3611,#3612,#3613,#3614,#3615,
    #3616,#3617,#3618,#3619,#3620,#3621,#3622,#3623,#3624,#3625,#3626,
    #3627,#3628,#3629,#3630,#3631,#3632,#3633,#3634,#3635,#3636,#3637,
    #3638,#3639,#3640,#3641,#3642,#3643,#3644,#3645,#3646,#3647,#3648,
    #3649,#3650,#3651,#3652,#3653,#3654,#3655,#3656,#3657,#3658,#3659,
    #3660,#3661,#3662,#3663,#3664,#3665,#3666,#3667,#3668,#3669,#3670,
    #3671,#3672,#3673,#3674,#3675,#3676,#3677,#3678,#3679,#3680,#3681,
    #3682,#3683,#3684,#3685,#3686,#3687,#3688,#3689,#3690,#3691,#3692,
    #3693,#3694,#3695,#3696,#3697,#3698,#3699,#3700,#3701,#3702,#3703,
    #3704,#3705,#3706,#3707,#3708,#3709,#3710,#3711,#3712,#3713,#3714,
    #3715,#3716,#3717,#3718,#3719,#3720,#3721,#3722,#3723,#3724,#3725,
    #3726,#3727,#3728,#3729,#3730,#3731,#3732,#3733,#3734,#3735,#3736,
    #3737,#3738,#3739,#3740,#3741,#3742,#3743,#3744,#3745,#3746,#3747,
    #3748,#3749,#3750,#3751,#3752,#3753,#3754,#3755,#3756),
  .UNSPECIFIED.,.F.,.F.,(4,1,1,1,1,1,1,1,1,1,1,1,1,1,1,1,1,1,1,1,1,1,1,1
    ,1,1,1,1,1,1,1,1,1,1,1,1,1,1,1,1,1,1,1,1,1,1,1,1,1,1,1,1,1,1,1,1,1,1
    ,1,1,1,1,1,1,1,1,1,1,1,1,1,1,1,1,1,1,1,1,1,1,1,1,1,1,1,1,1,1,1,1,1,1
    ,1,1,1,1,1,1,1,1,1,1,1,1,1,1,1,1,1,1,1,1,1,1,1,1,1,1,1,1,1,1,1,1,1,1
    ,1,1,1,1,1,1,1,1,1,1,1,1,1,1,1,1,1,1,1,1,1,1,1,1,1,1,1,1,4),(0.,
    0.485016882016,0.970033764031,1.455050646047,1.940067528062,
    2.425084410078,2.910101292093,3.395118174109,3.880135056124,
    4.36515193814,4.850168820155,5.335185702171,5.820202584186,
    6.305219466202,6.790236348217,7.275253230233,7.760270112248,
    8.245286994264,8.730303876279,9.215320758295,9.70033764031,
    10.185354522326,10.670371404342,11.155388286357,11.640405168373,
    12.125422050388,12.610438932404,13.095455814419,13.580472696435,
    14.06548957845,14.550506460466,15.035523342481,15.520540224497,
    16.005557106512,16.490573988528,16.975590870543,17.460607752559,
    17.945624634574,18.43064151659,18.915658398605,19.400675280621,
    19.885692162637,20.370709044652,20.855725926668,21.340742808683,
    21.825759690699,22.310776572714,22.79579345473,23.280810336745,
    23.765827218761,24.250844100776,24.735860982792,25.220877864807,
    25.705894746823,26.190911628838,26.675928510854,27.160945392869,
    27.645962274885,28.1309791569,28.615996038916,29.101012920931,
    29.586029802947,30.071046684963,30.556063566978,31.041080448994,
    31.526097331009,32.011114213025,32.49613109504,32.981147977056,
    33.466164859071,33.951181741087,34.436198623102,34.921215505118,
    35.406232387133,35.891249269149,36.376266151164,36.86128303318,
    37.346299915195,37.831316797211,38.316333679226,38.801350561242,
    39.286367443258,39.771384325273,40.256401207289,40.741418089304,
    41.22643497132,41.711451853335,42.196468735351,42.681485617366,
    43.166502499382,43.651519381397,44.136536263413,44.621553145428,
    45.106570027444,45.591586909459,46.076603791475,46.56162067349,
    47.046637555506,47.531654437521,48.016671319537,48.501688201552,
    48.986705083568,49.471721965584,49.956738847599,50.441755729615,
    50.92677261163,51.411789493646,51.896806375661,52.381823257677,
    52.866840139692,53.351857021708,53.836873903723,54.321890785739,
    54.806907667754,55.29192454977,55.776941431785,56.261958313801,
    56.746975195816,57.231992077832,57.717008959847,58.202025841863,
    58.687042723879,59.172059605894,59.65707648791,60.142093369925,
    60.627110251941,61.112127133956,61.597144015972,62.082160897987,
    62.567177780003,63.052194662018,63.537211544034,64.022228426049,
    64.507245308065,64.99226219008,65.477279072096,65.962295954111,
    66.447312836127,66.932329718142,67.417346600158,67.902363482173,
    68.387380364189,68.872397246205,69.35741412822,69.842431010236,
    70.327447892251,70.812464774267,71.297481656282,71.782498538298,
    72.267515420313,72.752532302329,73.237549184344,73.72256606636,
    74.207582948375,74.692599830391),.QUASI_UNIFORM_KNOTS.);
#3600 = CARTESIAN_POINT('',(-5.24129750505,-1.));
#3601 = CARTESIAN_POINT('',(-5.241420215631,-1.001732496213));
#3602 = CARTESIAN_POINT('',(-5.241669500584,-1.00540521048));
#3603 = CARTESIAN_POINT('',(-5.24205152452,-1.011539748466));
#3604 = CARTESIAN_POINT('',(-5.242438209141,-1.018307185225));
#3605 = CARTESIAN_POINT('',(-5.242825911948,-1.025696994005));
#3606 = CARTESIAN_POINT('',(-5.2432112911,-1.033692315537));
#3607 = CARTESIAN_POINT('',(-5.243591250357,-1.04226820837));
#3608 = CARTESIAN_POINT('',(-5.243963048151,-1.05139465673));
#3609 = CARTESIAN_POINT('',(-5.244324323579,-1.061038418531));
#3610 = CARTESIAN_POINT('',(-5.244673136505,-1.071166141626));
#3611 = CARTESIAN_POINT('',(-5.245007973085,-1.081747425816));
#3612 = CARTESIAN_POINT('',(-5.245327522097,-1.092750419768));
#3613 = CARTESIAN_POINT('',(-5.245630728273,-1.104144890765));
#3614 = CARTESIAN_POINT('',(-5.245916691488,-1.115900311673));
#3615 = CARTESIAN_POINT('',(-5.246184661697,-1.12798637719));
#3616 = CARTESIAN_POINT('',(-5.246434118198,-1.140378559382));
#3617 = CARTESIAN_POINT('',(-5.246664570794,-1.153050671329));
#3618 = CARTESIAN_POINT('',(-5.246875605234,-1.165976965297));
#3619 = CARTESIAN_POINT('',(-5.247066865642,-1.179131770788));
#3620 = CARTESIAN_POINT('',(-5.247238053376,-1.192489770063));
#3621 = CARTESIAN_POINT('',(-5.247388921066,-1.206026083234));
#3622 = CARTESIAN_POINT('',(-5.247519267571,-1.219716377821));
#3623 = CARTESIAN_POINT('',(-5.247628932415,-1.233536971931));
#3624 = CARTESIAN_POINT('',(-5.247717789908,-1.247464840413));
#3625 = CARTESIAN_POINT('',(-5.247785743817,-1.261477918201));
#3626 = CARTESIAN_POINT('',(-5.247832719134,-1.275554215542));
#3627 = CARTESIAN_POINT('',(-5.2478586641,-1.289675292942));
#3628 = CARTESIAN_POINT('',(-5.247863513543,-1.303813390651));
#3629 = CARTESIAN_POINT('',(-5.247847323453,-1.31791687627));
#3630 = CARTESIAN_POINT('',(-5.247810194966,-1.331979321055));
#3631 = CARTESIAN_POINT('',(-5.247752198885,-1.345981975141));
#3632 = CARTESIAN_POINT('',(-5.247673406938,-1.359907631464));
#3633 = CARTESIAN_POINT('',(-5.247573896169,-1.373736893569));
#3634 = CARTESIAN_POINT('',(-5.247453760621,-1.387449189888));
#3635 = CARTESIAN_POINT('',(-5.247313121066,-1.401022548403));
#3636 = CARTESIAN_POINT('',(-5.247152135182,-1.414433736244));
#3637 = CARTESIAN_POINT('',(-5.246971007435,-1.427658334873));
#3638 = CARTESIAN_POINT('',(-5.246769998777,-1.440670866485));
#3639 = CARTESIAN_POINT('',(-5.246549436048,-1.453444941235));
#3640 = CARTESIAN_POINT('',(-5.246309721015,-1.465953434013));
#3641 = CARTESIAN_POINT('',(-5.246051338983,-1.478168689019));
#3642 = CARTESIAN_POINT('',(-5.24577486693,-1.490062753236));
#3643 = CARTESIAN_POINT('',(-5.245480980922,-1.501607638897));
#3644 = CARTESIAN_POINT('',(-5.245170463501,-1.512775616272));
#3645 = CARTESIAN_POINT('',(-5.244844208051,-1.523539534126));
#3646 = CARTESIAN_POINT('',(-5.244503231009,-1.533873179947));
#3647 = CARTESIAN_POINT('',(-5.244148651036,-1.543751636918));
#3648 = CARTESIAN_POINT('',(-5.243782601991,-1.553129904165));
#3649 = CARTESIAN_POINT('',(-5.243407152467,-1.561976678423));
#3650 = CARTESIAN_POINT('',(-5.243024858688,-1.570259560882));
#3651 = CARTESIAN_POINT('',(-5.242638615929,-1.577951151028));
#3652 = CARTESIAN_POINT('',(-5.242251653594,-1.585029839551));
#3653 = CARTESIAN_POINT('',(-5.241867378213,-1.591483267512));
#3654 = CARTESIAN_POINT('',(-5.241489372477,-1.597307548416));
#3655 = CARTESIAN_POINT('',(-5.241121317622,-1.602508250382));
#3656 = CARTESIAN_POINT('',(-5.240765944175,-1.607112230123));
#3657 = CARTESIAN_POINT('',(-5.24042523324,-1.611158315347));
#3658 = CARTESIAN_POINT('',(-5.240100421671,-1.614693314832));
#3659 = CARTESIAN_POINT('',(-5.23979210539,-1.617767636494));
#3660 = CARTESIAN_POINT('',(-5.23950035765,-1.620432001769));
#3661 = CARTESIAN_POINT('',(-5.239224813055,-1.622735300219));
#3662 = CARTESIAN_POINT('',(-5.238964909619,-1.62472219781));
#3663 = CARTESIAN_POINT('',(-5.238719459953,-1.626436431594));
#3664 = CARTESIAN_POINT('',(-5.238486855338,-1.62791772155));
#3665 = CARTESIAN_POINT('',(-5.238265781871,-1.629198109134));
#3666 = CARTESIAN_POINT('',(-5.238054981732,-1.630304673247));
#3667 = CARTESIAN_POINT('',(-5.237853308333,-1.63125992131));
#3668 = CARTESIAN_POINT('',(-5.237659701854,-1.632082639815));
#3669 = CARTESIAN_POINT('',(-5.237473185356,-1.632788472203));
#3670 = CARTESIAN_POINT('',(-5.237292854777,-1.633390434164));
#3671 = CARTESIAN_POINT('',(-5.237117870073,-1.63389932399));
#3672 = CARTESIAN_POINT('',(-5.236947445724,-1.634324053261));
#3673 = CARTESIAN_POINT('',(-5.236780841117,-1.634671904973));
#3674 = CARTESIAN_POINT('',(-5.236617351115,-1.634948731243));
#3675 = CARTESIAN_POINT('',(-5.236456295724,-1.635159100871));
#3676 = CARTESIAN_POINT('',(-5.236297013493,-1.635306409304));
#3677 = CARTESIAN_POINT('',(-5.236138841809,-1.635392956472));
#3678 = CARTESIAN_POINT('',(-5.235981147456,-1.635420023938));
#3679 = CARTESIAN_POINT('',(-5.235823171386,-1.635387885957));
#3680 = CARTESIAN_POINT('',(-5.235664747981,-1.635296087586));
#3681 = CARTESIAN_POINT('',(-5.235505212193,-1.635143297762));
#3682 = CARTESIAN_POINT('',(-5.235343888676,-1.634927140159));
#3683 = CARTESIAN_POINT('',(-5.23518009899,-1.634644147417));
#3684 = CARTESIAN_POINT('',(-5.235013148729,-1.634289657644));
#3685 = CARTESIAN_POINT('',(-5.234842319292,-1.633857698892));
#3686 = CARTESIAN_POINT('',(-5.234666857914,-1.633340834772));
#3687 = CARTESIAN_POINT('',(-5.234485967958,-1.632729963846));
#3688 = CARTESIAN_POINT('',(-5.234298799145,-1.632014059944));
#3689 = CARTESIAN_POINT('',(-5.234104438223,-1.631179843234));
#3690 = CARTESIAN_POINT('',(-5.233901899653,-1.630211366449));
#3691 = CARTESIAN_POINT('',(-5.233690118743,-1.629089519847));
#3692 = CARTESIAN_POINT('',(-5.233467939174,-1.627791387126));
#3693 = CARTESIAN_POINT('',(-5.233234125931,-1.626289650797));
#3694 = CARTESIAN_POINT('',(-5.232987288927,-1.62455125171));
#3695 = CARTESIAN_POINT('',(-5.232726146385,-1.62253821643));
#3696 = CARTESIAN_POINT('',(-5.232449858548,-1.620210034328));
#3697 = CARTESIAN_POINT('',(-5.232157497686,-1.617519425157));
#3698 = CARTESIAN_POINT('',(-5.231848497546,-1.614415195612));
#3699 = CARTESIAN_POINT('',(-5.231522867025,-1.610845627926));
#3700 = CARTESIAN_POINT('',(-5.231181335006,-1.60676088297));
#3701 = CARTESIAN_POINT('',(-5.230825281215,-1.602115677781));
#3702 = CARTESIAN_POINT('',(-5.230456933261,-1.59687501915));
#3703 = CARTESIAN_POINT('',(-5.230079166089,-1.591015538172));
#3704 = CARTESIAN_POINT('',(-5.229695360833,-1.584528496572));
#3705 = CARTESIAN_POINT('',(-5.229309012628,-1.577417108645));
#3706 = CARTESIAN_POINT('',(-5.228923586737,-1.56969536448));
#3707 = CARTESIAN_POINT('',(-5.22854242511,-1.561388578914));
#3708 = CARTESIAN_POINT('',(-5.228168290505,-1.552522877443));
#3709 = CARTESIAN_POINT('',(-5.22780364724,-1.543129285429));
#3710 = CARTESIAN_POINT('',(-5.227450556715,-1.533239942611));
#3711 = CARTESIAN_POINT('',(-5.227110723102,-1.522887007959));
#3712 = CARTESIAN_POINT('',(-5.226785535176,-1.512101672362));
#3713 = CARTESIAN_POINT('',(-5.226476149455,-1.500914883593));
#3714 = CARTESIAN_POINT('',(-5.2261834991,-1.48935591733));
#3715 = CARTESIAN_POINT('',(-5.225908404373,-1.477455449649));
#3716 = CARTESIAN_POINT('',(-5.225651442979,-1.465238648967));
#3717 = CARTESIAN_POINT('',(-5.22541314412,-1.452731865709));
#3718 = CARTESIAN_POINT('',(-5.225193956492,-1.439961111121));
#3719 = CARTESIAN_POINT('',(-5.224994263345,-1.426952230919));
#3720 = CARTESIAN_POINT('',(-5.224814385467,-1.413730653041));
#3721 = CARTESIAN_POINT('',(-5.22465458787,-1.400321276769));
#3722 = CARTESIAN_POINT('',(-5.224515085881,-1.386748351907));
#3723 = CARTESIAN_POINT('',(-5.224396051717,-1.373035383013));
#3724 = CARTESIAN_POINT('',(-5.224297621163,-1.359205067025));
#3725 = CARTESIAN_POINT('',(-5.224219900487,-1.345279192918));
#3726 = CARTESIAN_POINT('',(-5.224162973052,-1.331278777553));
#3727 = CARTESIAN_POINT('',(-5.224126907356,-1.317223409415));
#3728 = CARTESIAN_POINT('',(-5.224111759738,-1.303133636314));
#3729 = CARTESIAN_POINT('',(-5.224117596755,-1.289022078091));
#3730 = CARTESIAN_POINT('',(-5.224144438358,-1.274931372904));
#3731 = CARTESIAN_POINT('',(-5.224192225883,-1.260885225262));
#3732 = CARTESIAN_POINT('',(-5.224260906048,-1.246903066808));
#3733 = CARTESIAN_POINT('',(-5.224350404198,-1.233006521941));
#3734 = CARTESIAN_POINT('',(-5.224460623729,-1.219217648598));
#3735 = CARTESIAN_POINT('',(-5.224591438605,-1.2055593628));
#3736 = CARTESIAN_POINT('',(-5.22474268788,-1.192055258019));
#3737 = CARTESIAN_POINT('',(-5.224914169906,-1.178729565814));
#3738 = CARTESIAN_POINT('',(-5.225105636829,-1.165607060113));
#3739 = CARTESIAN_POINT('',(-5.225316789497,-1.152712948444));
#3740 = CARTESIAN_POINT('',(-5.225547271927,-1.140072773773));
#3741 = CARTESIAN_POINT('',(-5.22579666885,-1.12771218829));
#3742 = CARTESIAN_POINT('',(-5.226064493334,-1.115657129353));
#3743 = CARTESIAN_POINT('',(-5.226350213197,-1.103932414686));
#3744 = CARTESIAN_POINT('',(-5.226653134623,-1.092566157468));
#3745 = CARTESIAN_POINT('',(-5.226972305047,-1.081590928774));
#3746 = CARTESIAN_POINT('',(-5.227306700596,-1.071035793269));
#3747 = CARTESIAN_POINT('',(-5.227654966604,-1.060933836258));
#3748 = CARTESIAN_POINT('',(-5.228015729097,-1.051311467509));
#3749 = CARTESIAN_POINT('',(-5.228387215475,-1.042198941374));
#3750 = CARTESIAN_POINT('',(-5.228766848772,-1.033635714518));
#3751 = CARTESIAN_POINT('',(-5.22915181388,-1.025653258964));
#3752 = CARTESIAN_POINT('',(-5.229538974672,-1.018276988744));
#3753 = CARTESIAN_POINT('',(-5.229924999749,-1.011523083512));
#3754 = CARTESIAN_POINT('',(-5.230306441886,-1.005398814896));
#3755 = CARTESIAN_POINT('',(-5.2305554174,-1.001730817252));
#3756 = CARTESIAN_POINT('',(-5.230678006916,-1.));
#3757 = ( GEOMETRIC_REPRESENTATION_CONTEXT(2) 
PARAMETRIC_REPRESENTATION_CONTEXT() REPRESENTATION_CONTEXT('2D SPACE',''
  ) );
#3758 = PCURVE('',#3759,#3764);
#3759 = SPHERICAL_SURFACE('',#3760,0.35);
#3760 = AXIS2_PLACEMENT_3D('',#3761,#3762,#3763);
#3761 = CARTESIAN_POINT('',(14.1,-24.42191638672,-7.2));
#3762 = DIRECTION('',(0.,0.,1.));
#3763 = DIRECTION('',(1.,0.,0.));
#3764 = DEFINITIONAL_REPRESENTATION('',(#3765),#3923);
#3765 = B_SPLINE_CURVE_WITH_KNOTS('',3,(#3766,#3767,#3768,#3769,#3770,
    #3771,#3772,#3773,#3774,#3775,#3776,#3777,#3778,#3779,#3780,#3781,
    #3782,#3783,#3784,#3785,#3786,#3787,#3788,#3789,#3790,#3791,#3792,
    #3793,#3794,#3795,#3796,#3797,#3798,#3799,#3800,#3801,#3802,#3803,
    #3804,#3805,#3806,#3807,#3808,#3809,#3810,#3811,#3812,#3813,#3814,
    #3815,#3816,#3817,#3818,#3819,#3820,#3821,#3822,#3823,#3824,#3825,
    #3826,#3827,#3828,#3829,#3830,#3831,#3832,#3833,#3834,#3835,#3836,
    #3837,#3838,#3839,#3840,#3841,#3842,#3843,#3844,#3845,#3846,#3847,
    #3848,#3849,#3850,#3851,#3852,#3853,#3854,#3855,#3856,#3857,#3858,
    #3859,#3860,#3861,#3862,#3863,#3864,#3865,#3866,#3867,#3868,#3869,
    #3870,#3871,#3872,#3873,#3874,#3875,#3876,#3877,#3878,#3879,#3880,
    #3881,#3882,#3883,#3884,#3885,#3886,#3887,#3888,#3889,#3890,#3891,
    #3892,#3893,#3894,#3895,#3896,#3897,#3898,#3899,#3900,#3901,#3902,
    #3903,#3904,#3905,#3906,#3907,#3908,#3909,#3910,#3911,#3912,#3913,
    #3914,#3915,#3916,#3917,#3918,#3919,#3920,#3921,#3922),
  .UNSPECIFIED.,.F.,.F.,(4,1,1,1,1,1,1,1,1,1,1,1,1,1,1,1,1,1,1,1,1,1,1,1
    ,1,1,1,1,1,1,1,1,1,1,1,1,1,1,1,1,1,1,1,1,1,1,1,1,1,1,1,1,1,1,1,1,1,1
    ,1,1,1,1,1,1,1,1,1,1,1,1,1,1,1,1,1,1,1,1,1,1,1,1,1,1,1,1,1,1,1,1,1,1
    ,1,1,1,1,1,1,1,1,1,1,1,1,1,1,1,1,1,1,1,1,1,1,1,1,1,1,1,1,1,1,1,1,1,1
    ,1,1,1,1,1,1,1,1,1,1,1,1,1,1,1,1,1,1,1,1,1,1,1,1,1,1,1,1,4),(0.,
    0.485016882016,0.970033764031,1.455050646047,1.940067528062,
    2.425084410078,2.910101292093,3.395118174109,3.880135056124,
    4.36515193814,4.850168820155,5.335185702171,5.820202584186,
    6.305219466202,6.790236348217,7.275253230233,7.760270112248,
    8.245286994264,8.730303876279,9.215320758295,9.70033764031,
    10.185354522326,10.670371404342,11.155388286357,11.640405168373,
    12.125422050388,12.610438932404,13.095455814419,13.580472696435,
    14.06548957845,14.550506460466,15.035523342481,15.520540224497,
    16.005557106512,16.490573988528,16.975590870543,17.460607752559,
    17.945624634574,18.43064151659,18.915658398605,19.400675280621,
    19.885692162637,20.370709044652,20.855725926668,21.340742808683,
    21.825759690699,22.310776572714,22.79579345473,23.280810336745,
    23.765827218761,24.250844100776,24.735860982792,25.220877864807,
    25.705894746823,26.190911628838,26.675928510854,27.160945392869,
    27.645962274885,28.1309791569,28.615996038916,29.101012920931,
    29.586029802947,30.071046684963,30.556063566978,31.041080448994,
    31.526097331009,32.011114213025,32.49613109504,32.981147977056,
    33.466164859071,33.951181741087,34.436198623102,34.921215505118,
    35.406232387133,35.891249269149,36.376266151164,36.86128303318,
    37.346299915195,37.831316797211,38.316333679226,38.801350561242,
    39.286367443258,39.771384325273,40.256401207289,40.741418089304,
    41.22643497132,41.711451853335,42.196468735351,42.681485617366,
    43.166502499382,43.651519381397,44.136536263413,44.621553145428,
    45.106570027444,45.591586909459,46.076603791475,46.56162067349,
    47.046637555506,47.531654437521,48.016671319537,48.501688201552,
    48.986705083568,49.471721965584,49.956738847599,50.441755729615,
    50.92677261163,51.411789493646,51.896806375661,52.381823257677,
    52.866840139692,53.351857021708,53.836873903723,54.321890785739,
    54.806907667754,55.29192454977,55.776941431785,56.261958313801,
    56.746975195816,57.231992077832,57.717008959847,58.202025841863,
    58.687042723879,59.172059605894,59.65707648791,60.142093369925,
    60.627110251941,61.112127133956,61.597144015972,62.082160897987,
    62.567177780003,63.052194662018,63.537211544034,64.022228426049,
    64.507245308065,64.99226219008,65.477279072096,65.962295954111,
    66.447312836127,66.932329718142,67.417346600158,67.902363482173,
    68.387380364189,68.872397246205,69.35741412822,69.842431010236,
    70.327447892251,70.812464774267,71.297481656282,71.782498538298,
    72.267515420313,72.752532302329,73.237549184344,73.72256606636,
    74.207582948375,74.692599830391),.QUASI_UNIFORM_KNOTS.);
#3766 = CARTESIAN_POINT('',(6.221438703214,-1.029696800837));
#3767 = CARTESIAN_POINT('',(6.232174245987,-1.020083570148));
#3768 = CARTESIAN_POINT('',(6.252928668686,-1.000177755238));
#3769 = CARTESIAN_POINT('',(6.281856718814,-0.968481571088));
#3770 = CARTESIAN_POINT('',(6.30850115719,-0.935137556848));
#3771 = CARTESIAN_POINT('',(6.332874469563,-0.900373729096));
#3772 = CARTESIAN_POINT('',(6.355047677037,-0.864406511188));
#3773 = CARTESIAN_POINT('',(6.375132312824,-0.827445399985));
#3774 = CARTESIAN_POINT('',(6.393264977196,-0.78968151635));
#3775 = CARTESIAN_POINT('',(6.409594946643,-0.751283401642));
#3776 = CARTESIAN_POINT('',(6.42427603429,-0.712389992385));
#3777 = CARTESIAN_POINT('',(6.437460185742,-0.673105383224));
#3778 = CARTESIAN_POINT('',(6.449285826484,-0.633520846115));
#3779 = CARTESIAN_POINT('',(6.459880131639,-0.593707008265));
#3780 = CARTESIAN_POINT('',(6.469356030449,-0.553724134668));
#3781 = CARTESIAN_POINT('',(6.477813695892,-0.513622372897));
#3782 = CARTESIAN_POINT('',(6.485344274689,-0.473426097616));
#3783 = CARTESIAN_POINT('',(6.49202520196,-0.433160640184));
#3784 = CARTESIAN_POINT('',(6.497923516697,-0.392845981055));
#3785 = CARTESIAN_POINT('',(6.503096775191,-0.352498821542));
#3786 = CARTESIAN_POINT('',(6.507594302914,-0.312132350332));
#3787 = CARTESIAN_POINT('',(6.51145809545,-0.271756571115));
#3788 = CARTESIAN_POINT('',(6.514723589585,-0.23137845042));
#3789 = CARTESIAN_POINT('',(6.517420276456,-0.191002013621));
#3790 = CARTESIAN_POINT('',(6.519572182184,-0.150628641798));
#3791 = CARTESIAN_POINT('',(6.521198247704,-0.110256449387));
#3792 = CARTESIAN_POINT('',(6.522312535116,-6.988298541756E-02));
#3793 = CARTESIAN_POINT('',(6.522924575867,-2.949542043021E-02));
#3794 = CARTESIAN_POINT('',(6.523038706608,1.089265941722E-02));
#3795 = CARTESIAN_POINT('',(6.522657341205,5.119958779728E-02));
#3796 = CARTESIAN_POINT('',(6.521779226639,9.147230745868E-02));
#3797 = CARTESIAN_POINT('',(6.520397637641,0.131722189163));
#3798 = CARTESIAN_POINT('',(6.518500969124,0.171964771509));
#3799 = CARTESIAN_POINT('',(6.516072580534,0.212209120817));
#3800 = CARTESIAN_POINT('',(6.513090705181,0.252460653519));
#3801 = CARTESIAN_POINT('',(6.50952820881,0.292720309888));
#3802 = CARTESIAN_POINT('',(6.505352253292,0.332984660394));
#3803 = CARTESIAN_POINT('',(6.500523844928,0.373245714181));
#3804 = CARTESIAN_POINT('',(6.494997264113,0.413490756903));
#3805 = CARTESIAN_POINT('',(6.48871936544,0.453702128015));
#3806 = CARTESIAN_POINT('',(6.481628737367,0.493856959119));
#3807 = CARTESIAN_POINT('',(6.47365470739,0.533926865605));
#3808 = CARTESIAN_POINT('',(6.464716184531,0.573877588181));
#3809 = CARTESIAN_POINT('',(6.454720310424,0.613668590108));
#3810 = CARTESIAN_POINT('',(6.443560977473,0.653252571487));
#3811 = CARTESIAN_POINT('',(6.431116972982,0.692575027261));
#3812 = CARTESIAN_POINT('',(6.417250676627,0.731573356976));
#3813 = CARTESIAN_POINT('',(6.401803966568,0.77017734467));
#3814 = CARTESIAN_POINT('',(6.384640955002,0.80821731518));
#3815 = CARTESIAN_POINT('',(6.365607296369,0.845548043953));
#3816 = CARTESIAN_POINT('',(6.344560074504,0.881988043592));
#3817 = CARTESIAN_POINT('',(6.321373405335,0.917338562772));
#3818 = CARTESIAN_POINT('',(6.295954521289,0.951384859742));
#3819 = CARTESIAN_POINT('',(6.268255542917,0.983911659858));
#3820 = CARTESIAN_POINT('',(6.238298296975,1.014703409094));
#3821 = CARTESIAN_POINT('',(6.206202350293,1.043553796572));
#3822 = CARTESIAN_POINT('',(6.172115135773,1.070346242645));
#3823 = CARTESIAN_POINT('',(6.136219415455,1.095028091542));
#3824 = CARTESIAN_POINT('',(6.098722188397,1.117604822208));
#3825 = CARTESIAN_POINT('',(6.05984622851,1.13812756799));
#3826 = CARTESIAN_POINT('',(6.019822337726,1.156681319063));
#3827 = CARTESIAN_POINT('',(5.97887539433,1.173375986875));
#3828 = CARTESIAN_POINT('',(5.937238969214,1.188329796551));
#3829 = CARTESIAN_POINT('',(5.895063215747,1.201691560834));
#3830 = CARTESIAN_POINT('',(5.852406107504,1.213620380309));
#3831 = CARTESIAN_POINT('',(5.809347913079,1.224246951202));
#3832 = CARTESIAN_POINT('',(5.76595384908,1.233688795808));
#3833 = CARTESIAN_POINT('',(5.722283888187,1.242048317551));
#3834 = CARTESIAN_POINT('',(5.678390271348,1.249415219422));
#3835 = CARTESIAN_POINT('',(5.634318524387,1.255867543262));
#3836 = CARTESIAN_POINT('',(5.590107620358,1.261472885671));
#3837 = CARTESIAN_POINT('',(5.545790348369,1.266289381572));
#3838 = CARTESIAN_POINT('',(5.50139353735,1.270366566856));
#3839 = CARTESIAN_POINT('',(5.456938172142,1.273746088087));
#3840 = CARTESIAN_POINT('',(5.41243948546,1.27646226746));
#3841 = CARTESIAN_POINT('',(5.367906733187,1.27854251245));
#3842 = CARTESIAN_POINT('',(5.323344002802,1.280007603095));
#3843 = CARTESIAN_POINT('',(5.278747365129,1.280871751587));
#3844 = CARTESIAN_POINT('',(5.23411630485,1.281142861841));
#3845 = CARTESIAN_POINT('',(5.189412959502,1.280821451512));
#3846 = CARTESIAN_POINT('',(5.144768189191,1.279904732785));
#3847 = CARTESIAN_POINT('',(5.100173058568,1.278385547355));
#3848 = CARTESIAN_POINT('',(5.055620638544,1.276249325652));
#3849 = CARTESIAN_POINT('',(5.011110968633,1.273474962595));
#3850 = CARTESIAN_POINT('',(4.96665026734,1.270034473209));
#3851 = CARTESIAN_POINT('',(4.922251359124,1.265892809224));
#3852 = CARTESIAN_POINT('',(4.877933604796,1.261007450158));
#3853 = CARTESIAN_POINT('',(4.833722932577,1.255327865861));
#3854 = CARTESIAN_POINT('',(4.789651906186,1.248794822798));
#3855 = CARTESIAN_POINT('',(4.745759930632,1.241339555661));
#3856 = CARTESIAN_POINT('',(4.702093480199,1.232882778061));
#3857 = CARTESIAN_POINT('',(4.658706685564,1.223333660314));
#3858 = CARTESIAN_POINT('',(4.615660774692,1.212588330477));
#3859 = CARTESIAN_POINT('',(4.573027560508,1.200529567992));
#3860 = CARTESIAN_POINT('',(4.530877059624,1.187021439478));
#3861 = CARTESIAN_POINT('',(4.489322993618,1.171922134732));
#3862 = CARTESIAN_POINT('',(4.448554256589,1.155106621363));
#3863 = CARTESIAN_POINT('',(4.40873434953,1.136437576417));
#3864 = CARTESIAN_POINT('',(4.370056892623,1.115791857604));
#3865 = CARTESIAN_POINT('',(4.332744459114,1.093079154553));
#3866 = CARTESIAN_POINT('',(4.297033455223,1.068256037066));
#3867 = CARTESIAN_POINT('',(4.263140106128,1.041327245132));
#3868 = CARTESIAN_POINT('',(4.231260778255,1.01236557361));
#3869 = CARTESIAN_POINT('',(4.201541535867,0.981502215825));
#3870 = CARTESIAN_POINT('',(4.174069677506,0.948921630175));
#3871 = CARTESIAN_POINT('',(4.148859531439,0.914832689395));
#3872 = CARTESIAN_POINT('',(4.125866840137,0.879456168686));
#3873 = CARTESIAN_POINT('',(4.105004583349,0.843019311146));
#3874 = CARTESIAN_POINT('',(4.086139668622,0.805710851599));
#3875 = CARTESIAN_POINT('',(4.069126946869,0.767704193576));
#3876 = CARTESIAN_POINT('',(4.053813993764,0.729145573484));
#3877 = CARTESIAN_POINT('',(4.040050642058,0.690155577493));
#3878 = CARTESIAN_POINT('',(4.027694316839,0.650830672643));
#3879 = CARTESIAN_POINT('',(4.016614431186,0.611250320565));
#3880 = CARTESIAN_POINT('',(4.006692374063,0.571475534814));
#3881 = CARTESIAN_POINT('',(3.997824082782,0.531562156369));
#3882 = CARTESIAN_POINT('',(3.989914382421,0.491539997178));
#3883 = CARTESIAN_POINT('',(3.982881807432,0.451437660418));
#3884 = CARTESIAN_POINT('',(3.97665565264,0.411278231453));
#3885 = CARTESIAN_POINT('',(3.971174952534,0.371080844952));
#3886 = CARTESIAN_POINT('',(3.966387237288,0.330860621523));
#3887 = CARTESIAN_POINT('',(3.962247602343,0.29062899162));
#3888 = CARTESIAN_POINT('',(3.958717914107,0.250393875269));
#3889 = CARTESIAN_POINT('',(3.955766171755,0.210159849968));
#3890 = CARTESIAN_POINT('',(3.953365996608,0.169928326785));
#3891 = CARTESIAN_POINT('',(3.951496242068,0.129697535923));
#3892 = CARTESIAN_POINT('',(3.950140702462,8.94631080871E-02));
#3893 = CARTESIAN_POINT('',(3.949287957274,4.92163158569E-02));
#3894 = CARTESIAN_POINT('',(3.948931189522,8.950943493888E-03));
#3895 = CARTESIAN_POINT('',(3.949068569491,-3.136213875799E-02));
#3896 = CARTESIAN_POINT('',(3.949701879158,-7.166659684322E-02));
#3897 = CARTESIAN_POINT('',(3.950835790633,-0.111960022526));
#3898 = CARTESIAN_POINT('',(3.952479948624,-0.152252016561));
#3899 = CARTESIAN_POINT('',(3.954648543833,-0.192545677177));
#3900 = CARTESIAN_POINT('',(3.957360600626,-0.232842512517));
#3901 = CARTESIAN_POINT('',(3.960640201112,-0.273141051331));
#3902 = CARTESIAN_POINT('',(3.964516860318,-0.313437113617));
#3903 = CARTESIAN_POINT('',(3.969026006363,-0.35372360745));
#3904 = CARTESIAN_POINT('',(3.974209591564,-0.393990412065));
#3905 = CARTESIAN_POINT('',(3.980116856048,-0.434224225784));
#3906 = CARTESIAN_POINT('',(3.98680523619,-0.474408286119));
#3907 = CARTESIAN_POINT('',(3.994341560013,-0.514522431132));
#3908 = CARTESIAN_POINT('',(4.00280313405,-0.554541688532));
#3909 = CARTESIAN_POINT('',(4.012280363582,-0.594440138748));
#3910 = CARTESIAN_POINT('',(4.022874977076,-0.634174830035));
#3911 = CARTESIAN_POINT('',(4.034697628672,-0.673678071815));
#3912 = CARTESIAN_POINT('',(4.047876022458,-0.712882994899));
#3913 = CARTESIAN_POINT('',(4.062545954459,-0.751693223233));
#3914 = CARTESIAN_POINT('',(4.078864308954,-0.790019810805));
#3915 = CARTESIAN_POINT('',(4.096993531923,-0.827738369763));
#3916 = CARTESIAN_POINT('',(4.117073269987,-0.864656273669));
#3917 = CARTESIAN_POINT('',(4.139234946489,-0.900575590365));
#3918 = CARTESIAN_POINT('',(4.163585557039,-0.935283809149));
#3919 = CARTESIAN_POINT('',(4.190193330785,-0.96856649891));
#3920 = CARTESIAN_POINT('',(4.219082236002,-1.000212272685));
#3921 = CARTESIAN_POINT('',(4.23981207105,-1.020092984558));
#3922 = CARTESIAN_POINT('',(4.250536808752,-1.029696800838));
#3923 = ( GEOMETRIC_REPRESENTATION_CONTEXT(2) 
PARAMETRIC_REPRESENTATION_CONTEXT() REPRESENTATION_CONTEXT('2D SPACE',''
  ) );
#3924 = ORIENTED_EDGE('',*,*,#3925,.T.);
#3925 = EDGE_CURVE('',#3483,#3926,#3928,.T.);
#3926 = VERTEX_POINT('',#3927);
#3927 = CARTESIAN_POINT('',(-28.29960106383,-0.150265192523,-7.5));
#3928 = SURFACE_CURVE('',#3929,(#3934,#3941),.PCURVE_S1.);
#3929 = CIRCLE('',#3930,28.3);
#3930 = AXIS2_PLACEMENT_3D('',#3931,#3932,#3933);
#3931 = CARTESIAN_POINT('',(0.,0.,-7.5));
#3932 = DIRECTION('',(0.,0.,-1.));
#3933 = DIRECTION('',(1.,0.,0.));
#3934 = PCURVE('',#3339,#3935);
#3935 = DEFINITIONAL_REPRESENTATION('',(#3936),#3940);
#3936 = LINE('',#3937,#3938);
#3937 = CARTESIAN_POINT('',(-6.28318530718,-1.));
#3938 = VECTOR('',#3939,1.);
#3939 = DIRECTION('',(1.,-0.));
#3940 = ( GEOMETRIC_REPRESENTATION_CONTEXT(2) 
PARAMETRIC_REPRESENTATION_CONTEXT() REPRESENTATION_CONTEXT('2D SPACE',''
  ) );
#3941 = PCURVE('',#2903,#3942);
#3942 = DEFINITIONAL_REPRESENTATION('',(#3943),#3951);
#3943 = ( BOUNDED_CURVE() B_SPLINE_CURVE(2,(#3944,#3945,#3946,#3947,
#3948,#3949,#3950),.UNSPECIFIED.,.T.,.F.) B_SPLINE_CURVE_WITH_KNOTS((1,2
    ,2,2,2,1),(-2.094395102393,0.,2.094395102393,4.188790204786,
6.28318530718,8.377580409573),.UNSPECIFIED.) CURVE() 
GEOMETRIC_REPRESENTATION_ITEM() RATIONAL_B_SPLINE_CURVE((1.,0.5,1.,0.5,
1.,0.5,1.)) REPRESENTATION_ITEM('') );
#3944 = CARTESIAN_POINT('',(28.3,-1.805139506451E-15));
#3945 = CARTESIAN_POINT('',(28.3,-49.01703785419));
#3946 = CARTESIAN_POINT('',(-14.15,-24.5085189271));
#3947 = CARTESIAN_POINT('',(-56.6,-8.736640389625E-15));
#3948 = CARTESIAN_POINT('',(-14.15,24.5085189271));
#3949 = CARTESIAN_POINT('',(28.3,49.017037854199));
#3950 = CARTESIAN_POINT('',(28.3,-1.805139506451E-15));
#3951 = ( GEOMETRIC_REPRESENTATION_CONTEXT(2) 
PARAMETRIC_REPRESENTATION_CONTEXT() REPRESENTATION_CONTEXT('2D SPACE',''
  ) );
#3952 = ORIENTED_EDGE('',*,*,#3953,.F.);
#3953 = EDGE_CURVE('',#3954,#3926,#3956,.T.);
#3954 = VERTEX_POINT('',#3955);
#3955 = CARTESIAN_POINT('',(-28.29960106383,0.150265192523,-7.5));
#3956 = SURFACE_CURVE('',#3957,(#4080,#4206),.PCURVE_S1.);
#3957 = B_SPLINE_CURVE_WITH_KNOTS('',7,(#3958,#3959,#3960,#3961,#3962,
    #3963,#3964,#3965,#3966,#3967,#3968,#3969,#3970,#3971,#3972,#3973,
    #3974,#3975,#3976,#3977,#3978,#3979,#3980,#3981,#3982,#3983,#3984,
    #3985,#3986,#3987,#3988,#3989,#3990,#3991,#3992,#3993,#3994,#3995,
    #3996,#3997,#3998,#3999,#4000,#4001,#4002,#4003,#4004,#4005,#4006,
    #4007,#4008,#4009,#4010,#4011,#4012,#4013,#4014,#4015,#4016,#4017,
    #4018,#4019,#4020,#4021,#4022,#4023,#4024,#4025,#4026,#4027,#4028,
    #4029,#4030,#4031,#4032,#4033,#4034,#4035,#4036,#4037,#4038,#4039,
    #4040,#4041,#4042,#4043,#4044,#4045,#4046,#4047,#4048,#4049,#4050,
    #4051,#4052,#4053,#4054,#4055,#4056,#4057,#4058,#4059,#4060,#4061,
    #4062,#4063,#4064,#4065,#4066,#4067,#4068,#4069,#4070,#4071,#4072,
    #4073,#4074,#4075,#4076,#4077,#4078,#4079),.UNSPECIFIED.,.F.,.F.,(8,
    6,6,6,6,6,6,6,6,6,6,6,6,6,6,6,6,6,6,6,8),(0.,5.124403073638E-02,
    7.75476773982E-02,0.170322994688,0.269827986111,0.296393853548,
    0.315634903544,0.345619395797,0.375800280081,0.395308035103,
    0.495375752897,0.604316045623,0.623828012481,0.654015412991,
    0.684006379069,0.703251583319,0.72982318648,0.825973612766,
    0.922122770581,0.94869437237,1.),.UNSPECIFIED.);
#3958 = CARTESIAN_POINT('',(-28.29960107021,0.150263990403,-7.5000006));
#3959 = CARTESIAN_POINT('',(-28.29953870407,0.162009564364,
    -7.494138194795));
#3960 = CARTESIAN_POINT('',(-28.29946813207,0.174229284256,
    -7.487370789532));
#3961 = CARTESIAN_POINT('',(-28.29938965438,0.186711926136,
    -7.479652300612));
#3962 = CARTESIAN_POINT('',(-28.29930428398,0.199213440411,
    -7.47098031586));
#3963 = CARTESIAN_POINT('',(-28.29921391701,0.211496931597,
    -7.461416198175));
#3964 = CARTESIAN_POINT('',(-28.29912063696,0.223383568753,
    -7.451050849349));
#3965 = CARTESIAN_POINT('',(-28.29897804309,0.240573724457,
    -7.434294545522));
#3966 = CARTESIAN_POINT('',(-28.29892939169,0.246269809829,
    -7.428420462279));
#3967 = CARTESIAN_POINT('',(-28.29888070117,0.251815733032,
    -7.422365730382));
#3968 = CARTESIAN_POINT('',(-28.2988322128,0.257198580924,
    -7.416140526559));
#3969 = CARTESIAN_POINT('',(-28.29878415902,0.2624077313,-7.409754953512
    ));
#3970 = CARTESIAN_POINT('',(-28.2987367588,0.267434593753,
    -7.403218599041));
#3971 = CARTESIAN_POINT('',(-28.29852604144,0.289335551936,
    -7.372984413912));
#3972 = CARTESIAN_POINT('',(-28.29837269932,0.304025594866,
    -7.347688750999));
#3973 = CARTESIAN_POINT('',(-28.29823871077,0.316080582628,
    -7.321000936997));
#3974 = CARTESIAN_POINT('',(-28.2981314553,0.325345181398,-7.29329621017
    ));
#3975 = CARTESIAN_POINT('',(-28.29805570334,0.331752708027,
    -7.264926240438));
#3976 = CARTESIAN_POINT('',(-28.29801382119,0.335282237069,
    -7.236197350904));
#3977 = CARTESIAN_POINT('',(-28.29799819903,0.336598263746,
    -7.17646178435));
#3978 = CARTESIAN_POINT('',(-28.29802965826,0.333946787687,
    -7.145574006402));
#3979 = CARTESIAN_POINT('',(-28.29810061158,0.327993805,-7.115005258759)
  );
#3980 = CARTESIAN_POINT('',(-28.29820880257,0.318752870894,
    -7.085103921208));
#3981 = CARTESIAN_POINT('',(-28.29834899676,0.306280685467,
    -7.05629217752));
#3982 = CARTESIAN_POINT('',(-28.29851221356,0.290756355546,
    -7.029043103772));
#3983 = CARTESIAN_POINT('',(-28.29873476983,0.267645558777,
    -6.997055542924));
#3984 = CARTESIAN_POINT('',(-28.29878254336,0.262583078314,
    -6.990459280005));
#3985 = CARTESIAN_POINT('',(-28.29883098758,0.257335006512,
    -6.984016056952));
#3986 = CARTESIAN_POINT('',(-28.29887987824,0.251910110991,
    -6.977735697145));
#3987 = CARTESIAN_POINT('',(-28.29892897712,0.246319254623,
    -6.971628559461));
#3988 = CARTESIAN_POINT('',(-28.29897803687,0.240575665596,
    -6.96570507954));
#3989 = CARTESIAN_POINT('',(-28.29906212814,0.230436126188,
    -6.955825370812));
#3990 = CARTESIAN_POINT('',(-28.29909729636,0.226105442667,
    -6.951777234723));
#3991 = CARTESIAN_POINT('',(-28.29913221457,0.221709267415,
    -6.947834803713));
#3992 = CARTESIAN_POINT('',(-28.2991667834,0.217254763963,
    -6.944002133331));
#3993 = CARTESIAN_POINT('',(-28.29920090266,0.212750125171,
    -6.940283232154));
#3994 = CARTESIAN_POINT('',(-28.29923447391,0.208204549538,
    -6.936681860201));
#3995 = CARTESIAN_POINT('',(-28.2993187185,0.196496642443,
    -6.927777402443));
#3996 = CARTESIAN_POINT('',(-28.29936848924,0.189288571302,
    -6.922645436103));
#3997 = CARTESIAN_POINT('',(-28.29941633138,0.182045204635,
    -6.917820922255));
#3998 = CARTESIAN_POINT('',(-28.29946191171,0.174812602459,
    -6.913314129954));
#3999 = CARTESIAN_POINT('',(-28.29950496563,0.167638708627,
    -6.909129586642));
#4000 = CARTESIAN_POINT('',(-28.29954531511,0.160570375199,
    -6.905265561403));
#4001 = CARTESIAN_POINT('',(-28.29962070427,0.146685073999,
    -6.898138270111));
#4002 = CARTESIAN_POINT('',(-28.29965571888,0.139867372476,
    -6.894878067815));
#4003 = CARTESIAN_POINT('',(-28.29968784667,0.133241832152,
    -6.89192466663));
#4004 = CARTESIAN_POINT('',(-28.29971714529,0.126837988247,
    -6.889260019388));
#4005 = CARTESIAN_POINT('',(-28.29974376784,0.120672665531,
    -6.88686026436));
#4006 = CARTESIAN_POINT('',(-28.29976791678,0.114752282543,
    -6.884699683162));
#4007 = CARTESIAN_POINT('',(-28.29980394115,0.105405680914,
    -6.881497470135));
#4008 = CARTESIAN_POINT('',(-28.29981713972,0.101837237907,
    -6.880330058148));
#4009 = CARTESIAN_POINT('',(-28.29982945294,9.836881280614E-02,
    -6.87924566554));
#4010 = CARTESIAN_POINT('',(-28.29984094111,9.499810411662E-02,
    -6.878237781717));
#4011 = CARTESIAN_POINT('',(-28.2998516637,9.172184235986E-02,
    -6.877300242948));
#4012 = CARTESIAN_POINT('',(-28.29986167747,8.853610958897E-02,
    -6.87642733265));
#4013 = CARTESIAN_POINT('',(-28.29991903353,6.953759948754E-02,
    -6.871441172866));
#4014 = CARTESIAN_POINT('',(-28.29994957448,5.596972132573E-02,
    -6.868848387876));
#4015 = CARTESIAN_POINT('',(-28.29997040141,4.398810530952E-02,
    -6.867080011811));
#4016 = CARTESIAN_POINT('',(-28.29998454555,3.304570958601E-02,
    -6.865890750078));
#4017 = CARTESIAN_POINT('',(-28.2999937096,2.278775675695E-02,
    -6.865118451599));
#4018 = CARTESIAN_POINT('',(-28.29999877802,1.289804586427E-02,
    -6.864692546277));
#4019 = CARTESIAN_POINT('',(-28.30000098945,-7.693675980925E-03,
    -6.864506610164));
#4020 = CARTESIAN_POINT('',(-28.29999738252,-1.830380840175E-02,
    -6.864809463763));
#4021 = CARTESIAN_POINT('',(-28.29998923984,-2.923070321418E-02,
    -6.865495892739));
#4022 = CARTESIAN_POINT('',(-28.29997569652,-4.085401272348E-02,
    -6.866630914721));
#4023 = CARTESIAN_POINT('',(-28.29995481109,-5.359845958188E-02,
    -6.868404455811));
#4024 = CARTESIAN_POINT('',(-28.29992327811,-6.813163440248E-02,
    -6.871072177269));
#4025 = CARTESIAN_POINT('',(-28.29986167747,-8.853610959166E-02,
    -6.876427332651));
#4026 = CARTESIAN_POINT('',(-28.2998516637,-9.172184236252E-02,
    -6.877300242949));
#4027 = CARTESIAN_POINT('',(-28.29984094111,-9.49981041193E-02,
    -6.878237781718));
#4028 = CARTESIAN_POINT('',(-28.29982945294,-9.836881280886E-02,
    -6.87924566554));
#4029 = CARTESIAN_POINT('',(-28.29981713972,-0.10183723791,
    -6.880330058149));
#4030 = CARTESIAN_POINT('',(-28.29980394115,-0.105405680916,
    -6.881497470136));
#4031 = CARTESIAN_POINT('',(-28.29976791678,-0.114752282546,
    -6.884699683163));
#4032 = CARTESIAN_POINT('',(-28.29974376784,-0.120672665534,
    -6.886860264361));
#4033 = CARTESIAN_POINT('',(-28.29971714529,-0.12683798825,
    -6.889260019389));
#4034 = CARTESIAN_POINT('',(-28.29968784667,-0.133241832155,
    -6.891924666631));
#4035 = CARTESIAN_POINT('',(-28.29965571888,-0.139867372479,
    -6.894878067816));
#4036 = CARTESIAN_POINT('',(-28.29962070427,-0.146685074001,
    -6.898138270113));
#4037 = CARTESIAN_POINT('',(-28.29954531511,-0.160570375202,
    -6.905265561404));
#4038 = CARTESIAN_POINT('',(-28.29950496563,-0.167638708629,
    -6.909129586644));
#4039 = CARTESIAN_POINT('',(-28.29946191171,-0.174812602462,
    -6.913314129956));
#4040 = CARTESIAN_POINT('',(-28.29941633138,-0.182045204638,
    -6.917820922256));
#4041 = CARTESIAN_POINT('',(-28.29936848924,-0.189288571305,
    -6.922645436105));
#4042 = CARTESIAN_POINT('',(-28.2993187185,-0.196496642446,
    -6.927777402446));
#4043 = CARTESIAN_POINT('',(-28.29923447391,-0.20820454954,
    -6.936681860203));
#4044 = CARTESIAN_POINT('',(-28.29920090266,-0.212750125174,
    -6.940283232156));
#4045 = CARTESIAN_POINT('',(-28.2991667834,-0.217254763965,
    -6.944002133334));
#4046 = CARTESIAN_POINT('',(-28.29913221457,-0.221709267417,
    -6.947834803715));
#4047 = CARTESIAN_POINT('',(-28.29909729636,-0.226105442669,
    -6.951777234725));
#4048 = CARTESIAN_POINT('',(-28.29906212814,-0.230436126191,
    -6.955825370815));
#4049 = CARTESIAN_POINT('',(-28.29897803687,-0.240575665599,
    -6.965705079543));
#4050 = CARTESIAN_POINT('',(-28.29892897712,-0.246319254626,
    -6.971628559464));
#4051 = CARTESIAN_POINT('',(-28.29887987824,-0.251910110994,
    -6.977735697148));
#4052 = CARTESIAN_POINT('',(-28.29883098758,-0.257335006515,
    -6.984016056955));
#4053 = CARTESIAN_POINT('',(-28.29878254336,-0.262583078317,
    -6.990459280008));
#4054 = CARTESIAN_POINT('',(-28.29873476983,-0.267645558779,
    -6.997055542928));
#4055 = CARTESIAN_POINT('',(-28.2985181721,-0.290137605607,
    -7.028186694471));
#4056 = CARTESIAN_POINT('',(-28.29836014633,-0.305217903206,
    -7.054436925243));
#4057 = CARTESIAN_POINT('',(-28.29822323536,-0.317465823016,
    -7.082160068815));
#4058 = CARTESIAN_POINT('',(-28.29811554472,-0.326714852082,
    -7.110939547184));
#4059 = CARTESIAN_POINT('',(-28.29804213083,-0.332898238109,
    -7.140387898005));
#4060 = CARTESIAN_POINT('',(-28.29800531769,-0.335998570688,
    -7.170171159399));
#4061 = CARTESIAN_POINT('',(-28.29800532059,-0.335998326379,
    -7.229831189363));
#4062 = CARTESIAN_POINT('',(-28.29804213565,-0.332897831684,
    -7.259614037555));
#4063 = CARTESIAN_POINT('',(-28.29811555038,-0.326714365746,
    -7.289061965745));
#4064 = CARTESIAN_POINT('',(-28.29822324076,-0.317465340217,
    -7.317841023967));
#4065 = CARTESIAN_POINT('',(-28.29836015048,-0.30521750693,
    -7.345563764577));
#4066 = CARTESIAN_POINT('',(-28.29851817433,-0.29013737403,
    -7.371813626055));
#4067 = CARTESIAN_POINT('',(-28.29873476983,-0.267645558774,
    -7.402944457079));
#4068 = CARTESIAN_POINT('',(-28.29878254336,-0.262583078311,
    -7.409540719999));
#4069 = CARTESIAN_POINT('',(-28.29883098758,-0.25733500651,
    -7.415983943052));
#4070 = CARTESIAN_POINT('',(-28.29887987824,-0.251910110989,
    -7.422264302859));
#4071 = CARTESIAN_POINT('',(-28.29892897712,-0.246319254621,
    -7.428371440542));
#4072 = CARTESIAN_POINT('',(-28.29897803687,-0.240575665593,
    -7.434294920462));
#4073 = CARTESIAN_POINT('',(-28.29912097123,-0.223340958026,
    -7.451087980179));
#4074 = CARTESIAN_POINT('',(-28.29921418667,-0.211460269954,
    -7.461444740022));
#4075 = CARTESIAN_POINT('',(-28.29930448865,-0.19918349616,
    -7.471001116602));
#4076 = CARTESIAN_POINT('',(-28.29938979644,-0.186689345228,
    -7.479666274066));
#4077 = CARTESIAN_POINT('',(-28.29946821754,-0.17421448137,
    -7.487378985444));
#4078 = CARTESIAN_POINT('',(-28.29953874172,-0.162002472924,
    -7.494141734247));
#4079 = CARTESIAN_POINT('',(-28.29960107021,-0.150263990403,-7.5000006)
  );
#4080 = PCURVE('',#3339,#4081);
#4081 = DEFINITIONAL_REPRESENTATION('',(#4082),#4205);
#4082 = B_SPLINE_CURVE_WITH_KNOTS('',7,(#4083,#4084,#4085,#4086,#4087,
    #4088,#4089,#4090,#4091,#4092,#4093,#4094,#4095,#4096,#4097,#4098,
    #4099,#4100,#4101,#4102,#4103,#4104,#4105,#4106,#4107,#4108,#4109,
    #4110,#4111,#4112,#4113,#4114,#4115,#4116,#4117,#4118,#4119,#4120,
    #4121,#4122,#4123,#4124,#4125,#4126,#4127,#4128,#4129,#4130,#4131,
    #4132,#4133,#4134,#4135,#4136,#4137,#4138,#4139,#4140,#4141,#4142,
    #4143,#4144,#4145,#4146,#4147,#4148,#4149,#4150,#4151,#4152,#4153,
    #4154,#4155,#4156,#4157,#4158,#4159,#4160,#4161,#4162,#4163,#4164,
    #4165,#4166,#4167,#4168,#4169,#4170,#4171,#4172,#4173,#4174,#4175,
    #4176,#4177,#4178,#4179,#4180,#4181,#4182,#4183,#4184,#4185,#4186,
    #4187,#4188,#4189,#4190,#4191,#4192,#4193,#4194,#4195,#4196,#4197,
    #4198,#4199,#4200,#4201,#4202,#4203,#4204),.UNSPECIFIED.,.F.,.F.,(8,
    6,6,6,6,6,6,6,6,6,6,6,6,6,6,6,6,6,6,6,8),(0.,5.124403073638E-02,
    7.75476773982E-02,0.170322994688,0.269827986111,0.296393853548,
    0.315634903544,0.345619395797,0.375800280081,0.395308035103,
    0.495375752897,0.604316045623,0.623828012481,0.654015412991,
    0.684006379069,0.703251583319,0.72982318648,0.825973612766,
    0.922122770581,0.94869437237,1.),.UNSPECIFIED.);
#4083 = CARTESIAN_POINT('',(-3.136282947001,-0.9999994));
#4084 = CARTESIAN_POINT('',(-3.135867903201,-1.005861805205));
#4085 = CARTESIAN_POINT('',(-3.135436103824,-1.012629210468));
#4086 = CARTESIAN_POINT('',(-3.13499501245,-1.020347699388));
#4087 = CARTESIAN_POINT('',(-3.134553252645,-1.02901968414));
#4088 = CARTESIAN_POINT('',(-3.134119195359,-1.038583801825));
#4089 = CARTESIAN_POINT('',(-3.133699159954,-1.048949150651));
#4090 = CARTESIAN_POINT('',(-3.13309171306,-1.065705454479));
#4091 = CARTESIAN_POINT('',(-3.132890430623,-1.071579537721));
#4092 = CARTESIAN_POINT('',(-3.132694454061,-1.077634269618));
#4093 = CARTESIAN_POINT('',(-3.132504239713,-1.083859473441));
#4094 = CARTESIAN_POINT('',(-3.13232016297,-1.090245046488));
#4095 = CARTESIAN_POINT('',(-3.132142527428,-1.096781400959));
#4096 = CARTESIAN_POINT('',(-3.131368606161,-1.127015586088));
#4097 = CARTESIAN_POINT('',(-3.130849495266,-1.152311249001));
#4098 = CARTESIAN_POINT('',(-3.130423497771,-1.178999063003));
#4099 = CARTESIAN_POINT('',(-3.130096104859,-1.20670378983));
#4100 = CARTESIAN_POINT('',(-3.129869674671,-1.235073759562));
#4101 = CARTESIAN_POINT('',(-3.12974494755,-1.263802649096));
#4102 = CARTESIAN_POINT('',(-3.129698441564,-1.32353821565));
#4103 = CARTESIAN_POINT('',(-3.129792139894,-1.354425993598));
#4104 = CARTESIAN_POINT('',(-3.130002507572,-1.384994741242));
#4105 = CARTESIAN_POINT('',(-3.130329064736,-1.414896078791));
#4106 = CARTESIAN_POINT('',(-3.130769805712,-1.44370782248));
#4107 = CARTESIAN_POINT('',(-3.131318398709,-1.470956896228));
#4108 = CARTESIAN_POINT('',(-3.132135072502,-1.502944457076));
#4109 = CARTESIAN_POINT('',(-3.1323139667,-1.509540719995));
#4110 = CARTESIAN_POINT('',(-3.132499418827,-1.515983943048));
#4111 = CARTESIAN_POINT('',(-3.132691119024,-1.522264302855));
#4112 = CARTESIAN_POINT('',(-3.132888683395,-1.528371440539));
#4113 = CARTESIAN_POINT('',(-3.133091644469,-1.53429492046));
#4114 = CARTESIAN_POINT('',(-3.133449944402,-1.544174629188));
#4115 = CARTESIAN_POINT('',(-3.133602977131,-1.548222765277));
#4116 = CARTESIAN_POINT('',(-3.133758323909,-1.552165196287));
#4117 = CARTESIAN_POINT('',(-3.133915731593,-1.555997866669));
#4118 = CARTESIAN_POINT('',(-3.13407491067,-1.559716767846));
#4119 = CARTESIAN_POINT('',(-3.134235536094,-1.563318139799));
#4120 = CARTESIAN_POINT('',(-3.134649253769,-1.572222597557));
#4121 = CARTESIAN_POINT('',(-3.13490396199,-1.577354563897));
#4122 = CARTESIAN_POINT('',(-3.135159916907,-1.582179077745));
#4123 = CARTESIAN_POINT('',(-3.135415490942,-1.586685870046));
#4124 = CARTESIAN_POINT('',(-3.135668989971,-1.590870413358));
#4125 = CARTESIAN_POINT('',(-3.135918758463,-1.594734438597));
#4126 = CARTESIAN_POINT('',(-3.13640941238,-1.601861729889));
#4127 = CARTESIAN_POINT('',(-3.136650323728,-1.605121932185));
#4128 = CARTESIAN_POINT('',(-3.136884444499,-1.60807533337));
#4129 = CARTESIAN_POINT('',(-3.137110731089,-1.610739980612));
#4130 = CARTESIAN_POINT('',(-3.137328589036,-1.61313973564));
#4131 = CARTESIAN_POINT('',(-3.137537791584,-1.615300316838));
#4132 = CARTESIAN_POINT('',(-3.137868062646,-1.618502529865));
#4133 = CARTESIAN_POINT('',(-3.137994156899,-1.619669941852));
#4134 = CARTESIAN_POINT('',(-3.13811671686,-1.62075433446));
#4135 = CARTESIAN_POINT('',(-3.138235823864,-1.621762218283));
#4136 = CARTESIAN_POINT('',(-3.138351593449,-1.622699757052));
#4137 = CARTESIAN_POINT('',(-3.138464164067,-1.62357266735));
#4138 = CARTESIAN_POINT('',(-3.139135492572,-1.628558827134));
#4139 = CARTESIAN_POINT('',(-3.139614923969,-1.631151612124));
#4140 = CARTESIAN_POINT('',(-3.140038303204,-1.632919988189));
#4141 = CARTESIAN_POINT('',(-3.140424960547,-1.634109249921));
#4142 = CARTESIAN_POINT('',(-3.140787432484,-1.634881548401));
#4143 = CARTESIAN_POINT('',(-3.14113689225,-1.635307453723));
#4144 = CARTESIAN_POINT('',(-3.141864514934,-1.635493389836));
#4145 = CARTESIAN_POINT('',(-3.142239431257,-1.635190536237));
#4146 = CARTESIAN_POINT('',(-3.142625540677,-1.634504107261));
#4147 = CARTESIAN_POINT('',(-3.143036258514,-1.633369085279));
#4148 = CARTESIAN_POINT('',(-3.143486592865,-1.631595544189));
#4149 = CARTESIAN_POINT('',(-3.144000133637,-1.628927822731));
#4150 = CARTESIAN_POINT('',(-3.144721143113,-1.623572667349));
#4151 = CARTESIAN_POINT('',(-3.14483371373,-1.622699757051));
#4152 = CARTESIAN_POINT('',(-3.144949483316,-1.621762218282));
#4153 = CARTESIAN_POINT('',(-3.145068590319,-1.62075433446));
#4154 = CARTESIAN_POINT('',(-3.14519115028,-1.619669941851));
#4155 = CARTESIAN_POINT('',(-3.145317244534,-1.618502529864));
#4156 = CARTESIAN_POINT('',(-3.145647515596,-1.615300316837));
#4157 = CARTESIAN_POINT('',(-3.145856718143,-1.613139735639));
#4158 = CARTESIAN_POINT('',(-3.14607457609,-1.610739980611));
#4159 = CARTESIAN_POINT('',(-3.146300862681,-1.608075333369));
#4160 = CARTESIAN_POINT('',(-3.146534983452,-1.605121932184));
#4161 = CARTESIAN_POINT('',(-3.146775894799,-1.601861729887));
#4162 = CARTESIAN_POINT('',(-3.147266548716,-1.594734438596));
#4163 = CARTESIAN_POINT('',(-3.147516317208,-1.590870413356));
#4164 = CARTESIAN_POINT('',(-3.147769816237,-1.586685870044));
#4165 = CARTESIAN_POINT('',(-3.148025390273,-1.582179077744));
#4166 = CARTESIAN_POINT('',(-3.14828134519,-1.577354563895));
#4167 = CARTESIAN_POINT('',(-3.148536053411,-1.572222597554));
#4168 = CARTESIAN_POINT('',(-3.148949771085,-1.563318139797));
#4169 = CARTESIAN_POINT('',(-3.14911039651,-1.559716767844));
#4170 = CARTESIAN_POINT('',(-3.149269575587,-1.555997866666));
#4171 = CARTESIAN_POINT('',(-3.149426983271,-1.552165196285));
#4172 = CARTESIAN_POINT('',(-3.149582330048,-1.548222765275));
#4173 = CARTESIAN_POINT('',(-3.149735362778,-1.544174629185));
#4174 = CARTESIAN_POINT('',(-3.150093662711,-1.534294920457));
#4175 = CARTESIAN_POINT('',(-3.150296623784,-1.528371440536));
#4176 = CARTESIAN_POINT('',(-3.150494188156,-1.522264302852));
#4177 = CARTESIAN_POINT('',(-3.150685888353,-1.515983943045));
#4178 = CARTESIAN_POINT('',(-3.15087134048,-1.509540719992));
#4179 = CARTESIAN_POINT('',(-3.151050234677,-1.502944457072));
#4180 = CARTESIAN_POINT('',(-3.151845043501,-1.471813305529));
#4181 = CARTESIAN_POINT('',(-3.152377945272,-1.445563074757));
#4182 = CARTESIAN_POINT('',(-3.152810760875,-1.417839931185));
#4183 = CARTESIAN_POINT('',(-3.153137603842,-1.389060452816));
#4184 = CARTESIAN_POINT('',(-3.153356113444,-1.359612101995));
#4185 = CARTESIAN_POINT('',(-3.153465673555,-1.329828840601));
#4186 = CARTESIAN_POINT('',(-3.153465664922,-1.270168810637));
#4187 = CARTESIAN_POINT('',(-3.153356099082,-1.240385962445));
#4188 = CARTESIAN_POINT('',(-3.153137586656,-1.210938034255));
#4189 = CARTESIAN_POINT('',(-3.152810743813,-1.182158976033));
#4190 = CARTESIAN_POINT('',(-3.152377931268,-1.154436235423));
#4191 = CARTESIAN_POINT('',(-3.151845035318,-1.128186373945));
#4192 = CARTESIAN_POINT('',(-3.151050234677,-1.097055542921));
#4193 = CARTESIAN_POINT('',(-3.15087134048,-1.090459280001));
#4194 = CARTESIAN_POINT('',(-3.150685888353,-1.084016056948));
#4195 = CARTESIAN_POINT('',(-3.150494188155,-1.077735697141));
#4196 = CARTESIAN_POINT('',(-3.150296623784,-1.071628559458));
#4197 = CARTESIAN_POINT('',(-3.150093662711,-1.065705079538));
#4198 = CARTESIAN_POINT('',(-3.1494846415,-1.048912019821));
#4199 = CARTESIAN_POINT('',(-3.149064816322,-1.038555259978));
#4200 = CARTESIAN_POINT('',(-3.14863099641,-1.028998883398));
#4201 = CARTESIAN_POINT('',(-3.148189496802,-1.020333725934));
#4202 = CARTESIAN_POINT('',(-3.147748680276,-1.012621014556));
#4203 = CARTESIAN_POINT('',(-3.147317153394,-1.005858265753));
#4204 = CARTESIAN_POINT('',(-3.146902360179,-0.9999994));
#4205 = ( GEOMETRIC_REPRESENTATION_CONTEXT(2) 
PARAMETRIC_REPRESENTATION_CONTEXT() REPRESENTATION_CONTEXT('2D SPACE',''
  ) );
#4206 = PCURVE('',#4207,#4212);
#4207 = SPHERICAL_SURFACE('',#4208,0.35);
#4208 = AXIS2_PLACEMENT_3D('',#4209,#4210,#4211);
#4209 = CARTESIAN_POINT('',(-28.2,3.453503973596E-15,-7.2));
#4210 = DIRECTION('',(0.,0.,1.));
#4211 = DIRECTION('',(1.,0.,0.));
#4212 = DEFINITIONAL_REPRESENTATION('',(#4213),#4336);
#4213 = B_SPLINE_CURVE_WITH_KNOTS('',7,(#4214,#4215,#4216,#4217,#4218,
    #4219,#4220,#4221,#4222,#4223,#4224,#4225,#4226,#4227,#4228,#4229,
    #4230,#4231,#4232,#4233,#4234,#4235,#4236,#4237,#4238,#4239,#4240,
    #4241,#4242,#4243,#4244,#4245,#4246,#4247,#4248,#4249,#4250,#4251,
    #4252,#4253,#4254,#4255,#4256,#4257,#4258,#4259,#4260,#4261,#4262,
    #4263,#4264,#4265,#4266,#4267,#4268,#4269,#4270,#4271,#4272,#4273,
    #4274,#4275,#4276,#4277,#4278,#4279,#4280,#4281,#4282,#4283,#4284,
    #4285,#4286,#4287,#4288,#4289,#4290,#4291,#4292,#4293,#4294,#4295,
    #4296,#4297,#4298,#4299,#4300,#4301,#4302,#4303,#4304,#4305,#4306,
    #4307,#4308,#4309,#4310,#4311,#4312,#4313,#4314,#4315,#4316,#4317,
    #4318,#4319,#4320,#4321,#4322,#4323,#4324,#4325,#4326,#4327,#4328,
    #4329,#4330,#4331,#4332,#4333,#4334,#4335),.UNSPECIFIED.,.F.,.F.,(8,
    6,6,6,6,6,6,6,6,6,6,6,6,6,6,6,6,6,6,6,8),(0.,5.124403073638E-02,
    7.75476773982E-02,0.170322994688,0.269827986111,0.296393853548,
    0.315634903544,0.345619395797,0.375800280081,0.395308035103,
    0.495375752897,0.604316045623,0.623828012481,0.654015412991,
    0.684006379069,0.703251583319,0.72982318648,0.825973612766,
    0.922122770581,0.94869437237,1.),.UNSPECIFIED.);
#4214 = CARTESIAN_POINT('',(2.156145419968,-1.029700129051));
#4215 = CARTESIAN_POINT('',(2.119860614304,-0.99718117577));
#4216 = CARTESIAN_POINT('',(2.0866658695,-0.961695554347));
#4217 = CARTESIAN_POINT('',(2.056997779618,-0.923603259135));
#4218 = CARTESIAN_POINT('',(2.03082113218,-0.883422756471));
#4219 = CARTESIAN_POINT('',(2.007825540687,-0.841719586324));
#4220 = CARTESIAN_POINT('',(1.987666680316,-0.798959455099));
#4221 = CARTESIAN_POINT('',(1.960925969589,-0.73319051797));
#4222 = CARTESIAN_POINT('',(1.952504952715,-0.710681482171));
#4223 = CARTESIAN_POINT('',(1.944683941124,-0.688009831433));
#4224 = CARTESIAN_POINT('',(1.937416949512,-0.665207623798));
#4225 = CARTESIAN_POINT('',(1.93066156384,-0.642300983937));
#4226 = CARTESIAN_POINT('',(1.924379252183,-0.619310154807));
#4227 = CARTESIAN_POINT('',(1.897924857674,-0.514912728625));
#4228 = CARTESIAN_POINT('',(1.882795870351,-0.432805851474));
#4229 = CARTESIAN_POINT('',(1.871579339866,-0.350429224172));
#4230 = CARTESIAN_POINT('',(1.863522510454,-0.268028923773));
#4231 = CARTESIAN_POINT('',(1.858144516917,-0.185708498363));
#4232 = CARTESIAN_POINT('',(1.855202836773,-0.1034408497));
#4233 = CARTESIAN_POINT('',(1.854106622413,6.727009923521E-02));
#4234 = CARTESIAN_POINT('',(1.85631610341,0.155348745813));
#4235 = CARTESIAN_POINT('',(1.861242463537,0.243451245237));
#4236 = CARTESIAN_POINT('',(1.869122475551,0.33168232261));
#4237 = CARTESIAN_POINT('',(1.880502221254,0.419957549906));
#4238 = CARTESIAN_POINT('',(1.896242997126,0.507980771056));
#4239 = CARTESIAN_POINT('',(1.924115544674,0.618345715738));
#4240 = CARTESIAN_POINT('',(1.930433742454,0.641531611948));
#4241 = CARTESIAN_POINT('',(1.9372318735,0.664632487404));
#4242 = CARTESIAN_POINT('',(1.944549360091,0.68762769813));
#4243 = CARTESIAN_POINT('',(1.952429640747,0.710490528376));
#4244 = CARTESIAN_POINT('',(1.960919850671,0.73318813614));
#4245 = CARTESIAN_POINT('',(1.976698109736,0.771972926576));
#4246 = CARTESIAN_POINT('',(1.983671866148,0.788156457509));
#4247 = CARTESIAN_POINT('',(1.991010525195,0.80421693082));
#4248 = CARTESIAN_POINT('',(1.998733345936,0.820136307671));
#4249 = CARTESIAN_POINT('',(2.006859221584,0.835894010378));
#4250 = CARTESIAN_POINT('',(2.015405808358,0.851467261736));
#4251 = CARTESIAN_POINT('',(2.038387166692,0.890774328404));
#4252 = CARTESIAN_POINT('',(2.053448678005,0.914215590569));
#4253 = CARTESIAN_POINT('',(2.069626377011,0.937051842358));
#4254 = CARTESIAN_POINT('',(2.086960208064,0.959174368708));
#4255 = CARTESIAN_POINT('',(2.105464725,0.980477363589));
#4256 = CARTESIAN_POINT('',(2.125116945,1.00086618563));
#4257 = CARTESIAN_POINT('',(2.166707219006,1.039792103985));
#4258 = CARTESIAN_POINT('',(2.188666878821,1.058323370944));
#4259 = CARTESIAN_POINT('',(2.211651232629,1.075780317343));
#4260 = CARTESIAN_POINT('',(2.23556508945,1.092131313851));
#4261 = CARTESIAN_POINT('',(2.260298793979,1.107381439953));
#4262 = CARTESIAN_POINT('',(2.285737003983,1.121561724819));
#4263 = CARTESIAN_POINT('',(2.328592551578,1.143222345935));
#4264 = CARTESIAN_POINT('',(2.345668100768,1.151300114969));
#4265 = CARTESIAN_POINT('',(2.362967135198,1.158965618413));
#4266 = CARTESIAN_POINT('',(2.38046447708,1.166235147296));
#4267 = CARTESIAN_POINT('',(2.398137227832,1.173126443126));
#4268 = CARTESIAN_POINT('',(2.415965245001,1.179657780482));
#4269 = CARTESIAN_POINT('',(2.526092611508,1.217595758538));
#4270 = CARTESIAN_POINT('',(2.621544087717,1.240223168569));
#4271 = CARTESIAN_POINT('',(2.718700068107,1.256548746287));
#4272 = CARTESIAN_POINT('',(2.816555612618,1.26810671565));
#4273 = CARTESIAN_POINT('',(2.914595451813,1.27576027756));
#4274 = CARTESIAN_POINT('',(3.012711998416,1.280017637314));
#4275 = CARTESIAN_POINT('',(3.218440192029,1.281876143316));
#4276 = CARTESIAN_POINT('',(3.325247170692,1.278846166068));
#4277 = CARTESIAN_POINT('',(3.432049644459,1.271971425041));
#4278 = CARTESIAN_POINT('',(3.538762277084,1.26072632005));
#4279 = CARTESIAN_POINT('',(3.644791166713,1.244134218314));
#4280 = CARTESIAN_POINT('',(3.748942833849,1.220403319356));
#4281 = CARTESIAN_POINT('',(3.867220062194,1.179657780476));
#4282 = CARTESIAN_POINT('',(3.885048079362,1.17312644312));
#4283 = CARTESIAN_POINT('',(3.902720830114,1.16623514729));
#4284 = CARTESIAN_POINT('',(3.920218171995,1.158965618407));
#4285 = CARTESIAN_POINT('',(3.937517206425,1.151300114963));
#4286 = CARTESIAN_POINT('',(3.954592755614,1.143222345929));
#4287 = CARTESIAN_POINT('',(3.997448303208,1.121561724812));
#4288 = CARTESIAN_POINT('',(4.022886513212,1.107381439946));
#4289 = CARTESIAN_POINT('',(4.04762021774,1.092131313844));
#4290 = CARTESIAN_POINT('',(4.071534074561,1.075780317336));
#4291 = CARTESIAN_POINT('',(4.094518428369,1.058323370936));
#4292 = CARTESIAN_POINT('',(4.116478088182,1.039792103977));
#4293 = CARTESIAN_POINT('',(4.158068362187,1.000866185622));
#4294 = CARTESIAN_POINT('',(4.177720582187,0.980477363581));
#4295 = CARTESIAN_POINT('',(4.196225099123,0.959174368699));
#4296 = CARTESIAN_POINT('',(4.213558930175,0.937051842349));
#4297 = CARTESIAN_POINT('',(4.229736629181,0.91421559056));
#4298 = CARTESIAN_POINT('',(4.244798140493,0.890774328395));
#4299 = CARTESIAN_POINT('',(4.267779498827,0.851467261727));
#4300 = CARTESIAN_POINT('',(4.276326085601,0.835894010369));
#4301 = CARTESIAN_POINT('',(4.284451961248,0.820136307661));
#4302 = CARTESIAN_POINT('',(4.29217478199,0.80421693081));
#4303 = CARTESIAN_POINT('',(4.299513441036,0.788156457499));
#4304 = CARTESIAN_POINT('',(4.306487197448,0.771972926566));
#4305 = CARTESIAN_POINT('',(4.322265456512,0.733188136129));
#4306 = CARTESIAN_POINT('',(4.330755666436,0.710490528365));
#4307 = CARTESIAN_POINT('',(4.338635947092,0.687627698118));
#4308 = CARTESIAN_POINT('',(4.345953433683,0.664632487392));
#4309 = CARTESIAN_POINT('',(4.35275156473,0.641531611935));
#4310 = CARTESIAN_POINT('',(4.359069762509,0.618345715725));
#4311 = CARTESIAN_POINT('',(4.386196072817,0.510935593575));
#4312 = CARTESIAN_POINT('',(4.401600383361,0.425959009592));
#4313 = CARTESIAN_POINT('',(4.412883806745,0.340716620118));
#4314 = CARTESIAN_POINT('',(4.420847125208,0.255469171242));
#4315 = CARTESIAN_POINT('',(4.425998393202,0.170320358851));
#4316 = CARTESIAN_POINT('',(4.428579142044,8.522525886073E-02));
#4317 = CARTESIAN_POINT('',(4.428578938631,-8.523196961045E-02));
#4318 = CARTESIAN_POINT('',(4.425998054739,-0.170325955406));
#4319 = CARTESIAN_POINT('',(4.420846706344,-0.255473652753));
#4320 = CARTESIAN_POINT('',(4.412883362016,-0.340719980223));
#4321 = CARTESIAN_POINT('',(4.401599978562,-0.425961242635));
#4322 = CARTESIAN_POINT('',(4.386195793528,-0.510936699466));
#4323 = CARTESIAN_POINT('',(4.359069762502,-0.618345715751));
#4324 = CARTESIAN_POINT('',(4.352751564722,-0.64153161196));
#4325 = CARTESIAN_POINT('',(4.345953433675,-0.664632487416));
#4326 = CARTESIAN_POINT('',(4.338635947084,-0.687627698141));
#4327 = CARTESIAN_POINT('',(4.330755666429,-0.710490528387));
#4328 = CARTESIAN_POINT('',(4.322265456504,-0.733188136151));
#4329 = CARTESIAN_POINT('',(4.29544632104,-0.799112681078));
#4330 = CARTESIAN_POINT('',(4.275291128443,-0.841844051481));
#4331 = CARTESIAN_POINT('',(4.252301500144,-0.883519054171));
#4332 = CARTESIAN_POINT('',(4.226133973338,-0.92367219814));
#4333 = CARTESIAN_POINT('',(4.196479195835,-0.961738534546));
#4334 = CARTESIAN_POINT('',(4.163302785772,-0.997200809223));
#4335 = CARTESIAN_POINT('',(4.127039887212,-1.029700129051));
#4336 = ( GEOMETRIC_REPRESENTATION_CONTEXT(2) 
PARAMETRIC_REPRESENTATION_CONTEXT() REPRESENTATION_CONTEXT('2D SPACE',''
  ) );
#4337 = ORIENTED_EDGE('',*,*,#4338,.T.);
#4338 = EDGE_CURVE('',#3954,#4339,#4341,.T.);
#4339 = VERTEX_POINT('',#4340);
#4340 = CARTESIAN_POINT('',(14.019667057885,24.583306034503,-7.5));
#4341 = SURFACE_CURVE('',#4342,(#4347,#4354),.PCURVE_S1.);
#4342 = CIRCLE('',#4343,28.3);
#4343 = AXIS2_PLACEMENT_3D('',#4344,#4345,#4346);
#4344 = CARTESIAN_POINT('',(0.,0.,-7.5));
#4345 = DIRECTION('',(0.,0.,-1.));
#4346 = DIRECTION('',(1.,0.,0.));
#4347 = PCURVE('',#3339,#4348);
#4348 = DEFINITIONAL_REPRESENTATION('',(#4349),#4353);
#4349 = LINE('',#4350,#4351);
#4350 = CARTESIAN_POINT('',(-6.28318530718,-1.));
#4351 = VECTOR('',#4352,1.);
#4352 = DIRECTION('',(1.,-0.));
#4353 = ( GEOMETRIC_REPRESENTATION_CONTEXT(2) 
PARAMETRIC_REPRESENTATION_CONTEXT() REPRESENTATION_CONTEXT('2D SPACE',''
  ) );
#4354 = PCURVE('',#2903,#4355);
#4355 = DEFINITIONAL_REPRESENTATION('',(#4356),#4364);
#4356 = ( BOUNDED_CURVE() B_SPLINE_CURVE(2,(#4357,#4358,#4359,#4360,
#4361,#4362,#4363),.UNSPECIFIED.,.T.,.F.) B_SPLINE_CURVE_WITH_KNOTS((1,2
    ,2,2,2,1),(-2.094395102393,0.,2.094395102393,4.188790204786,
6.28318530718,8.377580409573),.UNSPECIFIED.) CURVE() 
GEOMETRIC_REPRESENTATION_ITEM() RATIONAL_B_SPLINE_CURVE((1.,0.5,1.,0.5,
1.,0.5,1.)) REPRESENTATION_ITEM('') );
#4357 = CARTESIAN_POINT('',(28.3,-1.805139506451E-15));
#4358 = CARTESIAN_POINT('',(28.3,-49.01703785419));
#4359 = CARTESIAN_POINT('',(-14.15,-24.5085189271));
#4360 = CARTESIAN_POINT('',(-56.6,-8.736640389625E-15));
#4361 = CARTESIAN_POINT('',(-14.15,24.5085189271));
#4362 = CARTESIAN_POINT('',(28.3,49.017037854199));
#4363 = CARTESIAN_POINT('',(28.3,-1.805139506451E-15));
#4364 = ( GEOMETRIC_REPRESENTATION_CONTEXT(2) 
PARAMETRIC_REPRESENTATION_CONTEXT() REPRESENTATION_CONTEXT('2D SPACE',''
  ) );
#4365 = ORIENTED_EDGE('',*,*,#4366,.T.);
#4366 = EDGE_CURVE('',#4339,#4367,#4369,.T.);
#4367 = VERTEX_POINT('',#4368);
#4368 = CARTESIAN_POINT('',(14.279934005945,24.43304084198,-7.5));
#4369 = SURFACE_CURVE('',#4370,(#4493,#4676),.PCURVE_S1.);
#4370 = B_SPLINE_CURVE_WITH_KNOTS('',7,(#4371,#4372,#4373,#4374,#4375,
    #4376,#4377,#4378,#4379,#4380,#4381,#4382,#4383,#4384,#4385,#4386,
    #4387,#4388,#4389,#4390,#4391,#4392,#4393,#4394,#4395,#4396,#4397,
    #4398,#4399,#4400,#4401,#4402,#4403,#4404,#4405,#4406,#4407,#4408,
    #4409,#4410,#4411,#4412,#4413,#4414,#4415,#4416,#4417,#4418,#4419,
    #4420,#4421,#4422,#4423,#4424,#4425,#4426,#4427,#4428,#4429,#4430,
    #4431,#4432,#4433,#4434,#4435,#4436,#4437,#4438,#4439,#4440,#4441,
    #4442,#4443,#4444,#4445,#4446,#4447,#4448,#4449,#4450,#4451,#4452,
    #4453,#4454,#4455,#4456,#4457,#4458,#4459,#4460,#4461,#4462,#4463,
    #4464,#4465,#4466,#4467,#4468,#4469,#4470,#4471,#4472,#4473,#4474,
    #4475,#4476,#4477,#4478,#4479,#4480,#4481,#4482,#4483,#4484,#4485,
    #4486,#4487,#4488,#4489,#4490,#4491,#4492),.UNSPECIFIED.,.F.,.F.,(8,
    6,6,6,6,6,6,6,6,6,6,6,6,6,6,6,6,6,6,6,8),(0.,7.695731016454E-02,
    0.116318833971,0.260415255472,0.406543294358,0.445908182959,
    0.474609607867,0.519517261871,0.56538419899,0.594061836476,
    0.762464794399,0.90877574007,0.983252099666,0.999998872427,
    1.059526207633,1.098362534145,1.241669758407,1.382969454121,
    1.422024691771,1.481765131976,1.501883221304),.UNSPECIFIED.);
#4371 = CARTESIAN_POINT('',(14.019667057886,24.583306034503,-7.5));
#4372 = CARTESIAN_POINT('',(14.009485463688,24.589112517999,
    -7.494149920849));
#4373 = CARTESIAN_POINT('',(13.998890916181,24.595147985018,
    -7.487398668572));
#4374 = CARTESIAN_POINT('',(13.988065188595,24.601307832139,
    -7.479700366629));
#4375 = CARTESIAN_POINT('',(13.977218738861,24.607471711567,
    -7.47105248619));
#4376 = CARTESIAN_POINT('',(13.966556607677,24.613523415746,
    -7.461515814878));
#4377 = CARTESIAN_POINT('',(13.956234124796,24.619375656117,
    -7.451180687608));
#4378 = CARTESIAN_POINT('',(13.941317085066,24.62782393122,
    -7.43449382645));
#4379 = CARTESIAN_POINT('',(13.936384162889,24.630616100305,
    -7.428658587458));
#4380 = CARTESIAN_POINT('',(13.931579480114,24.633334178409,
    -7.422644482826));
#4381 = CARTESIAN_POINT('',(13.926914200584,24.635971994211,
    -7.416461523195));
#4382 = CARTESIAN_POINT('',(13.922397534006,24.638524494702,
    -7.410119647683));
#4383 = CARTESIAN_POINT('',(13.918036951995,24.640987615153,
    -7.403628291662));
#4384 = CARTESIAN_POINT('',(13.898468172857,24.652036305394,
    -7.372715999037));
#4385 = CARTESIAN_POINT('',(13.885287879192,24.65946325657,
    -7.346575634675));
#4386 = CARTESIAN_POINT('',(13.874554891616,24.665501270396,
    -7.318958793055));
#4387 = CARTESIAN_POINT('',(13.86641857599,24.670073467369,
    -7.290280044388));
#4388 = CARTESIAN_POINT('',(13.860939981294,24.673150468809,
    -7.260924946108));
#4389 = CARTESIAN_POINT('',(13.858135981037,24.674725269962,
    -7.231225488392));
#4390 = CARTESIAN_POINT('',(13.857906957549,24.674853895685,
    -7.171289568954));
#4391 = CARTESIAN_POINT('',(13.860558703527,24.673364604705,
    -7.14114926855));
#4392 = CARTESIAN_POINT('',(13.865961898723,24.670330089056,
    -7.111343073501));
#4393 = CARTESIAN_POINT('',(13.874100842597,24.665756694712,
    -7.08221577789));
#4394 = CARTESIAN_POINT('',(13.884914022581,24.65967391453,
    -7.054168799306));
#4395 = CARTESIAN_POINT('',(13.898247387377,24.652160957983,
    -7.027634454956));
#4396 = CARTESIAN_POINT('',(13.918031302019,24.640990806433,
    -6.996380179955));
#4397 = CARTESIAN_POINT('',(13.922391850065,24.638527706491,
    -6.989888450168));
#4398 = CARTESIAN_POINT('',(13.926908499378,24.635975217142,
    -6.983546201982));
#4399 = CARTESIAN_POINT('',(13.931573778719,24.633337402882,
    -6.977362871416));
#4400 = CARTESIAN_POINT('',(13.936378478792,24.630619316467,
    -6.971348398305));
#4401 = CARTESIAN_POINT('',(13.941311436161,24.627827128965,
    -6.965512794093));
#4402 = CARTESIAN_POINT('',(13.950039789357,24.622883823104,
    -6.955748350808));
#4403 = CARTESIAN_POINT('',(13.953781192581,24.620764030479,
    -6.951731388816));
#4404 = CARTESIAN_POINT('',(13.957578290332,24.618611796791,
    -6.947818641314));
#4405 = CARTESIAN_POINT('',(13.961424958861,24.616430545356,
    -6.944014074209));
#4406 = CARTESIAN_POINT('',(13.965314208137,24.614224198713,
    -6.940321607278));
#4407 = CARTESIAN_POINT('',(13.969238202802,24.611997169404,
    -6.93674491979));
#4408 = CARTESIAN_POINT('',(13.97936877213,24.606245126916,
    -6.927877226387));
#4409 = CARTESIAN_POINT('',(13.985614655362,24.602696380095,
    -6.922757116861));
#4410 = CARTESIAN_POINT('',(13.991890496856,24.599128130567,
    -6.917942251096));
#4411 = CARTESIAN_POINT('',(13.998156695688,24.595562860269,
    -6.913442849697));
#4412 = CARTESIAN_POINT('',(14.004372026756,24.592024066522,
    -6.909263500078));
#4413 = CARTESIAN_POINT('',(14.010496181568,24.588534815765,
    -6.905402626209));
#4414 = CARTESIAN_POINT('',(14.022616521177,24.581624755025,
    -6.898225443835));
#4415 = CARTESIAN_POINT('',(14.028609581551,24.578205625068,
    -6.894921462764));
#4416 = CARTESIAN_POINT('',(14.034431281288,24.574882018468,
    -6.891931660334));
#4417 = CARTESIAN_POINT('',(14.040055101785,24.571669313808,
    -6.889237402023));
#4418 = CARTESIAN_POINT('',(14.045466084049,24.568576331192,
    -6.886813954428));
#4419 = CARTESIAN_POINT('',(14.050658698051,24.565606506242,
    -6.884634666099));
#4420 = CARTESIAN_POINT('',(14.058745892728,24.560978742157,
    -6.881449988319));
#4421 = CARTESIAN_POINT('',(14.061772919297,24.559245965635,
    -6.880310460898));
#4422 = CARTESIAN_POINT('',(14.064716678668,24.557560286586,
    -6.879250247376));
#4423 = CARTESIAN_POINT('',(14.067579073764,24.555920671512,
    -6.87826325704));
#4424 = CARTESIAN_POINT('',(14.070362774173,24.554325643396,
    -6.877343717482));
#4425 = CARTESIAN_POINT('',(14.073070966753,24.552773423753,
    -6.876486264891));
#4426 = CARTESIAN_POINT('',(14.091187240826,24.542387018079,
    -6.870986860927));
#4427 = CARTESIAN_POINT('',(14.104103049243,24.534967013408,
    -6.868283767922));
#4428 = CARTESIAN_POINT('',(14.115395003645,24.528471831638,
    -6.866501219279));
#4429 = CARTESIAN_POINT('',(14.125684387835,24.522546700872,
    -6.865381506864));
#4430 = CARTESIAN_POINT('',(14.135363580719,24.516967438032,
    -6.864722601692));
#4431 = CARTESIAN_POINT('',(14.144783245502,24.511532577387,
    -6.864461952642));
#4432 = CARTESIAN_POINT('',(14.162683624936,24.501193540273,
    -6.864771309823));
#4433 = CARTESIAN_POINT('',(14.171065016885,24.496348155505,
    -6.865236167554));
#4434 = CARTESIAN_POINT('',(14.179775814156,24.49130799509,
    -6.866037572786));
#4435 = CARTESIAN_POINT('',(14.189074423584,24.485922840399,
    -6.867247446861));
#4436 = CARTESIAN_POINT('',(14.199250650834,24.480023475938,
    -6.869021163468));
#4437 = CARTESIAN_POINT('',(14.210748492371,24.473350154123,
    -6.871600102294));
#4438 = CARTESIAN_POINT('',(14.230978924348,24.461588279695,
    -6.877762054897));
#4439 = CARTESIAN_POINT('',(14.2382937862,24.457332484225,
    -6.880229344134));
#4440 = CARTESIAN_POINT('',(14.246154450394,24.452755614182,
    -6.883170849662));
#4441 = CARTESIAN_POINT('',(14.254598337176,24.44783493489,
    -6.886689922647));
#4442 = CARTESIAN_POINT('',(14.263635388543,24.442563415239,
    -6.890910269228));
#4443 = CARTESIAN_POINT('',(14.273187157161,24.436985487492,
    -6.89595194177));
#4444 = CARTESIAN_POINT('',(14.285305470847,24.429900823486,
    -6.90317255997));
#4445 = CARTESIAN_POINT('',(14.287547500697,24.428589760697,
    -6.904541299813));
#4446 = CARTESIAN_POINT('',(14.2898050437,24.427269302332,
    -6.905953689072));
#4447 = CARTESIAN_POINT('',(14.292076190518,24.425940557174,
    -6.907410060252));
#4448 = CARTESIAN_POINT('',(14.294358955146,24.424604680538,
    -6.908910605311));
#4449 = CARTESIAN_POINT('',(14.296651274912,24.423262874264,
    -6.910455375662));
#4450 = CARTESIAN_POINT('',(14.307125548448,24.417130221863,
    -6.91769213873));
#4451 = CARTESIAN_POINT('',(14.315392572402,24.412285621214,
    -6.923896637396));
#4452 = CARTESIAN_POINT('',(14.323657650099,24.407437690996,
    -6.930653724975));
#4453 = CARTESIAN_POINT('',(14.331829362381,24.402640085168,
    -6.937941973894));
#4454 = CARTESIAN_POINT('',(14.339829935603,24.397938735715,
    -6.94572745205));
#4455 = CARTESIAN_POINT('',(14.347599458721,24.393369291525,
    -6.953970935315));
#4456 = CARTESIAN_POINT('',(14.359983005554,24.38608046135,
    -6.96829160605));
#4457 = CARTESIAN_POINT('',(14.364755518308,24.383269868849,
    -6.974126218199));
#4458 = CARTESIAN_POINT('',(14.369399280132,24.380533650234,
    -6.980132007485));
#4459 = CARTESIAN_POINT('',(14.373904316428,24.377877825386,
    -6.986299401132));
#4460 = CARTESIAN_POINT('',(14.378262414839,24.375307386734,
    -6.992618923575));
#4461 = CARTESIAN_POINT('',(14.382466918905,24.372826413798,
    -6.999081574808));
#4462 = CARTESIAN_POINT('',(14.401440918987,24.361625561041,
    -7.03002467821));
#4463 = CARTESIAN_POINT('',(14.414196865239,24.354081003332,
    -7.056193809103));
#4464 = CARTESIAN_POINT('',(14.424529121676,24.347960339133,
    -7.083792174767));
#4465 = CARTESIAN_POINT('',(14.43230844088,24.343347234301,
    -7.112405850853));
#4466 = CARTESIAN_POINT('',(14.437487914158,24.340274263691,
    -7.141664906354));
#4467 = CARTESIAN_POINT('',(14.440054702894,24.338751409718,
    -7.171256372224));
#4468 = CARTESIAN_POINT('',(14.439915816,24.33883381005,-7.230163833868)
  );
#4469 = CARTESIAN_POINT('',(14.437283701931,24.340395420034,
    -7.259365577734));
#4470 = CARTESIAN_POINT('',(14.432100327034,24.343470622979,
    -7.28824473617));
#4471 = CARTESIAN_POINT('',(14.424380381109,24.348048384414,
    -7.316482559134));
#4472 = CARTESIAN_POINT('',(14.414177316574,24.354092364818,
    -7.343714782865));
#4473 = CARTESIAN_POINT('',(14.401620423639,24.361519249409,
    -7.369553097388));
#4474 = CARTESIAN_POINT('',(14.382871327645,24.372587769897,
    -7.400292379452));
#4475 = CARTESIAN_POINT('',(14.378649695441,24.375078944271,
    -7.40681260405));
#4476 = CARTESIAN_POINT('',(14.37427183999,24.377661129254,-7.413188266)
  );
#4477 = CARTESIAN_POINT('',(14.369744488987,24.38033019984,
    -7.419410188194));
#4478 = CARTESIAN_POINT('',(14.365075954008,24.383081101516,
    -7.425468705087));
#4479 = CARTESIAN_POINT('',(14.360276343702,24.385907731851,
    -7.431354049455));
#4480 = CARTESIAN_POINT('',(14.347834142278,24.393231266929,
    -7.445779799429));
#4481 = CARTESIAN_POINT('',(14.340031315247,24.397820398694,
    -7.454076422748));
#4482 = CARTESIAN_POINT('',(14.331993925904,24.402543469335,
    -7.461911157107));
#4483 = CARTESIAN_POINT('',(14.323782521404,24.407364446561,
    -7.469244135931));
#4484 = CARTESIAN_POINT('',(14.315475884718,24.412236798841,
    -7.476040821861));
#4485 = CARTESIAN_POINT('',(14.307166763688,24.417106090476,
    -7.482279385316));
#4486 = CARTESIAN_POINT('',(14.296184287358,24.423536293927,
    -7.48986726994));
#4487 = CARTESIAN_POINT('',(14.293428268976,24.425149442286,
    -7.491714948095));
#4488 = CARTESIAN_POINT('',(14.290686719528,24.426753635383,
    -7.493498592194));
#4489 = CARTESIAN_POINT('',(14.287963217811,24.428346788665,
    -7.495218338534));
#4490 = CARTESIAN_POINT('',(14.285261157216,24.429926929438,
    -7.496874619816));
#4491 = CARTESIAN_POINT('',(14.282583745732,24.431492196867,
    -7.498468165138));
#4492 = CARTESIAN_POINT('',(14.279934005945,24.43304084198,-7.5));
#4493 = PCURVE('',#3339,#4494);
#4494 = DEFINITIONAL_REPRESENTATION('',(#4495),#4675);
#4495 = B_SPLINE_CURVE_WITH_KNOTS('',3,(#4496,#4497,#4498,#4499,#4500,
    #4501,#4502,#4503,#4504,#4505,#4506,#4507,#4508,#4509,#4510,#4511,
    #4512,#4513,#4514,#4515,#4516,#4517,#4518,#4519,#4520,#4521,#4522,
    #4523,#4524,#4525,#4526,#4527,#4528,#4529,#4530,#4531,#4532,#4533,
    #4534,#4535,#4536,#4537,#4538,#4539,#4540,#4541,#4542,#4543,#4544,
    #4545,#4546,#4547,#4548,#4549,#4550,#4551,#4552,#4553,#4554,#4555,
    #4556,#4557,#4558,#4559,#4560,#4561,#4562,#4563,#4564,#4565,#4566,
    #4567,#4568,#4569,#4570,#4571,#4572,#4573,#4574,#4575,#4576,#4577,
    #4578,#4579,#4580,#4581,#4582,#4583,#4584,#4585,#4586,#4587,#4588,
    #4589,#4590,#4591,#4592,#4593,#4594,#4595,#4596,#4597,#4598,#4599,
    #4600,#4601,#4602,#4603,#4604,#4605,#4606,#4607,#4608,#4609,#4610,
    #4611,#4612,#4613,#4614,#4615,#4616,#4617,#4618,#4619,#4620,#4621,
    #4622,#4623,#4624,#4625,#4626,#4627,#4628,#4629,#4630,#4631,#4632,
    #4633,#4634,#4635,#4636,#4637,#4638,#4639,#4640,#4641,#4642,#4643,
    #4644,#4645,#4646,#4647,#4648,#4649,#4650,#4651,#4652,#4653,#4654,
    #4655,#4656,#4657,#4658,#4659,#4660,#4661,#4662,#4663,#4664,#4665,
    #4666,#4667,#4668,#4669,#4670,#4671,#4672,#4673,#4674),
  .UNSPECIFIED.,.F.,.F.,(4,1,1,1,1,1,1,1,1,1,1,1,1,1,1,1,1,1,1,1,1,1,1,1
    ,1,1,1,1,1,1,1,1,1,1,1,1,1,1,1,1,1,1,1,1,1,1,1,1,1,1,1,1,1,1,1,1,1,1
    ,1,1,1,1,1,1,1,1,1,1,1,1,1,1,1,1,1,1,1,1,1,1,1,1,1,1,1,1,1,1,1,1,1,1
    ,1,1,1,1,1,1,1,1,1,1,1,1,1,1,1,1,1,1,1,1,1,1,1,1,1,1,1,1,1,1,1,1,1,1
    ,1,1,1,1,1,1,1,1,1,1,1,1,1,1,1,1,1,1,1,1,1,1,1,1,1,1,1,1,1,1,1,1,1,1
    ,1,1,1,1,1,1,1,1,1,1,1,1,1,1,1,1,4),(0.,8.533427393774E-03,
    1.706685478755E-02,2.560028218132E-02,3.413370957509E-02,
    4.266713696887E-02,5.120056436264E-02,5.973399175642E-02,
    6.826741915019E-02,7.680084654396E-02,8.533427393774E-02,
    9.386770133151E-02,0.102401128725,0.110934556119,0.119467983513,
    0.128001410907,0.1365348383,0.145068265694,0.153601693088,
    0.162135120482,0.170668547875,0.179201975269,0.187735402663,
    0.196268830057,0.204802257451,0.213335684844,0.221869112238,
    0.230402539632,0.238935967026,0.247469394419,0.256002821813,
    0.264536249207,0.273069676601,0.281603103995,0.290136531388,
    0.298669958782,0.307203386176,0.31573681357,0.324270240963,
    0.332803668357,0.341337095751,0.349870523145,0.358403950538,
    0.366937377932,0.375470805326,0.38400423272,0.392537660114,
    0.401071087507,0.409604514901,0.418137942295,0.426671369689,
    0.435204797082,0.443738224476,0.45227165187,0.460805079264,
    0.469338506658,0.477871934051,0.486405361445,0.494938788839,
    0.503472216233,0.512005643626,0.52053907102,0.529072498414,
    0.537605925808,0.546139353202,0.554672780595,0.563206207989,
    0.571739635383,0.580273062777,0.58880649017,0.597339917564,
    0.605873344958,0.614406772352,0.622940199745,0.631473627139,
    0.640007054533,0.648540481927,0.657073909321,0.665607336714,
    0.674140764108,0.682674191502,0.691207618896,0.699741046289,
    0.708274473683,0.716807901077,0.725341328471,0.733874755865,
    0.742408183258,0.750941610652,0.759475038046,0.76800846544,
    0.776541892833,0.785075320227,0.793608747621,0.802142175015,
    0.810675602409,0.819209029802,0.827742457196,0.83627588459,
    0.844809311984,0.853342739377,0.861876166771,0.870409594165,
    0.878943021559,0.887476448952,0.896009876346,0.90454330374,
    0.913076731134,0.921610158528,0.930143585921,0.938677013315,
    0.947210440709,0.955743868103,0.964277295496,0.97281072289,
    0.981344150284,0.989877577678,0.998411005072,1.006944432465,
    1.015477859859,1.024011287253,1.032544714647,1.04107814204,
    1.049611569434,1.058144996828,1.066678424222,1.075211851615,
    1.083745279009,1.092278706403,1.100812133797,1.109345561191,
    1.117878988584,1.126412415978,1.134945843372,1.143479270766,
    1.152012698159,1.160546125553,1.169079552947,1.177612980341,
    1.186146407735,1.194679835128,1.203213262522,1.211746689916,
    1.22028011731,1.228813544703,1.237346972097,1.245880399491,
    1.254413826885,1.262947254279,1.271480681672,1.280014109066,
    1.28854753646,1.297080963854,1.305614391247,1.314147818641,
    1.322681246035,1.331214673429,1.339748100822,1.348281528216,
    1.35681495561,1.365348383004,1.373881810398,1.382415237791,
    1.390948665185,1.399482092579,1.408015519973,1.416548947366,
    1.42508237476,1.433615802154,1.442149229548,1.450682656942,
    1.459216084335,1.467749511729,1.476282939123,1.484816366517,
    1.49334979391,1.501883221304),.QUASI_UNIFORM_KNOTS.);
#4496 = CARTESIAN_POINT('',(-1.052507300264,-1.));
#4497 = CARTESIAN_POINT('',(-1.052614452409,-1.001513093184));
#4498 = CARTESIAN_POINT('',(-1.05283165373,-1.004696331937));
#4499 = CARTESIAN_POINT('',(-1.053163876672,-1.00994591409));
#4500 = CARTESIAN_POINT('',(-1.053500265315,-1.015676232635));
#4501 = CARTESIAN_POINT('',(-1.053838512329,-1.021884740707));
#4502 = CARTESIAN_POINT('',(-1.054176352314,-1.028563441774));
#4503 = CARTESIAN_POINT('',(-1.054511609839,-1.035698677573));
#4504 = CARTESIAN_POINT('',(-1.054842245538,-1.043271966961));
#4505 = CARTESIAN_POINT('',(-1.055166415433,-1.05126146083));
#4506 = CARTESIAN_POINT('',(-1.055482423014,-1.059640999263));
#4507 = CARTESIAN_POINT('',(-1.055789015028,-1.068388880427));
#4508 = CARTESIAN_POINT('',(-1.056085314797,-1.077489518526));
#4509 = CARTESIAN_POINT('',(-1.05637034841,-1.086920441594));
#4510 = CARTESIAN_POINT('',(-1.0566433466,-1.096661113945));
#4511 = CARTESIAN_POINT('',(-1.056903675549,-1.106692319186));
#4512 = CARTESIAN_POINT('',(-1.057150705438,-1.116991261853));
#4513 = CARTESIAN_POINT('',(-1.057384031961,-1.127541104667));
#4514 = CARTESIAN_POINT('',(-1.057603285352,-1.138324650767));
#4515 = CARTESIAN_POINT('',(-1.057808139157,-1.149324674605));
#4516 = CARTESIAN_POINT('',(-1.05799830529,-1.160523946599));
#4517 = CARTESIAN_POINT('',(-1.058173532558,-1.171905330337));
#4518 = CARTESIAN_POINT('',(-1.058333604061,-1.183451850898));
#4519 = CARTESIAN_POINT('',(-1.058478334709,-1.195146761497));
#4520 = CARTESIAN_POINT('',(-1.058607568554,-1.206973601324));
#4521 = CARTESIAN_POINT('',(-1.058721176019,-1.218916246125));
#4522 = CARTESIAN_POINT('',(-1.058819051027,-1.23095895276));
#4523 = CARTESIAN_POINT('',(-1.058901108051,-1.243086391455));
#4524 = CARTESIAN_POINT('',(-1.05896727905,-1.255283689951));
#4525 = CARTESIAN_POINT('',(-1.059017510524,-1.267536399248));
#4526 = CARTESIAN_POINT('',(-1.059051759806,-1.279830718211));
#4527 = CARTESIAN_POINT('',(-1.059069994044,-1.292152718537));
#4528 = CARTESIAN_POINT('',(-1.059072178958,-1.304491267073));
#4529 = CARTESIAN_POINT('',(-1.059058310268,-1.316817305807));
#4530 = CARTESIAN_POINT('',(-1.059028421225,-1.329119406403));
#4531 = CARTESIAN_POINT('',(-1.058982542122,-1.341383822765));
#4532 = CARTESIAN_POINT('',(-1.058920712673,-1.353596815027));
#4533 = CARTESIAN_POINT('',(-1.058842982692,-1.365744032628));
#4534 = CARTESIAN_POINT('',(-1.058749415863,-1.377810694227));
#4535 = CARTESIAN_POINT('',(-1.058640092628,-1.389781562978));
#4536 = CARTESIAN_POINT('',(-1.058515113249,-1.401640985541));
#4537 = CARTESIAN_POINT('',(-1.058374600733,-1.413372923024));
#4538 = CARTESIAN_POINT('',(-1.058218703697,-1.424960992919));
#4539 = CARTESIAN_POINT('',(-1.058047599128,-1.436388517829));
#4540 = CARTESIAN_POINT('',(-1.057861495096,-1.447638578915));
#4541 = CARTESIAN_POINT('',(-1.057660633085,-1.458694086782));
#4542 = CARTESIAN_POINT('',(-1.057445291241,-1.469537821243));
#4543 = CARTESIAN_POINT('',(-1.057215783542,-1.480152621676));
#4544 = CARTESIAN_POINT('',(-1.056972473519,-1.49052104989));
#4545 = CARTESIAN_POINT('',(-1.056715732927,-1.500627056381));
#4546 = CARTESIAN_POINT('',(-1.056446150857,-1.510448473593));
#4547 = CARTESIAN_POINT('',(-1.056164347433,-1.519965587032));
#4548 = CARTESIAN_POINT('',(-1.055871062357,-1.529157920734));
#4549 = CARTESIAN_POINT('',(-1.055567177861,-1.538004422302));
#4550 = CARTESIAN_POINT('',(-1.055253725694,-1.546484067733));
#4551 = CARTESIAN_POINT('',(-1.054931953548,-1.554574981748));
#4552 = CARTESIAN_POINT('',(-1.054603316178,-1.562255854818));
#4553 = CARTESIAN_POINT('',(-1.054269511202,-1.569506131539));
#4554 = CARTESIAN_POINT('',(-1.053932392597,-1.576308634545));
#4555 = CARTESIAN_POINT('',(-1.053594190441,-1.582645815611));
#4556 = CARTESIAN_POINT('',(-1.053257215374,-1.588506805455));
#4557 = CARTESIAN_POINT('',(-1.052923808246,-1.593887037827));
#4558 = CARTESIAN_POINT('',(-1.052596309817,-1.598788319714));
#4559 = CARTESIAN_POINT('',(-1.052276839283,-1.603220978602));
#4560 = CARTESIAN_POINT('',(-1.051967241645,-1.60720277723));
#4561 = CARTESIAN_POINT('',(-1.051668897339,-1.610758680988));
#4562 = CARTESIAN_POINT('',(-1.0513827189,-1.613919155384));
#4563 = CARTESIAN_POINT('',(-1.051109214279,-1.616717667649));
#4564 = CARTESIAN_POINT('',(-1.050848526594,-1.619188292119));
#4565 = CARTESIAN_POINT('',(-1.050600330718,-1.6213663271));
#4566 = CARTESIAN_POINT('',(-1.050364161299,-1.623284266001));
#4567 = CARTESIAN_POINT('',(-1.050139310899,-1.624972696219));
#4568 = CARTESIAN_POINT('',(-1.049925321582,-1.626456938529));
#4569 = CARTESIAN_POINT('',(-1.049721179055,-1.627762899156));
#4570 = CARTESIAN_POINT('',(-1.049525978754,-1.628912389528));
#4571 = CARTESIAN_POINT('',(-1.049338867827,-1.629924129476));
#4572 = CARTESIAN_POINT('',(-1.04915905585,-1.63081406725));
#4573 = CARTESIAN_POINT('',(-1.048985806815,-1.631595808091));
#4574 = CARTESIAN_POINT('',(-1.048818435855,-1.632280944585));
#4575 = CARTESIAN_POINT('',(-1.048656304467,-1.632879349574));
#4576 = CARTESIAN_POINT('',(-1.048498815942,-1.633399420696));
#4577 = CARTESIAN_POINT('',(-1.04834541058,-1.633848284856));
#4578 = CARTESIAN_POINT('',(-1.048195560852,-1.634231965756));
#4579 = CARTESIAN_POINT('',(-1.048048766496,-1.634555519031));
#4580 = CARTESIAN_POINT('',(-1.047904549591,-1.634823139125));
#4581 = CARTESIAN_POINT('',(-1.04776244965,-1.635038242156));
#4582 = CARTESIAN_POINT('',(-1.047622018721,-1.635203529041));
#4583 = CARTESIAN_POINT('',(-1.047482816672,-1.635321032981));
#4584 = CARTESIAN_POINT('',(-1.047344406155,-1.635392155961));
#4585 = CARTESIAN_POINT('',(-1.047206349315,-1.635417696983));
#4586 = CARTESIAN_POINT('',(-1.047068198605,-1.63539788189));
#4587 = CARTESIAN_POINT('',(-1.046929510444,-1.635332377978));
#4588 = CARTESIAN_POINT('',(-1.046790223313,-1.635220525822));
#4589 = CARTESIAN_POINT('',(-1.046649809689,-1.63506101105));
#4590 = CARTESIAN_POINT('',(-1.046507831575,-1.634851911118));
#4591 = CARTESIAN_POINT('',(-1.046363821204,-1.634590632807));
#4592 = CARTESIAN_POINT('',(-1.046217307373,-1.634273863095));
#4593 = CARTESIAN_POINT('',(-1.046067802379,-1.63389750274));
#4594 = CARTESIAN_POINT('',(-1.04591479925,-1.633456585019));
#4595 = CARTESIAN_POINT('',(-1.045757766091,-1.632945173187));
#4596 = CARTESIAN_POINT('',(-1.045596141203,-1.632356232585));
#4597 = CARTESIAN_POINT('',(-1.04542932812,-1.63168147279));
#4598 = CARTESIAN_POINT('',(-1.045256690905,-1.630911154988));
#4599 = CARTESIAN_POINT('',(-1.045077549858,-1.63003386109));
#4600 = CARTESIAN_POINT('',(-1.044891177224,-1.629036216008));
#4601 = CARTESIAN_POINT('',(-1.044696795021,-1.627902573551));
#4602 = CARTESIAN_POINT('',(-1.044493567553,-1.626614605361));
#4603 = CARTESIAN_POINT('',(-1.044280616791,-1.625150997412));
#4604 = CARTESIAN_POINT('',(-1.044056955936,-1.623486469206));
#4605 = CARTESIAN_POINT('',(-1.043821837026,-1.621593784474));
#4606 = CARTESIAN_POINT('',(-1.043574677474,-1.61944344113));
#4607 = CARTESIAN_POINT('',(-1.04331503144,-1.617003382815));
#4608 = CARTESIAN_POINT('',(-1.043042672703,-1.614239758676));
#4609 = CARTESIAN_POINT('',(-1.042757653626,-1.611117861644));
#4610 = CARTESIAN_POINT('',(-1.042460376283,-1.607603570804));
#4611 = CARTESIAN_POINT('',(-1.042151663333,-1.603665341611));
#4612 = CARTESIAN_POINT('',(-1.041832808306,-1.599276508613));
#4613 = CARTESIAN_POINT('',(-1.041505665066,-1.594419063527));
#4614 = CARTESIAN_POINT('',(-1.041172369439,-1.589082307756));
#4615 = CARTESIAN_POINT('',(-1.040835250944,-1.583263482533));
#4616 = CARTESIAN_POINT('',(-1.040496742135,-1.576967945441));
#4617 = CARTESIAN_POINT('',(-1.040159113378,-1.570205436608));
#4618 = CARTESIAN_POINT('',(-1.039824508848,-1.562990623482));
#4619 = CARTESIAN_POINT('',(-1.039494884604,-1.555341772077));
#4620 = CARTESIAN_POINT('',(-1.039171984729,-1.547279727025));
#4621 = CARTESIAN_POINT('',(-1.038857327173,-1.538826825109));
#4622 = CARTESIAN_POINT('',(-1.03855218146,-1.530005151287));
#4623 = CARTESIAN_POINT('',(-1.038257563219,-1.520834878591));
#4624 = CARTESIAN_POINT('',(-1.037974373223,-1.511337171351));
#4625 = CARTESIAN_POINT('',(-1.037703369351,-1.501532768594));
#4626 = CARTESIAN_POINT('',(-1.037445172135,-1.491441096388));
#4627 = CARTESIAN_POINT('',(-1.037200345631,-1.481082759359));
#4628 = CARTESIAN_POINT('',(-1.036969313696,-1.470475496523));
#4629 = CARTESIAN_POINT('',(-1.036752449176,-1.45963695569));
#4630 = CARTESIAN_POINT('',(-1.036550079632,-1.448584786273));
#4631 = CARTESIAN_POINT('',(-1.036362489861,-1.437336497801));
#4632 = CARTESIAN_POINT('',(-1.036189925353,-1.425909393968));
#4633 = CARTESIAN_POINT('',(-1.036032595582,-1.414320498678));
#4634 = CARTESIAN_POINT('',(-1.035890677404,-1.402586495974));
#4635 = CARTESIAN_POINT('',(-1.03576431849,-1.390723677316));
#4636 = CARTESIAN_POINT('',(-1.035653640794,-1.378747897951));
#4637 = CARTESIAN_POINT('',(-1.035558744066,-1.366674539422));
#4638 = CARTESIAN_POINT('',(-1.03547970936,-1.354518485828));
#4639 = CARTESIAN_POINT('',(-1.03541660264,-1.342294083797));
#4640 = CARTESIAN_POINT('',(-1.035369478128,-1.330015196208));
#4641 = CARTESIAN_POINT('',(-1.035338382646,-1.31769493709));
#4642 = CARTESIAN_POINT('',(-1.035323356245,-1.305346625419));
#4643 = CARTESIAN_POINT('',(-1.035324446703,-1.292980217005));
#4644 = CARTESIAN_POINT('',(-1.035341663166,-1.280628366703));
#4645 = CARTESIAN_POINT('',(-1.035374973436,-1.268302611364));
#4646 = CARTESIAN_POINT('',(-1.035424347296,-1.256017218319));
#4647 = CARTESIAN_POINT('',(-1.035489743139,-1.2437863033));
#4648 = CARTESIAN_POINT('',(-1.035571107787,-1.231624592707));
#4649 = CARTESIAN_POINT('',(-1.035668372823,-1.21954720095));
#4650 = CARTESIAN_POINT('',(-1.035781451918,-1.207569663253));
#4651 = CARTESIAN_POINT('',(-1.035910237976,-1.195707891478));
#4652 = CARTESIAN_POINT('',(-1.036054600408,-1.183978142106));
#4653 = CARTESIAN_POINT('',(-1.036214382506,-1.172396971984));
#4654 = CARTESIAN_POINT('',(-1.036389398875,-1.160981190072));
#4655 = CARTESIAN_POINT('',(-1.036579433133,-1.149747796373));
#4656 = CARTESIAN_POINT('',(-1.036784235224,-1.138713934894));
#4657 = CARTESIAN_POINT('',(-1.037003520766,-1.127896761742));
#4658 = CARTESIAN_POINT('',(-1.03723696354,-1.117313596944));
#4659 = CARTESIAN_POINT('',(-1.037484214329,-1.106980984211));
#4660 = CARTESIAN_POINT('',(-1.037744822253,-1.096917792991));
#4661 = CARTESIAN_POINT('',(-1.038018175764,-1.087146036168));
#4662 = CARTESIAN_POINT('',(-1.038303642033,-1.077685007564));
#4663 = CARTESIAN_POINT('',(-1.038600435229,-1.068555751823));
#4664 = CARTESIAN_POINT('',(-1.038907632204,-1.059779393554));
#4665 = CARTESIAN_POINT('',(-1.039224185128,-1.051376234169));
#4666 = CARTESIAN_POINT('',(-1.039548769046,-1.043368849159));
#4667 = CARTESIAN_POINT('',(-1.039879823926,-1.035779438124));
#4668 = CARTESIAN_POINT('',(-1.040215560817,-1.028628598347));
#4669 = CARTESIAN_POINT('',(-1.040553983071,-1.021934104499));
#4670 = CARTESIAN_POINT('',(-1.040892909682,-1.015709991786));
#4671 = CARTESIAN_POINT('',(-1.041230044201,-1.009965026765));
#4672 = CARTESIAN_POINT('',(-1.041562912379,-1.004704255528));
#4673 = CARTESIAN_POINT('',(-1.041780485273,-1.001515402315));
#4674 = CARTESIAN_POINT('',(-1.041887802129,-1.));
#4675 = ( GEOMETRIC_REPRESENTATION_CONTEXT(2) 
PARAMETRIC_REPRESENTATION_CONTEXT() REPRESENTATION_CONTEXT('2D SPACE',''
  ) );
#4676 = PCURVE('',#4677,#4682);
#4677 = SPHERICAL_SURFACE('',#4678,0.35);
#4678 = AXIS2_PLACEMENT_3D('',#4679,#4680,#4681);
#4679 = CARTESIAN_POINT('',(14.1,24.421916386721,-7.2));
#4680 = DIRECTION('',(0.,0.,1.));
#4681 = DIRECTION('',(1.,0.,0.));
#4682 = DEFINITIONAL_REPRESENTATION('',(#4683),#4863);
#4683 = B_SPLINE_CURVE_WITH_KNOTS('',3,(#4684,#4685,#4686,#4687,#4688,
    #4689,#4690,#4691,#4692,#4693,#4694,#4695,#4696,#4697,#4698,#4699,
    #4700,#4701,#4702,#4703,#4704,#4705,#4706,#4707,#4708,#4709,#4710,
    #4711,#4712,#4713,#4714,#4715,#4716,#4717,#4718,#4719,#4720,#4721,
    #4722,#4723,#4724,#4725,#4726,#4727,#4728,#4729,#4730,#4731,#4732,
    #4733,#4734,#4735,#4736,#4737,#4738,#4739,#4740,#4741,#4742,#4743,
    #4744,#4745,#4746,#4747,#4748,#4749,#4750,#4751,#4752,#4753,#4754,
    #4755,#4756,#4757,#4758,#4759,#4760,#4761,#4762,#4763,#4764,#4765,
    #4766,#4767,#4768,#4769,#4770,#4771,#4772,#4773,#4774,#4775,#4776,
    #4777,#4778,#4779,#4780,#4781,#4782,#4783,#4784,#4785,#4786,#4787,
    #4788,#4789,#4790,#4791,#4792,#4793,#4794,#4795,#4796,#4797,#4798,
    #4799,#4800,#4801,#4802,#4803,#4804,#4805,#4806,#4807,#4808,#4809,
    #4810,#4811,#4812,#4813,#4814,#4815,#4816,#4817,#4818,#4819,#4820,
    #4821,#4822,#4823,#4824,#4825,#4826,#4827,#4828,#4829,#4830,#4831,
    #4832,#4833,#4834,#4835,#4836,#4837,#4838,#4839,#4840,#4841,#4842,
    #4843,#4844,#4845,#4846,#4847,#4848,#4849,#4850,#4851,#4852,#4853,
    #4854,#4855,#4856,#4857,#4858,#4859,#4860,#4861,#4862),
  .UNSPECIFIED.,.F.,.F.,(4,1,1,1,1,1,1,1,1,1,1,1,1,1,1,1,1,1,1,1,1,1,1,1
    ,1,1,1,1,1,1,1,1,1,1,1,1,1,1,1,1,1,1,1,1,1,1,1,1,1,1,1,1,1,1,1,1,1,1
    ,1,1,1,1,1,1,1,1,1,1,1,1,1,1,1,1,1,1,1,1,1,1,1,1,1,1,1,1,1,1,1,1,1,1
    ,1,1,1,1,1,1,1,1,1,1,1,1,1,1,1,1,1,1,1,1,1,1,1,1,1,1,1,1,1,1,1,1,1,1
    ,1,1,1,1,1,1,1,1,1,1,1,1,1,1,1,1,1,1,1,1,1,1,1,1,1,1,1,1,1,1,1,1,1,1
    ,1,1,1,1,1,1,1,1,1,1,1,1,1,1,1,1,4),(0.,8.533427393774E-03,
    1.706685478755E-02,2.560028218132E-02,3.413370957509E-02,
    4.266713696887E-02,5.120056436264E-02,5.973399175642E-02,
    6.826741915019E-02,7.680084654396E-02,8.533427393774E-02,
    9.386770133151E-02,0.102401128725,0.110934556119,0.119467983513,
    0.128001410907,0.1365348383,0.145068265694,0.153601693088,
    0.162135120482,0.170668547875,0.179201975269,0.187735402663,
    0.196268830057,0.204802257451,0.213335684844,0.221869112238,
    0.230402539632,0.238935967026,0.247469394419,0.256002821813,
    0.264536249207,0.273069676601,0.281603103995,0.290136531388,
    0.298669958782,0.307203386176,0.31573681357,0.324270240963,
    0.332803668357,0.341337095751,0.349870523145,0.358403950538,
    0.366937377932,0.375470805326,0.38400423272,0.392537660114,
    0.401071087507,0.409604514901,0.418137942295,0.426671369689,
    0.435204797082,0.443738224476,0.45227165187,0.460805079264,
    0.469338506658,0.477871934051,0.486405361445,0.494938788839,
    0.503472216233,0.512005643626,0.52053907102,0.529072498414,
    0.537605925808,0.546139353202,0.554672780595,0.563206207989,
    0.571739635383,0.580273062777,0.58880649017,0.597339917564,
    0.605873344958,0.614406772352,0.622940199745,0.631473627139,
    0.640007054533,0.648540481927,0.657073909321,0.665607336714,
    0.674140764108,0.682674191502,0.691207618896,0.699741046289,
    0.708274473683,0.716807901077,0.725341328471,0.733874755865,
    0.742408183258,0.750941610652,0.759475038046,0.76800846544,
    0.776541892833,0.785075320227,0.793608747621,0.802142175015,
    0.810675602409,0.819209029802,0.827742457196,0.83627588459,
    0.844809311984,0.853342739377,0.861876166771,0.870409594165,
    0.878943021559,0.887476448952,0.896009876346,0.90454330374,
    0.913076731134,0.921610158528,0.930143585921,0.938677013315,
    0.947210440709,0.955743868103,0.964277295496,0.97281072289,
    0.981344150284,0.989877577678,0.998411005072,1.006944432465,
    1.015477859859,1.024011287253,1.032544714647,1.04107814204,
    1.049611569434,1.058144996828,1.066678424222,1.075211851615,
    1.083745279009,1.092278706403,1.100812133797,1.109345561191,
    1.117878988584,1.126412415978,1.134945843372,1.143479270766,
    1.152012698159,1.160546125553,1.169079552947,1.177612980341,
    1.186146407735,1.194679835128,1.203213262522,1.211746689916,
    1.22028011731,1.228813544703,1.237346972097,1.245880399491,
    1.254413826885,1.262947254279,1.271480681672,1.280014109066,
    1.28854753646,1.297080963854,1.305614391247,1.314147818641,
    1.322681246035,1.331214673429,1.339748100822,1.348281528216,
    1.35681495561,1.365348383004,1.373881810398,1.382415237791,
    1.390948665185,1.399482092579,1.408015519973,1.416548947366,
    1.42508237476,1.433615802154,1.442149229548,1.450682656942,
    1.459216084335,1.467749511729,1.476282939123,1.484816366517,
    1.49334979391,1.501883221304),.QUASI_UNIFORM_KNOTS.);
#4684 = CARTESIAN_POINT('',(8.315833805607,-1.029696800838));
#4685 = CARTESIAN_POINT('',(8.325205992976,-1.021302020645));
#4686 = CARTESIAN_POINT('',(8.343404927684,-1.003999326329));
#4687 = CARTESIAN_POINT('',(8.369025714158,-0.976633277926));
#4688 = CARTESIAN_POINT('',(8.392910210076,-0.947978174329));
#4689 = CARTESIAN_POINT('',(8.415060568645,-0.918172518249));
#4690 = CARTESIAN_POINT('',(8.435508177243,-0.887358805253));
#4691 = CARTESIAN_POINT('',(8.454311721468,-0.855680406387));
#4692 = CARTESIAN_POINT('',(8.471547896018,-0.823277326449));
#4693 = CARTESIAN_POINT('',(8.487306391312,-0.790280396126));
#4694 = CARTESIAN_POINT('',(8.501681100887,-0.756816293243));
#4695 = CARTESIAN_POINT('',(8.514778401409,-0.72297511905));
#4696 = CARTESIAN_POINT('',(8.526707831531,-0.688810793167));
#4697 = CARTESIAN_POINT('',(8.537561720962,-0.654393054097));
#4698 = CARTESIAN_POINT('',(8.54742846816,-0.619774500014));
#4699 = CARTESIAN_POINT('',(8.55638932476,-0.58499585014));
#4700 = CARTESIAN_POINT('',(8.564514800407,-0.550103800713));
#4701 = CARTESIAN_POINT('',(8.571872791957,-0.515119641921));
#4702 = CARTESIAN_POINT('',(8.578522687458,-0.480062704098));
#4703 = CARTESIAN_POINT('',(8.584516802939,-0.444949565475));
#4704 = CARTESIAN_POINT('',(8.589901087404,-0.409794503987));
#4705 = CARTESIAN_POINT('',(8.594715866303,-0.374609581954));
#4706 = CARTESIAN_POINT('',(8.598996437426,-0.339404800006));
#4707 = CARTESIAN_POINT('',(8.602773586623,-0.304188207235));
#4708 = CARTESIAN_POINT('',(8.60607402017,-0.268966000572));
#4709 = CARTESIAN_POINT('',(8.608920727195,-0.233742608276));
#4710 = CARTESIAN_POINT('',(8.61133327879,-0.198520756304));
#4711 = CARTESIAN_POINT('',(8.613328070826,-0.163301536724));
#4712 = CARTESIAN_POINT('',(8.61491851374,-0.128084410194));
#4713 = CARTESIAN_POINT('',(8.616115178823,-9.286740159857E-02));
#4714 = CARTESIAN_POINT('',(8.616925881574,-5.76465259402E-02));
#4715 = CARTESIAN_POINT('',(8.617355785061,-2.241804203289E-02));
#4716 = CARTESIAN_POINT('',(8.617407218604,1.282988829137E-02));
#4717 = CARTESIAN_POINT('',(8.61708045641,4.805800655546E-02));
#4718 = CARTESIAN_POINT('',(8.616373899194,8.327733108241E-02));
#4719 = CARTESIAN_POINT('',(8.61528309348,0.118492143726));
#4720 = CARTESIAN_POINT('',(8.613800951825,0.153706634265));
#4721 = CARTESIAN_POINT('',(8.611917653129,0.188923102969));
#4722 = CARTESIAN_POINT('',(8.609620572607,0.224142414501));
#4723 = CARTESIAN_POINT('',(8.606894146862,0.259363836917));
#4724 = CARTESIAN_POINT('',(8.603719696979,0.294585032657));
#4725 = CARTESIAN_POINT('',(8.600075199552,0.329801995125));
#4726 = CARTESIAN_POINT('',(8.595935003101,0.365008984077));
#4727 = CARTESIAN_POINT('',(8.59126948256,0.40019844709));
#4728 = CARTESIAN_POINT('',(8.586044628,0.435360917269));
#4729 = CARTESIAN_POINT('',(8.580221545792,0.470484930323));
#4730 = CARTESIAN_POINT('',(8.573755909035,0.505556787179));
#4731 = CARTESIAN_POINT('',(8.566597166718,0.540560800721));
#4732 = CARTESIAN_POINT('',(8.55868816014,0.575477629308));
#4733 = CARTESIAN_POINT('',(8.54996265332,0.610289627243));
#4734 = CARTESIAN_POINT('',(8.540351593239,0.644953826986));
#4735 = CARTESIAN_POINT('',(8.529776332292,0.679429611145));
#4736 = CARTESIAN_POINT('',(8.518150803861,0.713666662593));
#4737 = CARTESIAN_POINT('',(8.505382185162,0.747603657873));
#4738 = CARTESIAN_POINT('',(8.491371300937,0.781168497542));
#4739 = CARTESIAN_POINT('',(8.476016631879,0.814272365026));
#4740 = CARTESIAN_POINT('',(8.459216425954,0.846812359774));
#4741 = CARTESIAN_POINT('',(8.440874796278,0.878669330818));
#4742 = CARTESIAN_POINT('',(8.420902694187,0.909717046756));
#4743 = CARTESIAN_POINT('',(8.399239860227,0.939803116064));
#4744 = CARTESIAN_POINT('',(8.375849883148,0.968778498388));
#4745 = CARTESIAN_POINT('',(8.350727759839,0.996500098603));
#4746 = CARTESIAN_POINT('',(8.323910863332,1.02283372997));
#4747 = CARTESIAN_POINT('',(8.295472841402,1.047671407726));
#4748 = CARTESIAN_POINT('',(8.265525570227,1.070933718432));
#4749 = CARTESIAN_POINT('',(8.234202279695,1.092581072365));
#4750 = CARTESIAN_POINT('',(8.201649461533,1.112611313649));
#4751 = CARTESIAN_POINT('',(8.168022906225,1.131052203241));
#4752 = CARTESIAN_POINT('',(8.133480559617,1.147955559112));
#4753 = CARTESIAN_POINT('',(8.098151056195,1.163401794532));
#4754 = CARTESIAN_POINT('',(8.062162262099,1.177476068995));
#4755 = CARTESIAN_POINT('',(8.025613884608,1.19027325074));
#4756 = CARTESIAN_POINT('',(7.98865167319,1.201870094268));
#4757 = CARTESIAN_POINT('',(7.95132489382,1.212369282099));
#4758 = CARTESIAN_POINT('',(7.913684156906,1.221860076494));
#4759 = CARTESIAN_POINT('',(7.875774519499,1.230422923218));
#4760 = CARTESIAN_POINT('',(7.837637196888,1.238129363146));
#4761 = CARTESIAN_POINT('',(7.799309130426,1.245043084312));
#4762 = CARTESIAN_POINT('',(7.760823244887,1.251220565138));
#4763 = CARTESIAN_POINT('',(7.722208586951,1.256711733379));
#4764 = CARTESIAN_POINT('',(7.683490516004,1.26156053291));
#4765 = CARTESIAN_POINT('',(7.644690863825,1.265805430358));
#4766 = CARTESIAN_POINT('',(7.605828058893,1.269479854125));
#4767 = CARTESIAN_POINT('',(7.566917203051,1.27261256775));
#4768 = CARTESIAN_POINT('',(7.527970103098,1.275227976664));
#4769 = CARTESIAN_POINT('',(7.488995272978,1.277346368027));
#4770 = CARTESIAN_POINT('',(7.449997916825,1.278984085183));
#4771 = CARTESIAN_POINT('',(7.410979966361,1.280153634141));
#4772 = CARTESIAN_POINT('',(7.371940042469,1.28086374011));
#4773 = CARTESIAN_POINT('',(7.33287399254,1.281119301382));
#4774 = CARTESIAN_POINT('',(7.293773746696,1.280921459095));
#4775 = CARTESIAN_POINT('',(7.25463308667,1.280266997316));
#4776 = CARTESIAN_POINT('',(7.2155546735,1.279152789997));
#4777 = CARTESIAN_POINT('',(7.176511311025,1.277571081985));
#4778 = CARTESIAN_POINT('',(7.137504953796,1.275510184884));
#4779 = CARTESIAN_POINT('',(7.098534409669,1.272954381478));
#4780 = CARTESIAN_POINT('',(7.05960427742,1.269883872439));
#4781 = CARTESIAN_POINT('',(7.020722677602,1.266274635748));
#4782 = CARTESIAN_POINT('',(6.981901895524,1.262098226788));
#4783 = CARTESIAN_POINT('',(6.943158213839,1.257321508588));
#4784 = CARTESIAN_POINT('',(6.904511980402,1.251906315008));
#4785 = CARTESIAN_POINT('',(6.865987665236,1.245809049422));
#4786 = CARTESIAN_POINT('',(6.827613980399,1.238980220695));
#4787 = CARTESIAN_POINT('',(6.78942405673,1.231363929302));
#4788 = CARTESIAN_POINT('',(6.751455574497,1.222897276125));
#4789 = CARTESIAN_POINT('',(6.713751120547,1.213509814465));
#4790 = CARTESIAN_POINT('',(6.67635756068,1.203122605765));
#4791 = CARTESIAN_POINT('',(6.639328720196,1.191648516874));
#4792 = CARTESIAN_POINT('',(6.60271510718,1.17898762616));
#4793 = CARTESIAN_POINT('',(6.566617741331,1.165046596932));
#4794 = CARTESIAN_POINT('',(6.531161183852,1.149737169055));
#4795 = CARTESIAN_POINT('',(6.49647897882,1.132975475127));
#4796 = CARTESIAN_POINT('',(6.462714471262,1.114688221033));
#4797 = CARTESIAN_POINT('',(6.430015788086,1.094818052641));
#4798 = CARTESIAN_POINT('',(6.398531447886,1.073330199491));
#4799 = CARTESIAN_POINT('',(6.368405311241,1.05021984692));
#4800 = CARTESIAN_POINT('',(6.339770530696,1.025518638198));
#4801 = CARTESIAN_POINT('',(6.312747845466,0.999305649501));
#4802 = CARTESIAN_POINT('',(6.287418235026,0.971689144741));
#4803 = CARTESIAN_POINT('',(6.263822908821,0.942801215212));
#4804 = CARTESIAN_POINT('',(6.24196578935,0.912791814034));
#4805 = CARTESIAN_POINT('',(6.221808731204,0.881806238305));
#4806 = CARTESIAN_POINT('',(6.20328777337,0.849987272999));
#4807 = CARTESIAN_POINT('',(6.186319959258,0.817469151214));
#4808 = CARTESIAN_POINT('',(6.170810814175,0.784374513293));
#4809 = CARTESIAN_POINT('',(6.156660072857,0.750812049359));
#4810 = CARTESIAN_POINT('',(6.143765272687,0.716872508992));
#4811 = CARTESIAN_POINT('',(6.132024847603,0.682625676365));
#4812 = CARTESIAN_POINT('',(6.121345190019,0.648134234277));
#4813 = CARTESIAN_POINT('',(6.111639431483,0.613450098933));
#4814 = CARTESIAN_POINT('',(6.102827579182,0.578613356445));
#4815 = CARTESIAN_POINT('',(6.094838642125,0.543662258019));
#4816 = CARTESIAN_POINT('',(6.087607060086,0.50862064005));
#4817 = CARTESIAN_POINT('',(6.08107494247,0.47350868174));
#4818 = CARTESIAN_POINT('',(6.075191249153,0.438343729321));
#4819 = CARTESIAN_POINT('',(6.069911035609,0.403140364733));
#4820 = CARTESIAN_POINT('',(6.065194810739,0.367910639521));
#4821 = CARTESIAN_POINT('',(6.061007981325,0.332664231553));
#4822 = CARTESIAN_POINT('',(6.057320377969,0.297408593131));
#4823 = CARTESIAN_POINT('',(6.054105853053,0.262149074498));
#4824 = CARTESIAN_POINT('',(6.051341943793,0.226889030645));
#4825 = CARTESIAN_POINT('',(6.049009594389,0.191629905228));
#4826 = CARTESIAN_POINT('',(6.047092931832,0.156371315414));
#4827 = CARTESIAN_POINT('',(6.045579093678,0.121111053491));
#4828 = CARTESIAN_POINT('',(6.044458097129,8.584532141203E-02));
#4829 = CARTESIAN_POINT('',(6.043722777593,5.056802010279E-02));
#4830 = CARTESIAN_POINT('',(6.043368685147,1.527349179621E-02));
#4831 = CARTESIAN_POINT('',(6.043394354322,-2.005369769868E-02));
#4832 = CARTESIAN_POINT('',(6.043800188492,-5.536430447731E-02));
#4833 = CARTESIAN_POINT('',(6.044588404148,-9.066933710219E-02));
#4834 = CARTESIAN_POINT('',(6.04576408842,-0.125971899735));
#4835 = CARTESIAN_POINT('',(6.047334966275,-0.161275415068));
#4836 = CARTESIAN_POINT('',(6.04931152218,-0.196581401122));
#4837 = CARTESIAN_POINT('',(6.051707083214,-0.231890036709));
#4838 = CARTESIAN_POINT('',(6.054537970511,-0.267199968264));
#4839 = CARTESIAN_POINT('',(6.05782369356,-0.302508307654));
#4840 = CARTESIAN_POINT('',(6.061587198769,-0.337810565018));
#4841 = CARTESIAN_POINT('',(6.065855176014,-0.3731005856));
#4842 = CARTESIAN_POINT('',(6.070658429008,-0.40837046466));
#4843 = CARTESIAN_POINT('',(6.076032323422,-0.443610467943));
#4844 = CARTESIAN_POINT('',(6.082017302242,-0.478808864773));
#4845 = CARTESIAN_POINT('',(6.0886595588,-0.513952006764));
#4846 = CARTESIAN_POINT('',(6.096011591255,-0.549023399012));
#4847 = CARTESIAN_POINT('',(6.104133742515,-0.584006425475));
#4848 = CARTESIAN_POINT('',(6.113092691401,-0.618873312489));
#4849 = CARTESIAN_POINT('',(6.122959881092,-0.653580302742));
#4850 = CARTESIAN_POINT('',(6.133817110607,-0.688086832951));
#4851 = CARTESIAN_POINT('',(6.145752637627,-0.722338675364));
#4852 = CARTESIAN_POINT('',(6.158861744255,-0.756271731386));
#4853 = CARTESIAN_POINT('',(6.173247314252,-0.789813803439));
#4854 = CARTESIAN_POINT('',(6.189011749357,-0.822869659402));
#4855 = CARTESIAN_POINT('',(6.206255221103,-0.855327957242));
#4856 = CARTESIAN_POINT('',(6.225071116238,-0.887063341338));
#4857 = CARTESIAN_POINT('',(6.245540138465,-0.917939471009));
#4858 = CARTESIAN_POINT('',(6.267722855745,-0.947811907869));
#4859 = CARTESIAN_POINT('',(6.291651199168,-0.976534937455));
#4860 = CARTESIAN_POINT('',(6.317316409362,-1.003956431605));
#4861 = CARTESIAN_POINT('',(6.335545242076,-1.02128914786));
#4862 = CARTESIAN_POINT('',(6.344931911145,-1.029696800837));
#4863 = ( GEOMETRIC_REPRESENTATION_CONTEXT(2) 
PARAMETRIC_REPRESENTATION_CONTEXT() REPRESENTATION_CONTEXT('2D SPACE',''
  ) );
#4864 = ORIENTED_EDGE('',*,*,#4865,.T.);
#4865 = EDGE_CURVE('',#4367,#4866,#4868,.T.);
#4866 = VERTEX_POINT('',#4867);
#4867 = CARTESIAN_POINT('',(27.8,5.296225070746,-7.5));
#4868 = SURFACE_CURVE('',#4869,(#4874,#4881),.PCURVE_S1.);
#4869 = CIRCLE('',#4870,28.3);
#4870 = AXIS2_PLACEMENT_3D('',#4871,#4872,#4873);
#4871 = CARTESIAN_POINT('',(0.,0.,-7.5));
#4872 = DIRECTION('',(0.,0.,-1.));
#4873 = DIRECTION('',(1.,0.,0.));
#4874 = PCURVE('',#3339,#4875);
#4875 = DEFINITIONAL_REPRESENTATION('',(#4876),#4880);
#4876 = LINE('',#4877,#4878);
#4877 = CARTESIAN_POINT('',(-6.28318530718,-1.));
#4878 = VECTOR('',#4879,1.);
#4879 = DIRECTION('',(1.,-0.));
#4880 = ( GEOMETRIC_REPRESENTATION_CONTEXT(2) 
PARAMETRIC_REPRESENTATION_CONTEXT() REPRESENTATION_CONTEXT('2D SPACE',''
  ) );
#4881 = PCURVE('',#2903,#4882);
#4882 = DEFINITIONAL_REPRESENTATION('',(#4883),#4891);
#4883 = ( BOUNDED_CURVE() B_SPLINE_CURVE(2,(#4884,#4885,#4886,#4887,
#4888,#4889,#4890),.UNSPECIFIED.,.T.,.F.) B_SPLINE_CURVE_WITH_KNOTS((1,2
    ,2,2,2,1),(-2.094395102393,0.,2.094395102393,4.188790204786,
6.28318530718,8.377580409573),.UNSPECIFIED.) CURVE() 
GEOMETRIC_REPRESENTATION_ITEM() RATIONAL_B_SPLINE_CURVE((1.,0.5,1.,0.5,
1.,0.5,1.)) REPRESENTATION_ITEM('') );
#4884 = CARTESIAN_POINT('',(28.3,-1.805139506451E-15));
#4885 = CARTESIAN_POINT('',(28.3,-49.01703785419));
#4886 = CARTESIAN_POINT('',(-14.15,-24.5085189271));
#4887 = CARTESIAN_POINT('',(-56.6,-8.736640389625E-15));
#4888 = CARTESIAN_POINT('',(-14.15,24.5085189271));
#4889 = CARTESIAN_POINT('',(28.3,49.017037854199));
#4890 = CARTESIAN_POINT('',(28.3,-1.805139506451E-15));
#4891 = ( GEOMETRIC_REPRESENTATION_CONTEXT(2) 
PARAMETRIC_REPRESENTATION_CONTEXT() REPRESENTATION_CONTEXT('2D SPACE',''
  ) );
#4892 = ORIENTED_EDGE('',*,*,#4893,.F.);
#4893 = EDGE_CURVE('',#3296,#4866,#4894,.T.);
#4894 = SURFACE_CURVE('',#4895,(#4899,#4905),.PCURVE_S1.);
#4895 = LINE('',#4896,#4897);
#4896 = CARTESIAN_POINT('',(27.8,5.296225070746,-8.5));
#4897 = VECTOR('',#4898,1.);
#4898 = DIRECTION('',(-0.,-0.,-1.));
#4899 = PCURVE('',#3339,#4900);
#4900 = DEFINITIONAL_REPRESENTATION('',(#4901),#4904);
#4901 = B_SPLINE_CURVE_WITH_KNOTS('',1,(#4902,#4903),.UNSPECIFIED.,.F.,
  .F.,(2,2),(-7.37,-0.9999994),.PIECEWISE_BEZIER_KNOTS.);
#4902 = CARTESIAN_POINT('',(-0.188255764814,-7.37));
#4903 = CARTESIAN_POINT('',(-0.188255764814,-0.9999994));
#4904 = ( GEOMETRIC_REPRESENTATION_CONTEXT(2) 
PARAMETRIC_REPRESENTATION_CONTEXT() REPRESENTATION_CONTEXT('2D SPACE',''
  ) );
#4905 = PCURVE('',#3069,#4906);
#4906 = DEFINITIONAL_REPRESENTATION('',(#4907),#4910);
#4907 = B_SPLINE_CURVE_WITH_KNOTS('',1,(#4908,#4909),.UNSPECIFIED.,.F.,
  .F.,(2,2),(-7.37,-0.9999994),.PIECEWISE_BEZIER_KNOTS.);
#4908 = CARTESIAN_POINT('',(1.103774929254,-7.37));
#4909 = CARTESIAN_POINT('',(1.103774929254,-0.9999994));
#4910 = ( GEOMETRIC_REPRESENTATION_CONTEXT(2) 
PARAMETRIC_REPRESENTATION_CONTEXT() REPRESENTATION_CONTEXT('2D SPACE',''
  ) );
#4911 = ADVANCED_FACE('',(#4912),#4677,.F.);
#4912 = FACE_BOUND('',#4913,.F.);
#4913 = EDGE_LOOP('',(#4914,#4915));
#4914 = ORIENTED_EDGE('',*,*,#4366,.T.);
#4915 = ORIENTED_EDGE('',*,*,#4916,.T.);
#4916 = EDGE_CURVE('',#4367,#4339,#4917,.T.);
#4917 = SURFACE_CURVE('',#4918,(#4923,#4929),.PCURVE_S1.);
#4918 = CIRCLE('',#4919,0.180277563773);
#4919 = AXIS2_PLACEMENT_3D('',#4920,#4921,#4922);
#4920 = CARTESIAN_POINT('',(14.1,24.421916386721,-7.5));
#4921 = DIRECTION('',(0.,0.,1.));
#4922 = DIRECTION('',(1.,0.,-0.));
#4923 = PCURVE('',#4677,#4924);
#4924 = DEFINITIONAL_REPRESENTATION('',(#4925),#4928);
#4925 = B_SPLINE_CURVE_WITH_KNOTS('',1,(#4926,#4927),.UNSPECIFIED.,.F.,
  .F.,(2,2),(6.174660396525E-02,2.032648498427),
  .PIECEWISE_BEZIER_KNOTS.);
#4926 = CARTESIAN_POINT('',(6.344931911145,-1.029696800838));
#4927 = CARTESIAN_POINT('',(8.315833805607,-1.029696800838));
#4928 = ( GEOMETRIC_REPRESENTATION_CONTEXT(2) 
PARAMETRIC_REPRESENTATION_CONTEXT() REPRESENTATION_CONTEXT('2D SPACE',''
  ) );
#4929 = PCURVE('',#2903,#4930);
#4930 = DEFINITIONAL_REPRESENTATION('',(#4931),#4935);
#4931 = CIRCLE('',#4932,0.180277563773);
#4932 = AXIS2_PLACEMENT_2D('',#4933,#4934);
#4933 = CARTESIAN_POINT('',(14.1,24.421916386721));
#4934 = DIRECTION('',(1.,0.));
#4935 = ( GEOMETRIC_REPRESENTATION_CONTEXT(2) 
PARAMETRIC_REPRESENTATION_CONTEXT() REPRESENTATION_CONTEXT('2D SPACE',''
  ) );
#4936 = ADVANCED_FACE('',(#4937),#4207,.F.);
#4937 = FACE_BOUND('',#4938,.F.);
#4938 = EDGE_LOOP('',(#4939,#4940));
#4939 = ORIENTED_EDGE('',*,*,#3953,.F.);
#4940 = ORIENTED_EDGE('',*,*,#4941,.T.);
#4941 = EDGE_CURVE('',#3954,#3926,#4942,.T.);
#4942 = SURFACE_CURVE('',#4943,(#4948,#4955),.PCURVE_S1.);
#4943 = CIRCLE('',#4944,0.180277563773);
#4944 = AXIS2_PLACEMENT_3D('',#4945,#4946,#4947);
#4945 = CARTESIAN_POINT('',(-28.2,3.453503973596E-15,-7.5));
#4946 = DIRECTION('',(0.,0.,1.));
#4947 = DIRECTION('',(1.,0.,-0.));
#4948 = PCURVE('',#4207,#4949);
#4949 = DEFINITIONAL_REPRESENTATION('',(#4950),#4954);
#4950 = LINE('',#4951,#4952);
#4951 = CARTESIAN_POINT('',(0.,-1.029696800838));
#4952 = VECTOR('',#4953,1.);
#4953 = DIRECTION('',(1.,0.));
#4954 = ( GEOMETRIC_REPRESENTATION_CONTEXT(2) 
PARAMETRIC_REPRESENTATION_CONTEXT() REPRESENTATION_CONTEXT('2D SPACE',''
  ) );
#4955 = PCURVE('',#2903,#4956);
#4956 = DEFINITIONAL_REPRESENTATION('',(#4957),#4961);
#4957 = CIRCLE('',#4958,0.180277563773);
#4958 = AXIS2_PLACEMENT_2D('',#4959,#4960);
#4959 = CARTESIAN_POINT('',(-28.2,1.648364467145E-15));
#4960 = DIRECTION('',(1.,0.));
#4961 = ( GEOMETRIC_REPRESENTATION_CONTEXT(2) 
PARAMETRIC_REPRESENTATION_CONTEXT() REPRESENTATION_CONTEXT('2D SPACE',''
  ) );
#4962 = ADVANCED_FACE('',(#4963),#3759,.F.);
#4963 = FACE_BOUND('',#4964,.F.);
#4964 = EDGE_LOOP('',(#4965,#4966));
#4965 = ORIENTED_EDGE('',*,*,#3482,.T.);
#4966 = ORIENTED_EDGE('',*,*,#4967,.T.);
#4967 = EDGE_CURVE('',#3483,#3455,#4968,.T.);
#4968 = SURFACE_CURVE('',#4969,(#4974,#4980),.PCURVE_S1.);
#4969 = CIRCLE('',#4970,0.180277563773);
#4970 = AXIS2_PLACEMENT_3D('',#4971,#4972,#4973);
#4971 = CARTESIAN_POINT('',(14.1,-24.42191638672,-7.5));
#4972 = DIRECTION('',(0.,0.,1.));
#4973 = DIRECTION('',(1.,0.,-0.));
#4974 = PCURVE('',#3759,#4975);
#4975 = DEFINITIONAL_REPRESENTATION('',(#4976),#4979);
#4976 = B_SPLINE_CURVE_WITH_KNOTS('',1,(#4977,#4978),.UNSPECIFIED.,.F.,
  .F.,(2,2),(4.250536808752,6.221438703214),.PIECEWISE_BEZIER_KNOTS.);
#4977 = CARTESIAN_POINT('',(4.250536808752,-1.029696800838));
#4978 = CARTESIAN_POINT('',(6.221438703214,-1.029696800838));
#4979 = ( GEOMETRIC_REPRESENTATION_CONTEXT(2) 
PARAMETRIC_REPRESENTATION_CONTEXT() REPRESENTATION_CONTEXT('2D SPACE',''
  ) );
#4980 = PCURVE('',#2903,#4981);
#4981 = DEFINITIONAL_REPRESENTATION('',(#4982),#4986);
#4982 = CIRCLE('',#4983,0.180277563773);
#4983 = AXIS2_PLACEMENT_2D('',#4984,#4985);
#4984 = CARTESIAN_POINT('',(14.1,-24.42191638672));
#4985 = DIRECTION('',(1.,0.));
#4986 = ( GEOMETRIC_REPRESENTATION_CONTEXT(2) 
PARAMETRIC_REPRESENTATION_CONTEXT() REPRESENTATION_CONTEXT('2D SPACE',''
  ) );
#4987 = ADVANCED_FACE('',(#4988,#4991,#5026,#5061),#3419,.F.);
#4988 = FACE_BOUND('',#4989,.F.);
#4989 = EDGE_LOOP('',(#4990));
#4990 = ORIENTED_EDGE('',*,*,#3404,.T.);
#4991 = FACE_BOUND('',#4992,.F.);
#4992 = EDGE_LOOP('',(#4993));
#4993 = ORIENTED_EDGE('',*,*,#4994,.T.);
#4994 = EDGE_CURVE('',#4995,#4995,#4997,.T.);
#4995 = VERTEX_POINT('',#4996);
#4996 = CARTESIAN_POINT('',(-6.955715669137,-24.05613109211,-0.8));
#4997 = SURFACE_CURVE('',#4998,(#5003,#5014),.PCURVE_S1.);
#4998 = CIRCLE('',#4999,1.8);
#4999 = AXIS2_PLACEMENT_3D('',#5000,#5001,#5002);
#5000 = CARTESIAN_POINT('',(-8.755715669137,-24.05613109211,-0.8));
#5001 = DIRECTION('',(0.,0.,-1.));
#5002 = DIRECTION('',(1.,0.,0.));
#5003 = PCURVE('',#3419,#5004);
#5004 = DEFINITIONAL_REPRESENTATION('',(#5005),#5013);
#5005 = ( BOUNDED_CURVE() B_SPLINE_CURVE(2,(#5006,#5007,#5008,#5009,
#5010,#5011,#5012),.UNSPECIFIED.,.T.,.F.) B_SPLINE_CURVE_WITH_KNOTS((1,2
    ,2,2,2,1),(-2.094395102393,0.,2.094395102393,4.188790204786,
6.28318530718,8.377580409573),.UNSPECIFIED.) CURVE() 
GEOMETRIC_REPRESENTATION_ITEM() RATIONAL_B_SPLINE_CURVE((1.,0.5,1.,0.5,
1.,0.5,1.)) REPRESENTATION_ITEM('') );
#5006 = CARTESIAN_POINT('',(-6.955715669137,-24.05613109211));
#5007 = CARTESIAN_POINT('',(-6.955715669137,-27.17382254574));
#5008 = CARTESIAN_POINT('',(-9.655715669137,-25.61497681893));
#5009 = CARTESIAN_POINT('',(-12.35571566913,-24.05613109211));
#5010 = CARTESIAN_POINT('',(-9.655715669137,-22.4972853653));
#5011 = CARTESIAN_POINT('',(-6.955715669137,-20.93843963849));
#5012 = CARTESIAN_POINT('',(-6.955715669137,-24.05613109211));
#5013 = ( GEOMETRIC_REPRESENTATION_CONTEXT(2) 
PARAMETRIC_REPRESENTATION_CONTEXT() REPRESENTATION_CONTEXT('2D SPACE',''
  ) );
#5014 = PCURVE('',#5015,#5020);
#5015 = CYLINDRICAL_SURFACE('',#5016,1.8);
#5016 = AXIS2_PLACEMENT_3D('',#5017,#5018,#5019);
#5017 = CARTESIAN_POINT('',(-8.755715669137,-24.05613109211,-1.8));
#5018 = DIRECTION('',(-0.,-0.,-1.));
#5019 = DIRECTION('',(1.,0.,0.));
#5020 = DEFINITIONAL_REPRESENTATION('',(#5021),#5025);
#5021 = LINE('',#5022,#5023);
#5022 = CARTESIAN_POINT('',(-6.28318530718,-1.));
#5023 = VECTOR('',#5024,1.);
#5024 = DIRECTION('',(1.,-0.));
#5025 = ( GEOMETRIC_REPRESENTATION_CONTEXT(2) 
PARAMETRIC_REPRESENTATION_CONTEXT() REPRESENTATION_CONTEXT('2D SPACE',''
  ) );
#5026 = FACE_BOUND('',#5027,.F.);
#5027 = EDGE_LOOP('',(#5028));
#5028 = ORIENTED_EDGE('',*,*,#5029,.T.);
#5029 = EDGE_CURVE('',#5030,#5030,#5032,.T.);
#5030 = VERTEX_POINT('',#5031);
#5031 = CARTESIAN_POINT('',(-20.37025033688,12.8,-0.8));
#5032 = SURFACE_CURVE('',#5033,(#5038,#5049),.PCURVE_S1.);
#5033 = CIRCLE('',#5034,1.8);
#5034 = AXIS2_PLACEMENT_3D('',#5035,#5036,#5037);
#5035 = CARTESIAN_POINT('',(-22.17025033688,12.8,-0.8));
#5036 = DIRECTION('',(0.,0.,-1.));
#5037 = DIRECTION('',(1.,0.,0.));
#5038 = PCURVE('',#3419,#5039);
#5039 = DEFINITIONAL_REPRESENTATION('',(#5040),#5048);
#5040 = ( BOUNDED_CURVE() B_SPLINE_CURVE(2,(#5041,#5042,#5043,#5044,
#5045,#5046,#5047),.UNSPECIFIED.,.T.,.F.) B_SPLINE_CURVE_WITH_KNOTS((1,2
    ,2,2,2,1),(-2.094395102393,0.,2.094395102393,4.188790204786,
6.28318530718,8.377580409573),.UNSPECIFIED.) CURVE() 
GEOMETRIC_REPRESENTATION_ITEM() RATIONAL_B_SPLINE_CURVE((1.,0.5,1.,0.5,
1.,0.5,1.)) REPRESENTATION_ITEM('') );
#5041 = CARTESIAN_POINT('',(-20.37025033688,12.8));
#5042 = CARTESIAN_POINT('',(-20.37025033688,9.682308546376));
#5043 = CARTESIAN_POINT('',(-23.07025033688,11.241154273188));
#5044 = CARTESIAN_POINT('',(-25.77025033688,12.8));
#5045 = CARTESIAN_POINT('',(-23.07025033688,14.358845726812));
#5046 = CARTESIAN_POINT('',(-20.37025033688,15.917691453624));
#5047 = CARTESIAN_POINT('',(-20.37025033688,12.8));
#5048 = ( GEOMETRIC_REPRESENTATION_CONTEXT(2) 
PARAMETRIC_REPRESENTATION_CONTEXT() REPRESENTATION_CONTEXT('2D SPACE',''
  ) );
#5049 = PCURVE('',#5050,#5055);
#5050 = CYLINDRICAL_SURFACE('',#5051,1.8);
#5051 = AXIS2_PLACEMENT_3D('',#5052,#5053,#5054);
#5052 = CARTESIAN_POINT('',(-22.17025033688,12.8,-1.8));
#5053 = DIRECTION('',(-0.,-0.,-1.));
#5054 = DIRECTION('',(1.,0.,0.));
#5055 = DEFINITIONAL_REPRESENTATION('',(#5056),#5060);
#5056 = LINE('',#5057,#5058);
#5057 = CARTESIAN_POINT('',(-6.28318530718,-1.));
#5058 = VECTOR('',#5059,1.);
#5059 = DIRECTION('',(1.,-0.));
#5060 = ( GEOMETRIC_REPRESENTATION_CONTEXT(2) 
PARAMETRIC_REPRESENTATION_CONTEXT() REPRESENTATION_CONTEXT('2D SPACE',''
  ) );
#5061 = FACE_BOUND('',#5062,.F.);
#5062 = EDGE_LOOP('',(#5063));
#5063 = ORIENTED_EDGE('',*,*,#5064,.T.);
#5064 = EDGE_CURVE('',#5065,#5065,#5067,.T.);
#5065 = VERTEX_POINT('',#5066);
#5066 = CARTESIAN_POINT('',(23.970250336882,12.8,-0.8));
#5067 = SURFACE_CURVE('',#5068,(#5073,#5084),.PCURVE_S1.);
#5068 = CIRCLE('',#5069,1.8);
#5069 = AXIS2_PLACEMENT_3D('',#5070,#5071,#5072);
#5070 = CARTESIAN_POINT('',(22.170250336882,12.8,-0.8));
#5071 = DIRECTION('',(0.,0.,-1.));
#5072 = DIRECTION('',(1.,0.,0.));
#5073 = PCURVE('',#3419,#5074);
#5074 = DEFINITIONAL_REPRESENTATION('',(#5075),#5083);
#5075 = ( BOUNDED_CURVE() B_SPLINE_CURVE(2,(#5076,#5077,#5078,#5079,
#5080,#5081,#5082),.UNSPECIFIED.,.T.,.F.) B_SPLINE_CURVE_WITH_KNOTS((1,2
    ,2,2,2,1),(-2.094395102393,0.,2.094395102393,4.188790204786,
6.28318530718,8.377580409573),.UNSPECIFIED.) CURVE() 
GEOMETRIC_REPRESENTATION_ITEM() RATIONAL_B_SPLINE_CURVE((1.,0.5,1.,0.5,
1.,0.5,1.)) REPRESENTATION_ITEM('') );
#5076 = CARTESIAN_POINT('',(23.970250336882,12.8));
#5077 = CARTESIAN_POINT('',(23.970250336882,9.682308546376));
#5078 = CARTESIAN_POINT('',(21.270250336882,11.241154273188));
#5079 = CARTESIAN_POINT('',(18.570250336882,12.8));
#5080 = CARTESIAN_POINT('',(21.270250336882,14.358845726812));
#5081 = CARTESIAN_POINT('',(23.970250336882,15.917691453624));
#5082 = CARTESIAN_POINT('',(23.970250336882,12.8));
#5083 = ( GEOMETRIC_REPRESENTATION_CONTEXT(2) 
PARAMETRIC_REPRESENTATION_CONTEXT() REPRESENTATION_CONTEXT('2D SPACE',''
  ) );
#5084 = PCURVE('',#5085,#5090);
#5085 = CYLINDRICAL_SURFACE('',#5086,1.8);
#5086 = AXIS2_PLACEMENT_3D('',#5087,#5088,#5089);
#5087 = CARTESIAN_POINT('',(22.170250336882,12.8,-1.8));
#5088 = DIRECTION('',(-0.,-0.,-1.));
#5089 = DIRECTION('',(1.,0.,0.));
#5090 = DEFINITIONAL_REPRESENTATION('',(#5091),#5095);
#5091 = LINE('',#5092,#5093);
#5092 = CARTESIAN_POINT('',(-6.28318530718,-1.));
#5093 = VECTOR('',#5094,1.);
#5094 = DIRECTION('',(1.,-0.));
#5095 = ( GEOMETRIC_REPRESENTATION_CONTEXT(2) 
PARAMETRIC_REPRESENTATION_CONTEXT() REPRESENTATION_CONTEXT('2D SPACE',''
  ) );
#5096 = ADVANCED_FACE('',(#5097),#5085,.T.);
#5097 = FACE_BOUND('',#5098,.F.);
#5098 = EDGE_LOOP('',(#5099,#5128,#5149,#5150));
#5099 = ORIENTED_EDGE('',*,*,#5100,.F.);
#5100 = EDGE_CURVE('',#5101,#5101,#5103,.T.);
#5101 = VERTEX_POINT('',#5102);
#5102 = CARTESIAN_POINT('',(23.970250336882,12.8,-1.8));
#5103 = SURFACE_CURVE('',#5104,(#5109,#5116),.PCURVE_S1.);
#5104 = CIRCLE('',#5105,1.8);
#5105 = AXIS2_PLACEMENT_3D('',#5106,#5107,#5108);
#5106 = CARTESIAN_POINT('',(22.170250336882,12.8,-1.8));
#5107 = DIRECTION('',(0.,0.,1.));
#5108 = DIRECTION('',(1.,0.,0.));
#5109 = PCURVE('',#5085,#5110);
#5110 = DEFINITIONAL_REPRESENTATION('',(#5111),#5115);
#5111 = LINE('',#5112,#5113);
#5112 = CARTESIAN_POINT('',(-0.,0.));
#5113 = VECTOR('',#5114,1.);
#5114 = DIRECTION('',(-1.,0.));
#5115 = ( GEOMETRIC_REPRESENTATION_CONTEXT(2) 
PARAMETRIC_REPRESENTATION_CONTEXT() REPRESENTATION_CONTEXT('2D SPACE',''
  ) );
#5116 = PCURVE('',#5117,#5122);
#5117 = PLANE('',#5118);
#5118 = AXIS2_PLACEMENT_3D('',#5119,#5120,#5121);
#5119 = CARTESIAN_POINT('',(22.170250336882,12.8,-1.8));
#5120 = DIRECTION('',(0.,0.,1.));
#5121 = DIRECTION('',(1.,0.,-0.));
#5122 = DEFINITIONAL_REPRESENTATION('',(#5123),#5127);
#5123 = CIRCLE('',#5124,1.8);
#5124 = AXIS2_PLACEMENT_2D('',#5125,#5126);
#5125 = CARTESIAN_POINT('',(0.,1.7763568394E-15));
#5126 = DIRECTION('',(1.,0.));
#5127 = ( GEOMETRIC_REPRESENTATION_CONTEXT(2) 
PARAMETRIC_REPRESENTATION_CONTEXT() REPRESENTATION_CONTEXT('2D SPACE',''
  ) );
#5128 = ORIENTED_EDGE('',*,*,#5129,.T.);
#5129 = EDGE_CURVE('',#5101,#5065,#5130,.T.);
#5130 = SEAM_CURVE('',#5131,(#5135,#5142),.PCURVE_S1.);
#5131 = LINE('',#5132,#5133);
#5132 = CARTESIAN_POINT('',(23.970250336882,12.8,-1.8));
#5133 = VECTOR('',#5134,1.);
#5134 = DIRECTION('',(0.,0.,1.));
#5135 = PCURVE('',#5085,#5136);
#5136 = DEFINITIONAL_REPRESENTATION('',(#5137),#5141);
#5137 = LINE('',#5138,#5139);
#5138 = CARTESIAN_POINT('',(-6.28318530718,0.));
#5139 = VECTOR('',#5140,1.);
#5140 = DIRECTION('',(-0.,-1.));
#5141 = ( GEOMETRIC_REPRESENTATION_CONTEXT(2) 
PARAMETRIC_REPRESENTATION_CONTEXT() REPRESENTATION_CONTEXT('2D SPACE',''
  ) );
#5142 = PCURVE('',#5085,#5143);
#5143 = DEFINITIONAL_REPRESENTATION('',(#5144),#5148);
#5144 = LINE('',#5145,#5146);
#5145 = CARTESIAN_POINT('',(-0.,0.));
#5146 = VECTOR('',#5147,1.);
#5147 = DIRECTION('',(-0.,-1.));
#5148 = ( GEOMETRIC_REPRESENTATION_CONTEXT(2) 
PARAMETRIC_REPRESENTATION_CONTEXT() REPRESENTATION_CONTEXT('2D SPACE',''
  ) );
#5149 = ORIENTED_EDGE('',*,*,#5064,.F.);
#5150 = ORIENTED_EDGE('',*,*,#5129,.F.);
#5151 = ADVANCED_FACE('',(#5152,#5155),#5117,.F.);
#5152 = FACE_BOUND('',#5153,.F.);
#5153 = EDGE_LOOP('',(#5154));
#5154 = ORIENTED_EDGE('',*,*,#5100,.T.);
#5155 = FACE_BOUND('',#5156,.F.);
#5156 = EDGE_LOOP('',(#5157));
#5157 = ORIENTED_EDGE('',*,*,#5158,.T.);
#5158 = EDGE_CURVE('',#5159,#5159,#5161,.T.);
#5159 = VERTEX_POINT('',#5160);
#5160 = CARTESIAN_POINT('',(23.120250336882,12.8,-1.8));
#5161 = SURFACE_CURVE('',#5162,(#5167,#5178),.PCURVE_S1.);
#5162 = CIRCLE('',#5163,0.95);
#5163 = AXIS2_PLACEMENT_3D('',#5164,#5165,#5166);
#5164 = CARTESIAN_POINT('',(22.170250336882,12.8,-1.8));
#5165 = DIRECTION('',(0.,0.,-1.));
#5166 = DIRECTION('',(1.,0.,0.));
#5167 = PCURVE('',#5117,#5168);
#5168 = DEFINITIONAL_REPRESENTATION('',(#5169),#5177);
#5169 = ( BOUNDED_CURVE() B_SPLINE_CURVE(2,(#5170,#5171,#5172,#5173,
#5174,#5175,#5176),.UNSPECIFIED.,.T.,.F.) B_SPLINE_CURVE_WITH_KNOTS((1,2
    ,2,2,2,1),(-2.094395102393,0.,2.094395102393,4.188790204786,
6.28318530718,8.377580409573),.UNSPECIFIED.) CURVE() 
GEOMETRIC_REPRESENTATION_ITEM() RATIONAL_B_SPLINE_CURVE((1.,0.5,1.,0.5,
1.,0.5,1.)) REPRESENTATION_ITEM('') );
#5170 = CARTESIAN_POINT('',(0.95,1.7763568394E-15));
#5171 = CARTESIAN_POINT('',(0.95,-1.64544826719));
#5172 = CARTESIAN_POINT('',(-0.475,-0.822724133595));
#5173 = CARTESIAN_POINT('',(-1.9,1.543673947562E-15));
#5174 = CARTESIAN_POINT('',(-0.475,0.822724133595));
#5175 = CARTESIAN_POINT('',(0.95,1.64544826719));
#5176 = CARTESIAN_POINT('',(0.95,1.7763568394E-15));
#5177 = ( GEOMETRIC_REPRESENTATION_CONTEXT(2) 
PARAMETRIC_REPRESENTATION_CONTEXT() REPRESENTATION_CONTEXT('2D SPACE',''
  ) );
#5178 = PCURVE('',#5179,#5184);
#5179 = CYLINDRICAL_SURFACE('',#5180,0.95);
#5180 = AXIS2_PLACEMENT_3D('',#5181,#5182,#5183);
#5181 = CARTESIAN_POINT('',(22.170250336882,12.8,-3.2));
#5182 = DIRECTION('',(-0.,-0.,-1.));
#5183 = DIRECTION('',(1.,0.,0.));
#5184 = DEFINITIONAL_REPRESENTATION('',(#5185),#5189);
#5185 = LINE('',#5186,#5187);
#5186 = CARTESIAN_POINT('',(-6.28318530718,-1.4));
#5187 = VECTOR('',#5188,1.);
#5188 = DIRECTION('',(1.,-0.));
#5189 = ( GEOMETRIC_REPRESENTATION_CONTEXT(2) 
PARAMETRIC_REPRESENTATION_CONTEXT() REPRESENTATION_CONTEXT('2D SPACE',''
  ) );
#5190 = ADVANCED_FACE('',(#5191),#5179,.T.);
#5191 = FACE_BOUND('',#5192,.F.);
#5192 = EDGE_LOOP('',(#5193,#5222,#5243,#5244));
#5193 = ORIENTED_EDGE('',*,*,#5194,.F.);
#5194 = EDGE_CURVE('',#5195,#5195,#5197,.T.);
#5195 = VERTEX_POINT('',#5196);
#5196 = CARTESIAN_POINT('',(23.120250336882,12.8,-3.2));
#5197 = SURFACE_CURVE('',#5198,(#5203,#5210),.PCURVE_S1.);
#5198 = CIRCLE('',#5199,0.95);
#5199 = AXIS2_PLACEMENT_3D('',#5200,#5201,#5202);
#5200 = CARTESIAN_POINT('',(22.170250336882,12.8,-3.2));
#5201 = DIRECTION('',(0.,0.,1.));
#5202 = DIRECTION('',(1.,0.,0.));
#5203 = PCURVE('',#5179,#5204);
#5204 = DEFINITIONAL_REPRESENTATION('',(#5205),#5209);
#5205 = LINE('',#5206,#5207);
#5206 = CARTESIAN_POINT('',(-0.,0.));
#5207 = VECTOR('',#5208,1.);
#5208 = DIRECTION('',(-1.,0.));
#5209 = ( GEOMETRIC_REPRESENTATION_CONTEXT(2) 
PARAMETRIC_REPRESENTATION_CONTEXT() REPRESENTATION_CONTEXT('2D SPACE',''
  ) );
#5210 = PCURVE('',#5211,#5216);
#5211 = PLANE('',#5212);
#5212 = AXIS2_PLACEMENT_3D('',#5213,#5214,#5215);
#5213 = CARTESIAN_POINT('',(22.170250336882,12.8,-3.2));
#5214 = DIRECTION('',(0.,0.,1.));
#5215 = DIRECTION('',(1.,0.,-0.));
#5216 = DEFINITIONAL_REPRESENTATION('',(#5217),#5221);
#5217 = CIRCLE('',#5218,0.95);
#5218 = AXIS2_PLACEMENT_2D('',#5219,#5220);
#5219 = CARTESIAN_POINT('',(0.,-1.7763568394E-15));
#5220 = DIRECTION('',(1.,0.));
#5221 = ( GEOMETRIC_REPRESENTATION_CONTEXT(2) 
PARAMETRIC_REPRESENTATION_CONTEXT() REPRESENTATION_CONTEXT('2D SPACE',''
  ) );
#5222 = ORIENTED_EDGE('',*,*,#5223,.T.);
#5223 = EDGE_CURVE('',#5195,#5159,#5224,.T.);
#5224 = SEAM_CURVE('',#5225,(#5229,#5236),.PCURVE_S1.);
#5225 = LINE('',#5226,#5227);
#5226 = CARTESIAN_POINT('',(23.120250336882,12.8,-3.2));
#5227 = VECTOR('',#5228,1.);
#5228 = DIRECTION('',(0.,0.,1.));
#5229 = PCURVE('',#5179,#5230);
#5230 = DEFINITIONAL_REPRESENTATION('',(#5231),#5235);
#5231 = LINE('',#5232,#5233);
#5232 = CARTESIAN_POINT('',(-6.28318530718,0.));
#5233 = VECTOR('',#5234,1.);
#5234 = DIRECTION('',(-0.,-1.));
#5235 = ( GEOMETRIC_REPRESENTATION_CONTEXT(2) 
PARAMETRIC_REPRESENTATION_CONTEXT() REPRESENTATION_CONTEXT('2D SPACE',''
  ) );
#5236 = PCURVE('',#5179,#5237);
#5237 = DEFINITIONAL_REPRESENTATION('',(#5238),#5242);
#5238 = LINE('',#5239,#5240);
#5239 = CARTESIAN_POINT('',(-0.,0.));
#5240 = VECTOR('',#5241,1.);
#5241 = DIRECTION('',(-0.,-1.));
#5242 = ( GEOMETRIC_REPRESENTATION_CONTEXT(2) 
PARAMETRIC_REPRESENTATION_CONTEXT() REPRESENTATION_CONTEXT('2D SPACE',''
  ) );
#5243 = ORIENTED_EDGE('',*,*,#5158,.F.);
#5244 = ORIENTED_EDGE('',*,*,#5223,.F.);
#5245 = ADVANCED_FACE('',(#5246),#5211,.F.);
#5246 = FACE_BOUND('',#5247,.F.);
#5247 = EDGE_LOOP('',(#5248));
#5248 = ORIENTED_EDGE('',*,*,#5194,.T.);
#5249 = ADVANCED_FACE('',(#5250),#5050,.T.);
#5250 = FACE_BOUND('',#5251,.F.);
#5251 = EDGE_LOOP('',(#5252,#5281,#5302,#5303));
#5252 = ORIENTED_EDGE('',*,*,#5253,.F.);
#5253 = EDGE_CURVE('',#5254,#5254,#5256,.T.);
#5254 = VERTEX_POINT('',#5255);
#5255 = CARTESIAN_POINT('',(-20.37025033688,12.8,-1.8));
#5256 = SURFACE_CURVE('',#5257,(#5262,#5269),.PCURVE_S1.);
#5257 = CIRCLE('',#5258,1.8);
#5258 = AXIS2_PLACEMENT_3D('',#5259,#5260,#5261);
#5259 = CARTESIAN_POINT('',(-22.17025033688,12.8,-1.8));
#5260 = DIRECTION('',(0.,0.,1.));
#5261 = DIRECTION('',(1.,0.,0.));
#5262 = PCURVE('',#5050,#5263);
#5263 = DEFINITIONAL_REPRESENTATION('',(#5264),#5268);
#5264 = LINE('',#5265,#5266);
#5265 = CARTESIAN_POINT('',(-0.,0.));
#5266 = VECTOR('',#5267,1.);
#5267 = DIRECTION('',(-1.,0.));
#5268 = ( GEOMETRIC_REPRESENTATION_CONTEXT(2) 
PARAMETRIC_REPRESENTATION_CONTEXT() REPRESENTATION_CONTEXT('2D SPACE',''
  ) );
#5269 = PCURVE('',#5270,#5275);
#5270 = PLANE('',#5271);
#5271 = AXIS2_PLACEMENT_3D('',#5272,#5273,#5274);
#5272 = CARTESIAN_POINT('',(-22.17025033688,12.8,-1.8));
#5273 = DIRECTION('',(0.,0.,1.));
#5274 = DIRECTION('',(1.,0.,-0.));
#5275 = DEFINITIONAL_REPRESENTATION('',(#5276),#5280);
#5276 = CIRCLE('',#5277,1.8);
#5277 = AXIS2_PLACEMENT_2D('',#5278,#5279);
#5278 = CARTESIAN_POINT('',(0.,1.7763568394E-15));
#5279 = DIRECTION('',(1.,0.));
#5280 = ( GEOMETRIC_REPRESENTATION_CONTEXT(2) 
PARAMETRIC_REPRESENTATION_CONTEXT() REPRESENTATION_CONTEXT('2D SPACE',''
  ) );
#5281 = ORIENTED_EDGE('',*,*,#5282,.T.);
#5282 = EDGE_CURVE('',#5254,#5030,#5283,.T.);
#5283 = SEAM_CURVE('',#5284,(#5288,#5295),.PCURVE_S1.);
#5284 = LINE('',#5285,#5286);
#5285 = CARTESIAN_POINT('',(-20.37025033688,12.8,-1.8));
#5286 = VECTOR('',#5287,1.);
#5287 = DIRECTION('',(0.,0.,1.));
#5288 = PCURVE('',#5050,#5289);
#5289 = DEFINITIONAL_REPRESENTATION('',(#5290),#5294);
#5290 = LINE('',#5291,#5292);
#5291 = CARTESIAN_POINT('',(-6.28318530718,0.));
#5292 = VECTOR('',#5293,1.);
#5293 = DIRECTION('',(-0.,-1.));
#5294 = ( GEOMETRIC_REPRESENTATION_CONTEXT(2) 
PARAMETRIC_REPRESENTATION_CONTEXT() REPRESENTATION_CONTEXT('2D SPACE',''
  ) );
#5295 = PCURVE('',#5050,#5296);
#5296 = DEFINITIONAL_REPRESENTATION('',(#5297),#5301);
#5297 = LINE('',#5298,#5299);
#5298 = CARTESIAN_POINT('',(-0.,0.));
#5299 = VECTOR('',#5300,1.);
#5300 = DIRECTION('',(-0.,-1.));
#5301 = ( GEOMETRIC_REPRESENTATION_CONTEXT(2) 
PARAMETRIC_REPRESENTATION_CONTEXT() REPRESENTATION_CONTEXT('2D SPACE',''
  ) );
#5302 = ORIENTED_EDGE('',*,*,#5029,.F.);
#5303 = ORIENTED_EDGE('',*,*,#5282,.F.);
#5304 = ADVANCED_FACE('',(#5305,#5308),#5270,.F.);
#5305 = FACE_BOUND('',#5306,.F.);
#5306 = EDGE_LOOP('',(#5307));
#5307 = ORIENTED_EDGE('',*,*,#5253,.T.);
#5308 = FACE_BOUND('',#5309,.F.);
#5309 = EDGE_LOOP('',(#5310));
#5310 = ORIENTED_EDGE('',*,*,#5311,.T.);
#5311 = EDGE_CURVE('',#5312,#5312,#5314,.T.);
#5312 = VERTEX_POINT('',#5313);
#5313 = CARTESIAN_POINT('',(-21.22025033688,12.8,-1.8));
#5314 = SURFACE_CURVE('',#5315,(#5320,#5331),.PCURVE_S1.);
#5315 = CIRCLE('',#5316,0.95);
#5316 = AXIS2_PLACEMENT_3D('',#5317,#5318,#5319);
#5317 = CARTESIAN_POINT('',(-22.17025033688,12.8,-1.8));
#5318 = DIRECTION('',(0.,0.,-1.));
#5319 = DIRECTION('',(1.,0.,0.));
#5320 = PCURVE('',#5270,#5321);
#5321 = DEFINITIONAL_REPRESENTATION('',(#5322),#5330);
#5322 = ( BOUNDED_CURVE() B_SPLINE_CURVE(2,(#5323,#5324,#5325,#5326,
#5327,#5328,#5329),.UNSPECIFIED.,.T.,.F.) B_SPLINE_CURVE_WITH_KNOTS((1,2
    ,2,2,2,1),(-2.094395102393,0.,2.094395102393,4.188790204786,
6.28318530718,8.377580409573),.UNSPECIFIED.) CURVE() 
GEOMETRIC_REPRESENTATION_ITEM() RATIONAL_B_SPLINE_CURVE((1.,0.5,1.,0.5,
1.,0.5,1.)) REPRESENTATION_ITEM('') );
#5323 = CARTESIAN_POINT('',(0.95,1.7763568394E-15));
#5324 = CARTESIAN_POINT('',(0.95,-1.64544826719));
#5325 = CARTESIAN_POINT('',(-0.475,-0.822724133595));
#5326 = CARTESIAN_POINT('',(-1.9,1.543673947562E-15));
#5327 = CARTESIAN_POINT('',(-0.475,0.822724133595));
#5328 = CARTESIAN_POINT('',(0.95,1.64544826719));
#5329 = CARTESIAN_POINT('',(0.95,1.7763568394E-15));
#5330 = ( GEOMETRIC_REPRESENTATION_CONTEXT(2) 
PARAMETRIC_REPRESENTATION_CONTEXT() REPRESENTATION_CONTEXT('2D SPACE',''
  ) );
#5331 = PCURVE('',#5332,#5337);
#5332 = CYLINDRICAL_SURFACE('',#5333,0.95);
#5333 = AXIS2_PLACEMENT_3D('',#5334,#5335,#5336);
#5334 = CARTESIAN_POINT('',(-22.17025033688,12.8,-3.2));
#5335 = DIRECTION('',(-0.,-0.,-1.));
#5336 = DIRECTION('',(1.,0.,0.));
#5337 = DEFINITIONAL_REPRESENTATION('',(#5338),#5342);
#5338 = LINE('',#5339,#5340);
#5339 = CARTESIAN_POINT('',(-6.28318530718,-1.4));
#5340 = VECTOR('',#5341,1.);
#5341 = DIRECTION('',(1.,-0.));
#5342 = ( GEOMETRIC_REPRESENTATION_CONTEXT(2) 
PARAMETRIC_REPRESENTATION_CONTEXT() REPRESENTATION_CONTEXT('2D SPACE',''
  ) );
#5343 = ADVANCED_FACE('',(#5344),#5332,.T.);
#5344 = FACE_BOUND('',#5345,.F.);
#5345 = EDGE_LOOP('',(#5346,#5375,#5396,#5397));
#5346 = ORIENTED_EDGE('',*,*,#5347,.F.);
#5347 = EDGE_CURVE('',#5348,#5348,#5350,.T.);
#5348 = VERTEX_POINT('',#5349);
#5349 = CARTESIAN_POINT('',(-21.22025033688,12.8,-3.2));
#5350 = SURFACE_CURVE('',#5351,(#5356,#5363),.PCURVE_S1.);
#5351 = CIRCLE('',#5352,0.95);
#5352 = AXIS2_PLACEMENT_3D('',#5353,#5354,#5355);
#5353 = CARTESIAN_POINT('',(-22.17025033688,12.8,-3.2));
#5354 = DIRECTION('',(0.,0.,1.));
#5355 = DIRECTION('',(1.,0.,0.));
#5356 = PCURVE('',#5332,#5357);
#5357 = DEFINITIONAL_REPRESENTATION('',(#5358),#5362);
#5358 = LINE('',#5359,#5360);
#5359 = CARTESIAN_POINT('',(-0.,0.));
#5360 = VECTOR('',#5361,1.);
#5361 = DIRECTION('',(-1.,0.));
#5362 = ( GEOMETRIC_REPRESENTATION_CONTEXT(2) 
PARAMETRIC_REPRESENTATION_CONTEXT() REPRESENTATION_CONTEXT('2D SPACE',''
  ) );
#5363 = PCURVE('',#5364,#5369);
#5364 = PLANE('',#5365);
#5365 = AXIS2_PLACEMENT_3D('',#5366,#5367,#5368);
#5366 = CARTESIAN_POINT('',(-22.17025033688,12.8,-3.2));
#5367 = DIRECTION('',(0.,0.,1.));
#5368 = DIRECTION('',(1.,0.,-0.));
#5369 = DEFINITIONAL_REPRESENTATION('',(#5370),#5374);
#5370 = CIRCLE('',#5371,0.95);
#5371 = AXIS2_PLACEMENT_2D('',#5372,#5373);
#5372 = CARTESIAN_POINT('',(0.,-1.7763568394E-15));
#5373 = DIRECTION('',(1.,0.));
#5374 = ( GEOMETRIC_REPRESENTATION_CONTEXT(2) 
PARAMETRIC_REPRESENTATION_CONTEXT() REPRESENTATION_CONTEXT('2D SPACE',''
  ) );
#5375 = ORIENTED_EDGE('',*,*,#5376,.T.);
#5376 = EDGE_CURVE('',#5348,#5312,#5377,.T.);
#5377 = SEAM_CURVE('',#5378,(#5382,#5389),.PCURVE_S1.);
#5378 = LINE('',#5379,#5380);
#5379 = CARTESIAN_POINT('',(-21.22025033688,12.8,-3.2));
#5380 = VECTOR('',#5381,1.);
#5381 = DIRECTION('',(0.,0.,1.));
#5382 = PCURVE('',#5332,#5383);
#5383 = DEFINITIONAL_REPRESENTATION('',(#5384),#5388);
#5384 = LINE('',#5385,#5386);
#5385 = CARTESIAN_POINT('',(-6.28318530718,0.));
#5386 = VECTOR('',#5387,1.);
#5387 = DIRECTION('',(-0.,-1.));
#5388 = ( GEOMETRIC_REPRESENTATION_CONTEXT(2) 
PARAMETRIC_REPRESENTATION_CONTEXT() REPRESENTATION_CONTEXT('2D SPACE',''
  ) );
#5389 = PCURVE('',#5332,#5390);
#5390 = DEFINITIONAL_REPRESENTATION('',(#5391),#5395);
#5391 = LINE('',#5392,#5393);
#5392 = CARTESIAN_POINT('',(-0.,0.));
#5393 = VECTOR('',#5394,1.);
#5394 = DIRECTION('',(-0.,-1.));
#5395 = ( GEOMETRIC_REPRESENTATION_CONTEXT(2) 
PARAMETRIC_REPRESENTATION_CONTEXT() REPRESENTATION_CONTEXT('2D SPACE',''
  ) );
#5396 = ORIENTED_EDGE('',*,*,#5311,.F.);
#5397 = ORIENTED_EDGE('',*,*,#5376,.F.);
#5398 = ADVANCED_FACE('',(#5399),#5364,.F.);
#5399 = FACE_BOUND('',#5400,.F.);
#5400 = EDGE_LOOP('',(#5401));
#5401 = ORIENTED_EDGE('',*,*,#5347,.T.);
#5402 = ADVANCED_FACE('',(#5403),#5015,.T.);
#5403 = FACE_BOUND('',#5404,.F.);
#5404 = EDGE_LOOP('',(#5405,#5434,#5455,#5456));
#5405 = ORIENTED_EDGE('',*,*,#5406,.F.);
#5406 = EDGE_CURVE('',#5407,#5407,#5409,.T.);
#5407 = VERTEX_POINT('',#5408);
#5408 = CARTESIAN_POINT('',(-6.955715669137,-24.05613109211,-1.8));
#5409 = SURFACE_CURVE('',#5410,(#5415,#5422),.PCURVE_S1.);
#5410 = CIRCLE('',#5411,1.8);
#5411 = AXIS2_PLACEMENT_3D('',#5412,#5413,#5414);
#5412 = CARTESIAN_POINT('',(-8.755715669137,-24.05613109211,-1.8));
#5413 = DIRECTION('',(0.,0.,1.));
#5414 = DIRECTION('',(1.,0.,0.));
#5415 = PCURVE('',#5015,#5416);
#5416 = DEFINITIONAL_REPRESENTATION('',(#5417),#5421);
#5417 = LINE('',#5418,#5419);
#5418 = CARTESIAN_POINT('',(-0.,0.));
#5419 = VECTOR('',#5420,1.);
#5420 = DIRECTION('',(-1.,0.));
#5421 = ( GEOMETRIC_REPRESENTATION_CONTEXT(2) 
PARAMETRIC_REPRESENTATION_CONTEXT() REPRESENTATION_CONTEXT('2D SPACE',''
  ) );
#5422 = PCURVE('',#5423,#5428);
#5423 = PLANE('',#5424);
#5424 = AXIS2_PLACEMENT_3D('',#5425,#5426,#5427);
#5425 = CARTESIAN_POINT('',(-8.755715669137,-24.05613109211,-1.8));
#5426 = DIRECTION('',(0.,0.,1.));
#5427 = DIRECTION('',(1.,0.,-0.));
#5428 = DEFINITIONAL_REPRESENTATION('',(#5429),#5433);
#5429 = CIRCLE('',#5430,1.8);
#5430 = AXIS2_PLACEMENT_2D('',#5431,#5432);
#5431 = CARTESIAN_POINT('',(0.,3.552713678801E-15));
#5432 = DIRECTION('',(1.,0.));
#5433 = ( GEOMETRIC_REPRESENTATION_CONTEXT(2) 
PARAMETRIC_REPRESENTATION_CONTEXT() REPRESENTATION_CONTEXT('2D SPACE',''
  ) );
#5434 = ORIENTED_EDGE('',*,*,#5435,.T.);
#5435 = EDGE_CURVE('',#5407,#4995,#5436,.T.);
#5436 = SEAM_CURVE('',#5437,(#5441,#5448),.PCURVE_S1.);
#5437 = LINE('',#5438,#5439);
#5438 = CARTESIAN_POINT('',(-6.955715669137,-24.05613109211,-1.8));
#5439 = VECTOR('',#5440,1.);
#5440 = DIRECTION('',(0.,0.,1.));
#5441 = PCURVE('',#5015,#5442);
#5442 = DEFINITIONAL_REPRESENTATION('',(#5443),#5447);
#5443 = LINE('',#5444,#5445);
#5444 = CARTESIAN_POINT('',(-6.28318530718,0.));
#5445 = VECTOR('',#5446,1.);
#5446 = DIRECTION('',(-0.,-1.));
#5447 = ( GEOMETRIC_REPRESENTATION_CONTEXT(2) 
PARAMETRIC_REPRESENTATION_CONTEXT() REPRESENTATION_CONTEXT('2D SPACE',''
  ) );
#5448 = PCURVE('',#5015,#5449);
#5449 = DEFINITIONAL_REPRESENTATION('',(#5450),#5454);
#5450 = LINE('',#5451,#5452);
#5451 = CARTESIAN_POINT('',(-0.,0.));
#5452 = VECTOR('',#5453,1.);
#5453 = DIRECTION('',(-0.,-1.));
#5454 = ( GEOMETRIC_REPRESENTATION_CONTEXT(2) 
PARAMETRIC_REPRESENTATION_CONTEXT() REPRESENTATION_CONTEXT('2D SPACE',''
  ) );
#5455 = ORIENTED_EDGE('',*,*,#4994,.F.);
#5456 = ORIENTED_EDGE('',*,*,#5435,.F.);
#5457 = ADVANCED_FACE('',(#5458,#5461),#5423,.F.);
#5458 = FACE_BOUND('',#5459,.F.);
#5459 = EDGE_LOOP('',(#5460));
#5460 = ORIENTED_EDGE('',*,*,#5406,.T.);
#5461 = FACE_BOUND('',#5462,.F.);
#5462 = EDGE_LOOP('',(#5463));
#5463 = ORIENTED_EDGE('',*,*,#5464,.T.);
#5464 = EDGE_CURVE('',#5465,#5465,#5467,.T.);
#5465 = VERTEX_POINT('',#5466);
#5466 = CARTESIAN_POINT('',(-7.805715669137,-24.05613109211,-1.8));
#5467 = SURFACE_CURVE('',#5468,(#5473,#5484),.PCURVE_S1.);
#5468 = CIRCLE('',#5469,0.95);
#5469 = AXIS2_PLACEMENT_3D('',#5470,#5471,#5472);
#5470 = CARTESIAN_POINT('',(-8.755715669137,-24.05613109211,-1.8));
#5471 = DIRECTION('',(0.,0.,-1.));
#5472 = DIRECTION('',(1.,0.,0.));
#5473 = PCURVE('',#5423,#5474);
#5474 = DEFINITIONAL_REPRESENTATION('',(#5475),#5483);
#5475 = ( BOUNDED_CURVE() B_SPLINE_CURVE(2,(#5476,#5477,#5478,#5479,
#5480,#5481,#5482),.UNSPECIFIED.,.T.,.F.) B_SPLINE_CURVE_WITH_KNOTS((1,2
    ,2,2,2,1),(-2.094395102393,0.,2.094395102393,4.188790204786,
6.28318530718,8.377580409573),.UNSPECIFIED.) CURVE() 
GEOMETRIC_REPRESENTATION_ITEM() RATIONAL_B_SPLINE_CURVE((1.,0.5,1.,0.5,
1.,0.5,1.)) REPRESENTATION_ITEM('') );
#5476 = CARTESIAN_POINT('',(0.95,3.552713678801E-15));
#5477 = CARTESIAN_POINT('',(0.95,-1.64544826719));
#5478 = CARTESIAN_POINT('',(-0.475,-0.822724133595));
#5479 = CARTESIAN_POINT('',(-1.9,3.320030786963E-15));
#5480 = CARTESIAN_POINT('',(-0.475,0.822724133595));
#5481 = CARTESIAN_POINT('',(0.95,1.64544826719));
#5482 = CARTESIAN_POINT('',(0.95,3.552713678801E-15));
#5483 = ( GEOMETRIC_REPRESENTATION_CONTEXT(2) 
PARAMETRIC_REPRESENTATION_CONTEXT() REPRESENTATION_CONTEXT('2D SPACE',''
  ) );
#5484 = PCURVE('',#5485,#5490);
#5485 = CYLINDRICAL_SURFACE('',#5486,0.95);
#5486 = AXIS2_PLACEMENT_3D('',#5487,#5488,#5489);
#5487 = CARTESIAN_POINT('',(-8.755715669137,-24.05613109211,-3.2));
#5488 = DIRECTION('',(-0.,-0.,-1.));
#5489 = DIRECTION('',(1.,0.,0.));
#5490 = DEFINITIONAL_REPRESENTATION('',(#5491),#5495);
#5491 = LINE('',#5492,#5493);
#5492 = CARTESIAN_POINT('',(-6.28318530718,-1.4));
#5493 = VECTOR('',#5494,1.);
#5494 = DIRECTION('',(1.,-0.));
#5495 = ( GEOMETRIC_REPRESENTATION_CONTEXT(2) 
PARAMETRIC_REPRESENTATION_CONTEXT() REPRESENTATION_CONTEXT('2D SPACE',''
  ) );
#5496 = ADVANCED_FACE('',(#5497),#5485,.T.);
#5497 = FACE_BOUND('',#5498,.F.);
#5498 = EDGE_LOOP('',(#5499,#5528,#5549,#5550));
#5499 = ORIENTED_EDGE('',*,*,#5500,.F.);
#5500 = EDGE_CURVE('',#5501,#5501,#5503,.T.);
#5501 = VERTEX_POINT('',#5502);
#5502 = CARTESIAN_POINT('',(-7.805715669137,-24.05613109211,-3.2));
#5503 = SURFACE_CURVE('',#5504,(#5509,#5516),.PCURVE_S1.);
#5504 = CIRCLE('',#5505,0.95);
#5505 = AXIS2_PLACEMENT_3D('',#5506,#5507,#5508);
#5506 = CARTESIAN_POINT('',(-8.755715669137,-24.05613109211,-3.2));
#5507 = DIRECTION('',(0.,0.,1.));
#5508 = DIRECTION('',(1.,0.,0.));
#5509 = PCURVE('',#5485,#5510);
#5510 = DEFINITIONAL_REPRESENTATION('',(#5511),#5515);
#5511 = LINE('',#5512,#5513);
#5512 = CARTESIAN_POINT('',(-0.,0.));
#5513 = VECTOR('',#5514,1.);
#5514 = DIRECTION('',(-1.,0.));
#5515 = ( GEOMETRIC_REPRESENTATION_CONTEXT(2) 
PARAMETRIC_REPRESENTATION_CONTEXT() REPRESENTATION_CONTEXT('2D SPACE',''
  ) );
#5516 = PCURVE('',#5517,#5522);
#5517 = PLANE('',#5518);
#5518 = AXIS2_PLACEMENT_3D('',#5519,#5520,#5521);
#5519 = CARTESIAN_POINT('',(-8.755715669137,-24.05613109211,-3.2));
#5520 = DIRECTION('',(0.,0.,1.));
#5521 = DIRECTION('',(1.,0.,-0.));
#5522 = DEFINITIONAL_REPRESENTATION('',(#5523),#5527);
#5523 = CIRCLE('',#5524,0.95);
#5524 = AXIS2_PLACEMENT_2D('',#5525,#5526);
#5525 = CARTESIAN_POINT('',(0.,3.552713678801E-15));
#5526 = DIRECTION('',(1.,0.));
#5527 = ( GEOMETRIC_REPRESENTATION_CONTEXT(2) 
PARAMETRIC_REPRESENTATION_CONTEXT() REPRESENTATION_CONTEXT('2D SPACE',''
  ) );
#5528 = ORIENTED_EDGE('',*,*,#5529,.T.);
#5529 = EDGE_CURVE('',#5501,#5465,#5530,.T.);
#5530 = SEAM_CURVE('',#5531,(#5535,#5542),.PCURVE_S1.);
#5531 = LINE('',#5532,#5533);
#5532 = CARTESIAN_POINT('',(-7.805715669137,-24.05613109211,-3.2));
#5533 = VECTOR('',#5534,1.);
#5534 = DIRECTION('',(0.,0.,1.));
#5535 = PCURVE('',#5485,#5536);
#5536 = DEFINITIONAL_REPRESENTATION('',(#5537),#5541);
#5537 = LINE('',#5538,#5539);
#5538 = CARTESIAN_POINT('',(-6.28318530718,0.));
#5539 = VECTOR('',#5540,1.);
#5540 = DIRECTION('',(-0.,-1.));
#5541 = ( GEOMETRIC_REPRESENTATION_CONTEXT(2) 
PARAMETRIC_REPRESENTATION_CONTEXT() REPRESENTATION_CONTEXT('2D SPACE',''
  ) );
#5542 = PCURVE('',#5485,#5543);
#5543 = DEFINITIONAL_REPRESENTATION('',(#5544),#5548);
#5544 = LINE('',#5545,#5546);
#5545 = CARTESIAN_POINT('',(-0.,0.));
#5546 = VECTOR('',#5547,1.);
#5547 = DIRECTION('',(-0.,-1.));
#5548 = ( GEOMETRIC_REPRESENTATION_CONTEXT(2) 
PARAMETRIC_REPRESENTATION_CONTEXT() REPRESENTATION_CONTEXT('2D SPACE',''
  ) );
#5549 = ORIENTED_EDGE('',*,*,#5464,.F.);
#5550 = ORIENTED_EDGE('',*,*,#5529,.F.);
#5551 = ADVANCED_FACE('',(#5552),#5517,.F.);
#5552 = FACE_BOUND('',#5553,.F.);
#5553 = EDGE_LOOP('',(#5554));
#5554 = ORIENTED_EDGE('',*,*,#5500,.T.);
#5555 = ADVANCED_FACE('',(#5556),#3205,.T.);
#5556 = FACE_BOUND('',#5557,.T.);
#5557 = EDGE_LOOP('',(#5558,#5581,#5600,#5601));
#5558 = ORIENTED_EDGE('',*,*,#5559,.F.);
#5559 = EDGE_CURVE('',#5560,#3190,#5562,.T.);
#5560 = VERTEX_POINT('',#5561);
#5561 = CARTESIAN_POINT('',(27.8,-6.4,-7.5));
#5562 = SURFACE_CURVE('',#5563,(#5567,#5574),.PCURVE_S1.);
#5563 = LINE('',#5564,#5565);
#5564 = CARTESIAN_POINT('',(27.8,-6.4,-8.5));
#5565 = VECTOR('',#5566,1.);
#5566 = DIRECTION('',(0.,0.,1.));
#5567 = PCURVE('',#3205,#5568);
#5568 = DEFINITIONAL_REPRESENTATION('',(#5569),#5573);
#5569 = LINE('',#5570,#5571);
#5570 = CARTESIAN_POINT('',(12.8,0.));
#5571 = VECTOR('',#5572,1.);
#5572 = DIRECTION('',(0.,-1.));
#5573 = ( GEOMETRIC_REPRESENTATION_CONTEXT(2) 
PARAMETRIC_REPRESENTATION_CONTEXT() REPRESENTATION_CONTEXT('2D SPACE',''
  ) );
#5574 = PCURVE('',#2983,#5575);
#5575 = DEFINITIONAL_REPRESENTATION('',(#5576),#5580);
#5576 = LINE('',#5577,#5578);
#5577 = CARTESIAN_POINT('',(0.,0.));
#5578 = VECTOR('',#5579,1.);
#5579 = DIRECTION('',(0.,-1.));
#5580 = ( GEOMETRIC_REPRESENTATION_CONTEXT(2) 
PARAMETRIC_REPRESENTATION_CONTEXT() REPRESENTATION_CONTEXT('2D SPACE',''
  ) );
#5581 = ORIENTED_EDGE('',*,*,#5582,.T.);
#5582 = EDGE_CURVE('',#5560,#3434,#5583,.T.);
#5583 = SURFACE_CURVE('',#5584,(#5588,#5594),.PCURVE_S1.);
#5584 = LINE('',#5585,#5586);
#5585 = CARTESIAN_POINT('',(27.8,3.2,-7.5));
#5586 = VECTOR('',#5587,1.);
#5587 = DIRECTION('',(-0.,1.,0.));
#5588 = PCURVE('',#3205,#5589);
#5589 = DEFINITIONAL_REPRESENTATION('',(#5590),#5593);
#5590 = B_SPLINE_CURVE_WITH_KNOTS('',1,(#5591,#5592),.UNSPECIFIED.,.F.,
  .F.,(2,2),(-9.6,3.2),.PIECEWISE_BEZIER_KNOTS.);
#5591 = CARTESIAN_POINT('',(12.8,-1.));
#5592 = CARTESIAN_POINT('',(0.,-1.));
#5593 = ( GEOMETRIC_REPRESENTATION_CONTEXT(2) 
PARAMETRIC_REPRESENTATION_CONTEXT() REPRESENTATION_CONTEXT('2D SPACE',''
  ) );
#5594 = PCURVE('',#2903,#5595);
#5595 = DEFINITIONAL_REPRESENTATION('',(#5596),#5599);
#5596 = B_SPLINE_CURVE_WITH_KNOTS('',1,(#5597,#5598),.UNSPECIFIED.,.F.,
  .F.,(2,2),(-9.6,3.2),.PIECEWISE_BEZIER_KNOTS.);
#5597 = CARTESIAN_POINT('',(27.8,-6.4));
#5598 = CARTESIAN_POINT('',(27.8,6.4));
#5599 = ( GEOMETRIC_REPRESENTATION_CONTEXT(2) 
PARAMETRIC_REPRESENTATION_CONTEXT() REPRESENTATION_CONTEXT('2D SPACE',''
  ) );
#5600 = ORIENTED_EDGE('',*,*,#3433,.F.);
#5601 = ORIENTED_EDGE('',*,*,#3187,.T.);
#5602 = ADVANCED_FACE('',(#5603),#3069,.T.);
#5603 = FACE_BOUND('',#5604,.T.);
#5604 = EDGE_LOOP('',(#5605,#5624,#5625,#5626));
#5605 = ORIENTED_EDGE('',*,*,#5606,.T.);
#5606 = EDGE_CURVE('',#4866,#3054,#5607,.T.);
#5607 = SURFACE_CURVE('',#5608,(#5612,#5618),.PCURVE_S1.);
#5608 = LINE('',#5609,#5610);
#5609 = CARTESIAN_POINT('',(27.8,3.2,-7.5));
#5610 = VECTOR('',#5611,1.);
#5611 = DIRECTION('',(-0.,1.,0.));
#5612 = PCURVE('',#3069,#5613);
#5613 = DEFINITIONAL_REPRESENTATION('',(#5614),#5617);
#5614 = B_SPLINE_CURVE_WITH_KNOTS('',1,(#5615,#5616),.UNSPECIFIED.,.F.,
  .F.,(2,2),(-9.6,3.2),.PIECEWISE_BEZIER_KNOTS.);
#5615 = CARTESIAN_POINT('',(12.8,-1.));
#5616 = CARTESIAN_POINT('',(0.,-1.));
#5617 = ( GEOMETRIC_REPRESENTATION_CONTEXT(2) 
PARAMETRIC_REPRESENTATION_CONTEXT() REPRESENTATION_CONTEXT('2D SPACE',''
  ) );
#5618 = PCURVE('',#2903,#5619);
#5619 = DEFINITIONAL_REPRESENTATION('',(#5620),#5623);
#5620 = B_SPLINE_CURVE_WITH_KNOTS('',1,(#5621,#5622),.UNSPECIFIED.,.F.,
  .F.,(2,2),(-9.6,3.2),.PIECEWISE_BEZIER_KNOTS.);
#5621 = CARTESIAN_POINT('',(27.8,-6.4));
#5622 = CARTESIAN_POINT('',(27.8,6.4));
#5623 = ( GEOMETRIC_REPRESENTATION_CONTEXT(2) 
PARAMETRIC_REPRESENTATION_CONTEXT() REPRESENTATION_CONTEXT('2D SPACE',''
  ) );
#5624 = ORIENTED_EDGE('',*,*,#3053,.T.);
#5625 = ORIENTED_EDGE('',*,*,#3295,.T.);
#5626 = ORIENTED_EDGE('',*,*,#4893,.T.);
#5627 = ADVANCED_FACE('',(#5628),#3143,.T.);
#5628 = FACE_BOUND('',#5629,.F.);
#5629 = EDGE_LOOP('',(#5630,#5631,#5655,#5676));
#5630 = ORIENTED_EDGE('',*,*,#3128,.F.);
#5631 = ORIENTED_EDGE('',*,*,#5632,.T.);
#5632 = EDGE_CURVE('',#3129,#5633,#5635,.T.);
#5633 = VERTEX_POINT('',#5634);
#5634 = CARTESIAN_POINT('',(29.104638805524,-6.4,-5.8));
#5635 = SURFACE_CURVE('',#5636,(#5641,#5648),.PCURVE_S1.);
#5636 = CIRCLE('',#5637,29.8);
#5637 = AXIS2_PLACEMENT_3D('',#5638,#5639,#5640);
#5638 = CARTESIAN_POINT('',(0.,0.,-5.8));
#5639 = DIRECTION('',(0.,0.,1.));
#5640 = DIRECTION('',(1.,0.,0.));
#5641 = PCURVE('',#3143,#5642);
#5642 = DEFINITIONAL_REPRESENTATION('',(#5643),#5647);
#5643 = LINE('',#5644,#5645);
#5644 = CARTESIAN_POINT('',(-0.,0.));
#5645 = VECTOR('',#5646,1.);
#5646 = DIRECTION('',(-1.,0.));
#5647 = ( GEOMETRIC_REPRESENTATION_CONTEXT(2) 
PARAMETRIC_REPRESENTATION_CONTEXT() REPRESENTATION_CONTEXT('2D SPACE',''
  ) );
#5648 = PCURVE('',#3169,#5649);
#5649 = DEFINITIONAL_REPRESENTATION('',(#5650),#5654);
#5650 = LINE('',#5651,#5652);
#5651 = CARTESIAN_POINT('',(-0.,0.5));
#5652 = VECTOR('',#5653,1.);
#5653 = DIRECTION('',(-1.,0.));
#5654 = ( GEOMETRIC_REPRESENTATION_CONTEXT(2) 
PARAMETRIC_REPRESENTATION_CONTEXT() REPRESENTATION_CONTEXT('2D SPACE',''
  ) );
#5655 = ORIENTED_EDGE('',*,*,#5656,.T.);
#5656 = EDGE_CURVE('',#5633,#5657,#5659,.T.);
#5657 = VERTEX_POINT('',#5658);
#5658 = CARTESIAN_POINT('',(29.104638805524,-6.4,-6.2));
#5659 = SURFACE_CURVE('',#5660,(#5664,#5670),.PCURVE_S1.);
#5660 = LINE('',#5661,#5662);
#5661 = CARTESIAN_POINT('',(29.104638805524,-6.4,-5.8));
#5662 = VECTOR('',#5663,1.);
#5663 = DIRECTION('',(-0.,-0.,-1.));
#5664 = PCURVE('',#3143,#5665);
#5665 = DEFINITIONAL_REPRESENTATION('',(#5666),#5669);
#5666 = B_SPLINE_CURVE_WITH_KNOTS('',1,(#5667,#5668),.UNSPECIFIED.,.F.,
  .F.,(2,2),(-5.999999999062E-07,0.4000006),.PIECEWISE_BEZIER_KNOTS.);
#5667 = CARTESIAN_POINT('',(-6.066733995189,-5.999999999062E-07));
#5668 = CARTESIAN_POINT('',(-6.066733995189,0.4000006));
#5669 = ( GEOMETRIC_REPRESENTATION_CONTEXT(2) 
PARAMETRIC_REPRESENTATION_CONTEXT() REPRESENTATION_CONTEXT('2D SPACE',''
  ) );
#5670 = PCURVE('',#2983,#5671);
#5671 = DEFINITIONAL_REPRESENTATION('',(#5672),#5675);
#5672 = B_SPLINE_CURVE_WITH_KNOTS('',1,(#5673,#5674),.UNSPECIFIED.,.F.,
  .F.,(2,2),(-5.999999999062E-07,0.4000006),.PIECEWISE_BEZIER_KNOTS.);
#5673 = CARTESIAN_POINT('',(1.304638805524,-2.7000006));
#5674 = CARTESIAN_POINT('',(1.304638805524,-2.2999994));
#5675 = ( GEOMETRIC_REPRESENTATION_CONTEXT(2) 
PARAMETRIC_REPRESENTATION_CONTEXT() REPRESENTATION_CONTEXT('2D SPACE',''
  ) );
#5676 = ORIENTED_EDGE('',*,*,#5677,.F.);
#5677 = EDGE_CURVE('',#3102,#5657,#5678,.T.);
#5678 = SURFACE_CURVE('',#5679,(#5684,#5691),.PCURVE_S1.);
#5679 = CIRCLE('',#5680,29.8);
#5680 = AXIS2_PLACEMENT_3D('',#5681,#5682,#5683);
#5681 = CARTESIAN_POINT('',(0.,0.,-6.2));
#5682 = DIRECTION('',(0.,0.,1.));
#5683 = DIRECTION('',(1.,0.,0.));
#5684 = PCURVE('',#3143,#5685);
#5685 = DEFINITIONAL_REPRESENTATION('',(#5686),#5690);
#5686 = LINE('',#5687,#5688);
#5687 = CARTESIAN_POINT('',(-0.,0.4));
#5688 = VECTOR('',#5689,1.);
#5689 = DIRECTION('',(-1.,0.));
#5690 = ( GEOMETRIC_REPRESENTATION_CONTEXT(2) 
PARAMETRIC_REPRESENTATION_CONTEXT() REPRESENTATION_CONTEXT('2D SPACE',''
  ) );
#5691 = PCURVE('',#2958,#5692);
#5692 = DEFINITIONAL_REPRESENTATION('',(#5693),#5697);
#5693 = LINE('',#5694,#5695);
#5694 = CARTESIAN_POINT('',(0.,-0.));
#5695 = VECTOR('',#5696,1.);
#5696 = DIRECTION('',(1.,-0.));
#5697 = ( GEOMETRIC_REPRESENTATION_CONTEXT(2) 
PARAMETRIC_REPRESENTATION_CONTEXT() REPRESENTATION_CONTEXT('2D SPACE',''
  ) );
#5698 = ADVANCED_FACE('',(#5699),#3169,.T.);
#5699 = FACE_BOUND('',#5700,.F.);
#5700 = EDGE_LOOP('',(#5701,#5725,#5750,#5751));
#5701 = ORIENTED_EDGE('',*,*,#5702,.F.);
#5702 = EDGE_CURVE('',#5703,#3000,#5705,.T.);
#5703 = VERTEX_POINT('',#5704);
#5704 = CARTESIAN_POINT('',(28.489998244998,-6.4,-5.308196721311));
#5705 = SURFACE_CURVE('',#5706,(#5711,#5718),.PCURVE_S1.);
#5706 = CIRCLE('',#5707,29.2);
#5707 = AXIS2_PLACEMENT_3D('',#5708,#5709,#5710);
#5708 = CARTESIAN_POINT('',(0.,0.,-5.308196721311));
#5709 = DIRECTION('',(0.,-0.,-1.));
#5710 = DIRECTION('',(0.,1.,-0.));
#5711 = PCURVE('',#3169,#5712);
#5712 = DEFINITIONAL_REPRESENTATION('',(#5713),#5717);
#5713 = LINE('',#5714,#5715);
#5714 = CARTESIAN_POINT('',(-7.853981633974,8.196721311475E-03));
#5715 = VECTOR('',#5716,1.);
#5716 = DIRECTION('',(1.,-0.));
#5717 = ( GEOMETRIC_REPRESENTATION_CONTEXT(2) 
PARAMETRIC_REPRESENTATION_CONTEXT() REPRESENTATION_CONTEXT('2D SPACE',''
  ) );
#5718 = PCURVE('',#3014,#5719);
#5719 = DEFINITIONAL_REPRESENTATION('',(#5720),#5724);
#5720 = LINE('',#5721,#5722);
#5721 = CARTESIAN_POINT('',(-7.853981633974,-2.191803278689));
#5722 = VECTOR('',#5723,1.);
#5723 = DIRECTION('',(1.,-0.));
#5724 = ( GEOMETRIC_REPRESENTATION_CONTEXT(2) 
PARAMETRIC_REPRESENTATION_CONTEXT() REPRESENTATION_CONTEXT('2D SPACE',''
  ) );
#5725 = ORIENTED_EDGE('',*,*,#5726,.F.);
#5726 = EDGE_CURVE('',#5633,#5703,#5727,.T.);
#5727 = SURFACE_CURVE('',#5728,(#5733,#5743),.PCURVE_S1.);
#5728 = HYPERBOLA('',#5729,5.245901639344,6.4);
#5729 = AXIS2_PLACEMENT_3D('',#5730,#5731,#5732);
#5730 = CARTESIAN_POINT('',(0.,-6.4,18.626229508197));
#5731 = DIRECTION('',(0.,1.,0.));
#5732 = DIRECTION('',(0.,0.,-1.));
#5733 = PCURVE('',#3169,#5734);
#5734 = DEFINITIONAL_REPRESENTATION('',(#5735),#5742);
#5735 = B_SPLINE_CURVE_WITH_KNOTS('',5,(#5736,#5737,#5738,#5739,#5740,
    #5741),.UNSPECIFIED.,.F.,.F.,(6,6),(-2.2196218545,-2.198785827482),
  .PIECEWISE_BEZIER_KNOTS.);
#5736 = CARTESIAN_POINT('',(-6.066733995189,0.5));
#5737 = CARTESIAN_POINT('',(-6.065839024901,0.400586058933));
#5738 = CARTESIAN_POINT('',(-6.064939501489,0.301702338057));
#5739 = CARTESIAN_POINT('',(-6.064035395561,0.203345240741));
#5740 = CARTESIAN_POINT('',(-6.063126677487,0.105511208718));
#5741 = CARTESIAN_POINT('',(-6.062213317399,8.196721311473E-03));
#5742 = ( GEOMETRIC_REPRESENTATION_CONTEXT(2) 
PARAMETRIC_REPRESENTATION_CONTEXT() REPRESENTATION_CONTEXT('2D SPACE',''
  ) );
#5743 = PCURVE('',#2983,#5744);
#5744 = DEFINITIONAL_REPRESENTATION('',(#5745),#5749);
#5745 = ( BOUNDED_CURVE() B_SPLINE_CURVE(2,(#5746,#5747,#5748),
.UNSPECIFIED.,.F.,.F.) B_SPLINE_CURVE_WITH_KNOTS((3,3),(-2.2196218545,
-2.198785827482),.PIECEWISE_BEZIER_KNOTS.) CURVE() 
GEOMETRIC_REPRESENTATION_ITEM() RATIONAL_B_SPLINE_CURVE((1.,
1.000054267994,1.)) REPRESENTATION_ITEM('') );
#5746 = CARTESIAN_POINT('',(1.304638805524,-2.7));
#5747 = CARTESIAN_POINT('',(0.994193234276,-2.94852586148));
#5748 = CARTESIAN_POINT('',(0.689998244998,-3.191803278689));
#5749 = ( GEOMETRIC_REPRESENTATION_CONTEXT(2) 
PARAMETRIC_REPRESENTATION_CONTEXT() REPRESENTATION_CONTEXT('2D SPACE',''
  ) );
#5750 = ORIENTED_EDGE('',*,*,#5632,.F.);
#5751 = ORIENTED_EDGE('',*,*,#3154,.F.);
#5752 = ADVANCED_FACE('',(#5753),#3014,.T.);
#5753 = FACE_BOUND('',#5754,.F.);
#5754 = EDGE_LOOP('',(#5755,#5756,#5775,#5776,#5777,#5778,#5801,#5834,
    #5860,#5889,#5915,#5941));
#5755 = ORIENTED_EDGE('',*,*,#3240,.T.);
#5756 = ORIENTED_EDGE('',*,*,#5757,.T.);
#5757 = EDGE_CURVE('',#3218,#5703,#5758,.T.);
#5758 = SURFACE_CURVE('',#5759,(#5763,#5769),.PCURVE_S1.);
#5759 = LINE('',#5760,#5761);
#5760 = CARTESIAN_POINT('',(28.489998244998,-6.4,-7.5));
#5761 = VECTOR('',#5762,1.);
#5762 = DIRECTION('',(-0.,-0.,-1.));
#5763 = PCURVE('',#3014,#5764);
#5764 = DEFINITIONAL_REPRESENTATION('',(#5765),#5768);
#5765 = B_SPLINE_CURVE_WITH_KNOTS('',1,(#5766,#5767),.UNSPECIFIED.,.F.,
  .F.,(2,2),(-6.37,-2.191802678689),.PIECEWISE_BEZIER_KNOTS.);
#5766 = CARTESIAN_POINT('',(-6.062213317399,-6.37));
#5767 = CARTESIAN_POINT('',(-6.062213317399,-2.191802678689));
#5768 = ( GEOMETRIC_REPRESENTATION_CONTEXT(2) 
PARAMETRIC_REPRESENTATION_CONTEXT() REPRESENTATION_CONTEXT('2D SPACE',''
  ) );
#5769 = PCURVE('',#2983,#5770);
#5770 = DEFINITIONAL_REPRESENTATION('',(#5771),#5774);
#5771 = B_SPLINE_CURVE_WITH_KNOTS('',1,(#5772,#5773),.UNSPECIFIED.,.F.,
  .F.,(2,2),(-6.37,-2.191802678689),.PIECEWISE_BEZIER_KNOTS.);
#5772 = CARTESIAN_POINT('',(0.689998244998,-7.37));
#5773 = CARTESIAN_POINT('',(0.689998244998,-3.191802678689));
#5774 = ( GEOMETRIC_REPRESENTATION_CONTEXT(2) 
PARAMETRIC_REPRESENTATION_CONTEXT() REPRESENTATION_CONTEXT('2D SPACE',''
  ) );
#5775 = ORIENTED_EDGE('',*,*,#5702,.T.);
#5776 = ORIENTED_EDGE('',*,*,#2997,.F.);
#5777 = ORIENTED_EDGE('',*,*,#3268,.T.);
#5778 = ORIENTED_EDGE('',*,*,#5779,.T.);
#5779 = EDGE_CURVE('',#3241,#5780,#5782,.T.);
#5780 = VERTEX_POINT('',#5781);
#5781 = CARTESIAN_POINT('',(29.2,0.,-1.5));
#5782 = SEAM_CURVE('',#5783,(#5787,#5794),.PCURVE_S1.);
#5783 = LINE('',#5784,#5785);
#5784 = CARTESIAN_POINT('',(29.2,0.,-7.5));
#5785 = VECTOR('',#5786,1.);
#5786 = DIRECTION('',(0.,0.,1.));
#5787 = PCURVE('',#3014,#5788);
#5788 = DEFINITIONAL_REPRESENTATION('',(#5789),#5793);
#5789 = LINE('',#5790,#5791);
#5790 = CARTESIAN_POINT('',(-6.28318530718,0.));
#5791 = VECTOR('',#5792,1.);
#5792 = DIRECTION('',(-0.,-1.));
#5793 = ( GEOMETRIC_REPRESENTATION_CONTEXT(2) 
PARAMETRIC_REPRESENTATION_CONTEXT() REPRESENTATION_CONTEXT('2D SPACE',''
  ) );
#5794 = PCURVE('',#3014,#5795);
#5795 = DEFINITIONAL_REPRESENTATION('',(#5796),#5800);
#5796 = LINE('',#5797,#5798);
#5797 = CARTESIAN_POINT('',(-0.,0.));
#5798 = VECTOR('',#5799,1.);
#5799 = DIRECTION('',(-0.,-1.));
#5800 = ( GEOMETRIC_REPRESENTATION_CONTEXT(2) 
PARAMETRIC_REPRESENTATION_CONTEXT() REPRESENTATION_CONTEXT('2D SPACE',''
  ) );
#5801 = ORIENTED_EDGE('',*,*,#5802,.F.);
#5802 = EDGE_CURVE('',#5803,#5780,#5805,.T.);
#5803 = VERTEX_POINT('',#5804);
#5804 = CARTESIAN_POINT('',(29.161447152019,1.5,-1.5));
#5805 = SURFACE_CURVE('',#5806,(#5811,#5818),.PCURVE_S1.);
#5806 = CIRCLE('',#5807,29.2);
#5807 = AXIS2_PLACEMENT_3D('',#5808,#5809,#5810);
#5808 = CARTESIAN_POINT('',(0.,0.,-1.5));
#5809 = DIRECTION('',(0.,0.,-1.));
#5810 = DIRECTION('',(1.,0.,0.));
#5811 = PCURVE('',#3014,#5812);
#5812 = DEFINITIONAL_REPRESENTATION('',(#5813),#5817);
#5813 = LINE('',#5814,#5815);
#5814 = CARTESIAN_POINT('',(-6.28318530718,-6.));
#5815 = VECTOR('',#5816,1.);
#5816 = DIRECTION('',(1.,-0.));
#5817 = ( GEOMETRIC_REPRESENTATION_CONTEXT(2) 
PARAMETRIC_REPRESENTATION_CONTEXT() REPRESENTATION_CONTEXT('2D SPACE',''
  ) );
#5818 = PCURVE('',#5819,#5824);
#5819 = PLANE('',#5820);
#5820 = AXIS2_PLACEMENT_3D('',#5821,#5822,#5823);
#5821 = CARTESIAN_POINT('',(29.45,0.,-1.5));
#5822 = DIRECTION('',(0.,0.,1.));
#5823 = DIRECTION('',(1.,0.,-0.));
#5824 = DEFINITIONAL_REPRESENTATION('',(#5825),#5833);
#5825 = ( BOUNDED_CURVE() B_SPLINE_CURVE(2,(#5826,#5827,#5828,#5829,
#5830,#5831,#5832),.UNSPECIFIED.,.T.,.F.) B_SPLINE_CURVE_WITH_KNOTS((1,2
    ,2,2,2,1),(-2.094395102393,0.,2.094395102393,4.188790204786,
6.28318530718,8.377580409573),.UNSPECIFIED.) CURVE() 
GEOMETRIC_REPRESENTATION_ITEM() RATIONAL_B_SPLINE_CURVE((1.,0.5,1.,0.5,
1.,0.5,1.)) REPRESENTATION_ITEM('') );
#5826 = CARTESIAN_POINT('',(-0.25,0.));
#5827 = CARTESIAN_POINT('',(-0.25,-50.57588358101));
#5828 = CARTESIAN_POINT('',(-44.05,-25.2879417905));
#5829 = CARTESIAN_POINT('',(-87.85,-7.151937307021E-15));
#5830 = CARTESIAN_POINT('',(-44.05,25.287941790506));
#5831 = CARTESIAN_POINT('',(-0.25,50.575883581011));
#5832 = CARTESIAN_POINT('',(-0.25,0.));
#5833 = ( GEOMETRIC_REPRESENTATION_CONTEXT(2) 
PARAMETRIC_REPRESENTATION_CONTEXT() REPRESENTATION_CONTEXT('2D SPACE',''
  ) );
#5834 = ORIENTED_EDGE('',*,*,#5835,.F.);
#5835 = EDGE_CURVE('',#5836,#5803,#5838,.T.);
#5836 = VERTEX_POINT('',#5837);
#5837 = CARTESIAN_POINT('',(29.161447152019,1.5,0.));
#5838 = SURFACE_CURVE('',#5839,(#5843,#5849),.PCURVE_S1.);
#5839 = LINE('',#5840,#5841);
#5840 = CARTESIAN_POINT('',(29.161447152019,1.5,-7.5));
#5841 = VECTOR('',#5842,1.);
#5842 = DIRECTION('',(-0.,-0.,-1.));
#5843 = PCURVE('',#3014,#5844);
#5844 = DEFINITIONAL_REPRESENTATION('',(#5845),#5848);
#5845 = B_SPLINE_CURVE_WITH_KNOTS('',1,(#5846,#5847),.UNSPECIFIED.,.F.,
  .F.,(2,2),(-7.5000006,-5.85),.PIECEWISE_BEZIER_KNOTS.);
#5846 = CARTESIAN_POINT('',(-5.139248288849E-02,-7.5000006));
#5847 = CARTESIAN_POINT('',(-5.139248288849E-02,-5.85));
#5848 = ( GEOMETRIC_REPRESENTATION_CONTEXT(2) 
PARAMETRIC_REPRESENTATION_CONTEXT() REPRESENTATION_CONTEXT('2D SPACE',''
  ) );
#5849 = PCURVE('',#5850,#5855);
#5850 = PLANE('',#5851);
#5851 = AXIS2_PLACEMENT_3D('',#5852,#5853,#5854);
#5852 = CARTESIAN_POINT('',(30.1,1.5,-1.5));
#5853 = DIRECTION('',(0.,-1.,0.));
#5854 = DIRECTION('',(-1.,0.,0.));
#5855 = DEFINITIONAL_REPRESENTATION('',(#5856),#5859);
#5856 = B_SPLINE_CURVE_WITH_KNOTS('',1,(#5857,#5858),.UNSPECIFIED.,.F.,
  .F.,(2,2),(-7.5000006,-5.85),.PIECEWISE_BEZIER_KNOTS.);
#5857 = CARTESIAN_POINT('',(0.938552847981,-1.5000006));
#5858 = CARTESIAN_POINT('',(0.938552847981,0.15));
#5859 = ( GEOMETRIC_REPRESENTATION_CONTEXT(2) 
PARAMETRIC_REPRESENTATION_CONTEXT() REPRESENTATION_CONTEXT('2D SPACE',''
  ) );
#5860 = ORIENTED_EDGE('',*,*,#5861,.T.);
#5861 = EDGE_CURVE('',#5836,#5862,#5864,.T.);
#5862 = VERTEX_POINT('',#5863);
#5863 = CARTESIAN_POINT('',(29.161447152019,-1.5,0.));
#5864 = SURFACE_CURVE('',#5865,(#5870,#5877),.PCURVE_S1.);
#5865 = CIRCLE('',#5866,29.2);
#5866 = AXIS2_PLACEMENT_3D('',#5867,#5868,#5869);
#5867 = CARTESIAN_POINT('',(0.,0.,0.));
#5868 = DIRECTION('',(0.,0.,1.));
#5869 = DIRECTION('',(1.,0.,0.));
#5870 = PCURVE('',#3014,#5871);
#5871 = DEFINITIONAL_REPRESENTATION('',(#5872),#5876);
#5872 = LINE('',#5873,#5874);
#5873 = CARTESIAN_POINT('',(-0.,-7.5));
#5874 = VECTOR('',#5875,1.);
#5875 = DIRECTION('',(-1.,0.));
#5876 = ( GEOMETRIC_REPRESENTATION_CONTEXT(2) 
PARAMETRIC_REPRESENTATION_CONTEXT() REPRESENTATION_CONTEXT('2D SPACE',''
  ) );
#5877 = PCURVE('',#5878,#5883);
#5878 = PLANE('',#5879);
#5879 = AXIS2_PLACEMENT_3D('',#5880,#5881,#5882);
#5880 = CARTESIAN_POINT('',(-1.49856452881E-15,1.805139506451E-15,0.));
#5881 = DIRECTION('',(0.,0.,1.));
#5882 = DIRECTION('',(1.,0.,-0.));
#5883 = DEFINITIONAL_REPRESENTATION('',(#5884),#5888);
#5884 = CIRCLE('',#5885,29.2);
#5885 = AXIS2_PLACEMENT_2D('',#5886,#5887);
#5886 = CARTESIAN_POINT('',(1.49856452881E-15,-1.805139506451E-15));
#5887 = DIRECTION('',(1.,0.));
#5888 = ( GEOMETRIC_REPRESENTATION_CONTEXT(2) 
PARAMETRIC_REPRESENTATION_CONTEXT() REPRESENTATION_CONTEXT('2D SPACE',''
  ) );
#5889 = ORIENTED_EDGE('',*,*,#5890,.T.);
#5890 = EDGE_CURVE('',#5862,#5891,#5893,.T.);
#5891 = VERTEX_POINT('',#5892);
#5892 = CARTESIAN_POINT('',(29.161447152019,-1.5,-1.5));
#5893 = SURFACE_CURVE('',#5894,(#5898,#5904),.PCURVE_S1.);
#5894 = LINE('',#5895,#5896);
#5895 = CARTESIAN_POINT('',(29.161447152019,-1.5,-7.5));
#5896 = VECTOR('',#5897,1.);
#5897 = DIRECTION('',(-0.,-0.,-1.));
#5898 = PCURVE('',#3014,#5899);
#5899 = DEFINITIONAL_REPRESENTATION('',(#5900),#5903);
#5900 = B_SPLINE_CURVE_WITH_KNOTS('',1,(#5901,#5902),.UNSPECIFIED.,.F.,
  .F.,(2,2),(-7.5000006,-5.85),.PIECEWISE_BEZIER_KNOTS.);
#5901 = CARTESIAN_POINT('',(-6.231792824291,-7.5000006));
#5902 = CARTESIAN_POINT('',(-6.231792824291,-5.85));
#5903 = ( GEOMETRIC_REPRESENTATION_CONTEXT(2) 
PARAMETRIC_REPRESENTATION_CONTEXT() REPRESENTATION_CONTEXT('2D SPACE',''
  ) );
#5904 = PCURVE('',#5905,#5910);
#5905 = PLANE('',#5906);
#5906 = AXIS2_PLACEMENT_3D('',#5907,#5908,#5909);
#5907 = CARTESIAN_POINT('',(28.8,-1.5,-1.5));
#5908 = DIRECTION('',(0.,1.,0.));
#5909 = DIRECTION('',(1.,0.,0.));
#5910 = DEFINITIONAL_REPRESENTATION('',(#5911),#5914);
#5911 = B_SPLINE_CURVE_WITH_KNOTS('',1,(#5912,#5913),.UNSPECIFIED.,.F.,
  .F.,(2,2),(-7.5000006,-5.85),.PIECEWISE_BEZIER_KNOTS.);
#5912 = CARTESIAN_POINT('',(0.361447152019,-1.5000006));
#5913 = CARTESIAN_POINT('',(0.361447152019,0.15));
#5914 = ( GEOMETRIC_REPRESENTATION_CONTEXT(2) 
PARAMETRIC_REPRESENTATION_CONTEXT() REPRESENTATION_CONTEXT('2D SPACE',''
  ) );
#5915 = ORIENTED_EDGE('',*,*,#5916,.F.);
#5916 = EDGE_CURVE('',#5780,#5891,#5917,.T.);
#5917 = SURFACE_CURVE('',#5918,(#5923,#5930),.PCURVE_S1.);
#5918 = CIRCLE('',#5919,29.2);
#5919 = AXIS2_PLACEMENT_3D('',#5920,#5921,#5922);
#5920 = CARTESIAN_POINT('',(0.,0.,-1.5));
#5921 = DIRECTION('',(0.,0.,-1.));
#5922 = DIRECTION('',(1.,0.,0.));
#5923 = PCURVE('',#3014,#5924);
#5924 = DEFINITIONAL_REPRESENTATION('',(#5925),#5929);
#5925 = LINE('',#5926,#5927);
#5926 = CARTESIAN_POINT('',(-6.28318530718,-6.));
#5927 = VECTOR('',#5928,1.);
#5928 = DIRECTION('',(1.,-0.));
#5929 = ( GEOMETRIC_REPRESENTATION_CONTEXT(2) 
PARAMETRIC_REPRESENTATION_CONTEXT() REPRESENTATION_CONTEXT('2D SPACE',''
  ) );
#5930 = PCURVE('',#5819,#5931);
#5931 = DEFINITIONAL_REPRESENTATION('',(#5932),#5940);
#5932 = ( BOUNDED_CURVE() B_SPLINE_CURVE(2,(#5933,#5934,#5935,#5936,
#5937,#5938,#5939),.UNSPECIFIED.,.T.,.F.) B_SPLINE_CURVE_WITH_KNOTS((1,2
    ,2,2,2,1),(-2.094395102393,0.,2.094395102393,4.188790204786,
6.28318530718,8.377580409573),.UNSPECIFIED.) CURVE() 
GEOMETRIC_REPRESENTATION_ITEM() RATIONAL_B_SPLINE_CURVE((1.,0.5,1.,0.5,
1.,0.5,1.)) REPRESENTATION_ITEM('') );
#5933 = CARTESIAN_POINT('',(-0.25,0.));
#5934 = CARTESIAN_POINT('',(-0.25,-50.57588358101));
#5935 = CARTESIAN_POINT('',(-44.05,-25.2879417905));
#5936 = CARTESIAN_POINT('',(-87.85,-7.151937307021E-15));
#5937 = CARTESIAN_POINT('',(-44.05,25.287941790506));
#5938 = CARTESIAN_POINT('',(-0.25,50.575883581011));
#5939 = CARTESIAN_POINT('',(-0.25,0.));
#5940 = ( GEOMETRIC_REPRESENTATION_CONTEXT(2) 
PARAMETRIC_REPRESENTATION_CONTEXT() REPRESENTATION_CONTEXT('2D SPACE',''
  ) );
#5941 = ORIENTED_EDGE('',*,*,#5779,.F.);
#5942 = ADVANCED_FACE('',(#5943),#5850,.F.);
#5943 = FACE_BOUND('',#5944,.F.);
#5944 = EDGE_LOOP('',(#5945,#5968,#5996,#6017));
#5945 = ORIENTED_EDGE('',*,*,#5946,.F.);
#5946 = EDGE_CURVE('',#5947,#5803,#5949,.T.);
#5947 = VERTEX_POINT('',#5948);
#5948 = CARTESIAN_POINT('',(30.1,1.5,-1.5));
#5949 = SURFACE_CURVE('',#5950,(#5954,#5961),.PCURVE_S1.);
#5950 = LINE('',#5951,#5952);
#5951 = CARTESIAN_POINT('',(30.1,1.5,-1.5));
#5952 = VECTOR('',#5953,1.);
#5953 = DIRECTION('',(-1.,0.,0.));
#5954 = PCURVE('',#5850,#5955);
#5955 = DEFINITIONAL_REPRESENTATION('',(#5956),#5960);
#5956 = LINE('',#5957,#5958);
#5957 = CARTESIAN_POINT('',(0.,-0.));
#5958 = VECTOR('',#5959,1.);
#5959 = DIRECTION('',(1.,0.));
#5960 = ( GEOMETRIC_REPRESENTATION_CONTEXT(2) 
PARAMETRIC_REPRESENTATION_CONTEXT() REPRESENTATION_CONTEXT('2D SPACE',''
  ) );
#5961 = PCURVE('',#5819,#5962);
#5962 = DEFINITIONAL_REPRESENTATION('',(#5963),#5967);
#5963 = LINE('',#5964,#5965);
#5964 = CARTESIAN_POINT('',(0.65,1.5));
#5965 = VECTOR('',#5966,1.);
#5966 = DIRECTION('',(-1.,0.));
#5967 = ( GEOMETRIC_REPRESENTATION_CONTEXT(2) 
PARAMETRIC_REPRESENTATION_CONTEXT() REPRESENTATION_CONTEXT('2D SPACE',''
  ) );
#5968 = ORIENTED_EDGE('',*,*,#5969,.T.);
#5969 = EDGE_CURVE('',#5947,#5970,#5972,.T.);
#5970 = VERTEX_POINT('',#5971);
#5971 = CARTESIAN_POINT('',(30.1,1.5,0.));
#5972 = SURFACE_CURVE('',#5973,(#5977,#5984),.PCURVE_S1.);
#5973 = LINE('',#5974,#5975);
#5974 = CARTESIAN_POINT('',(30.1,1.5,-1.5));
#5975 = VECTOR('',#5976,1.);
#5976 = DIRECTION('',(0.,0.,1.));
#5977 = PCURVE('',#5850,#5978);
#5978 = DEFINITIONAL_REPRESENTATION('',(#5979),#5983);
#5979 = LINE('',#5980,#5981);
#5980 = CARTESIAN_POINT('',(0.,-0.));
#5981 = VECTOR('',#5982,1.);
#5982 = DIRECTION('',(0.,-1.));
#5983 = ( GEOMETRIC_REPRESENTATION_CONTEXT(2) 
PARAMETRIC_REPRESENTATION_CONTEXT() REPRESENTATION_CONTEXT('2D SPACE',''
  ) );
#5984 = PCURVE('',#5985,#5990);
#5985 = PLANE('',#5986);
#5986 = AXIS2_PLACEMENT_3D('',#5987,#5988,#5989);
#5987 = CARTESIAN_POINT('',(30.1,-1.5,-1.5));
#5988 = DIRECTION('',(-1.,0.,0.));
#5989 = DIRECTION('',(0.,1.,0.));
#5990 = DEFINITIONAL_REPRESENTATION('',(#5991),#5995);
#5991 = LINE('',#5992,#5993);
#5992 = CARTESIAN_POINT('',(3.,0.));
#5993 = VECTOR('',#5994,1.);
#5994 = DIRECTION('',(0.,-1.));
#5995 = ( GEOMETRIC_REPRESENTATION_CONTEXT(2) 
PARAMETRIC_REPRESENTATION_CONTEXT() REPRESENTATION_CONTEXT('2D SPACE',''
  ) );
#5996 = ORIENTED_EDGE('',*,*,#5997,.T.);
#5997 = EDGE_CURVE('',#5970,#5836,#5998,.T.);
#5998 = SURFACE_CURVE('',#5999,(#6003,#6010),.PCURVE_S1.);
#5999 = LINE('',#6000,#6001);
#6000 = CARTESIAN_POINT('',(30.1,1.5,0.));
#6001 = VECTOR('',#6002,1.);
#6002 = DIRECTION('',(-1.,0.,0.));
#6003 = PCURVE('',#5850,#6004);
#6004 = DEFINITIONAL_REPRESENTATION('',(#6005),#6009);
#6005 = LINE('',#6006,#6007);
#6006 = CARTESIAN_POINT('',(0.,-1.5));
#6007 = VECTOR('',#6008,1.);
#6008 = DIRECTION('',(1.,0.));
#6009 = ( GEOMETRIC_REPRESENTATION_CONTEXT(2) 
PARAMETRIC_REPRESENTATION_CONTEXT() REPRESENTATION_CONTEXT('2D SPACE',''
  ) );
#6010 = PCURVE('',#5878,#6011);
#6011 = DEFINITIONAL_REPRESENTATION('',(#6012),#6016);
#6012 = LINE('',#6013,#6014);
#6013 = CARTESIAN_POINT('',(30.1,1.5));
#6014 = VECTOR('',#6015,1.);
#6015 = DIRECTION('',(-1.,0.));
#6016 = ( GEOMETRIC_REPRESENTATION_CONTEXT(2) 
PARAMETRIC_REPRESENTATION_CONTEXT() REPRESENTATION_CONTEXT('2D SPACE',''
  ) );
#6017 = ORIENTED_EDGE('',*,*,#5835,.T.);
#6018 = ADVANCED_FACE('',(#6019),#5985,.F.);
#6019 = FACE_BOUND('',#6020,.F.);
#6020 = EDGE_LOOP('',(#6021,#6046,#6067,#6068));
#6021 = ORIENTED_EDGE('',*,*,#6022,.T.);
#6022 = EDGE_CURVE('',#6023,#6025,#6027,.T.);
#6023 = VERTEX_POINT('',#6024);
#6024 = CARTESIAN_POINT('',(30.1,-1.5,-1.5));
#6025 = VERTEX_POINT('',#6026);
#6026 = CARTESIAN_POINT('',(30.1,-1.5,0.));
#6027 = SURFACE_CURVE('',#6028,(#6032,#6039),.PCURVE_S1.);
#6028 = LINE('',#6029,#6030);
#6029 = CARTESIAN_POINT('',(30.1,-1.5,-1.5));
#6030 = VECTOR('',#6031,1.);
#6031 = DIRECTION('',(0.,0.,1.));
#6032 = PCURVE('',#5985,#6033);
#6033 = DEFINITIONAL_REPRESENTATION('',(#6034),#6038);
#6034 = LINE('',#6035,#6036);
#6035 = CARTESIAN_POINT('',(0.,0.));
#6036 = VECTOR('',#6037,1.);
#6037 = DIRECTION('',(0.,-1.));
#6038 = ( GEOMETRIC_REPRESENTATION_CONTEXT(2) 
PARAMETRIC_REPRESENTATION_CONTEXT() REPRESENTATION_CONTEXT('2D SPACE',''
  ) );
#6039 = PCURVE('',#5905,#6040);
#6040 = DEFINITIONAL_REPRESENTATION('',(#6041),#6045);
#6041 = LINE('',#6042,#6043);
#6042 = CARTESIAN_POINT('',(1.3,0.));
#6043 = VECTOR('',#6044,1.);
#6044 = DIRECTION('',(0.,-1.));
#6045 = ( GEOMETRIC_REPRESENTATION_CONTEXT(2) 
PARAMETRIC_REPRESENTATION_CONTEXT() REPRESENTATION_CONTEXT('2D SPACE',''
  ) );
#6046 = ORIENTED_EDGE('',*,*,#6047,.T.);
#6047 = EDGE_CURVE('',#6025,#5970,#6048,.T.);
#6048 = SURFACE_CURVE('',#6049,(#6053,#6060),.PCURVE_S1.);
#6049 = LINE('',#6050,#6051);
#6050 = CARTESIAN_POINT('',(30.1,-1.5,0.));
#6051 = VECTOR('',#6052,1.);
#6052 = DIRECTION('',(0.,1.,0.));
#6053 = PCURVE('',#5985,#6054);
#6054 = DEFINITIONAL_REPRESENTATION('',(#6055),#6059);
#6055 = LINE('',#6056,#6057);
#6056 = CARTESIAN_POINT('',(0.,-1.5));
#6057 = VECTOR('',#6058,1.);
#6058 = DIRECTION('',(1.,0.));
#6059 = ( GEOMETRIC_REPRESENTATION_CONTEXT(2) 
PARAMETRIC_REPRESENTATION_CONTEXT() REPRESENTATION_CONTEXT('2D SPACE',''
  ) );
#6060 = PCURVE('',#5878,#6061);
#6061 = DEFINITIONAL_REPRESENTATION('',(#6062),#6066);
#6062 = LINE('',#6063,#6064);
#6063 = CARTESIAN_POINT('',(30.1,-1.5));
#6064 = VECTOR('',#6065,1.);
#6065 = DIRECTION('',(0.,1.));
#6066 = ( GEOMETRIC_REPRESENTATION_CONTEXT(2) 
PARAMETRIC_REPRESENTATION_CONTEXT() REPRESENTATION_CONTEXT('2D SPACE',''
  ) );
#6067 = ORIENTED_EDGE('',*,*,#5969,.F.);
#6068 = ORIENTED_EDGE('',*,*,#6069,.F.);
#6069 = EDGE_CURVE('',#6023,#5947,#6070,.T.);
#6070 = SURFACE_CURVE('',#6071,(#6075,#6082),.PCURVE_S1.);
#6071 = LINE('',#6072,#6073);
#6072 = CARTESIAN_POINT('',(30.1,-1.5,-1.5));
#6073 = VECTOR('',#6074,1.);
#6074 = DIRECTION('',(0.,1.,0.));
#6075 = PCURVE('',#5985,#6076);
#6076 = DEFINITIONAL_REPRESENTATION('',(#6077),#6081);
#6077 = LINE('',#6078,#6079);
#6078 = CARTESIAN_POINT('',(0.,0.));
#6079 = VECTOR('',#6080,1.);
#6080 = DIRECTION('',(1.,0.));
#6081 = ( GEOMETRIC_REPRESENTATION_CONTEXT(2) 
PARAMETRIC_REPRESENTATION_CONTEXT() REPRESENTATION_CONTEXT('2D SPACE',''
  ) );
#6082 = PCURVE('',#5819,#6083);
#6083 = DEFINITIONAL_REPRESENTATION('',(#6084),#6088);
#6084 = LINE('',#6085,#6086);
#6085 = CARTESIAN_POINT('',(0.65,-1.5));
#6086 = VECTOR('',#6087,1.);
#6087 = DIRECTION('',(0.,1.));
#6088 = ( GEOMETRIC_REPRESENTATION_CONTEXT(2) 
PARAMETRIC_REPRESENTATION_CONTEXT() REPRESENTATION_CONTEXT('2D SPACE',''
  ) );
#6089 = ADVANCED_FACE('',(#6090,#6116),#5878,.T.);
#6090 = FACE_BOUND('',#6091,.T.);
#6091 = EDGE_LOOP('',(#6092,#6093,#6114,#6115));
#6092 = ORIENTED_EDGE('',*,*,#5861,.T.);
#6093 = ORIENTED_EDGE('',*,*,#6094,.T.);
#6094 = EDGE_CURVE('',#5862,#6025,#6095,.T.);
#6095 = SURFACE_CURVE('',#6096,(#6100,#6107),.PCURVE_S1.);
#6096 = LINE('',#6097,#6098);
#6097 = CARTESIAN_POINT('',(28.8,-1.5,0.));
#6098 = VECTOR('',#6099,1.);
#6099 = DIRECTION('',(1.,0.,0.));
#6100 = PCURVE('',#5878,#6101);
#6101 = DEFINITIONAL_REPRESENTATION('',(#6102),#6106);
#6102 = LINE('',#6103,#6104);
#6103 = CARTESIAN_POINT('',(28.8,-1.5));
#6104 = VECTOR('',#6105,1.);
#6105 = DIRECTION('',(1.,0.));
#6106 = ( GEOMETRIC_REPRESENTATION_CONTEXT(2) 
PARAMETRIC_REPRESENTATION_CONTEXT() REPRESENTATION_CONTEXT('2D SPACE',''
  ) );
#6107 = PCURVE('',#5905,#6108);
#6108 = DEFINITIONAL_REPRESENTATION('',(#6109),#6113);
#6109 = LINE('',#6110,#6111);
#6110 = CARTESIAN_POINT('',(0.,-1.5));
#6111 = VECTOR('',#6112,1.);
#6112 = DIRECTION('',(1.,0.));
#6113 = ( GEOMETRIC_REPRESENTATION_CONTEXT(2) 
PARAMETRIC_REPRESENTATION_CONTEXT() REPRESENTATION_CONTEXT('2D SPACE',''
  ) );
#6114 = ORIENTED_EDGE('',*,*,#6047,.T.);
#6115 = ORIENTED_EDGE('',*,*,#5997,.T.);
#6116 = FACE_BOUND('',#6117,.T.);
#6117 = EDGE_LOOP('',(#6118,#6148,#6176));
#6118 = ORIENTED_EDGE('',*,*,#6119,.F.);
#6119 = EDGE_CURVE('',#6120,#6122,#6124,.T.);
#6120 = VERTEX_POINT('',#6121);
#6121 = CARTESIAN_POINT('',(20.,-2.,0.));
#6122 = VERTEX_POINT('',#6123);
#6123 = CARTESIAN_POINT('',(24.,0.,0.));
#6124 = SURFACE_CURVE('',#6125,(#6129,#6136),.PCURVE_S1.);
#6125 = LINE('',#6126,#6127);
#6126 = CARTESIAN_POINT('',(20.,-2.,0.));
#6127 = VECTOR('',#6128,1.);
#6128 = DIRECTION('',(0.894427191,0.4472135955,0.));
#6129 = PCURVE('',#5878,#6130);
#6130 = DEFINITIONAL_REPRESENTATION('',(#6131),#6135);
#6131 = LINE('',#6132,#6133);
#6132 = CARTESIAN_POINT('',(20.,-2.));
#6133 = VECTOR('',#6134,1.);
#6134 = DIRECTION('',(0.894427191,0.4472135955));
#6135 = ( GEOMETRIC_REPRESENTATION_CONTEXT(2) 
PARAMETRIC_REPRESENTATION_CONTEXT() REPRESENTATION_CONTEXT('2D SPACE',''
  ) );
#6136 = PCURVE('',#6137,#6142);
#6137 = PLANE('',#6138);
#6138 = AXIS2_PLACEMENT_3D('',#6139,#6140,#6141);
#6139 = CARTESIAN_POINT('',(20.,-2.,-0.25));
#6140 = DIRECTION('',(-0.4472135955,0.894427191,0.));
#6141 = DIRECTION('',(0.894427191,0.4472135955,0.));
#6142 = DEFINITIONAL_REPRESENTATION('',(#6143),#6147);
#6143 = LINE('',#6144,#6145);
#6144 = CARTESIAN_POINT('',(0.,-0.25));
#6145 = VECTOR('',#6146,1.);
#6146 = DIRECTION('',(1.,0.));
#6147 = ( GEOMETRIC_REPRESENTATION_CONTEXT(2) 
PARAMETRIC_REPRESENTATION_CONTEXT() REPRESENTATION_CONTEXT('2D SPACE',''
  ) );
#6148 = ORIENTED_EDGE('',*,*,#6149,.F.);
#6149 = EDGE_CURVE('',#6150,#6120,#6152,.T.);
#6150 = VERTEX_POINT('',#6151);
#6151 = CARTESIAN_POINT('',(20.,2.,0.));
#6152 = SURFACE_CURVE('',#6153,(#6157,#6164),.PCURVE_S1.);
#6153 = LINE('',#6154,#6155);
#6154 = CARTESIAN_POINT('',(20.,2.,0.));
#6155 = VECTOR('',#6156,1.);
#6156 = DIRECTION('',(0.,-1.,0.));
#6157 = PCURVE('',#5878,#6158);
#6158 = DEFINITIONAL_REPRESENTATION('',(#6159),#6163);
#6159 = LINE('',#6160,#6161);
#6160 = CARTESIAN_POINT('',(20.,2.));
#6161 = VECTOR('',#6162,1.);
#6162 = DIRECTION('',(0.,-1.));
#6163 = ( GEOMETRIC_REPRESENTATION_CONTEXT(2) 
PARAMETRIC_REPRESENTATION_CONTEXT() REPRESENTATION_CONTEXT('2D SPACE',''
  ) );
#6164 = PCURVE('',#6165,#6170);
#6165 = PLANE('',#6166);
#6166 = AXIS2_PLACEMENT_3D('',#6167,#6168,#6169);
#6167 = CARTESIAN_POINT('',(20.,2.,-0.25));
#6168 = DIRECTION('',(1.,0.,-0.));
#6169 = DIRECTION('',(0.,-1.,0.));
#6170 = DEFINITIONAL_REPRESENTATION('',(#6171),#6175);
#6171 = LINE('',#6172,#6173);
#6172 = CARTESIAN_POINT('',(0.,-0.25));
#6173 = VECTOR('',#6174,1.);
#6174 = DIRECTION('',(1.,0.));
#6175 = ( GEOMETRIC_REPRESENTATION_CONTEXT(2) 
PARAMETRIC_REPRESENTATION_CONTEXT() REPRESENTATION_CONTEXT('2D SPACE',''
  ) );
#6176 = ORIENTED_EDGE('',*,*,#6177,.F.);
#6177 = EDGE_CURVE('',#6122,#6150,#6178,.T.);
#6178 = SURFACE_CURVE('',#6179,(#6183,#6190),.PCURVE_S1.);
#6179 = LINE('',#6180,#6181);
#6180 = CARTESIAN_POINT('',(24.,0.,0.));
#6181 = VECTOR('',#6182,1.);
#6182 = DIRECTION('',(-0.894427191,0.4472135955,0.));
#6183 = PCURVE('',#5878,#6184);
#6184 = DEFINITIONAL_REPRESENTATION('',(#6185),#6189);
#6185 = LINE('',#6186,#6187);
#6186 = CARTESIAN_POINT('',(24.,-1.805139506451E-15));
#6187 = VECTOR('',#6188,1.);
#6188 = DIRECTION('',(-0.894427191,0.4472135955));
#6189 = ( GEOMETRIC_REPRESENTATION_CONTEXT(2) 
PARAMETRIC_REPRESENTATION_CONTEXT() REPRESENTATION_CONTEXT('2D SPACE',''
  ) );
#6190 = PCURVE('',#6191,#6196);
#6191 = PLANE('',#6192);
#6192 = AXIS2_PLACEMENT_3D('',#6193,#6194,#6195);
#6193 = CARTESIAN_POINT('',(24.,0.,-0.25));
#6194 = DIRECTION('',(-0.4472135955,-0.894427191,0.));
#6195 = DIRECTION('',(-0.894427191,0.4472135955,0.));
#6196 = DEFINITIONAL_REPRESENTATION('',(#6197),#6201);
#6197 = LINE('',#6198,#6199);
#6198 = CARTESIAN_POINT('',(0.,-0.25));
#6199 = VECTOR('',#6200,1.);
#6200 = DIRECTION('',(1.,0.));
#6201 = ( GEOMETRIC_REPRESENTATION_CONTEXT(2) 
PARAMETRIC_REPRESENTATION_CONTEXT() REPRESENTATION_CONTEXT('2D SPACE',''
  ) );
#6202 = ADVANCED_FACE('',(#6203),#6165,.T.);
#6203 = FACE_BOUND('',#6204,.T.);
#6204 = EDGE_LOOP('',(#6205,#6228,#6229,#6252));
#6205 = ORIENTED_EDGE('',*,*,#6206,.T.);
#6206 = EDGE_CURVE('',#6207,#6150,#6209,.T.);
#6207 = VERTEX_POINT('',#6208);
#6208 = CARTESIAN_POINT('',(20.,2.,-0.25));
#6209 = SURFACE_CURVE('',#6210,(#6214,#6221),.PCURVE_S1.);
#6210 = LINE('',#6211,#6212);
#6211 = CARTESIAN_POINT('',(20.,2.,-0.25));
#6212 = VECTOR('',#6213,1.);
#6213 = DIRECTION('',(0.,0.,1.));
#6214 = PCURVE('',#6165,#6215);
#6215 = DEFINITIONAL_REPRESENTATION('',(#6216),#6220);
#6216 = LINE('',#6217,#6218);
#6217 = CARTESIAN_POINT('',(0.,0.));
#6218 = VECTOR('',#6219,1.);
#6219 = DIRECTION('',(0.,-1.));
#6220 = ( GEOMETRIC_REPRESENTATION_CONTEXT(2) 
PARAMETRIC_REPRESENTATION_CONTEXT() REPRESENTATION_CONTEXT('2D SPACE',''
  ) );
#6221 = PCURVE('',#6191,#6222);
#6222 = DEFINITIONAL_REPRESENTATION('',(#6223),#6227);
#6223 = LINE('',#6224,#6225);
#6224 = CARTESIAN_POINT('',(4.472135955,0.));
#6225 = VECTOR('',#6226,1.);
#6226 = DIRECTION('',(0.,-1.));
#6227 = ( GEOMETRIC_REPRESENTATION_CONTEXT(2) 
PARAMETRIC_REPRESENTATION_CONTEXT() REPRESENTATION_CONTEXT('2D SPACE',''
  ) );
#6228 = ORIENTED_EDGE('',*,*,#6149,.T.);
#6229 = ORIENTED_EDGE('',*,*,#6230,.F.);
#6230 = EDGE_CURVE('',#6231,#6120,#6233,.T.);
#6231 = VERTEX_POINT('',#6232);
#6232 = CARTESIAN_POINT('',(20.,-2.,-0.25));
#6233 = SURFACE_CURVE('',#6234,(#6238,#6245),.PCURVE_S1.);
#6234 = LINE('',#6235,#6236);
#6235 = CARTESIAN_POINT('',(20.,-2.,-0.25));
#6236 = VECTOR('',#6237,1.);
#6237 = DIRECTION('',(0.,0.,1.));
#6238 = PCURVE('',#6165,#6239);
#6239 = DEFINITIONAL_REPRESENTATION('',(#6240),#6244);
#6240 = LINE('',#6241,#6242);
#6241 = CARTESIAN_POINT('',(4.,0.));
#6242 = VECTOR('',#6243,1.);
#6243 = DIRECTION('',(0.,-1.));
#6244 = ( GEOMETRIC_REPRESENTATION_CONTEXT(2) 
PARAMETRIC_REPRESENTATION_CONTEXT() REPRESENTATION_CONTEXT('2D SPACE',''
  ) );
#6245 = PCURVE('',#6137,#6246);
#6246 = DEFINITIONAL_REPRESENTATION('',(#6247),#6251);
#6247 = LINE('',#6248,#6249);
#6248 = CARTESIAN_POINT('',(0.,0.));
#6249 = VECTOR('',#6250,1.);
#6250 = DIRECTION('',(0.,-1.));
#6251 = ( GEOMETRIC_REPRESENTATION_CONTEXT(2) 
PARAMETRIC_REPRESENTATION_CONTEXT() REPRESENTATION_CONTEXT('2D SPACE',''
  ) );
#6252 = ORIENTED_EDGE('',*,*,#6253,.F.);
#6253 = EDGE_CURVE('',#6207,#6231,#6254,.T.);
#6254 = SURFACE_CURVE('',#6255,(#6259,#6266),.PCURVE_S1.);
#6255 = LINE('',#6256,#6257);
#6256 = CARTESIAN_POINT('',(20.,2.,-0.25));
#6257 = VECTOR('',#6258,1.);
#6258 = DIRECTION('',(0.,-1.,0.));
#6259 = PCURVE('',#6165,#6260);
#6260 = DEFINITIONAL_REPRESENTATION('',(#6261),#6265);
#6261 = LINE('',#6262,#6263);
#6262 = CARTESIAN_POINT('',(0.,0.));
#6263 = VECTOR('',#6264,1.);
#6264 = DIRECTION('',(1.,0.));
#6265 = ( GEOMETRIC_REPRESENTATION_CONTEXT(2) 
PARAMETRIC_REPRESENTATION_CONTEXT() REPRESENTATION_CONTEXT('2D SPACE',''
  ) );
#6266 = PCURVE('',#6267,#6272);
#6267 = PLANE('',#6268);
#6268 = AXIS2_PLACEMENT_3D('',#6269,#6270,#6271);
#6269 = CARTESIAN_POINT('',(21.38196601125,0.,-0.25));
#6270 = DIRECTION('',(0.,0.,1.));
#6271 = DIRECTION('',(1.,0.,-0.));
#6272 = DEFINITIONAL_REPRESENTATION('',(#6273),#6277);
#6273 = LINE('',#6274,#6275);
#6274 = CARTESIAN_POINT('',(-1.38196601125,2.));
#6275 = VECTOR('',#6276,1.);
#6276 = DIRECTION('',(0.,-1.));
#6277 = ( GEOMETRIC_REPRESENTATION_CONTEXT(2) 
PARAMETRIC_REPRESENTATION_CONTEXT() REPRESENTATION_CONTEXT('2D SPACE',''
  ) );
#6278 = ADVANCED_FACE('',(#6279),#6267,.T.);
#6279 = FACE_BOUND('',#6280,.T.);
#6280 = EDGE_LOOP('',(#6281,#6304,#6325));
#6281 = ORIENTED_EDGE('',*,*,#6282,.T.);
#6282 = EDGE_CURVE('',#6231,#6283,#6285,.T.);
#6283 = VERTEX_POINT('',#6284);
#6284 = CARTESIAN_POINT('',(24.,0.,-0.25));
#6285 = SURFACE_CURVE('',#6286,(#6290,#6297),.PCURVE_S1.);
#6286 = LINE('',#6287,#6288);
#6287 = CARTESIAN_POINT('',(20.,-2.,-0.25));
#6288 = VECTOR('',#6289,1.);
#6289 = DIRECTION('',(0.894427191,0.4472135955,0.));
#6290 = PCURVE('',#6267,#6291);
#6291 = DEFINITIONAL_REPRESENTATION('',(#6292),#6296);
#6292 = LINE('',#6293,#6294);
#6293 = CARTESIAN_POINT('',(-1.38196601125,-2.));
#6294 = VECTOR('',#6295,1.);
#6295 = DIRECTION('',(0.894427191,0.4472135955));
#6296 = ( GEOMETRIC_REPRESENTATION_CONTEXT(2) 
PARAMETRIC_REPRESENTATION_CONTEXT() REPRESENTATION_CONTEXT('2D SPACE',''
  ) );
#6297 = PCURVE('',#6137,#6298);
#6298 = DEFINITIONAL_REPRESENTATION('',(#6299),#6303);
#6299 = LINE('',#6300,#6301);
#6300 = CARTESIAN_POINT('',(0.,0.));
#6301 = VECTOR('',#6302,1.);
#6302 = DIRECTION('',(1.,0.));
#6303 = ( GEOMETRIC_REPRESENTATION_CONTEXT(2) 
PARAMETRIC_REPRESENTATION_CONTEXT() REPRESENTATION_CONTEXT('2D SPACE',''
  ) );
#6304 = ORIENTED_EDGE('',*,*,#6305,.T.);
#6305 = EDGE_CURVE('',#6283,#6207,#6306,.T.);
#6306 = SURFACE_CURVE('',#6307,(#6311,#6318),.PCURVE_S1.);
#6307 = LINE('',#6308,#6309);
#6308 = CARTESIAN_POINT('',(24.,0.,-0.25));
#6309 = VECTOR('',#6310,1.);
#6310 = DIRECTION('',(-0.894427191,0.4472135955,0.));
#6311 = PCURVE('',#6267,#6312);
#6312 = DEFINITIONAL_REPRESENTATION('',(#6313),#6317);
#6313 = LINE('',#6314,#6315);
#6314 = CARTESIAN_POINT('',(2.61803398875,0.));
#6315 = VECTOR('',#6316,1.);
#6316 = DIRECTION('',(-0.894427191,0.4472135955));
#6317 = ( GEOMETRIC_REPRESENTATION_CONTEXT(2) 
PARAMETRIC_REPRESENTATION_CONTEXT() REPRESENTATION_CONTEXT('2D SPACE',''
  ) );
#6318 = PCURVE('',#6191,#6319);
#6319 = DEFINITIONAL_REPRESENTATION('',(#6320),#6324);
#6320 = LINE('',#6321,#6322);
#6321 = CARTESIAN_POINT('',(0.,0.));
#6322 = VECTOR('',#6323,1.);
#6323 = DIRECTION('',(1.,0.));
#6324 = ( GEOMETRIC_REPRESENTATION_CONTEXT(2) 
PARAMETRIC_REPRESENTATION_CONTEXT() REPRESENTATION_CONTEXT('2D SPACE',''
  ) );
#6325 = ORIENTED_EDGE('',*,*,#6253,.T.);
#6326 = ADVANCED_FACE('',(#6327),#6191,.T.);
#6327 = FACE_BOUND('',#6328,.T.);
#6328 = EDGE_LOOP('',(#6329,#6350,#6351,#6352));
#6329 = ORIENTED_EDGE('',*,*,#6330,.T.);
#6330 = EDGE_CURVE('',#6283,#6122,#6331,.T.);
#6331 = SURFACE_CURVE('',#6332,(#6336,#6343),.PCURVE_S1.);
#6332 = LINE('',#6333,#6334);
#6333 = CARTESIAN_POINT('',(24.,0.,-0.25));
#6334 = VECTOR('',#6335,1.);
#6335 = DIRECTION('',(0.,0.,1.));
#6336 = PCURVE('',#6191,#6337);
#6337 = DEFINITIONAL_REPRESENTATION('',(#6338),#6342);
#6338 = LINE('',#6339,#6340);
#6339 = CARTESIAN_POINT('',(0.,0.));
#6340 = VECTOR('',#6341,1.);
#6341 = DIRECTION('',(0.,-1.));
#6342 = ( GEOMETRIC_REPRESENTATION_CONTEXT(2) 
PARAMETRIC_REPRESENTATION_CONTEXT() REPRESENTATION_CONTEXT('2D SPACE',''
  ) );
#6343 = PCURVE('',#6137,#6344);
#6344 = DEFINITIONAL_REPRESENTATION('',(#6345),#6349);
#6345 = LINE('',#6346,#6347);
#6346 = CARTESIAN_POINT('',(4.472135955,0.));
#6347 = VECTOR('',#6348,1.);
#6348 = DIRECTION('',(0.,-1.));
#6349 = ( GEOMETRIC_REPRESENTATION_CONTEXT(2) 
PARAMETRIC_REPRESENTATION_CONTEXT() REPRESENTATION_CONTEXT('2D SPACE',''
  ) );
#6350 = ORIENTED_EDGE('',*,*,#6177,.T.);
#6351 = ORIENTED_EDGE('',*,*,#6206,.F.);
#6352 = ORIENTED_EDGE('',*,*,#6305,.F.);
#6353 = ADVANCED_FACE('',(#6354),#6137,.T.);
#6354 = FACE_BOUND('',#6355,.T.);
#6355 = EDGE_LOOP('',(#6356,#6357,#6358,#6359));
#6356 = ORIENTED_EDGE('',*,*,#6230,.T.);
#6357 = ORIENTED_EDGE('',*,*,#6119,.T.);
#6358 = ORIENTED_EDGE('',*,*,#6330,.F.);
#6359 = ORIENTED_EDGE('',*,*,#6282,.F.);
#6360 = ADVANCED_FACE('',(#6361),#5905,.F.);
#6361 = FACE_BOUND('',#6362,.F.);
#6362 = EDGE_LOOP('',(#6363,#6384,#6385,#6386));
#6363 = ORIENTED_EDGE('',*,*,#6364,.F.);
#6364 = EDGE_CURVE('',#5891,#6023,#6365,.T.);
#6365 = SURFACE_CURVE('',#6366,(#6370,#6377),.PCURVE_S1.);
#6366 = LINE('',#6367,#6368);
#6367 = CARTESIAN_POINT('',(28.8,-1.5,-1.5));
#6368 = VECTOR('',#6369,1.);
#6369 = DIRECTION('',(1.,0.,0.));
#6370 = PCURVE('',#5905,#6371);
#6371 = DEFINITIONAL_REPRESENTATION('',(#6372),#6376);
#6372 = LINE('',#6373,#6374);
#6373 = CARTESIAN_POINT('',(0.,0.));
#6374 = VECTOR('',#6375,1.);
#6375 = DIRECTION('',(1.,0.));
#6376 = ( GEOMETRIC_REPRESENTATION_CONTEXT(2) 
PARAMETRIC_REPRESENTATION_CONTEXT() REPRESENTATION_CONTEXT('2D SPACE',''
  ) );
#6377 = PCURVE('',#5819,#6378);
#6378 = DEFINITIONAL_REPRESENTATION('',(#6379),#6383);
#6379 = LINE('',#6380,#6381);
#6380 = CARTESIAN_POINT('',(-0.65,-1.5));
#6381 = VECTOR('',#6382,1.);
#6382 = DIRECTION('',(1.,0.));
#6383 = ( GEOMETRIC_REPRESENTATION_CONTEXT(2) 
PARAMETRIC_REPRESENTATION_CONTEXT() REPRESENTATION_CONTEXT('2D SPACE',''
  ) );
#6384 = ORIENTED_EDGE('',*,*,#5890,.F.);
#6385 = ORIENTED_EDGE('',*,*,#6094,.T.);
#6386 = ORIENTED_EDGE('',*,*,#6022,.F.);
#6387 = ADVANCED_FACE('',(#6388),#5819,.F.);
#6388 = FACE_BOUND('',#6389,.F.);
#6389 = EDGE_LOOP('',(#6390,#6391,#6392,#6393,#6394));
#6390 = ORIENTED_EDGE('',*,*,#5916,.T.);
#6391 = ORIENTED_EDGE('',*,*,#6364,.T.);
#6392 = ORIENTED_EDGE('',*,*,#6069,.T.);
#6393 = ORIENTED_EDGE('',*,*,#5946,.T.);
#6394 = ORIENTED_EDGE('',*,*,#5802,.T.);
#6395 = ADVANCED_FACE('',(#6396),#2958,.T.);
#6396 = FACE_BOUND('',#6397,.F.);
#6397 = EDGE_LOOP('',(#6398,#6399,#6400,#6425));
#6398 = ORIENTED_EDGE('',*,*,#3101,.F.);
#6399 = ORIENTED_EDGE('',*,*,#5677,.T.);
#6400 = ORIENTED_EDGE('',*,*,#6401,.F.);
#6401 = EDGE_CURVE('',#2942,#5657,#6402,.T.);
#6402 = SURFACE_CURVE('',#6403,(#6408,#6418),.PCURVE_S1.);
#6403 = HYPERBOLA('',#6404,1.049180327869,6.4);
#6404 = AXIS2_PLACEMENT_3D('',#6405,#6406,#6407);
#6405 = CARTESIAN_POINT('',(0.,-6.4,-11.08524590163));
#6406 = DIRECTION('',(0.,1.,0.));
#6407 = DIRECTION('',(0.,-0.,1.));
#6408 = PCURVE('',#2958,#6409);
#6409 = DEFINITIONAL_REPRESENTATION('',(#6410),#6417);
#6410 = B_SPLINE_CURVE_WITH_KNOTS('',5,(#6411,#6412,#6413,#6414,#6415,
    #6416),.UNSPECIFIED.,.F.,.F.,(6,6),(2.198785827482,2.2196218545),
  .PIECEWISE_BEZIER_KNOTS.);
#6411 = CARTESIAN_POINT('',(6.062213317399,-9.83606557377E-02));
#6412 = CARTESIAN_POINT('',(6.063126677487,-7.889775825635E-02));
#6413 = CARTESIAN_POINT('',(6.064035395561,-5.933095185173E-02));
#6414 = CARTESIAN_POINT('',(6.064939501489,-3.965953238855E-02));
#6415 = CARTESIAN_POINT('',(6.065839024901,-1.988278821334E-02));
#6416 = CARTESIAN_POINT('',(6.066733995189,0.));
#6417 = ( GEOMETRIC_REPRESENTATION_CONTEXT(2) 
PARAMETRIC_REPRESENTATION_CONTEXT() REPRESENTATION_CONTEXT('2D SPACE',''
  ) );
#6418 = PCURVE('',#2983,#6419);
#6419 = DEFINITIONAL_REPRESENTATION('',(#6420),#6424);
#6420 = ( BOUNDED_CURVE() B_SPLINE_CURVE(2,(#6421,#6422,#6423),
.UNSPECIFIED.,.F.,.F.) B_SPLINE_CURVE_WITH_KNOTS((3,3),(2.198785827482,
2.2196218545),.PIECEWISE_BEZIER_KNOTS.) CURVE() 
GEOMETRIC_REPRESENTATION_ITEM() RATIONAL_B_SPLINE_CURVE((1.,
1.000054267994,1.)) REPRESENTATION_ITEM('') );
#6421 = CARTESIAN_POINT('',(0.689998244998,-2.201639344262));
#6422 = CARTESIAN_POINT('',(0.994193234276,-2.250294827704));
#6423 = CARTESIAN_POINT('',(1.304638805524,-2.3));
#6424 = ( GEOMETRIC_REPRESENTATION_CONTEXT(2) 
PARAMETRIC_REPRESENTATION_CONTEXT() REPRESENTATION_CONTEXT('2D SPACE',''
  ) );
#6425 = ORIENTED_EDGE('',*,*,#2941,.T.);
#6426 = ADVANCED_FACE('',(#6427),#2983,.T.);
#6427 = FACE_BOUND('',#6428,.T.);
#6428 = EDGE_LOOP('',(#6429,#6448,#6449,#6450,#6451,#6452,#6453,#6454));
#6429 = ORIENTED_EDGE('',*,*,#6430,.T.);
#6430 = EDGE_CURVE('',#2882,#5560,#6431,.T.);
#6431 = SURFACE_CURVE('',#6432,(#6436,#6442),.PCURVE_S1.);
#6432 = LINE('',#6433,#6434);
#6433 = CARTESIAN_POINT('',(13.9,-6.4,-7.5));
#6434 = VECTOR('',#6435,1.);
#6435 = DIRECTION('',(-1.,0.,0.));
#6436 = PCURVE('',#2983,#6437);
#6437 = DEFINITIONAL_REPRESENTATION('',(#6438),#6441);
#6438 = B_SPLINE_CURVE_WITH_KNOTS('',1,(#6439,#6440),.UNSPECIFIED.,.F.,
  .F.,(2,2),(-15.3,-13.9),.PIECEWISE_BEZIER_KNOTS.);
#6439 = CARTESIAN_POINT('',(1.4,-1.));
#6440 = CARTESIAN_POINT('',(0.,-1.));
#6441 = ( GEOMETRIC_REPRESENTATION_CONTEXT(2) 
PARAMETRIC_REPRESENTATION_CONTEXT() REPRESENTATION_CONTEXT('2D SPACE',''
  ) );
#6442 = PCURVE('',#2903,#6443);
#6443 = DEFINITIONAL_REPRESENTATION('',(#6444),#6447);
#6444 = B_SPLINE_CURVE_WITH_KNOTS('',1,(#6445,#6446),.UNSPECIFIED.,.F.,
  .F.,(2,2),(-15.3,-13.9),.PIECEWISE_BEZIER_KNOTS.);
#6445 = CARTESIAN_POINT('',(29.2,-6.4));
#6446 = CARTESIAN_POINT('',(27.8,-6.4));
#6447 = ( GEOMETRIC_REPRESENTATION_CONTEXT(2) 
PARAMETRIC_REPRESENTATION_CONTEXT() REPRESENTATION_CONTEXT('2D SPACE',''
  ) );
#6448 = ORIENTED_EDGE('',*,*,#5559,.T.);
#6449 = ORIENTED_EDGE('',*,*,#3217,.T.);
#6450 = ORIENTED_EDGE('',*,*,#5757,.T.);
#6451 = ORIENTED_EDGE('',*,*,#5726,.F.);
#6452 = ORIENTED_EDGE('',*,*,#5656,.T.);
#6453 = ORIENTED_EDGE('',*,*,#6401,.F.);
#6454 = ORIENTED_EDGE('',*,*,#2970,.T.);
#6455 = ADVANCED_FACE('',(#6456),#2903,.F.);
#6456 = FACE_BOUND('',#6457,.F.);
#6457 = EDGE_LOOP('',(#6458,#6459,#6460,#6461,#6462,#6463,#6464,#6465,
    #6466,#6467,#6468,#6469));
#6458 = ORIENTED_EDGE('',*,*,#4916,.F.);
#6459 = ORIENTED_EDGE('',*,*,#4865,.T.);
#6460 = ORIENTED_EDGE('',*,*,#5606,.T.);
#6461 = ORIENTED_EDGE('',*,*,#3081,.T.);
#6462 = ORIENTED_EDGE('',*,*,#2879,.T.);
#6463 = ORIENTED_EDGE('',*,*,#6430,.T.);
#6464 = ORIENTED_EDGE('',*,*,#5582,.T.);
#6465 = ORIENTED_EDGE('',*,*,#3454,.T.);
#6466 = ORIENTED_EDGE('',*,*,#4967,.F.);
#6467 = ORIENTED_EDGE('',*,*,#3925,.T.);
#6468 = ORIENTED_EDGE('',*,*,#4941,.F.);
#6469 = ORIENTED_EDGE('',*,*,#4338,.T.);
#6470 = ( GEOMETRIC_REPRESENTATION_CONTEXT(3) 
GLOBAL_UNCERTAINTY_ASSIGNED_CONTEXT((#6474)) 
GLOBAL_UNIT_ASSIGNED_CONTEXT((#6471,#6472,#6473)) REPRESENTATION_CONTEXT
('Context #1','3D Context with UNIT and UNCERTAINTY') );
#6471 = ( LENGTH_UNIT() NAMED_UNIT(*) SI_UNIT(.MILLI.,.METRE.) );
#6472 = ( NAMED_UNIT(*) PLANE_ANGLE_UNIT() SI_UNIT($,.RADIAN.) );
#6473 = ( NAMED_UNIT(*) SI_UNIT($,.STERADIAN.) SOLID_ANGLE_UNIT() );
#6474 = UNCERTAINTY_MEASURE_WITH_UNIT(LENGTH_MEASURE(1.E-07),#6471,
  'distance_accuracy_value','confusion accuracy');
#6475 = CONTEXT_DEPENDENT_SHAPE_REPRESENTATION(#6476,#6478);
#6476 = ( REPRESENTATION_RELATIONSHIP('','',#2872,#10) 
REPRESENTATION_RELATIONSHIP_WITH_TRANSFORMATION(#6477) 
SHAPE_REPRESENTATION_RELATIONSHIP() );
#6477 = ITEM_DEFINED_TRANSFORMATION('','',#11,#19);
#6478 = PRODUCT_DEFINITION_SHAPE('Placement','Placement of an item',
  #6479);
#6479 = NEXT_ASSEMBLY_USAGE_OCCURRENCE('4','pod','',#5,#2867,$);
#6480 = PRODUCT_RELATED_PRODUCT_CATEGORY('part',$,(#2869));
#6481 = SHAPE_DEFINITION_REPRESENTATION(#6482,#6488);
#6482 = PRODUCT_DEFINITION_SHAPE('','',#6483);
#6483 = PRODUCT_DEFINITION('design','',#6484,#6487);
#6484 = PRODUCT_DEFINITION_FORMATION('','',#6485);
#6485 = PRODUCT('cover','cover','',(#6486));
#6486 = PRODUCT_CONTEXT('',#2,'mechanical');
#6487 = PRODUCT_DEFINITION_CONTEXT('part definition',#2,'design');
#6488 = ADVANCED_BREP_SHAPE_REPRESENTATION('',(#11,#6489),#8992);
#6489 = MANIFOLD_SOLID_BREP('',#6490);
#6490 = CLOSED_SHELL('',(#6491,#6805,#7186,#7358,#7611,#7638,#7665,#7690
    ,#7866,#8293,#8342,#8391,#8438,#8688,#8735,#8762,#8789,#8796,#8823,
    #8828,#8956,#8987));
#6491 = ADVANCED_FACE('',(#6492),#6507,.T.);
#6492 = FACE_BOUND('',#6493,.F.);
#6493 = EDGE_LOOP('',(#6494,#6530,#6556,#6585));
#6494 = ORIENTED_EDGE('',*,*,#6495,.F.);
#6495 = EDGE_CURVE('',#6496,#6498,#6500,.T.);
#6496 = VERTEX_POINT('',#6497);
#6497 = CARTESIAN_POINT('',(27.464158461529,6.4,-7.5));
#6498 = VERTEX_POINT('',#6499);
#6499 = CARTESIAN_POINT('',(14.1,24.421916386721,-7.5));
#6500 = SURFACE_CURVE('',#6501,(#6506,#6518),.PCURVE_S1.);
#6501 = CIRCLE('',#6502,28.2);
#6502 = AXIS2_PLACEMENT_3D('',#6503,#6504,#6505);
#6503 = CARTESIAN_POINT('',(0.,0.,-7.5));
#6504 = DIRECTION('',(0.,0.,1.));
#6505 = DIRECTION('',(1.,0.,0.));
#6506 = PCURVE('',#6507,#6512);
#6507 = CYLINDRICAL_SURFACE('',#6508,28.2);
#6508 = AXIS2_PLACEMENT_3D('',#6509,#6510,#6511);
#6509 = CARTESIAN_POINT('',(0.,0.,-7.5));
#6510 = DIRECTION('',(-0.,-0.,-1.));
#6511 = DIRECTION('',(1.,0.,0.));
#6512 = DEFINITIONAL_REPRESENTATION('',(#6513),#6517);
#6513 = LINE('',#6514,#6515);
#6514 = CARTESIAN_POINT('',(-0.,0.));
#6515 = VECTOR('',#6516,1.);
#6516 = DIRECTION('',(-1.,0.));
#6517 = ( GEOMETRIC_REPRESENTATION_CONTEXT(2) 
PARAMETRIC_REPRESENTATION_CONTEXT() REPRESENTATION_CONTEXT('2D SPACE',''
  ) );
#6518 = PCURVE('',#6519,#6524);
#6519 = PLANE('',#6520);
#6520 = AXIS2_PLACEMENT_3D('',#6521,#6522,#6523);
#6521 = CARTESIAN_POINT('',(-7.758525574692E-16,1.952242238678E-15,-7.5)
  );
#6522 = DIRECTION('',(0.,0.,1.));
#6523 = DIRECTION('',(1.,0.,-0.));
#6524 = DEFINITIONAL_REPRESENTATION('',(#6525),#6529);
#6525 = CIRCLE('',#6526,28.2);
#6526 = AXIS2_PLACEMENT_2D('',#6527,#6528);
#6527 = CARTESIAN_POINT('',(7.758525574692E-16,-1.952242238678E-15));
#6528 = DIRECTION('',(1.,0.));
#6529 = ( GEOMETRIC_REPRESENTATION_CONTEXT(2) 
PARAMETRIC_REPRESENTATION_CONTEXT() REPRESENTATION_CONTEXT('2D SPACE',''
  ) );
#6530 = ORIENTED_EDGE('',*,*,#6531,.F.);
#6531 = EDGE_CURVE('',#6532,#6496,#6534,.T.);
#6532 = VERTEX_POINT('',#6533);
#6533 = CARTESIAN_POINT('',(27.464158461529,6.4,-6.9));
#6534 = SURFACE_CURVE('',#6535,(#6539,#6545),.PCURVE_S1.);
#6535 = LINE('',#6536,#6537);
#6536 = CARTESIAN_POINT('',(27.464158461529,6.4,-7.5));
#6537 = VECTOR('',#6538,1.);
#6538 = DIRECTION('',(-0.,-0.,-1.));
#6539 = PCURVE('',#6507,#6540);
#6540 = DEFINITIONAL_REPRESENTATION('',(#6541),#6544);
#6541 = B_SPLINE_CURVE_WITH_KNOTS('',1,(#6542,#6543),.UNSPECIFIED.,.F.,
  .F.,(2,2),(-0.6000006,5.999999999062E-07),.PIECEWISE_BEZIER_KNOTS.);
#6542 = CARTESIAN_POINT('',(-0.228945180514,-0.6000006));
#6543 = CARTESIAN_POINT('',(-0.228945180514,5.999999999062E-07));
#6544 = ( GEOMETRIC_REPRESENTATION_CONTEXT(2) 
PARAMETRIC_REPRESENTATION_CONTEXT() REPRESENTATION_CONTEXT('2D SPACE',''
  ) );
#6545 = PCURVE('',#6546,#6551);
#6546 = PLANE('',#6547);
#6547 = AXIS2_PLACEMENT_3D('',#6548,#6549,#6550);
#6548 = CARTESIAN_POINT('',(30.8,6.4,-8.5));
#6549 = DIRECTION('',(0.,-1.,0.));
#6550 = DIRECTION('',(-1.,0.,0.));
#6551 = DEFINITIONAL_REPRESENTATION('',(#6552),#6555);
#6552 = B_SPLINE_CURVE_WITH_KNOTS('',1,(#6553,#6554),.UNSPECIFIED.,.F.,
  .F.,(2,2),(-0.6000006,5.999999999062E-07),.PIECEWISE_BEZIER_KNOTS.);
#6553 = CARTESIAN_POINT('',(3.335841538471,-1.6000006));
#6554 = CARTESIAN_POINT('',(3.335841538471,-0.9999994));
#6555 = ( GEOMETRIC_REPRESENTATION_CONTEXT(2) 
PARAMETRIC_REPRESENTATION_CONTEXT() REPRESENTATION_CONTEXT('2D SPACE',''
  ) );
#6556 = ORIENTED_EDGE('',*,*,#6557,.T.);
#6557 = EDGE_CURVE('',#6532,#6558,#6560,.T.);
#6558 = VERTEX_POINT('',#6559);
#6559 = CARTESIAN_POINT('',(14.1,24.421916386721,-6.9));
#6560 = SURFACE_CURVE('',#6561,(#6566,#6573),.PCURVE_S1.);
#6561 = CIRCLE('',#6562,28.2);
#6562 = AXIS2_PLACEMENT_3D('',#6563,#6564,#6565);
#6563 = CARTESIAN_POINT('',(0.,0.,-6.9));
#6564 = DIRECTION('',(0.,0.,1.));
#6565 = DIRECTION('',(1.,0.,0.));
#6566 = PCURVE('',#6507,#6567);
#6567 = DEFINITIONAL_REPRESENTATION('',(#6568),#6572);
#6568 = LINE('',#6569,#6570);
#6569 = CARTESIAN_POINT('',(-0.,-0.6));
#6570 = VECTOR('',#6571,1.);
#6571 = DIRECTION('',(-1.,0.));
#6572 = ( GEOMETRIC_REPRESENTATION_CONTEXT(2) 
PARAMETRIC_REPRESENTATION_CONTEXT() REPRESENTATION_CONTEXT('2D SPACE',''
  ) );
#6573 = PCURVE('',#6574,#6579);
#6574 = PLANE('',#6575);
#6575 = AXIS2_PLACEMENT_3D('',#6576,#6577,#6578);
#6576 = CARTESIAN_POINT('',(-7.758525574692E-16,1.952242238678E-15,-6.9)
  );
#6577 = DIRECTION('',(0.,0.,1.));
#6578 = DIRECTION('',(1.,0.,-0.));
#6579 = DEFINITIONAL_REPRESENTATION('',(#6580),#6584);
#6580 = CIRCLE('',#6581,28.2);
#6581 = AXIS2_PLACEMENT_2D('',#6582,#6583);
#6582 = CARTESIAN_POINT('',(7.758525574692E-16,-1.952242238678E-15));
#6583 = DIRECTION('',(1.,0.));
#6584 = ( GEOMETRIC_REPRESENTATION_CONTEXT(2) 
PARAMETRIC_REPRESENTATION_CONTEXT() REPRESENTATION_CONTEXT('2D SPACE',''
  ) );
#6585 = ORIENTED_EDGE('',*,*,#6586,.F.);
#6586 = EDGE_CURVE('',#6498,#6558,#6587,.T.);
#6587 = SURFACE_CURVE('',#6588,(#6744,#6766),.PCURVE_S1.);
#6588 = B_SPLINE_CURVE_WITH_KNOTS('',4,(#6589,#6590,#6591,#6592,#6593,
    #6594,#6595,#6596,#6597,#6598,#6599,#6600,#6601,#6602,#6603,#6604,
    #6605,#6606,#6607,#6608,#6609,#6610,#6611,#6612,#6613,#6614,#6615,
    #6616,#6617,#6618,#6619,#6620,#6621,#6622,#6623,#6624,#6625,#6626,
    #6627,#6628,#6629,#6630,#6631,#6632,#6633,#6634,#6635,#6636,#6637,
    #6638,#6639,#6640,#6641,#6642,#6643,#6644,#6645,#6646,#6647,#6648,
    #6649,#6650,#6651,#6652,#6653,#6654,#6655,#6656,#6657,#6658,#6659,
    #6660,#6661,#6662,#6663,#6664,#6665,#6666,#6667,#6668,#6669,#6670,
    #6671,#6672,#6673,#6674,#6675,#6676,#6677,#6678,#6679,#6680,#6681,
    #6682,#6683,#6684,#6685,#6686,#6687,#6688,#6689,#6690,#6691,#6692,
    #6693,#6694,#6695,#6696,#6697,#6698,#6699,#6700,#6701,#6702,#6703,
    #6704,#6705,#6706,#6707,#6708,#6709,#6710,#6711,#6712,#6713,#6714,
    #6715,#6716,#6717,#6718,#6719,#6720,#6721,#6722,#6723,#6724,#6725,
    #6726,#6727,#6728,#6729,#6730,#6731,#6732,#6733,#6734,#6735,#6736,
    #6737,#6738,#6739,#6740,#6741,#6742,#6743),.UNSPECIFIED.,.F.,.F.,(5,
    3,3,3,3,3,3,3,3,3,3,3,3,3,3,3,3,3,3,3,3,3,3,3,3,3,3,3,3,3,3,3,3,3,3,
    3,3,3,3,3,3,3,3,3,3,3,3,3,3,3,3,5),(0.,1.478119958419E-02,
    2.949580765424E-02,4.373278447467E-02,5.852477860147E-02,
    7.338085921403E-02,8.831895158144E-02,0.103358342533,0.114968558894,
    0.125976813583,0.137436318992,0.148962310313,0.160562952831,
    0.171842861047,0.183617482319,0.195085187746,0.207077430794,
    0.219200991163,0.231472575877,0.243911680597,0.256541332229,
    0.2693890981,0.28248849524,0.295450214525,0.309089832471,
    0.321700181894,0.334183589399,0.347099596667,0.359710014458,
    0.370975439034,0.382363878321,0.395892571972,0.411358428944,
    0.430018036081,0.450314512426,0.56493856157,0.686092358985,
    0.717452807215,0.745375688985,0.77095847871,0.793239487558,
    0.815151168581,0.83537405728,0.854886570219,0.875209109624,
    0.893654711967,0.913061173104,0.930832718504,0.949033329022,
    0.967066402267,0.985632410264,1.),.UNSPECIFIED.);
#6589 = CARTESIAN_POINT('',(14.1,24.421916386721,-7.5));
#6590 = CARTESIAN_POINT('',(14.103010203441,24.420178444954,-7.5));
#6591 = CARTESIAN_POINT('',(14.106020115136,24.418440012014,
    -7.499946303343));
#6592 = CARTESIAN_POINT('',(14.109028668331,24.416701703794,
    -7.499838910031));
#6593 = CARTESIAN_POINT('',(14.115027348892,24.413234420852,
    -7.499517571066));
#6594 = CARTESIAN_POINT('',(14.118017500632,24.411505437962,
    -7.49930410758));
#6595 = CARTESIAN_POINT('',(14.121004174224,24.4097778151,
    -7.499037544244));
#6596 = CARTESIAN_POINT('',(14.126871652891,24.406382534403,
    -7.498408817153));
#6597 = CARTESIAN_POINT('',(14.129752747673,24.404714750339,
    -7.498050037403));
#6598 = CARTESIAN_POINT('',(14.132628640616,24.40304937309,
    -7.497641757923));
#6599 = CARTESIAN_POINT('',(14.138479995489,24.399659737186,
    -7.496708663321));
#6600 = CARTESIAN_POINT('',(14.141454968453,24.39793571401,
    -7.496179925621));
#6601 = CARTESIAN_POINT('',(14.144422233099,24.396215513648,
    -7.495598088155));
#6602 = CARTESIAN_POINT('',(14.150352048693,24.392776567995,
    -7.494325919037));
#6603 = CARTESIAN_POINT('',(14.153314523638,24.391057861229,
    -7.493635128228));
#6604 = CARTESIAN_POINT('',(14.156267085667,24.389344266892,
    -7.492891236708));
#6605 = CARTESIAN_POINT('',(14.162166503546,24.385919126079,
    -7.491293430482));
#6606 = CARTESIAN_POINT('',(14.165113238033,24.384207643057,
    -7.490438931041));
#6607 = CARTESIAN_POINT('',(14.168047801449,24.382502597419,
    -7.489531327338));
#6608 = CARTESIAN_POINT('',(14.1739102703,24.379095127222,
    -7.487604101467));
#6609 = CARTESIAN_POINT('',(14.176837995758,24.377392798771,
    -7.486583761374));
#6610 = CARTESIAN_POINT('',(14.17975122236,24.375698277409,
    -7.485510308755));
#6611 = CARTESIAN_POINT('',(14.184885838433,24.372710568356,
    -7.483514789552));
#6612 = CARTESIAN_POINT('',(14.187113517248,24.371413969455,
    -7.482614013728));
#6613 = CARTESIAN_POINT('',(14.189331427858,24.370122694748,
    -7.481682025501));
#6614 = CARTESIAN_POINT('',(14.193632281433,24.367618031455,
    -7.479805978496));
#6615 = CARTESIAN_POINT('',(14.195716260124,24.366404075768,
    -7.47886505085));
#6616 = CARTESIAN_POINT('',(14.197790608608,24.365195413602,
    -7.477896436087));
#6617 = CARTESIAN_POINT('',(14.202003851437,24.362739845721,
    -7.475863395624));
#6618 = CARTESIAN_POINT('',(14.20414190605,24.36149340328,
    -7.474796670035));
#6619 = CARTESIAN_POINT('',(14.20626862455,24.360253236817,
    -7.473700378403));
#6620 = CARTESIAN_POINT('',(14.210510756538,24.357778841734,
    -7.471442616915));
#6621 = CARTESIAN_POINT('',(14.212626032878,24.35654468929,
    -7.470280805792));
#6622 = CARTESIAN_POINT('',(14.214728924833,24.355317436865,
    -7.469089576071));
#6623 = CARTESIAN_POINT('',(14.218922574363,24.352869374209,
    -7.466640906658));
#6624 = CARTESIAN_POINT('',(14.221013165164,24.351648657166,
    -7.465383088092));
#6625 = CARTESIAN_POINT('',(14.223090293558,24.350435482985,
    -7.464096008615));
#6626 = CARTESIAN_POINT('',(14.227159679956,24.348058091754,
    -7.461500294421));
#6627 = CARTESIAN_POINT('',(14.229152696702,24.346893448483,
    -7.460193239503));
#6628 = CARTESIAN_POINT('',(14.23113214431,24.34573644552,
    -7.458859060517));
#6629 = CARTESIAN_POINT('',(14.235149290948,24.343387815023,
    -7.456077330513));
#6630 = CARTESIAN_POINT('',(14.237185737296,24.34219689442,
    -7.45462737353));
#6631 = CARTESIAN_POINT('',(14.239206494239,24.341014847549,
    -7.453148493065));
#6632 = CARTESIAN_POINT('',(14.243163475572,24.338699622715,
    -7.450172863446));
#6633 = CARTESIAN_POINT('',(14.245100530443,24.337565974041,
    -7.448677584829));
#6634 = CARTESIAN_POINT('',(14.247021859086,24.336441256292,
    -7.447155512144));
#6635 = CARTESIAN_POINT('',(14.250919396017,24.334159153308,
    -7.443987615508));
#6636 = CARTESIAN_POINT('',(14.252894094777,24.333002626948,
    -7.442339315555));
#6637 = CARTESIAN_POINT('',(14.254850687082,24.331856421872,
    -7.440662460873));
#6638 = CARTESIAN_POINT('',(14.258747977441,24.329572772092,
    -7.437233775518));
#6639 = CARTESIAN_POINT('',(14.260688266875,24.32843556073,
    -7.43548132488));
#6640 = CARTESIAN_POINT('',(14.262609123054,24.327309466097,
    -7.433700516517));
#6641 = CARTESIAN_POINT('',(14.266434274173,24.325066455742,
    -7.430060971671));
#6642 = CARTESIAN_POINT('',(14.268338080588,24.323949819943,
    -7.428201549154));
#6643 = CARTESIAN_POINT('',(14.270221043546,24.322845146643,
    -7.426313970316));
#6644 = CARTESIAN_POINT('',(14.273969788785,24.32064537088,
    -7.422457299915));
#6645 = CARTESIAN_POINT('',(14.275834985674,24.319550604904,
    -7.420487447334));
#6646 = CARTESIAN_POINT('',(14.277677827423,24.318468708186,
    -7.418489642301));
#6647 = CARTESIAN_POINT('',(14.281345769519,24.31631484423,
    -7.414408130891));
#6648 = CARTESIAN_POINT('',(14.283170165703,24.31524328294,
    -7.412323577396));
#6649 = CARTESIAN_POINT('',(14.284970570281,24.314185572404,
    -7.410211275311));
#6650 = CARTESIAN_POINT('',(14.288553151047,24.312080397214,
    -7.405895343369));
#6651 = CARTESIAN_POINT('',(14.290334475492,24.311033424947,
    -7.403690766235));
#6652 = CARTESIAN_POINT('',(14.292090016505,24.310001377716,
    -7.401458641166));
#6653 = CARTESIAN_POINT('',(14.295582478514,24.307947790457,
    -7.396896272168));
#6654 = CARTESIAN_POINT('',(14.297318361447,24.306926852082,
    -7.394564962703));
#6655 = CARTESIAN_POINT('',(14.299026472778,24.305922030027,
    -7.392206298487));
#6656 = CARTESIAN_POINT('',(14.302368565272,24.303955586336,
    -7.387460672623));
#6657 = CARTESIAN_POINT('',(14.30400313691,24.302993621627,
    -7.385074268883));
#6658 = CARTESIAN_POINT('',(14.30560961087,24.302048000413,
    -7.382662388848));
#6659 = CARTESIAN_POINT('',(14.308848034347,24.300141391416,
    -7.377661579068));
#6660 = CARTESIAN_POINT('',(14.310476922094,24.299182186489,
    -7.375069986755));
#6661 = CARTESIAN_POINT('',(14.312073723788,24.298241685786,
    -7.372451708129));
#6662 = CARTESIAN_POINT('',(14.315084175334,24.296468218045,
    -7.367362923158));
#6663 = CARTESIAN_POINT('',(14.316502553331,24.295632491902,
    -7.364896175134));
#6664 = CARTESIAN_POINT('',(14.317892732552,24.294813236518,
    -7.362407942725));
#6665 = CARTESIAN_POINT('',(14.32060228855,24.293216183562,
    -7.357415073595));
#6666 = CARTESIAN_POINT('',(14.321922237187,24.292438051671,
    -7.35491085414));
#6667 = CARTESIAN_POINT('',(14.323213871115,24.291676487065,
    -7.352386855343));
#6668 = CARTESIAN_POINT('',(14.325783642981,24.290161080486,
    -7.347212468379));
#6669 = CARTESIAN_POINT('',(14.327059762135,24.289408420678,
    -7.344560731327));
#6670 = CARTESIAN_POINT('',(14.328304879037,24.288673930033,
    -7.341889234789));
#6671 = CARTESIAN_POINT('',(14.330703737753,24.287258640571,
    -7.336571850815));
#6672 = CARTESIAN_POINT('',(14.331858944468,24.28657698258,
    -7.333926852975));
#6673 = CARTESIAN_POINT('',(14.332983983936,24.285913030639,
    -7.331264404958));
#6674 = CARTESIAN_POINT('',(14.335056420857,24.284689800369,
    -7.326191762327));
#6675 = CARTESIAN_POINT('',(14.336009967057,24.284126910726,
    -7.323784950151));
#6676 = CARTESIAN_POINT('',(14.336939014173,24.283578418489,
    -7.321365266757));
#6677 = CARTESIAN_POINT('',(14.338757615894,24.28250463111,
    -7.31647461191));
#6678 = CARTESIAN_POINT('',(14.339646628486,24.281979654667,
    -7.314003368896));
#6679 = CARTESIAN_POINT('',(14.34051022417,24.281469631341,
    -7.311520011399));
#6680 = CARTESIAN_POINT('',(14.342343719611,24.280386693075,
    -7.306061248071));
#6681 = CARTESIAN_POINT('',(14.343303096434,24.279819972026,
    -7.303081078936));
#6682 = CARTESIAN_POINT('',(14.344226065037,24.279274693756,
    -7.300085451219));
#6683 = CARTESIAN_POINT('',(14.346125572057,24.27815236907,
    -7.293634058477));
#6684 = CARTESIAN_POINT('',(14.347090857359,24.277581953696,
    -7.290173826438));
#6685 = CARTESIAN_POINT('',(14.348007830049,24.277040023986,
    -7.286695920633));
#6686 = CARTESIAN_POINT('',(14.349923793782,24.275907575076,
    -7.278985935216));
#6687 = CARTESIAN_POINT('',(14.350900618936,24.275330131767,
    -7.274746426355));
#6688 = CARTESIAN_POINT('',(14.351806044202,24.274794833476,
    -7.270485590127));
#6689 = CARTESIAN_POINT('',(14.353546282792,24.273765884535,
    -7.261550719444));
#6690 = CARTESIAN_POINT('',(14.354367934481,24.273280006505,
    -7.256873225816));
#6691 = CARTESIAN_POINT('',(14.355103956564,24.272844723404,
    -7.252176531412));
#6692 = CARTESIAN_POINT('',(14.359424567219,24.270289332539,
    -7.220848841132));
#6693 = CARTESIAN_POINT('',(14.360347488401,24.269742474657,
    -7.193725833839));
#6694 = CARTESIAN_POINT('',(14.358464261984,24.270857693972,
    -7.166678882015));
#6695 = CARTESIAN_POINT('',(14.348902586687,24.276511840436,
    -7.112115479283));
#6696 = CARTESIAN_POINT('',(14.340918925503,24.281231170501,
    -7.084801564501));
#6697 = CARTESIAN_POINT('',(14.329984358738,24.287688154951,
    -7.058902000022));
#6698 = CARTESIAN_POINT('',(14.312917316635,24.297745049268,
    -7.028820129581));
#6699 = CARTESIAN_POINT('',(14.309232122649,24.299915669611,
    -7.022768681056));
#6700 = CARTESIAN_POINT('',(14.305376732733,24.302185463063,
    -7.01686137392));
#6701 = CARTESIAN_POINT('',(14.297779005184,24.30665614105,
    -7.005984466089));
#6702 = CARTESIAN_POINT('',(14.294070597323,24.308837308006,
    -7.000983054458));
#6703 = CARTESIAN_POINT('',(14.290236914502,24.311091089431,
    -6.996109940514));
#6704 = CARTESIAN_POINT('',(14.282660420157,24.315542950473,
    -6.987029659142));
#6705 = CARTESIAN_POINT('',(14.278936917092,24.31772987004,
    -6.982800905628));
#6706 = CARTESIAN_POINT('',(14.275116345735,24.319972736489,
    -6.978689673204));
#6707 = CARTESIAN_POINT('',(14.267794513803,24.324268854961,
    -6.971225767497));
#6708 = CARTESIAN_POINT('',(14.264315681162,24.326309219913,
    -6.967843673143));
#6709 = CARTESIAN_POINT('',(14.260769154694,24.328388369063,
    -6.964556848499));
#6710 = CARTESIAN_POINT('',(14.253606436012,24.332585569781,
    -6.958231833336));
#6711 = CARTESIAN_POINT('',(14.249992372355,24.334702405686,
    -6.955190423964));
#6712 = CARTESIAN_POINT('',(14.246318461608,24.336853308836,
    -6.952246172534));
#6713 = CARTESIAN_POINT('',(14.239144353505,24.341051415174,
    -6.946775761411));
#6714 = CARTESIAN_POINT('',(14.23565259084,24.343093834345,
    -6.944234867293));
#6715 = CARTESIAN_POINT('',(14.232114651464,24.345162348146,
    -6.941780430301));
#6716 = CARTESIAN_POINT('',(14.225077034276,24.349275130711,
    -6.93713079522));
#6717 = CARTESIAN_POINT('',(14.221580377583,24.351317699016,
    -6.934929519076));
#6718 = CARTESIAN_POINT('',(14.218045120076,24.35338190201,
    -6.932811659254));
#6719 = CARTESIAN_POINT('',(14.210753593388,24.357637423589,
    -6.928660928831));
#6720 = CARTESIAN_POINT('',(14.206994241299,24.359830462123,
    -6.926635235925));
#6721 = CARTESIAN_POINT('',(14.203197954592,24.36204399307,
    -6.924702862821));
#6722 = CARTESIAN_POINT('',(14.195890492786,24.366302741923,
    -6.921197000443));
#6723 = CARTESIAN_POINT('',(14.192385367053,24.368344623849,
    -6.919606848334));
#6724 = CARTESIAN_POINT('',(14.188853895072,24.370400941949,
    -6.918095546441));
#6725 = CARTESIAN_POINT('',(14.181557006148,24.374647887054,
    -6.915157677159));
#6726 = CARTESIAN_POINT('',(14.177788984999,24.376839930792,
    -6.913739624507));
#6727 = CARTESIAN_POINT('',(14.173996316641,24.379045261982,
    -6.912410679995));
#6728 = CARTESIAN_POINT('',(14.166687806912,24.38329290537,
    -6.910036936545));
#6729 = CARTESIAN_POINT('',(14.163175561674,24.385333299385,
    -6.908977631409));
#6730 = CARTESIAN_POINT('',(14.159646443952,24.387382585568,
    -6.907994292227));
#6731 = CARTESIAN_POINT('',(14.152472582222,24.391546433605,
    -6.906158597241));
#6732 = CARTESIAN_POINT('',(14.148827103426,24.393661377089,
    -6.905309976929));
#6733 = CARTESIAN_POINT('',(14.145167840508,24.395783339913,
    -6.904542040281));
#6734 = CARTESIAN_POINT('',(14.13785954776,24.400019366427,
    -6.90317460944));
#6735 = CARTESIAN_POINT('',(14.134210733477,24.40213332322,
    -6.902573629737));
#6736 = CARTESIAN_POINT('',(14.130552305016,24.404251873355,
    -6.902052590276));
#6737 = CARTESIAN_POINT('',(14.123111810111,24.408558577235,
    -6.901157837032));
#6738 = CARTESIAN_POINT('',(14.119329284657,24.410746937872,
    -6.900788932221));
#6739 = CARTESIAN_POINT('',(14.115540800264,24.412937699137,
    -6.900505272326));
#6740 = CARTESIAN_POINT('',(14.108813799412,24.416825851518,
    -6.900153511369));
#6741 = CARTESIAN_POINT('',(14.105876806984,24.418522782046,
    -6.900051170459));
#6742 = CARTESIAN_POINT('',(14.102938539451,24.420219820178,
    -6.899999999999));
#6743 = CARTESIAN_POINT('',(14.1,24.421916386721,-6.9));
#6744 = PCURVE('',#6507,#6745);
#6745 = DEFINITIONAL_REPRESENTATION('',(#6746),#6765);
#6746 = B_SPLINE_CURVE_WITH_KNOTS('',9,(#6747,#6748,#6749,#6750,#6751,
    #6752,#6753,#6754,#6755,#6756,#6757,#6758,#6759,#6760,#6761,#6762,
    #6763,#6764),.UNSPECIFIED.,.F.,.F.,(10,8,10),(0.,0.5,1.),
  .UNSPECIFIED.);
#6747 = CARTESIAN_POINT('',(-1.047197551197,0.));
#6748 = CARTESIAN_POINT('',(-1.045344472288,0.));
#6749 = CARTESIAN_POINT('',(-1.043491464976,-1.024283208421E-02));
#6750 = CARTESIAN_POINT('',(-1.041719549059,-3.072178454248E-02));
#6751 = CARTESIAN_POINT('',(-1.040110505525,-6.083860338204E-02));
#6752 = CARTESIAN_POINT('',(-1.03873887519,-9.94022653094E-02));
#6753 = CARTESIAN_POINT('',(-1.037665664741,-0.144694190324));
#6754 = CARTESIAN_POINT('',(-1.036933760192,-0.194599893921));
#6755 = CARTESIAN_POINT('',(-1.036565047736,-0.246807078912));
#6756 = CARTESIAN_POINT('',(-1.036553436285,-0.351333254783));
#6757 = CARTESIAN_POINT('',(-1.036909850888,-0.40359702569));
#6758 = CARTESIAN_POINT('',(-1.037640429,-0.454887394559));
#6759 = CARTESIAN_POINT('',(-1.038707900196,-0.498896639963));
#6760 = CARTESIAN_POINT('',(-1.040083304633,-0.539217261503));
#6761 = CARTESIAN_POINT('',(-1.041696831746,-0.568800080191));
#6762 = CARTESIAN_POINT('',(-1.043475449991,-0.589705701743));
#6763 = CARTESIAN_POINT('',(-1.045336512714,-0.600000000019));
#6764 = CARTESIAN_POINT('',(-1.047197551197,-0.6));
#6765 = ( GEOMETRIC_REPRESENTATION_CONTEXT(2) 
PARAMETRIC_REPRESENTATION_CONTEXT() REPRESENTATION_CONTEXT('2D SPACE',''
  ) );
#6766 = PCURVE('',#6767,#6772);
#6767 = SPHERICAL_SURFACE('',#6768,0.3);
#6768 = AXIS2_PLACEMENT_3D('',#6769,#6770,#6771);
#6769 = CARTESIAN_POINT('',(14.1,24.421916386721,-7.2));
#6770 = DIRECTION('',(0.,0.,1.));
#6771 = DIRECTION('',(1.,0.,0.));
#6772 = DEFINITIONAL_REPRESENTATION('',(#6773),#6804);
#6773 = B_SPLINE_CURVE_WITH_KNOTS('',8,(#6774,#6775,#6776,#6777,#6778,
    #6779,#6780,#6781,#6782,#6783,#6784,#6785,#6786,#6787,#6788,#6789,
    #6790,#6791,#6792,#6793,#6794,#6795,#6796,#6797,#6798,#6799,#6800,
    #6801,#6802,#6803),.UNSPECIFIED.,.F.,.F.,(9,7,7,7,9),(0.,
    1.000000116827E-02,0.500000000554,0.98999999994,1.),.UNSPECIFIED.);
#6774 = CARTESIAN_POINT('',(5.759586476933,-1.570796326795));
#6775 = CARTESIAN_POINT('',(5.759565640059,-1.566877068274));
#6776 = CARTESIAN_POINT('',(5.759544803185,-1.562957809752));
#6777 = CARTESIAN_POINT('',(5.75952396631,-1.559038551231));
#6778 = CARTESIAN_POINT('',(5.759503129436,-1.55511929271));
#6779 = CARTESIAN_POINT('',(5.759482292562,-1.551200034188));
#6780 = CARTESIAN_POINT('',(5.759461455687,-1.547280775667));
#6781 = CARTESIAN_POINT('',(5.759440618813,-1.543361517146));
#6782 = CARTESIAN_POINT('',(5.758398775218,-1.347398613756));
#6783 = CARTESIAN_POINT('',(5.757384328647,-1.155370091669));
#6784 = CARTESIAN_POINT('',(5.756435288454,-0.963320006201));
#6785 = CARTESIAN_POINT('',(5.755607557142,-0.77125543446));
#6786 = CARTESIAN_POINT('',(5.754949497731,-0.579201750823));
#6787 = CARTESIAN_POINT('',(5.754497338,-0.38717716093));
#6788 = CARTESIAN_POINT('',(5.754270574732,-0.195167235683));
#6789 = CARTESIAN_POINT('',(5.754264181185,0.188968345211));
#6790 = CARTESIAN_POINT('',(5.754484732854,0.381194820554));
#6791 = CARTESIAN_POINT('',(5.75493659006,0.577101394061));
#6792 = CARTESIAN_POINT('',(5.7555906614,0.765718378523));
#6793 = CARTESIAN_POINT('',(5.756423066938,0.961749370105));
#6794 = CARTESIAN_POINT('',(5.757375271248,1.153356708322));
#6795 = CARTESIAN_POINT('',(5.758393676876,1.346438827886));
#6796 = CARTESIAN_POINT('',(5.759439992096,1.543243651319));
#6797 = CARTESIAN_POINT('',(5.759460918401,1.547179747815));
#6798 = CARTESIAN_POINT('',(5.759481844705,1.551115844312));
#6799 = CARTESIAN_POINT('',(5.75950277101,1.555051940808));
#6800 = CARTESIAN_POINT('',(5.759523697314,1.558988037305));
#6801 = CARTESIAN_POINT('',(5.759544623619,1.562924133802));
#6802 = CARTESIAN_POINT('',(5.759565549924,1.566860230298));
#6803 = CARTESIAN_POINT('',(5.759586476228,1.570796326795));
#6804 = ( GEOMETRIC_REPRESENTATION_CONTEXT(2) 
PARAMETRIC_REPRESENTATION_CONTEXT() REPRESENTATION_CONTEXT('2D SPACE',''
  ) );
#6805 = ADVANCED_FACE('',(#6806,#7045,#7151),#6519,.F.);
#6806 = FACE_BOUND('',#6807,.F.);
#6807 = EDGE_LOOP('',(#6808,#6836,#6855,#6856,#6885,#6911,#6937,#6963,
    #6992,#7021));
#6808 = ORIENTED_EDGE('',*,*,#6809,.T.);
#6809 = EDGE_CURVE('',#6810,#6812,#6814,.T.);
#6810 = VERTEX_POINT('',#6811);
#6811 = CARTESIAN_POINT('',(25.8,-6.4,-7.5));
#6812 = VERTEX_POINT('',#6813);
#6813 = CARTESIAN_POINT('',(25.8,6.4,-7.5));
#6814 = SURFACE_CURVE('',#6815,(#6819,#6825),.PCURVE_S1.);
#6815 = LINE('',#6816,#6817);
#6816 = CARTESIAN_POINT('',(25.8,3.2,-7.5));
#6817 = VECTOR('',#6818,1.);
#6818 = DIRECTION('',(-0.,1.,0.));
#6819 = PCURVE('',#6519,#6820);
#6820 = DEFINITIONAL_REPRESENTATION('',(#6821),#6824);
#6821 = B_SPLINE_CURVE_WITH_KNOTS('',1,(#6822,#6823),.UNSPECIFIED.,.F.,
  .F.,(2,2),(-9.6,3.2),.PIECEWISE_BEZIER_KNOTS.);
#6822 = CARTESIAN_POINT('',(25.8,-6.4));
#6823 = CARTESIAN_POINT('',(25.8,6.4));
#6824 = ( GEOMETRIC_REPRESENTATION_CONTEXT(2) 
PARAMETRIC_REPRESENTATION_CONTEXT() REPRESENTATION_CONTEXT('2D SPACE',''
  ) );
#6825 = PCURVE('',#6826,#6831);
#6826 = PLANE('',#6827);
#6827 = AXIS2_PLACEMENT_3D('',#6828,#6829,#6830);
#6828 = CARTESIAN_POINT('',(25.8,6.4,-8.5));
#6829 = DIRECTION('',(1.,0.,-0.));
#6830 = DIRECTION('',(0.,-1.,0.));
#6831 = DEFINITIONAL_REPRESENTATION('',(#6832),#6835);
#6832 = B_SPLINE_CURVE_WITH_KNOTS('',1,(#6833,#6834),.UNSPECIFIED.,.F.,
  .F.,(2,2),(-9.6,3.2),.PIECEWISE_BEZIER_KNOTS.);
#6833 = CARTESIAN_POINT('',(12.8,-1.));
#6834 = CARTESIAN_POINT('',(0.,-1.));
#6835 = ( GEOMETRIC_REPRESENTATION_CONTEXT(2) 
PARAMETRIC_REPRESENTATION_CONTEXT() REPRESENTATION_CONTEXT('2D SPACE',''
  ) );
#6836 = ORIENTED_EDGE('',*,*,#6837,.T.);
#6837 = EDGE_CURVE('',#6812,#6496,#6838,.T.);
#6838 = SURFACE_CURVE('',#6839,(#6843,#6849),.PCURVE_S1.);
#6839 = LINE('',#6840,#6841);
#6840 = CARTESIAN_POINT('',(15.4,6.4,-7.5));
#6841 = VECTOR('',#6842,1.);
#6842 = DIRECTION('',(1.,0.,-0.));
#6843 = PCURVE('',#6519,#6844);
#6844 = DEFINITIONAL_REPRESENTATION('',(#6845),#6848);
#6845 = B_SPLINE_CURVE_WITH_KNOTS('',1,(#6846,#6847),.UNSPECIFIED.,.F.,
  .F.,(2,2),(10.4,12.8),.PIECEWISE_BEZIER_KNOTS.);
#6846 = CARTESIAN_POINT('',(25.8,6.4));
#6847 = CARTESIAN_POINT('',(28.2,6.4));
#6848 = ( GEOMETRIC_REPRESENTATION_CONTEXT(2) 
PARAMETRIC_REPRESENTATION_CONTEXT() REPRESENTATION_CONTEXT('2D SPACE',''
  ) );
#6849 = PCURVE('',#6546,#6850);
#6850 = DEFINITIONAL_REPRESENTATION('',(#6851),#6854);
#6851 = B_SPLINE_CURVE_WITH_KNOTS('',1,(#6852,#6853),.UNSPECIFIED.,.F.,
  .F.,(2,2),(10.4,12.8),.PIECEWISE_BEZIER_KNOTS.);
#6852 = CARTESIAN_POINT('',(5.,-1.));
#6853 = CARTESIAN_POINT('',(2.6,-1.));
#6854 = ( GEOMETRIC_REPRESENTATION_CONTEXT(2) 
PARAMETRIC_REPRESENTATION_CONTEXT() REPRESENTATION_CONTEXT('2D SPACE',''
  ) );
#6855 = ORIENTED_EDGE('',*,*,#6495,.T.);
#6856 = ORIENTED_EDGE('',*,*,#6857,.T.);
#6857 = EDGE_CURVE('',#6498,#6858,#6860,.T.);
#6858 = VERTEX_POINT('',#6859);
#6859 = CARTESIAN_POINT('',(-28.12898860606,2.,-7.5));
#6860 = SURFACE_CURVE('',#6861,(#6866,#6873),.PCURVE_S1.);
#6861 = CIRCLE('',#6862,28.2);
#6862 = AXIS2_PLACEMENT_3D('',#6863,#6864,#6865);
#6863 = CARTESIAN_POINT('',(0.,0.,-7.5));
#6864 = DIRECTION('',(0.,0.,1.));
#6865 = DIRECTION('',(1.,0.,0.));
#6866 = PCURVE('',#6519,#6867);
#6867 = DEFINITIONAL_REPRESENTATION('',(#6868),#6872);
#6868 = CIRCLE('',#6869,28.2);
#6869 = AXIS2_PLACEMENT_2D('',#6870,#6871);
#6870 = CARTESIAN_POINT('',(7.758525574692E-16,-1.952242238678E-15));
#6871 = DIRECTION('',(1.,0.));
#6872 = ( GEOMETRIC_REPRESENTATION_CONTEXT(2) 
PARAMETRIC_REPRESENTATION_CONTEXT() REPRESENTATION_CONTEXT('2D SPACE',''
  ) );
#6873 = PCURVE('',#6874,#6879);
#6874 = CYLINDRICAL_SURFACE('',#6875,28.2);
#6875 = AXIS2_PLACEMENT_3D('',#6876,#6877,#6878);
#6876 = CARTESIAN_POINT('',(0.,0.,-7.5));
#6877 = DIRECTION('',(-0.,-0.,-1.));
#6878 = DIRECTION('',(1.,0.,0.));
#6879 = DEFINITIONAL_REPRESENTATION('',(#6880),#6884);
#6880 = LINE('',#6881,#6882);
#6881 = CARTESIAN_POINT('',(-0.,0.));
#6882 = VECTOR('',#6883,1.);
#6883 = DIRECTION('',(-1.,0.));
#6884 = ( GEOMETRIC_REPRESENTATION_CONTEXT(2) 
PARAMETRIC_REPRESENTATION_CONTEXT() REPRESENTATION_CONTEXT('2D SPACE',''
  ) );
#6885 = ORIENTED_EDGE('',*,*,#6886,.T.);
#6886 = EDGE_CURVE('',#6858,#6887,#6889,.T.);
#6887 = VERTEX_POINT('',#6888);
#6888 = CARTESIAN_POINT('',(-26.7,2.,-7.5));
#6889 = SURFACE_CURVE('',#6890,(#6894,#6900),.PCURVE_S1.);
#6890 = LINE('',#6891,#6892);
#6891 = CARTESIAN_POINT('',(-13.35,2.,-7.5));
#6892 = VECTOR('',#6893,1.);
#6893 = DIRECTION('',(1.,0.,-0.));
#6894 = PCURVE('',#6519,#6895);
#6895 = DEFINITIONAL_REPRESENTATION('',(#6896),#6899);
#6896 = B_SPLINE_CURVE_WITH_KNOTS('',1,(#6897,#6898),.UNSPECIFIED.,.F.,
  .F.,(2,2),(-14.85,-13.35),.PIECEWISE_BEZIER_KNOTS.);
#6897 = CARTESIAN_POINT('',(-28.2,2.));
#6898 = CARTESIAN_POINT('',(-26.7,2.));
#6899 = ( GEOMETRIC_REPRESENTATION_CONTEXT(2) 
PARAMETRIC_REPRESENTATION_CONTEXT() REPRESENTATION_CONTEXT('2D SPACE',''
  ) );
#6900 = PCURVE('',#6901,#6906);
#6901 = PLANE('',#6902);
#6902 = AXIS2_PLACEMENT_3D('',#6903,#6904,#6905);
#6903 = CARTESIAN_POINT('',(-26.7,2.,-8.5));
#6904 = DIRECTION('',(0.,-1.,0.));
#6905 = DIRECTION('',(-1.,0.,0.));
#6906 = DEFINITIONAL_REPRESENTATION('',(#6907),#6910);
#6907 = B_SPLINE_CURVE_WITH_KNOTS('',1,(#6908,#6909),.UNSPECIFIED.,.F.,
  .F.,(2,2),(-14.85,-13.35),.PIECEWISE_BEZIER_KNOTS.);
#6908 = CARTESIAN_POINT('',(1.5,-1.));
#6909 = CARTESIAN_POINT('',(0.,-1.));
#6910 = ( GEOMETRIC_REPRESENTATION_CONTEXT(2) 
PARAMETRIC_REPRESENTATION_CONTEXT() REPRESENTATION_CONTEXT('2D SPACE',''
  ) );
#6911 = ORIENTED_EDGE('',*,*,#6912,.T.);
#6912 = EDGE_CURVE('',#6887,#6913,#6915,.T.);
#6913 = VERTEX_POINT('',#6914);
#6914 = CARTESIAN_POINT('',(-26.7,-2.,-7.5));
#6915 = SURFACE_CURVE('',#6916,(#6920,#6926),.PCURVE_S1.);
#6916 = LINE('',#6917,#6918);
#6917 = CARTESIAN_POINT('',(-26.7,-1.,-7.5));
#6918 = VECTOR('',#6919,1.);
#6919 = DIRECTION('',(0.,-1.,0.));
#6920 = PCURVE('',#6519,#6921);
#6921 = DEFINITIONAL_REPRESENTATION('',(#6922),#6925);
#6922 = B_SPLINE_CURVE_WITH_KNOTS('',1,(#6923,#6924),.UNSPECIFIED.,.F.,
  .F.,(2,2),(-3.,1.),.PIECEWISE_BEZIER_KNOTS.);
#6923 = CARTESIAN_POINT('',(-26.7,2.));
#6924 = CARTESIAN_POINT('',(-26.7,-2.));
#6925 = ( GEOMETRIC_REPRESENTATION_CONTEXT(2) 
PARAMETRIC_REPRESENTATION_CONTEXT() REPRESENTATION_CONTEXT('2D SPACE',''
  ) );
#6926 = PCURVE('',#6927,#6932);
#6927 = PLANE('',#6928);
#6928 = AXIS2_PLACEMENT_3D('',#6929,#6930,#6931);
#6929 = CARTESIAN_POINT('',(-26.7,-2.,-8.5));
#6930 = DIRECTION('',(-1.,0.,0.));
#6931 = DIRECTION('',(0.,1.,0.));
#6932 = DEFINITIONAL_REPRESENTATION('',(#6933),#6936);
#6933 = B_SPLINE_CURVE_WITH_KNOTS('',1,(#6934,#6935),.UNSPECIFIED.,.F.,
  .F.,(2,2),(-3.,1.),.PIECEWISE_BEZIER_KNOTS.);
#6934 = CARTESIAN_POINT('',(4.,-1.));
#6935 = CARTESIAN_POINT('',(0.,-1.));
#6936 = ( GEOMETRIC_REPRESENTATION_CONTEXT(2) 
PARAMETRIC_REPRESENTATION_CONTEXT() REPRESENTATION_CONTEXT('2D SPACE',''
  ) );
#6937 = ORIENTED_EDGE('',*,*,#6938,.T.);
#6938 = EDGE_CURVE('',#6913,#6939,#6941,.T.);
#6939 = VERTEX_POINT('',#6940);
#6940 = CARTESIAN_POINT('',(-28.12898860606,-2.,-7.5));
#6941 = SURFACE_CURVE('',#6942,(#6946,#6952),.PCURVE_S1.);
#6942 = LINE('',#6943,#6944);
#6943 = CARTESIAN_POINT('',(-14.15,-2.,-7.5));
#6944 = VECTOR('',#6945,1.);
#6945 = DIRECTION('',(-1.,0.,0.));
#6946 = PCURVE('',#6519,#6947);
#6947 = DEFINITIONAL_REPRESENTATION('',(#6948),#6951);
#6948 = B_SPLINE_CURVE_WITH_KNOTS('',1,(#6949,#6950),.UNSPECIFIED.,.F.,
  .F.,(2,2),(12.55,14.05),.PIECEWISE_BEZIER_KNOTS.);
#6949 = CARTESIAN_POINT('',(-26.7,-2.));
#6950 = CARTESIAN_POINT('',(-28.2,-2.));
#6951 = ( GEOMETRIC_REPRESENTATION_CONTEXT(2) 
PARAMETRIC_REPRESENTATION_CONTEXT() REPRESENTATION_CONTEXT('2D SPACE',''
  ) );
#6952 = PCURVE('',#6953,#6958);
#6953 = PLANE('',#6954);
#6954 = AXIS2_PLACEMENT_3D('',#6955,#6956,#6957);
#6955 = CARTESIAN_POINT('',(-28.3,-2.,-8.5));
#6956 = DIRECTION('',(0.,1.,0.));
#6957 = DIRECTION('',(1.,0.,0.));
#6958 = DEFINITIONAL_REPRESENTATION('',(#6959),#6962);
#6959 = B_SPLINE_CURVE_WITH_KNOTS('',1,(#6960,#6961),.UNSPECIFIED.,.F.,
  .F.,(2,2),(12.55,14.05),.PIECEWISE_BEZIER_KNOTS.);
#6960 = CARTESIAN_POINT('',(1.6,-1.));
#6961 = CARTESIAN_POINT('',(0.1,-1.));
#6962 = ( GEOMETRIC_REPRESENTATION_CONTEXT(2) 
PARAMETRIC_REPRESENTATION_CONTEXT() REPRESENTATION_CONTEXT('2D SPACE',''
  ) );
#6963 = ORIENTED_EDGE('',*,*,#6964,.T.);
#6964 = EDGE_CURVE('',#6939,#6965,#6967,.T.);
#6965 = VERTEX_POINT('',#6966);
#6966 = CARTESIAN_POINT('',(14.1,-24.42191638672,-7.5));
#6967 = SURFACE_CURVE('',#6968,(#6973,#6980),.PCURVE_S1.);
#6968 = CIRCLE('',#6969,28.2);
#6969 = AXIS2_PLACEMENT_3D('',#6970,#6971,#6972);
#6970 = CARTESIAN_POINT('',(0.,0.,-7.5));
#6971 = DIRECTION('',(0.,0.,1.));
#6972 = DIRECTION('',(1.,0.,0.));
#6973 = PCURVE('',#6519,#6974);
#6974 = DEFINITIONAL_REPRESENTATION('',(#6975),#6979);
#6975 = CIRCLE('',#6976,28.2);
#6976 = AXIS2_PLACEMENT_2D('',#6977,#6978);
#6977 = CARTESIAN_POINT('',(7.758525574692E-16,-1.952242238678E-15));
#6978 = DIRECTION('',(1.,0.));
#6979 = ( GEOMETRIC_REPRESENTATION_CONTEXT(2) 
PARAMETRIC_REPRESENTATION_CONTEXT() REPRESENTATION_CONTEXT('2D SPACE',''
  ) );
#6980 = PCURVE('',#6981,#6986);
#6981 = CYLINDRICAL_SURFACE('',#6982,28.2);
#6982 = AXIS2_PLACEMENT_3D('',#6983,#6984,#6985);
#6983 = CARTESIAN_POINT('',(0.,0.,-7.5));
#6984 = DIRECTION('',(-0.,-0.,-1.));
#6985 = DIRECTION('',(1.,0.,0.));
#6986 = DEFINITIONAL_REPRESENTATION('',(#6987),#6991);
#6987 = LINE('',#6988,#6989);
#6988 = CARTESIAN_POINT('',(-0.,0.));
#6989 = VECTOR('',#6990,1.);
#6990 = DIRECTION('',(-1.,0.));
#6991 = ( GEOMETRIC_REPRESENTATION_CONTEXT(2) 
PARAMETRIC_REPRESENTATION_CONTEXT() REPRESENTATION_CONTEXT('2D SPACE',''
  ) );
#6992 = ORIENTED_EDGE('',*,*,#6993,.T.);
#6993 = EDGE_CURVE('',#6965,#6994,#6996,.T.);
#6994 = VERTEX_POINT('',#6995);
#6995 = CARTESIAN_POINT('',(27.464158461529,-6.4,-7.5));
#6996 = SURFACE_CURVE('',#6997,(#7002,#7009),.PCURVE_S1.);
#6997 = CIRCLE('',#6998,28.2);
#6998 = AXIS2_PLACEMENT_3D('',#6999,#7000,#7001);
#6999 = CARTESIAN_POINT('',(0.,0.,-7.5));
#7000 = DIRECTION('',(0.,0.,1.));
#7001 = DIRECTION('',(1.,0.,0.));
#7002 = PCURVE('',#6519,#7003);
#7003 = DEFINITIONAL_REPRESENTATION('',(#7004),#7008);
#7004 = CIRCLE('',#7005,28.2);
#7005 = AXIS2_PLACEMENT_2D('',#7006,#7007);
#7006 = CARTESIAN_POINT('',(7.758525574692E-16,-1.952242238678E-15));
#7007 = DIRECTION('',(1.,0.));
#7008 = ( GEOMETRIC_REPRESENTATION_CONTEXT(2) 
PARAMETRIC_REPRESENTATION_CONTEXT() REPRESENTATION_CONTEXT('2D SPACE',''
  ) );
#7009 = PCURVE('',#7010,#7015);
#7010 = CYLINDRICAL_SURFACE('',#7011,28.2);
#7011 = AXIS2_PLACEMENT_3D('',#7012,#7013,#7014);
#7012 = CARTESIAN_POINT('',(0.,0.,-7.5));
#7013 = DIRECTION('',(-0.,-0.,-1.));
#7014 = DIRECTION('',(1.,0.,0.));
#7015 = DEFINITIONAL_REPRESENTATION('',(#7016),#7020);
#7016 = LINE('',#7017,#7018);
#7017 = CARTESIAN_POINT('',(-0.,0.));
#7018 = VECTOR('',#7019,1.);
#7019 = DIRECTION('',(-1.,0.));
#7020 = ( GEOMETRIC_REPRESENTATION_CONTEXT(2) 
PARAMETRIC_REPRESENTATION_CONTEXT() REPRESENTATION_CONTEXT('2D SPACE',''
  ) );
#7021 = ORIENTED_EDGE('',*,*,#7022,.T.);
#7022 = EDGE_CURVE('',#6994,#6810,#7023,.T.);
#7023 = SURFACE_CURVE('',#7024,(#7028,#7034),.PCURVE_S1.);
#7024 = LINE('',#7025,#7026);
#7025 = CARTESIAN_POINT('',(12.9,-6.4,-7.5));
#7026 = VECTOR('',#7027,1.);
#7027 = DIRECTION('',(-1.,0.,0.));
#7028 = PCURVE('',#6519,#7029);
#7029 = DEFINITIONAL_REPRESENTATION('',(#7030),#7033);
#7030 = B_SPLINE_CURVE_WITH_KNOTS('',1,(#7031,#7032),.UNSPECIFIED.,.F.,
  .F.,(2,2),(-15.3,-12.9),.PIECEWISE_BEZIER_KNOTS.);
#7031 = CARTESIAN_POINT('',(28.2,-6.4));
#7032 = CARTESIAN_POINT('',(25.8,-6.4));
#7033 = ( GEOMETRIC_REPRESENTATION_CONTEXT(2) 
PARAMETRIC_REPRESENTATION_CONTEXT() REPRESENTATION_CONTEXT('2D SPACE',''
  ) );
#7034 = PCURVE('',#7035,#7040);
#7035 = PLANE('',#7036);
#7036 = AXIS2_PLACEMENT_3D('',#7037,#7038,#7039);
#7037 = CARTESIAN_POINT('',(25.8,-6.4,-8.5));
#7038 = DIRECTION('',(0.,1.,0.));
#7039 = DIRECTION('',(1.,0.,0.));
#7040 = DEFINITIONAL_REPRESENTATION('',(#7041),#7044);
#7041 = B_SPLINE_CURVE_WITH_KNOTS('',1,(#7042,#7043),.UNSPECIFIED.,.F.,
  .F.,(2,2),(-15.3,-12.9),.PIECEWISE_BEZIER_KNOTS.);
#7042 = CARTESIAN_POINT('',(2.4,-1.));
#7043 = CARTESIAN_POINT('',(0.,-1.));
#7044 = ( GEOMETRIC_REPRESENTATION_CONTEXT(2) 
PARAMETRIC_REPRESENTATION_CONTEXT() REPRESENTATION_CONTEXT('2D SPACE',''
  ) );
#7045 = FACE_BOUND('',#7046,.F.);
#7046 = EDGE_LOOP('',(#7047,#7075,#7101,#7127));
#7047 = ORIENTED_EDGE('',*,*,#7048,.T.);
#7048 = EDGE_CURVE('',#7049,#7051,#7053,.T.);
#7049 = VERTEX_POINT('',#7050);
#7050 = CARTESIAN_POINT('',(23.,3.5,-7.5));
#7051 = VERTEX_POINT('',#7052);
#7052 = CARTESIAN_POINT('',(23.,-3.5,-7.5));
#7053 = SURFACE_CURVE('',#7054,(#7058,#7064),.PCURVE_S1.);
#7054 = LINE('',#7055,#7056);
#7055 = CARTESIAN_POINT('',(23.,-1.75,-7.5));
#7056 = VECTOR('',#7057,1.);
#7057 = DIRECTION('',(0.,-1.,0.));
#7058 = PCURVE('',#6519,#7059);
#7059 = DEFINITIONAL_REPRESENTATION('',(#7060),#7063);
#7060 = B_SPLINE_CURVE_WITH_KNOTS('',1,(#7061,#7062),.UNSPECIFIED.,.F.,
  .F.,(2,2),(-5.25,1.75),.PIECEWISE_BEZIER_KNOTS.);
#7061 = CARTESIAN_POINT('',(23.,3.5));
#7062 = CARTESIAN_POINT('',(23.,-3.5));
#7063 = ( GEOMETRIC_REPRESENTATION_CONTEXT(2) 
PARAMETRIC_REPRESENTATION_CONTEXT() REPRESENTATION_CONTEXT('2D SPACE',''
  ) );
#7064 = PCURVE('',#7065,#7070);
#7065 = PLANE('',#7066);
#7066 = AXIS2_PLACEMENT_3D('',#7067,#7068,#7069);
#7067 = CARTESIAN_POINT('',(23.,-3.5,-8.5));
#7068 = DIRECTION('',(-1.,0.,0.));
#7069 = DIRECTION('',(0.,1.,0.));
#7070 = DEFINITIONAL_REPRESENTATION('',(#7071),#7074);
#7071 = B_SPLINE_CURVE_WITH_KNOTS('',1,(#7072,#7073),.UNSPECIFIED.,.F.,
  .F.,(2,2),(-5.25,1.75),.PIECEWISE_BEZIER_KNOTS.);
#7072 = CARTESIAN_POINT('',(7.,-1.));
#7073 = CARTESIAN_POINT('',(0.,-1.));
#7074 = ( GEOMETRIC_REPRESENTATION_CONTEXT(2) 
PARAMETRIC_REPRESENTATION_CONTEXT() REPRESENTATION_CONTEXT('2D SPACE',''
  ) );
#7075 = ORIENTED_EDGE('',*,*,#7076,.T.);
#7076 = EDGE_CURVE('',#7051,#7077,#7079,.T.);
#7077 = VERTEX_POINT('',#7078);
#7078 = CARTESIAN_POINT('',(18.,-3.5,-7.5));
#7079 = SURFACE_CURVE('',#7080,(#7084,#7090),.PCURVE_S1.);
#7080 = LINE('',#7081,#7082);
#7081 = CARTESIAN_POINT('',(9.,-3.5,-7.5));
#7082 = VECTOR('',#7083,1.);
#7083 = DIRECTION('',(-1.,0.,0.));
#7084 = PCURVE('',#6519,#7085);
#7085 = DEFINITIONAL_REPRESENTATION('',(#7086),#7089);
#7086 = B_SPLINE_CURVE_WITH_KNOTS('',1,(#7087,#7088),.UNSPECIFIED.,.F.,
  .F.,(2,2),(-14.,-9.),.PIECEWISE_BEZIER_KNOTS.);
#7087 = CARTESIAN_POINT('',(23.,-3.5));
#7088 = CARTESIAN_POINT('',(18.,-3.5));
#7089 = ( GEOMETRIC_REPRESENTATION_CONTEXT(2) 
PARAMETRIC_REPRESENTATION_CONTEXT() REPRESENTATION_CONTEXT('2D SPACE',''
  ) );
#7090 = PCURVE('',#7091,#7096);
#7091 = PLANE('',#7092);
#7092 = AXIS2_PLACEMENT_3D('',#7093,#7094,#7095);
#7093 = CARTESIAN_POINT('',(18.,-3.5,-8.5));
#7094 = DIRECTION('',(0.,1.,0.));
#7095 = DIRECTION('',(1.,0.,0.));
#7096 = DEFINITIONAL_REPRESENTATION('',(#7097),#7100);
#7097 = B_SPLINE_CURVE_WITH_KNOTS('',1,(#7098,#7099),.UNSPECIFIED.,.F.,
  .F.,(2,2),(-14.,-9.),.PIECEWISE_BEZIER_KNOTS.);
#7098 = CARTESIAN_POINT('',(5.,-1.));
#7099 = CARTESIAN_POINT('',(0.,-1.));
#7100 = ( GEOMETRIC_REPRESENTATION_CONTEXT(2) 
PARAMETRIC_REPRESENTATION_CONTEXT() REPRESENTATION_CONTEXT('2D SPACE',''
  ) );
#7101 = ORIENTED_EDGE('',*,*,#7102,.T.);
#7102 = EDGE_CURVE('',#7077,#7103,#7105,.T.);
#7103 = VERTEX_POINT('',#7104);
#7104 = CARTESIAN_POINT('',(18.,3.5,-7.5));
#7105 = SURFACE_CURVE('',#7106,(#7110,#7116),.PCURVE_S1.);
#7106 = LINE('',#7107,#7108);
#7107 = CARTESIAN_POINT('',(18.,1.75,-7.5));
#7108 = VECTOR('',#7109,1.);
#7109 = DIRECTION('',(-0.,1.,0.));
#7110 = PCURVE('',#6519,#7111);
#7111 = DEFINITIONAL_REPRESENTATION('',(#7112),#7115);
#7112 = B_SPLINE_CURVE_WITH_KNOTS('',1,(#7113,#7114),.UNSPECIFIED.,.F.,
  .F.,(2,2),(-5.25,1.75),.PIECEWISE_BEZIER_KNOTS.);
#7113 = CARTESIAN_POINT('',(18.,-3.5));
#7114 = CARTESIAN_POINT('',(18.,3.5));
#7115 = ( GEOMETRIC_REPRESENTATION_CONTEXT(2) 
PARAMETRIC_REPRESENTATION_CONTEXT() REPRESENTATION_CONTEXT('2D SPACE',''
  ) );
#7116 = PCURVE('',#7117,#7122);
#7117 = PLANE('',#7118);
#7118 = AXIS2_PLACEMENT_3D('',#7119,#7120,#7121);
#7119 = CARTESIAN_POINT('',(18.,3.5,-8.5));
#7120 = DIRECTION('',(1.,0.,-0.));
#7121 = DIRECTION('',(0.,-1.,0.));
#7122 = DEFINITIONAL_REPRESENTATION('',(#7123),#7126);
#7123 = B_SPLINE_CURVE_WITH_KNOTS('',1,(#7124,#7125),.UNSPECIFIED.,.F.,
  .F.,(2,2),(-5.25,1.75),.PIECEWISE_BEZIER_KNOTS.);
#7124 = CARTESIAN_POINT('',(7.,-1.));
#7125 = CARTESIAN_POINT('',(0.,-1.));
#7126 = ( GEOMETRIC_REPRESENTATION_CONTEXT(2) 
PARAMETRIC_REPRESENTATION_CONTEXT() REPRESENTATION_CONTEXT('2D SPACE',''
  ) );
#7127 = ORIENTED_EDGE('',*,*,#7128,.T.);
#7128 = EDGE_CURVE('',#7103,#7049,#7129,.T.);
#7129 = SURFACE_CURVE('',#7130,(#7134,#7140),.PCURVE_S1.);
#7130 = LINE('',#7131,#7132);
#7131 = CARTESIAN_POINT('',(11.5,3.5,-7.5));
#7132 = VECTOR('',#7133,1.);
#7133 = DIRECTION('',(1.,0.,-0.));
#7134 = PCURVE('',#6519,#7135);
#7135 = DEFINITIONAL_REPRESENTATION('',(#7136),#7139);
#7136 = B_SPLINE_CURVE_WITH_KNOTS('',1,(#7137,#7138),.UNSPECIFIED.,.F.,
  .F.,(2,2),(6.5,11.5),.PIECEWISE_BEZIER_KNOTS.);
#7137 = CARTESIAN_POINT('',(18.,3.5));
#7138 = CARTESIAN_POINT('',(23.,3.5));
#7139 = ( GEOMETRIC_REPRESENTATION_CONTEXT(2) 
PARAMETRIC_REPRESENTATION_CONTEXT() REPRESENTATION_CONTEXT('2D SPACE',''
  ) );
#7140 = PCURVE('',#7141,#7146);
#7141 = PLANE('',#7142);
#7142 = AXIS2_PLACEMENT_3D('',#7143,#7144,#7145);
#7143 = CARTESIAN_POINT('',(23.,3.5,-8.5));
#7144 = DIRECTION('',(0.,-1.,0.));
#7145 = DIRECTION('',(-1.,0.,0.));
#7146 = DEFINITIONAL_REPRESENTATION('',(#7147),#7150);
#7147 = B_SPLINE_CURVE_WITH_KNOTS('',1,(#7148,#7149),.UNSPECIFIED.,.F.,
  .F.,(2,2),(6.5,11.5),.PIECEWISE_BEZIER_KNOTS.);
#7148 = CARTESIAN_POINT('',(5.,-1.));
#7149 = CARTESIAN_POINT('',(0.,-1.));
#7150 = ( GEOMETRIC_REPRESENTATION_CONTEXT(2) 
PARAMETRIC_REPRESENTATION_CONTEXT() REPRESENTATION_CONTEXT('2D SPACE',''
  ) );
#7151 = FACE_BOUND('',#7152,.F.);
#7152 = EDGE_LOOP('',(#7153));
#7153 = ORIENTED_EDGE('',*,*,#7154,.T.);
#7154 = EDGE_CURVE('',#7155,#7155,#7157,.T.);
#7155 = VERTEX_POINT('',#7156);
#7156 = CARTESIAN_POINT('',(1.5,21.5,-7.5));
#7157 = SURFACE_CURVE('',#7158,(#7163,#7174),.PCURVE_S1.);
#7158 = CIRCLE('',#7159,1.5);
#7159 = AXIS2_PLACEMENT_3D('',#7160,#7161,#7162);
#7160 = CARTESIAN_POINT('',(0.,21.5,-7.5));
#7161 = DIRECTION('',(0.,0.,-1.));
#7162 = DIRECTION('',(1.,0.,0.));
#7163 = PCURVE('',#6519,#7164);
#7164 = DEFINITIONAL_REPRESENTATION('',(#7165),#7173);
#7165 = ( BOUNDED_CURVE() B_SPLINE_CURVE(2,(#7166,#7167,#7168,#7169,
#7170,#7171,#7172),.UNSPECIFIED.,.T.,.F.) B_SPLINE_CURVE_WITH_KNOTS((1,2
    ,2,2,2,1),(-2.094395102393,0.,2.094395102393,4.188790204786,
6.28318530718,8.377580409573),.UNSPECIFIED.) CURVE() 
GEOMETRIC_REPRESENTATION_ITEM() RATIONAL_B_SPLINE_CURVE((1.,0.5,1.,0.5,
1.,0.5,1.)) REPRESENTATION_ITEM('') );
#7166 = CARTESIAN_POINT('',(1.5,21.5));
#7167 = CARTESIAN_POINT('',(1.5,18.901923788647));
#7168 = CARTESIAN_POINT('',(-0.75,20.200961894323));
#7169 = CARTESIAN_POINT('',(-3.,21.5));
#7170 = CARTESIAN_POINT('',(-0.75,22.799038105677));
#7171 = CARTESIAN_POINT('',(1.5,24.098076211353));
#7172 = CARTESIAN_POINT('',(1.5,21.5));
#7173 = ( GEOMETRIC_REPRESENTATION_CONTEXT(2) 
PARAMETRIC_REPRESENTATION_CONTEXT() REPRESENTATION_CONTEXT('2D SPACE',''
  ) );
#7174 = PCURVE('',#7175,#7180);
#7175 = CYLINDRICAL_SURFACE('',#7176,1.5);
#7176 = AXIS2_PLACEMENT_3D('',#7177,#7178,#7179);
#7177 = CARTESIAN_POINT('',(0.,21.5,-8.5));
#7178 = DIRECTION('',(-0.,-0.,-1.));
#7179 = DIRECTION('',(1.,0.,0.));
#7180 = DEFINITIONAL_REPRESENTATION('',(#7181),#7185);
#7181 = LINE('',#7182,#7183);
#7182 = CARTESIAN_POINT('',(-6.28318530718,-1.));
#7183 = VECTOR('',#7184,1.);
#7184 = DIRECTION('',(1.,-0.));
#7185 = ( GEOMETRIC_REPRESENTATION_CONTEXT(2) 
PARAMETRIC_REPRESENTATION_CONTEXT() REPRESENTATION_CONTEXT('2D SPACE',''
  ) );
#7186 = ADVANCED_FACE('',(#7187),#6767,.T.);
#7187 = FACE_BOUND('',#7188,.T.);
#7188 = EDGE_LOOP('',(#7189,#7190));
#7189 = ORIENTED_EDGE('',*,*,#6586,.F.);
#7190 = ORIENTED_EDGE('',*,*,#7191,.F.);
#7191 = EDGE_CURVE('',#6558,#6498,#7192,.T.);
#7192 = SURFACE_CURVE('',#7193,(#7328,#7346),.PCURVE_S1.);
#7193 = B_SPLINE_CURVE_WITH_KNOTS('',4,(#7194,#7195,#7196,#7197,#7198,
    #7199,#7200,#7201,#7202,#7203,#7204,#7205,#7206,#7207,#7208,#7209,
    #7210,#7211,#7212,#7213,#7214,#7215,#7216,#7217,#7218,#7219,#7220,
    #7221,#7222,#7223,#7224,#7225,#7226,#7227,#7228,#7229,#7230,#7231,
    #7232,#7233,#7234,#7235,#7236,#7237,#7238,#7239,#7240,#7241,#7242,
    #7243,#7244,#7245,#7246,#7247,#7248,#7249,#7250,#7251,#7252,#7253,
    #7254,#7255,#7256,#7257,#7258,#7259,#7260,#7261,#7262,#7263,#7264,
    #7265,#7266,#7267,#7268,#7269,#7270,#7271,#7272,#7273,#7274,#7275,
    #7276,#7277,#7278,#7279,#7280,#7281,#7282,#7283,#7284,#7285,#7286,
    #7287,#7288,#7289,#7290,#7291,#7292,#7293,#7294,#7295,#7296,#7297,
    #7298,#7299,#7300,#7301,#7302,#7303,#7304,#7305,#7306,#7307,#7308,
    #7309,#7310,#7311,#7312,#7313,#7314,#7315,#7316,#7317,#7318,#7319,
    #7320,#7321,#7322,#7323,#7324,#7325,#7326,#7327),.UNSPECIFIED.,.F.,
  .F.,(5,3,3,3,3,3,3,3,3,3,3,3,3,3,3,3,3,3,3,3,3,3,3,3,3,3,3,3,3,3,3,3,3
    ,3,3,3,3,3,3,3,3,3,3,3,5),(0.,1.824286816018E-02,3.220241256867E-02,
    4.622444613246E-02,6.033749801036E-02,7.457176540337E-02,
    8.796183127384E-02,0.102524866069,0.117313972894,0.131849311786,
    0.146682846171,0.162417812005,0.178601272202,0.195319939116,
    0.212682264828,0.228909325347,0.245896438082,0.265956562772,
    0.287526717221,0.311140210937,0.337704754091,0.365470735281,
    0.489853551494,0.642783266869,0.671170526413,0.696655067815,
    0.719541015137,0.740583365942,0.75892362582,0.777569958057,
    0.794739708685,0.811817365211,0.828300502724,0.843743519017,
    0.85932692505,0.87455720351,0.889490109328,0.904173576503,
    0.916663792344,0.930991059328,0.945177594106,0.959254925965,
    0.973252536224,0.987198463611,1.),.UNSPECIFIED.);
#7194 = CARTESIAN_POINT('',(14.1,24.421916386721,-6.9));
#7195 = CARTESIAN_POINT('',(14.09627702389,24.424065847969,
    -6.900000000951));
#7196 = CARTESIAN_POINT('',(14.092553723276,24.426214487648,
    -6.900082134377));
#7197 = CARTESIAN_POINT('',(14.088831959023,24.42836123136,
    -6.900246403076));
#7198 = CARTESIAN_POINT('',(14.082268751037,24.432145170018,
    -6.900681113874));
#7199 = CARTESIAN_POINT('',(14.07942577347,24.433783665931,
    -6.900917571698));
#7200 = CARTESIAN_POINT('',(14.076585841385,24.435419819608,
    -6.901201982494));
#7201 = CARTESIAN_POINT('',(14.070901195564,24.438693712046,
    -6.901867984244));
#7202 = CARTESIAN_POINT('',(14.068056517241,24.440331425165,
    -6.902250004532));
#7203 = CARTESIAN_POINT('',(14.065216754584,24.441965721598,
    -6.902680192566));
#7204 = CARTESIAN_POINT('',(14.059530504285,24.445237017209,
    -6.903639698692));
#7205 = CARTESIAN_POINT('',(14.056684092549,24.446873965121,
    -6.904169642136));
#7206 = CARTESIAN_POINT('',(14.053844529379,24.448506388149,
    -6.904748066158));
#7207 = CARTESIAN_POINT('',(14.048156641273,24.451775105984,
    -6.906006847146));
#7208 = CARTESIAN_POINT('',(14.04530845046,24.453411313675,
    -6.906688036954));
#7209 = CARTESIAN_POINT('',(14.042469129538,24.455041839883,
    -6.907418123969));
#7210 = CARTESIAN_POINT('',(14.036977933896,24.458194125949,
    -6.908929388719));
#7211 = CARTESIAN_POINT('',(14.034324929132,24.459716601314,
    -6.909704968392));
#7212 = CARTESIAN_POINT('',(14.031681400508,24.461233131004,
    -6.910523371386));
#7213 = CARTESIAN_POINT('',(14.0261841829,24.464385709989,
    -6.912320737043));
#7214 = CARTESIAN_POINT('',(14.023332369563,24.466020591778,
    -6.913307484534));
#7215 = CARTESIAN_POINT('',(14.020493693554,24.467647356976,
    -6.914344259286));
#7216 = CARTESIAN_POINT('',(14.014800752006,24.470908663338,
    -6.916533970197));
#7217 = CARTESIAN_POINT('',(14.011946928428,24.472542933246,
    -6.917688459806));
#7218 = CARTESIAN_POINT('',(14.009108714253,24.474167679426,
    -6.918893753778));
#7219 = CARTESIAN_POINT('',(14.003513965282,24.477369279255,
    -6.921383500719));
#7220 = CARTESIAN_POINT('',(14.000756864504,24.478946476369,
    -6.922666240555));
#7221 = CARTESIAN_POINT('',(13.998016800134,24.48051338298,
    -6.923997190536));
#7222 = CARTESIAN_POINT('',(13.992516807199,24.483657480835,
    -6.926782835969));
#7223 = CARTESIAN_POINT('',(13.98975762423,24.485234223657,
    -6.928239509977));
#7224 = CARTESIAN_POINT('',(13.987018190078,24.486799136516,
    -6.929745383824));
#7225 = CARTESIAN_POINT('',(13.981415589895,24.489998553119,
    -6.932948872743));
#7226 = CARTESIAN_POINT('',(13.978555021217,24.491631506779,
    -6.934652578822));
#7227 = CARTESIAN_POINT('',(13.975718975906,24.493249877767,
    -6.936410340916));
#7228 = CARTESIAN_POINT('',(13.97001813879,24.496501878338,
    -6.940084122509));
#7229 = CARTESIAN_POINT('',(13.967154831532,24.498134628114,
    -6.942003224879));
#7230 = CARTESIAN_POINT('',(13.964319944606,24.499750588716,
    -6.943977925281));
#7231 = CARTESIAN_POINT('',(13.958616680374,24.503000459044,
    -6.948103888181));
#7232 = CARTESIAN_POINT('',(13.95575029585,24.504633195075,
    -6.95025883019));
#7233 = CARTESIAN_POINT('',(13.952916891485,24.506246562723,
    -6.952471210547));
#7234 = CARTESIAN_POINT('',(13.947210880892,24.509494483398,
    -6.95709610713));
#7235 = CARTESIAN_POINT('',(13.944340964889,24.511127460812,
    -6.959513049432));
#7236 = CARTESIAN_POINT('',(13.941509477843,24.512737990526,
    -6.961989643553));
#7237 = CARTESIAN_POINT('',(13.936108700316,24.515808844526,
    -6.96689386559));
#7238 = CARTESIAN_POINT('',(13.933534371296,24.517272104641,
    -6.969314106912));
#7239 = CARTESIAN_POINT('',(13.930995976835,24.518714472197,
    -6.971784329095));
#7240 = CARTESIAN_POINT('',(13.925876090771,24.521622788339,
    -6.976940543471));
#7241 = CARTESIAN_POINT('',(13.923298149248,24.52308667717,
    -6.979631222889));
#7242 = CARTESIAN_POINT('',(13.920762047852,24.524526340464,
    -6.982374226391));
#7243 = CARTESIAN_POINT('',(13.915324922085,24.52761186442,
    -6.988467669688));
#7244 = CARTESIAN_POINT('',(13.91244087767,24.52924791283,
    -6.991838229811));
#7245 = CARTESIAN_POINT('',(13.909618827189,24.530848214742,
    -6.99527772212));
#7246 = CARTESIAN_POINT('',(13.903894792889,24.534093038281,
    -7.002553849223));
#7247 = CARTESIAN_POINT('',(13.901002782323,24.535731820906,
    -7.006400890207));
#7248 = CARTESIAN_POINT('',(13.898186892675,24.537326891782,
    -7.010322060052));
#7249 = CARTESIAN_POINT('',(13.892452271972,24.54057419322,
    -7.018684727279));
#7250 = CARTESIAN_POINT('',(13.889549067182,24.542217525052,
    -7.023140328587));
#7251 = CARTESIAN_POINT('',(13.886742426642,24.543805622855,
    -7.027677093518));
#7252 = CARTESIAN_POINT('',(13.880988948845,24.547060069347,
    -7.03748106786));
#7253 = CARTESIAN_POINT('',(13.878068424517,24.548711394466,
    -7.042768708557));
#7254 = CARTESIAN_POINT('',(13.875276892727,24.550289213786,
    -7.048147678748));
#7255 = CARTESIAN_POINT('',(13.869837815553,24.553362481821,
    -7.059322700162));
#7256 = CARTESIAN_POINT('',(13.867202491001,24.554850978323,
    -7.065126614697));
#7257 = CARTESIAN_POINT('',(13.864715103688,24.55625546153,
    -7.071016123809));
#7258 = CARTESIAN_POINT('',(13.851912180705,24.56348251759,
    -7.103716291926));
#7259 = CARTESIAN_POINT('',(13.844474176071,24.567673236175,
    -7.132017268478));
#7260 = CARTESIAN_POINT('',(13.840339066631,24.570002348065,
    -7.161194202437));
#7261 = CARTESIAN_POINT('',(13.838534205639,24.571018952098,
    -7.226510767221));
#7262 = CARTESIAN_POINT('',(13.842565823525,24.568748219652,
    -7.262707261533));
#7263 = CARTESIAN_POINT('',(13.851656873484,24.563628521528,
    -7.29768019994));
#7264 = CARTESIAN_POINT('',(13.867793098228,24.554517364464,
    -7.336167768661));
#7265 = CARTESIAN_POINT('',(13.870475173569,24.553002500652,
    -7.34210720829));
#7266 = CARTESIAN_POINT('',(13.87330960664,24.551401025149,
    -7.347952423799));
#7267 = CARTESIAN_POINT('',(13.878970151211,24.548201502414,
    -7.35885188728));
#7268 = CARTESIAN_POINT('',(13.881767478121,24.546619849035,
    -7.363925899967));
#7269 = CARTESIAN_POINT('',(13.884681453508,24.544971644591,
    -7.36891232529));
#7270 = CARTESIAN_POINT('',(13.890427444012,24.541720297896,
    -7.378200552364));
#7271 = CARTESIAN_POINT('',(13.893237519497,24.540129697406,
    -7.382520318931));
#7272 = CARTESIAN_POINT('',(13.896136642567,24.538488099002,
    -7.386761445723));
#7273 = CARTESIAN_POINT('',(13.901867261288,24.535241930798,
    -7.394744227691));
#7274 = CARTESIAN_POINT('',(13.90468539213,24.533645030618,
    -7.398498597216));
#7275 = CARTESIAN_POINT('',(13.907574568796,24.53200727982,
    -7.402180671653));
#7276 = CARTESIAN_POINT('',(13.913110799074,24.528867822981,
    -7.408931773253));
#7277 = CARTESIAN_POINT('',(13.915741302998,24.527375652948,
    -7.412018807309));
#7278 = CARTESIAN_POINT('',(13.918422674054,24.525854116134,
    -7.415047185802));
#7279 = CARTESIAN_POINT('',(13.923929662106,24.522728089592,
    -7.421032879929));
#7280 = CARTESIAN_POINT('',(13.926756939851,24.521122639129,
    -7.423988166488));
#7281 = CARTESIAN_POINT('',(13.929633607673,24.519488552364,
    -7.426879400097));
#7282 = CARTESIAN_POINT('',(13.935250761721,24.516296535175,
    -7.432306775923));
#7283 = CARTESIAN_POINT('',(13.937983993013,24.514742821062,
    -7.434852907065));
#7284 = CARTESIAN_POINT('',(13.940756345953,24.513166318425,
    -7.437342096318));
#7285 = CARTESIAN_POINT('',(13.946361467069,24.509977808436,
    -7.442191193535));
#7286 = CARTESIAN_POINT('',(13.949193831634,24.50836603678,
    -7.444551723485));
#7287 = CARTESIAN_POINT('',(13.952062180854,24.506733198479,
    -7.446853594527));
#7288 = CARTESIAN_POINT('',(13.957766976121,24.50348447541,
    -7.451259812619));
#7289 = CARTESIAN_POINT('',(13.960601056767,24.501869979228,
    -7.453368246456));
#7290 = CARTESIAN_POINT('',(13.963466084754,24.500237264203,
    -7.455420065284));
#7291 = CARTESIAN_POINT('',(13.969072763799,24.497040961411,
    -7.459282844869));
#7292 = CARTESIAN_POINT('',(13.97181079215,24.495479512771,
    -7.461100834286));
#7293 = CARTESIAN_POINT('',(13.974573765333,24.493903289859,
    -7.462867613028));
#7294 = CARTESIAN_POINT('',(13.980172730394,24.490708052486,
    -7.466312993451));
#7295 = CARTESIAN_POINT('',(13.983009157868,24.489088779209,
    -7.467990647602));
#7296 = CARTESIAN_POINT('',(13.985868729999,24.487455704517,
    -7.469614779512));
#7297 = CARTESIAN_POINT('',(13.991566545846,24.484200540617,
    -7.472719167947));
#7298 = CARTESIAN_POINT('',(13.99440380462,24.482579040985,
    -7.474201850839));
#7299 = CARTESIAN_POINT('',(13.997260979964,24.480945570699,
    -7.475632225208));
#7300 = CARTESIAN_POINT('',(14.002956799614,24.477688032583,
    -7.478360409021));
#7301 = CARTESIAN_POINT('',(14.005794716622,24.476064403833,
    -7.479660261563));
#7302 = CARTESIAN_POINT('',(14.008649676127,24.474430436593,
    -7.480908827607));
#7303 = CARTESIAN_POINT('',(14.014343604641,24.471170464704,
    -7.483282516666));
#7304 = CARTESIAN_POINT('',(14.017182044269,24.469544782901,
    -7.484409353336));
#7305 = CARTESIAN_POINT('',(14.020034929852,24.467910239339,
    -7.485485760748));
#7306 = CARTESIAN_POINT('',(14.02533941158,24.464869962612,
    -7.487383794787));
#7307 = CARTESIAN_POINT('',(14.027787297088,24.463466520633,
    -7.488219461972));
#7308 = CARTESIAN_POINT('',(14.030244266713,24.462057433812,
    -7.489018152827));
#7309 = CARTESIAN_POINT('',(14.035537714607,24.459020660929,
    -7.490653194667));
#7310 = CARTESIAN_POINT('',(14.038376860898,24.457391305202,
    -7.491477807185));
#7311 = CARTESIAN_POINT('',(14.041226164173,24.455755532645,
    -7.492253214522));
#7312 = CARTESIAN_POINT('',(14.046915068529,24.452488374623,
    -7.493697997711));
#7313 = CARTESIAN_POINT('',(14.049754490093,24.45085710384,
    -7.494368340286));
#7314 = CARTESIAN_POINT('',(14.052601979294,24.449220610355,
    -7.494989961283));
#7315 = CARTESIAN_POINT('',(14.058289223076,24.445950887546,
    -7.496130972382));
#7316 = CARTESIAN_POINT('',(14.061128868562,24.444317730015,
    -7.496651112606));
#7317 = CARTESIAN_POINT('',(14.06397459819,24.442680485602,
    -7.497122906501));
#7318 = CARTESIAN_POINT('',(14.069660217715,24.439408177278,
    -7.497967128381));
#7319 = CARTESIAN_POINT('',(14.072500049509,24.437773153476,
    -7.498340103969));
#7320 = CARTESIAN_POINT('',(14.075344059949,24.43613513615,
    -7.498665007168));
#7321 = CARTESIAN_POINT('',(14.081028086971,24.432860224143,
    -7.499217468581));
#7322 = CARTESIAN_POINT('',(14.083868079614,24.431223347597,
    -7.499445381797));
#7323 = CARTESIAN_POINT('',(14.08671039883,24.429584542448,
    -7.499625400214));
#7324 = CARTESIAN_POINT('',(14.09216451489,24.426438716404,
    -7.499878724444));
#7325 = CARTESIAN_POINT('',(14.094776088892,24.42493191662,
    -7.499959574814));
#7326 = CARTESIAN_POINT('',(14.097388152019,24.423424337856,-7.5));
#7327 = CARTESIAN_POINT('',(14.1,24.421916386721,-7.5));
#7328 = PCURVE('',#6767,#7329);
#7329 = DEFINITIONAL_REPRESENTATION('',(#7330),#7345);
#7330 = B_SPLINE_CURVE_WITH_KNOTS('',5,(#7331,#7332,#7333,#7334,#7335,
    #7336,#7337,#7338,#7339,#7340,#7341,#7342,#7343,#7344),
  .UNSPECIFIED.,.F.,.F.,(6,4,4,6),(0.,1.000004915328E-02,0.990000000415,
    1.),.UNSPECIFIED.);
#7331 = CARTESIAN_POINT('',(8.901179239899,1.570796326795));
#7332 = CARTESIAN_POINT('',(8.901212648459,1.564512424776));
#7333 = CARTESIAN_POINT('',(8.901246057019,1.558228522758));
#7334 = CARTESIAN_POINT('',(8.90127946558,1.551944620739));
#7335 = CARTESIAN_POINT('',(8.90131287414,1.54566071872));
#7336 = CARTESIAN_POINT('',(8.904620305344,0.923557476452));
#7337 = CARTESIAN_POINT('',(8.907936084661,0.307714589703));
#7338 = CARTESIAN_POINT('',(8.9079339476,-0.308127144476));
#7339 = CARTESIAN_POINT('',(8.904619482094,-0.923711632615));
#7340 = CARTESIAN_POINT('',(8.901312841749,-1.545666823911));
#7341 = CARTESIAN_POINT('',(8.901279441341,-1.551949199632));
#7342 = CARTESIAN_POINT('',(8.901246040933,-1.558231575353));
#7343 = CARTESIAN_POINT('',(8.901212640525,-1.564513951074));
#7344 = CARTESIAN_POINT('',(8.901179240118,-1.570796326795));
#7345 = ( GEOMETRIC_REPRESENTATION_CONTEXT(2) 
PARAMETRIC_REPRESENTATION_CONTEXT() REPRESENTATION_CONTEXT('2D SPACE',''
  ) );
#7346 = PCURVE('',#6874,#7347);
#7347 = DEFINITIONAL_REPRESENTATION('',(#7348),#7357);
#7348 = B_SPLINE_CURVE_WITH_KNOTS('',7,(#7349,#7350,#7351,#7352,#7353,
    #7354,#7355,#7356),.UNSPECIFIED.,.F.,.F.,(8,8),(0.,1.),
  .PIECEWISE_BEZIER_KNOTS.);
#7349 = CARTESIAN_POINT('',(-1.047197551197,-0.6));
#7350 = CARTESIAN_POINT('',(-1.051972616778,-0.599999970198));
#7351 = CARTESIAN_POINT('',(-1.056743381936,-0.529483244182));
#7352 = CARTESIAN_POINT('',(-1.059970798883,-0.38854920739));
#7353 = CARTESIAN_POINT('',(-1.059965381275,-0.211277492641));
#7354 = CARTESIAN_POINT('',(-1.056741953553,-7.05104691538E-02));
#7355 = CARTESIAN_POINT('',(-1.051971392879,2.196391927461E-11));
#7356 = CARTESIAN_POINT('',(-1.047197551197,0.));
#7357 = ( GEOMETRIC_REPRESENTATION_CONTEXT(2) 
PARAMETRIC_REPRESENTATION_CONTEXT() REPRESENTATION_CONTEXT('2D SPACE',''
  ) );
#7358 = ADVANCED_FACE('',(#7359,#7495,#7581),#6574,.T.);
#7359 = FACE_BOUND('',#7360,.T.);
#7360 = EDGE_LOOP('',(#7361,#7382,#7383,#7407,#7431,#7455,#7476));
#7361 = ORIENTED_EDGE('',*,*,#7362,.T.);
#7362 = EDGE_CURVE('',#7363,#6532,#7365,.T.);
#7363 = VERTEX_POINT('',#7364);
#7364 = CARTESIAN_POINT('',(25.8,6.4,-6.9));
#7365 = SURFACE_CURVE('',#7366,(#7370,#7376),.PCURVE_S1.);
#7366 = LINE('',#7367,#7368);
#7367 = CARTESIAN_POINT('',(15.4,6.4,-6.9));
#7368 = VECTOR('',#7369,1.);
#7369 = DIRECTION('',(1.,0.,-0.));
#7370 = PCURVE('',#6574,#7371);
#7371 = DEFINITIONAL_REPRESENTATION('',(#7372),#7375);
#7372 = B_SPLINE_CURVE_WITH_KNOTS('',1,(#7373,#7374),.UNSPECIFIED.,.F.,
  .F.,(2,2),(10.4,12.8),.PIECEWISE_BEZIER_KNOTS.);
#7373 = CARTESIAN_POINT('',(25.8,6.4));
#7374 = CARTESIAN_POINT('',(28.2,6.4));
#7375 = ( GEOMETRIC_REPRESENTATION_CONTEXT(2) 
PARAMETRIC_REPRESENTATION_CONTEXT() REPRESENTATION_CONTEXT('2D SPACE',''
  ) );
#7376 = PCURVE('',#6546,#7377);
#7377 = DEFINITIONAL_REPRESENTATION('',(#7378),#7381);
#7378 = B_SPLINE_CURVE_WITH_KNOTS('',1,(#7379,#7380),.UNSPECIFIED.,.F.,
  .F.,(2,2),(10.4,12.8),.PIECEWISE_BEZIER_KNOTS.);
#7379 = CARTESIAN_POINT('',(5.,-1.6));
#7380 = CARTESIAN_POINT('',(2.6,-1.6));
#7381 = ( GEOMETRIC_REPRESENTATION_CONTEXT(2) 
PARAMETRIC_REPRESENTATION_CONTEXT() REPRESENTATION_CONTEXT('2D SPACE',''
  ) );
#7382 = ORIENTED_EDGE('',*,*,#6557,.T.);
#7383 = ORIENTED_EDGE('',*,*,#7384,.T.);
#7384 = EDGE_CURVE('',#6558,#7385,#7387,.T.);
#7385 = VERTEX_POINT('',#7386);
#7386 = CARTESIAN_POINT('',(-28.2,3.453503973596E-15,-6.9));
#7387 = SURFACE_CURVE('',#7388,(#7393,#7400),.PCURVE_S1.);
#7388 = CIRCLE('',#7389,28.2);
#7389 = AXIS2_PLACEMENT_3D('',#7390,#7391,#7392);
#7390 = CARTESIAN_POINT('',(0.,0.,-6.9));
#7391 = DIRECTION('',(0.,0.,1.));
#7392 = DIRECTION('',(1.,0.,0.));
#7393 = PCURVE('',#6574,#7394);
#7394 = DEFINITIONAL_REPRESENTATION('',(#7395),#7399);
#7395 = CIRCLE('',#7396,28.2);
#7396 = AXIS2_PLACEMENT_2D('',#7397,#7398);
#7397 = CARTESIAN_POINT('',(7.758525574692E-16,-1.952242238678E-15));
#7398 = DIRECTION('',(1.,0.));
#7399 = ( GEOMETRIC_REPRESENTATION_CONTEXT(2) 
PARAMETRIC_REPRESENTATION_CONTEXT() REPRESENTATION_CONTEXT('2D SPACE',''
  ) );
#7400 = PCURVE('',#6874,#7401);
#7401 = DEFINITIONAL_REPRESENTATION('',(#7402),#7406);
#7402 = LINE('',#7403,#7404);
#7403 = CARTESIAN_POINT('',(-0.,-0.6));
#7404 = VECTOR('',#7405,1.);
#7405 = DIRECTION('',(-1.,0.));
#7406 = ( GEOMETRIC_REPRESENTATION_CONTEXT(2) 
PARAMETRIC_REPRESENTATION_CONTEXT() REPRESENTATION_CONTEXT('2D SPACE',''
  ) );
#7407 = ORIENTED_EDGE('',*,*,#7408,.T.);
#7408 = EDGE_CURVE('',#7385,#7409,#7411,.T.);
#7409 = VERTEX_POINT('',#7410);
#7410 = CARTESIAN_POINT('',(14.1,-24.42191638672,-6.9));
#7411 = SURFACE_CURVE('',#7412,(#7417,#7424),.PCURVE_S1.);
#7412 = CIRCLE('',#7413,28.2);
#7413 = AXIS2_PLACEMENT_3D('',#7414,#7415,#7416);
#7414 = CARTESIAN_POINT('',(0.,0.,-6.9));
#7415 = DIRECTION('',(0.,0.,1.));
#7416 = DIRECTION('',(1.,0.,0.));
#7417 = PCURVE('',#6574,#7418);
#7418 = DEFINITIONAL_REPRESENTATION('',(#7419),#7423);
#7419 = CIRCLE('',#7420,28.2);
#7420 = AXIS2_PLACEMENT_2D('',#7421,#7422);
#7421 = CARTESIAN_POINT('',(7.758525574692E-16,-1.952242238678E-15));
#7422 = DIRECTION('',(1.,0.));
#7423 = ( GEOMETRIC_REPRESENTATION_CONTEXT(2) 
PARAMETRIC_REPRESENTATION_CONTEXT() REPRESENTATION_CONTEXT('2D SPACE',''
  ) );
#7424 = PCURVE('',#6981,#7425);
#7425 = DEFINITIONAL_REPRESENTATION('',(#7426),#7430);
#7426 = LINE('',#7427,#7428);
#7427 = CARTESIAN_POINT('',(-0.,-0.6));
#7428 = VECTOR('',#7429,1.);
#7429 = DIRECTION('',(-1.,0.));
#7430 = ( GEOMETRIC_REPRESENTATION_CONTEXT(2) 
PARAMETRIC_REPRESENTATION_CONTEXT() REPRESENTATION_CONTEXT('2D SPACE',''
  ) );
#7431 = ORIENTED_EDGE('',*,*,#7432,.T.);
#7432 = EDGE_CURVE('',#7409,#7433,#7435,.T.);
#7433 = VERTEX_POINT('',#7434);
#7434 = CARTESIAN_POINT('',(27.464158461529,-6.4,-6.9));
#7435 = SURFACE_CURVE('',#7436,(#7441,#7448),.PCURVE_S1.);
#7436 = CIRCLE('',#7437,28.2);
#7437 = AXIS2_PLACEMENT_3D('',#7438,#7439,#7440);
#7438 = CARTESIAN_POINT('',(0.,0.,-6.9));
#7439 = DIRECTION('',(0.,0.,1.));
#7440 = DIRECTION('',(1.,0.,0.));
#7441 = PCURVE('',#6574,#7442);
#7442 = DEFINITIONAL_REPRESENTATION('',(#7443),#7447);
#7443 = CIRCLE('',#7444,28.2);
#7444 = AXIS2_PLACEMENT_2D('',#7445,#7446);
#7445 = CARTESIAN_POINT('',(7.758525574692E-16,-1.952242238678E-15));
#7446 = DIRECTION('',(1.,0.));
#7447 = ( GEOMETRIC_REPRESENTATION_CONTEXT(2) 
PARAMETRIC_REPRESENTATION_CONTEXT() REPRESENTATION_CONTEXT('2D SPACE',''
  ) );
#7448 = PCURVE('',#7010,#7449);
#7449 = DEFINITIONAL_REPRESENTATION('',(#7450),#7454);
#7450 = LINE('',#7451,#7452);
#7451 = CARTESIAN_POINT('',(-0.,-0.6));
#7452 = VECTOR('',#7453,1.);
#7453 = DIRECTION('',(-1.,0.));
#7454 = ( GEOMETRIC_REPRESENTATION_CONTEXT(2) 
PARAMETRIC_REPRESENTATION_CONTEXT() REPRESENTATION_CONTEXT('2D SPACE',''
  ) );
#7455 = ORIENTED_EDGE('',*,*,#7456,.T.);
#7456 = EDGE_CURVE('',#7433,#7457,#7459,.T.);
#7457 = VERTEX_POINT('',#7458);
#7458 = CARTESIAN_POINT('',(25.8,-6.4,-6.9));
#7459 = SURFACE_CURVE('',#7460,(#7464,#7470),.PCURVE_S1.);
#7460 = LINE('',#7461,#7462);
#7461 = CARTESIAN_POINT('',(12.9,-6.4,-6.9));
#7462 = VECTOR('',#7463,1.);
#7463 = DIRECTION('',(-1.,0.,0.));
#7464 = PCURVE('',#6574,#7465);
#7465 = DEFINITIONAL_REPRESENTATION('',(#7466),#7469);
#7466 = B_SPLINE_CURVE_WITH_KNOTS('',1,(#7467,#7468),.UNSPECIFIED.,.F.,
  .F.,(2,2),(-15.3,-12.9),.PIECEWISE_BEZIER_KNOTS.);
#7467 = CARTESIAN_POINT('',(28.2,-6.4));
#7468 = CARTESIAN_POINT('',(25.8,-6.4));
#7469 = ( GEOMETRIC_REPRESENTATION_CONTEXT(2) 
PARAMETRIC_REPRESENTATION_CONTEXT() REPRESENTATION_CONTEXT('2D SPACE',''
  ) );
#7470 = PCURVE('',#7035,#7471);
#7471 = DEFINITIONAL_REPRESENTATION('',(#7472),#7475);
#7472 = B_SPLINE_CURVE_WITH_KNOTS('',1,(#7473,#7474),.UNSPECIFIED.,.F.,
  .F.,(2,2),(-15.3,-12.9),.PIECEWISE_BEZIER_KNOTS.);
#7473 = CARTESIAN_POINT('',(2.4,-1.6));
#7474 = CARTESIAN_POINT('',(0.,-1.6));
#7475 = ( GEOMETRIC_REPRESENTATION_CONTEXT(2) 
PARAMETRIC_REPRESENTATION_CONTEXT() REPRESENTATION_CONTEXT('2D SPACE',''
  ) );
#7476 = ORIENTED_EDGE('',*,*,#7477,.T.);
#7477 = EDGE_CURVE('',#7457,#7363,#7478,.T.);
#7478 = SURFACE_CURVE('',#7479,(#7483,#7489),.PCURVE_S1.);
#7479 = LINE('',#7480,#7481);
#7480 = CARTESIAN_POINT('',(25.8,3.2,-6.9));
#7481 = VECTOR('',#7482,1.);
#7482 = DIRECTION('',(-0.,1.,0.));
#7483 = PCURVE('',#6574,#7484);
#7484 = DEFINITIONAL_REPRESENTATION('',(#7485),#7488);
#7485 = B_SPLINE_CURVE_WITH_KNOTS('',1,(#7486,#7487),.UNSPECIFIED.,.F.,
  .F.,(2,2),(-9.6,3.2),.PIECEWISE_BEZIER_KNOTS.);
#7486 = CARTESIAN_POINT('',(25.8,-6.4));
#7487 = CARTESIAN_POINT('',(25.8,6.4));
#7488 = ( GEOMETRIC_REPRESENTATION_CONTEXT(2) 
PARAMETRIC_REPRESENTATION_CONTEXT() REPRESENTATION_CONTEXT('2D SPACE',''
  ) );
#7489 = PCURVE('',#6826,#7490);
#7490 = DEFINITIONAL_REPRESENTATION('',(#7491),#7494);
#7491 = B_SPLINE_CURVE_WITH_KNOTS('',1,(#7492,#7493),.UNSPECIFIED.,.F.,
  .F.,(2,2),(-9.6,3.2),.PIECEWISE_BEZIER_KNOTS.);
#7492 = CARTESIAN_POINT('',(12.8,-1.6));
#7493 = CARTESIAN_POINT('',(0.,-1.6));
#7494 = ( GEOMETRIC_REPRESENTATION_CONTEXT(2) 
PARAMETRIC_REPRESENTATION_CONTEXT() REPRESENTATION_CONTEXT('2D SPACE',''
  ) );
#7495 = FACE_BOUND('',#7496,.T.);
#7496 = EDGE_LOOP('',(#7497,#7520,#7541,#7562));
#7497 = ORIENTED_EDGE('',*,*,#7498,.T.);
#7498 = EDGE_CURVE('',#7499,#7501,#7503,.T.);
#7499 = VERTEX_POINT('',#7500);
#7500 = CARTESIAN_POINT('',(23.,3.5,-6.9));
#7501 = VERTEX_POINT('',#7502);
#7502 = CARTESIAN_POINT('',(23.,-3.5,-6.9));
#7503 = SURFACE_CURVE('',#7504,(#7508,#7514),.PCURVE_S1.);
#7504 = LINE('',#7505,#7506);
#7505 = CARTESIAN_POINT('',(23.,-1.75,-6.9));
#7506 = VECTOR('',#7507,1.);
#7507 = DIRECTION('',(0.,-1.,0.));
#7508 = PCURVE('',#6574,#7509);
#7509 = DEFINITIONAL_REPRESENTATION('',(#7510),#7513);
#7510 = B_SPLINE_CURVE_WITH_KNOTS('',1,(#7511,#7512),.UNSPECIFIED.,.F.,
  .F.,(2,2),(-5.25,1.75),.PIECEWISE_BEZIER_KNOTS.);
#7511 = CARTESIAN_POINT('',(23.,3.5));
#7512 = CARTESIAN_POINT('',(23.,-3.5));
#7513 = ( GEOMETRIC_REPRESENTATION_CONTEXT(2) 
PARAMETRIC_REPRESENTATION_CONTEXT() REPRESENTATION_CONTEXT('2D SPACE',''
  ) );
#7514 = PCURVE('',#7065,#7515);
#7515 = DEFINITIONAL_REPRESENTATION('',(#7516),#7519);
#7516 = B_SPLINE_CURVE_WITH_KNOTS('',1,(#7517,#7518),.UNSPECIFIED.,.F.,
  .F.,(2,2),(-5.25,1.75),.PIECEWISE_BEZIER_KNOTS.);
#7517 = CARTESIAN_POINT('',(7.,-1.6));
#7518 = CARTESIAN_POINT('',(0.,-1.6));
#7519 = ( GEOMETRIC_REPRESENTATION_CONTEXT(2) 
PARAMETRIC_REPRESENTATION_CONTEXT() REPRESENTATION_CONTEXT('2D SPACE',''
  ) );
#7520 = ORIENTED_EDGE('',*,*,#7521,.T.);
#7521 = EDGE_CURVE('',#7501,#7522,#7524,.T.);
#7522 = VERTEX_POINT('',#7523);
#7523 = CARTESIAN_POINT('',(18.,-3.5,-6.9));
#7524 = SURFACE_CURVE('',#7525,(#7529,#7535),.PCURVE_S1.);
#7525 = LINE('',#7526,#7527);
#7526 = CARTESIAN_POINT('',(9.,-3.5,-6.9));
#7527 = VECTOR('',#7528,1.);
#7528 = DIRECTION('',(-1.,0.,0.));
#7529 = PCURVE('',#6574,#7530);
#7530 = DEFINITIONAL_REPRESENTATION('',(#7531),#7534);
#7531 = B_SPLINE_CURVE_WITH_KNOTS('',1,(#7532,#7533),.UNSPECIFIED.,.F.,
  .F.,(2,2),(-14.,-9.),.PIECEWISE_BEZIER_KNOTS.);
#7532 = CARTESIAN_POINT('',(23.,-3.5));
#7533 = CARTESIAN_POINT('',(18.,-3.5));
#7534 = ( GEOMETRIC_REPRESENTATION_CONTEXT(2) 
PARAMETRIC_REPRESENTATION_CONTEXT() REPRESENTATION_CONTEXT('2D SPACE',''
  ) );
#7535 = PCURVE('',#7091,#7536);
#7536 = DEFINITIONAL_REPRESENTATION('',(#7537),#7540);
#7537 = B_SPLINE_CURVE_WITH_KNOTS('',1,(#7538,#7539),.UNSPECIFIED.,.F.,
  .F.,(2,2),(-14.,-9.),.PIECEWISE_BEZIER_KNOTS.);
#7538 = CARTESIAN_POINT('',(5.,-1.6));
#7539 = CARTESIAN_POINT('',(0.,-1.6));
#7540 = ( GEOMETRIC_REPRESENTATION_CONTEXT(2) 
PARAMETRIC_REPRESENTATION_CONTEXT() REPRESENTATION_CONTEXT('2D SPACE',''
  ) );
#7541 = ORIENTED_EDGE('',*,*,#7542,.T.);
#7542 = EDGE_CURVE('',#7522,#7543,#7545,.T.);
#7543 = VERTEX_POINT('',#7544);
#7544 = CARTESIAN_POINT('',(18.,3.5,-6.9));
#7545 = SURFACE_CURVE('',#7546,(#7550,#7556),.PCURVE_S1.);
#7546 = LINE('',#7547,#7548);
#7547 = CARTESIAN_POINT('',(18.,1.75,-6.9));
#7548 = VECTOR('',#7549,1.);
#7549 = DIRECTION('',(-0.,1.,0.));
#7550 = PCURVE('',#6574,#7551);
#7551 = DEFINITIONAL_REPRESENTATION('',(#7552),#7555);
#7552 = B_SPLINE_CURVE_WITH_KNOTS('',1,(#7553,#7554),.UNSPECIFIED.,.F.,
  .F.,(2,2),(-5.25,1.75),.PIECEWISE_BEZIER_KNOTS.);
#7553 = CARTESIAN_POINT('',(18.,-3.5));
#7554 = CARTESIAN_POINT('',(18.,3.5));
#7555 = ( GEOMETRIC_REPRESENTATION_CONTEXT(2) 
PARAMETRIC_REPRESENTATION_CONTEXT() REPRESENTATION_CONTEXT('2D SPACE',''
  ) );
#7556 = PCURVE('',#7117,#7557);
#7557 = DEFINITIONAL_REPRESENTATION('',(#7558),#7561);
#7558 = B_SPLINE_CURVE_WITH_KNOTS('',1,(#7559,#7560),.UNSPECIFIED.,.F.,
  .F.,(2,2),(-5.25,1.75),.PIECEWISE_BEZIER_KNOTS.);
#7559 = CARTESIAN_POINT('',(7.,-1.6));
#7560 = CARTESIAN_POINT('',(0.,-1.6));
#7561 = ( GEOMETRIC_REPRESENTATION_CONTEXT(2) 
PARAMETRIC_REPRESENTATION_CONTEXT() REPRESENTATION_CONTEXT('2D SPACE',''
  ) );
#7562 = ORIENTED_EDGE('',*,*,#7563,.T.);
#7563 = EDGE_CURVE('',#7543,#7499,#7564,.T.);
#7564 = SURFACE_CURVE('',#7565,(#7569,#7575),.PCURVE_S1.);
#7565 = LINE('',#7566,#7567);
#7566 = CARTESIAN_POINT('',(11.5,3.5,-6.9));
#7567 = VECTOR('',#7568,1.);
#7568 = DIRECTION('',(1.,0.,-0.));
#7569 = PCURVE('',#6574,#7570);
#7570 = DEFINITIONAL_REPRESENTATION('',(#7571),#7574);
#7571 = B_SPLINE_CURVE_WITH_KNOTS('',1,(#7572,#7573),.UNSPECIFIED.,.F.,
  .F.,(2,2),(6.5,11.5),.PIECEWISE_BEZIER_KNOTS.);
#7572 = CARTESIAN_POINT('',(18.,3.5));
#7573 = CARTESIAN_POINT('',(23.,3.5));
#7574 = ( GEOMETRIC_REPRESENTATION_CONTEXT(2) 
PARAMETRIC_REPRESENTATION_CONTEXT() REPRESENTATION_CONTEXT('2D SPACE',''
  ) );
#7575 = PCURVE('',#7141,#7576);
#7576 = DEFINITIONAL_REPRESENTATION('',(#7577),#7580);
#7577 = B_SPLINE_CURVE_WITH_KNOTS('',1,(#7578,#7579),.UNSPECIFIED.,.F.,
  .F.,(2,2),(6.5,11.5),.PIECEWISE_BEZIER_KNOTS.);
#7578 = CARTESIAN_POINT('',(5.,-1.6));
#7579 = CARTESIAN_POINT('',(0.,-1.6));
#7580 = ( GEOMETRIC_REPRESENTATION_CONTEXT(2) 
PARAMETRIC_REPRESENTATION_CONTEXT() REPRESENTATION_CONTEXT('2D SPACE',''
  ) );
#7581 = FACE_BOUND('',#7582,.T.);
#7582 = EDGE_LOOP('',(#7583));
#7583 = ORIENTED_EDGE('',*,*,#7584,.T.);
#7584 = EDGE_CURVE('',#7585,#7585,#7587,.T.);
#7585 = VERTEX_POINT('',#7586);
#7586 = CARTESIAN_POINT('',(1.5,21.5,-6.9));
#7587 = SURFACE_CURVE('',#7588,(#7593,#7604),.PCURVE_S1.);
#7588 = CIRCLE('',#7589,1.5);
#7589 = AXIS2_PLACEMENT_3D('',#7590,#7591,#7592);
#7590 = CARTESIAN_POINT('',(0.,21.5,-6.9));
#7591 = DIRECTION('',(0.,0.,-1.));
#7592 = DIRECTION('',(1.,0.,0.));
#7593 = PCURVE('',#6574,#7594);
#7594 = DEFINITIONAL_REPRESENTATION('',(#7595),#7603);
#7595 = ( BOUNDED_CURVE() B_SPLINE_CURVE(2,(#7596,#7597,#7598,#7599,
#7600,#7601,#7602),.UNSPECIFIED.,.T.,.F.) B_SPLINE_CURVE_WITH_KNOTS((1,2
    ,2,2,2,1),(-2.094395102393,0.,2.094395102393,4.188790204786,
6.28318530718,8.377580409573),.UNSPECIFIED.) CURVE() 
GEOMETRIC_REPRESENTATION_ITEM() RATIONAL_B_SPLINE_CURVE((1.,0.5,1.,0.5,
1.,0.5,1.)) REPRESENTATION_ITEM('') );
#7596 = CARTESIAN_POINT('',(1.5,21.5));
#7597 = CARTESIAN_POINT('',(1.5,18.901923788647));
#7598 = CARTESIAN_POINT('',(-0.75,20.200961894323));
#7599 = CARTESIAN_POINT('',(-3.,21.5));
#7600 = CARTESIAN_POINT('',(-0.75,22.799038105677));
#7601 = CARTESIAN_POINT('',(1.5,24.098076211353));
#7602 = CARTESIAN_POINT('',(1.5,21.5));
#7603 = ( GEOMETRIC_REPRESENTATION_CONTEXT(2) 
PARAMETRIC_REPRESENTATION_CONTEXT() REPRESENTATION_CONTEXT('2D SPACE',''
  ) );
#7604 = PCURVE('',#7175,#7605);
#7605 = DEFINITIONAL_REPRESENTATION('',(#7606),#7610);
#7606 = LINE('',#7607,#7608);
#7607 = CARTESIAN_POINT('',(-6.28318530718,-1.6));
#7608 = VECTOR('',#7609,1.);
#7609 = DIRECTION('',(1.,-0.));
#7610 = ( GEOMETRIC_REPRESENTATION_CONTEXT(2) 
PARAMETRIC_REPRESENTATION_CONTEXT() REPRESENTATION_CONTEXT('2D SPACE',''
  ) );
#7611 = ADVANCED_FACE('',(#7612),#6546,.T.);
#7612 = FACE_BOUND('',#7613,.T.);
#7613 = EDGE_LOOP('',(#7614,#7635,#7636,#7637));
#7614 = ORIENTED_EDGE('',*,*,#7615,.F.);
#7615 = EDGE_CURVE('',#6812,#7363,#7616,.T.);
#7616 = SURFACE_CURVE('',#7617,(#7621,#7628),.PCURVE_S1.);
#7617 = LINE('',#7618,#7619);
#7618 = CARTESIAN_POINT('',(25.8,6.4,-8.5));
#7619 = VECTOR('',#7620,1.);
#7620 = DIRECTION('',(0.,0.,1.));
#7621 = PCURVE('',#6546,#7622);
#7622 = DEFINITIONAL_REPRESENTATION('',(#7623),#7627);
#7623 = LINE('',#7624,#7625);
#7624 = CARTESIAN_POINT('',(5.,0.));
#7625 = VECTOR('',#7626,1.);
#7626 = DIRECTION('',(0.,-1.));
#7627 = ( GEOMETRIC_REPRESENTATION_CONTEXT(2) 
PARAMETRIC_REPRESENTATION_CONTEXT() REPRESENTATION_CONTEXT('2D SPACE',''
  ) );
#7628 = PCURVE('',#6826,#7629);
#7629 = DEFINITIONAL_REPRESENTATION('',(#7630),#7634);
#7630 = LINE('',#7631,#7632);
#7631 = CARTESIAN_POINT('',(0.,0.));
#7632 = VECTOR('',#7633,1.);
#7633 = DIRECTION('',(0.,-1.));
#7634 = ( GEOMETRIC_REPRESENTATION_CONTEXT(2) 
PARAMETRIC_REPRESENTATION_CONTEXT() REPRESENTATION_CONTEXT('2D SPACE',''
  ) );
#7635 = ORIENTED_EDGE('',*,*,#6837,.T.);
#7636 = ORIENTED_EDGE('',*,*,#6531,.F.);
#7637 = ORIENTED_EDGE('',*,*,#7362,.F.);
#7638 = ADVANCED_FACE('',(#7639),#6826,.T.);
#7639 = FACE_BOUND('',#7640,.T.);
#7640 = EDGE_LOOP('',(#7641,#7642,#7643,#7644));
#7641 = ORIENTED_EDGE('',*,*,#6809,.T.);
#7642 = ORIENTED_EDGE('',*,*,#7615,.T.);
#7643 = ORIENTED_EDGE('',*,*,#7477,.F.);
#7644 = ORIENTED_EDGE('',*,*,#7645,.F.);
#7645 = EDGE_CURVE('',#6810,#7457,#7646,.T.);
#7646 = SURFACE_CURVE('',#7647,(#7651,#7658),.PCURVE_S1.);
#7647 = LINE('',#7648,#7649);
#7648 = CARTESIAN_POINT('',(25.8,-6.4,-8.5));
#7649 = VECTOR('',#7650,1.);
#7650 = DIRECTION('',(0.,0.,1.));
#7651 = PCURVE('',#6826,#7652);
#7652 = DEFINITIONAL_REPRESENTATION('',(#7653),#7657);
#7653 = LINE('',#7654,#7655);
#7654 = CARTESIAN_POINT('',(12.8,0.));
#7655 = VECTOR('',#7656,1.);
#7656 = DIRECTION('',(0.,-1.));
#7657 = ( GEOMETRIC_REPRESENTATION_CONTEXT(2) 
PARAMETRIC_REPRESENTATION_CONTEXT() REPRESENTATION_CONTEXT('2D SPACE',''
  ) );
#7658 = PCURVE('',#7035,#7659);
#7659 = DEFINITIONAL_REPRESENTATION('',(#7660),#7664);
#7660 = LINE('',#7661,#7662);
#7661 = CARTESIAN_POINT('',(0.,0.));
#7662 = VECTOR('',#7663,1.);
#7663 = DIRECTION('',(0.,-1.));
#7664 = ( GEOMETRIC_REPRESENTATION_CONTEXT(2) 
PARAMETRIC_REPRESENTATION_CONTEXT() REPRESENTATION_CONTEXT('2D SPACE',''
  ) );
#7665 = ADVANCED_FACE('',(#7666),#7035,.T.);
#7666 = FACE_BOUND('',#7667,.T.);
#7667 = EDGE_LOOP('',(#7668,#7669,#7670,#7671));
#7668 = ORIENTED_EDGE('',*,*,#7022,.T.);
#7669 = ORIENTED_EDGE('',*,*,#7645,.T.);
#7670 = ORIENTED_EDGE('',*,*,#7456,.F.);
#7671 = ORIENTED_EDGE('',*,*,#7672,.T.);
#7672 = EDGE_CURVE('',#7433,#6994,#7673,.T.);
#7673 = SURFACE_CURVE('',#7674,(#7678,#7684),.PCURVE_S1.);
#7674 = LINE('',#7675,#7676);
#7675 = CARTESIAN_POINT('',(27.464158461529,-6.4,-7.5));
#7676 = VECTOR('',#7677,1.);
#7677 = DIRECTION('',(-0.,-0.,-1.));
#7678 = PCURVE('',#7035,#7679);
#7679 = DEFINITIONAL_REPRESENTATION('',(#7680),#7683);
#7680 = B_SPLINE_CURVE_WITH_KNOTS('',1,(#7681,#7682),.UNSPECIFIED.,.F.,
  .F.,(2,2),(-0.6000006,5.999999999062E-07),.PIECEWISE_BEZIER_KNOTS.);
#7681 = CARTESIAN_POINT('',(1.664158461529,-1.6000006));
#7682 = CARTESIAN_POINT('',(1.664158461529,-0.9999994));
#7683 = ( GEOMETRIC_REPRESENTATION_CONTEXT(2) 
PARAMETRIC_REPRESENTATION_CONTEXT() REPRESENTATION_CONTEXT('2D SPACE',''
  ) );
#7684 = PCURVE('',#7010,#7685);
#7685 = DEFINITIONAL_REPRESENTATION('',(#7686),#7689);
#7686 = B_SPLINE_CURVE_WITH_KNOTS('',1,(#7687,#7688),.UNSPECIFIED.,.F.,
  .F.,(2,2),(-0.6000006,5.999999999062E-07),.PIECEWISE_BEZIER_KNOTS.);
#7687 = CARTESIAN_POINT('',(-6.054240126666,-0.6000006));
#7688 = CARTESIAN_POINT('',(-6.054240126666,5.999999999062E-07));
#7689 = ( GEOMETRIC_REPRESENTATION_CONTEXT(2) 
PARAMETRIC_REPRESENTATION_CONTEXT() REPRESENTATION_CONTEXT('2D SPACE',''
  ) );
#7690 = ADVANCED_FACE('',(#7691),#7010,.T.);
#7691 = FACE_BOUND('',#7692,.F.);
#7692 = EDGE_LOOP('',(#7693,#7694,#7864,#7865));
#7693 = ORIENTED_EDGE('',*,*,#6993,.F.);
#7694 = ORIENTED_EDGE('',*,*,#7695,.F.);
#7695 = EDGE_CURVE('',#7409,#6965,#7696,.T.);
#7696 = SURFACE_CURVE('',#7697,(#7829,#7841),.PCURVE_S1.);
#7697 = B_SPLINE_CURVE_WITH_KNOTS('',4,(#7698,#7699,#7700,#7701,#7702,
    #7703,#7704,#7705,#7706,#7707,#7708,#7709,#7710,#7711,#7712,#7713,
    #7714,#7715,#7716,#7717,#7718,#7719,#7720,#7721,#7722,#7723,#7724,
    #7725,#7726,#7727,#7728,#7729,#7730,#7731,#7732,#7733,#7734,#7735,
    #7736,#7737,#7738,#7739,#7740,#7741,#7742,#7743,#7744,#7745,#7746,
    #7747,#7748,#7749,#7750,#7751,#7752,#7753,#7754,#7755,#7756,#7757,
    #7758,#7759,#7760,#7761,#7762,#7763,#7764,#7765,#7766,#7767,#7768,
    #7769,#7770,#7771,#7772,#7773,#7774,#7775,#7776,#7777,#7778,#7779,
    #7780,#7781,#7782,#7783,#7784,#7785,#7786,#7787,#7788,#7789,#7790,
    #7791,#7792,#7793,#7794,#7795,#7796,#7797,#7798,#7799,#7800,#7801,
    #7802,#7803,#7804,#7805,#7806,#7807,#7808,#7809,#7810,#7811,#7812,
    #7813,#7814,#7815,#7816,#7817,#7818,#7819,#7820,#7821,#7822,#7823,
    #7824,#7825,#7826,#7827,#7828),.UNSPECIFIED.,.F.,.F.,(5,3,3,3,3,3,3,
    3,3,3,3,3,3,3,3,3,3,3,3,3,3,3,3,3,3,3,3,3,3,3,3,3,3,3,3,3,3,3,3,3,3,
    3,3,5),(0.,1.77624552096E-02,3.172047120011E-02,4.574001599706E-02,
    5.984957182934E-02,7.40792685542E-02,8.846152398016E-02,
    0.103031812076,0.117315087959,0.132374910033,0.147756560936,
    0.1635201735,0.179737704893,0.19649714516,0.213908741298,
    0.231471673334,0.249944160921,0.270283965567,0.29222480886,
    0.316356519522,0.34370935522,0.48985619084,0.652438323715,
    0.679423838452,0.703992909009,0.724028252186,0.744752993318,
    0.761555559228,0.779446241077,0.795939453775,0.812972416732,
    0.829418388812,0.845374180194,0.858264575258,0.873517278383,
    0.887957924806,0.902665125623,0.917160741527,0.931482568705,
    0.945664792754,0.959738861089,0.97373419566,0.987678795184,1.),
  .UNSPECIFIED.);
#7698 = CARTESIAN_POINT('',(14.1,-24.42191638672,-6.9));
#7699 = CARTESIAN_POINT('',(14.103624900569,-24.4198235494,-6.9));
#7700 = CARTESIAN_POINT('',(14.107249276888,-24.41773005826,
    -6.900077864656));
#7701 = CARTESIAN_POINT('',(14.110871420186,-24.41563689989,
    -6.900233591833));
#7702 = CARTESIAN_POINT('',(14.11733240626,-24.4119015342,
    -6.900650524242));
#7703 = CARTESIAN_POINT('',(14.120172868601,-24.41025875538,
    -6.900881993851));
#7704 = CARTESIAN_POINT('',(14.123009843299,-24.40861740609,
    -6.901161410725));
#7705 = CARTESIAN_POINT('',(14.12868749066,-24.40533139699,
    -6.90181737174));
#7706 = CARTESIAN_POINT('',(14.131528124585,-24.40368675442,
    -6.902194338612));
#7707 = CARTESIAN_POINT('',(14.134363406941,-24.40204462274,
    -6.90261946422));
#7708 = CARTESIAN_POINT('',(14.14003960655,-24.39875592633,
    -6.903568764509));
#7709 = CARTESIAN_POINT('',(14.142880443198,-24.39710940078,
    -6.904093557616));
#7710 = CARTESIAN_POINT('',(14.145714004597,-24.39546650442,
    -6.904666818825));
#7711 = CARTESIAN_POINT('',(14.151388789471,-24.39217510145,
    -6.905915162386));
#7712 = CARTESIAN_POINT('',(14.15422987284,-24.39052666612,
    -6.906591070188));
#7713 = CARTESIAN_POINT('',(14.157061672085,-24.38888303014,
    -6.907315859023));
#7714 = CARTESIAN_POINT('',(14.162735080393,-24.38558889831,
    -6.908870975169));
#7715 = CARTESIAN_POINT('',(14.165576469229,-24.38393851778,
    -6.909702350691));
#7716 = CARTESIAN_POINT('',(14.168406450771,-24.38229417562,
    -6.910583131614));
#7717 = CARTESIAN_POINT('',(14.17407852803,-24.37899728827,
    -6.912455028227));
#7718 = CARTESIAN_POINT('',(14.176920298506,-24.37734491683,
    -6.91344743591));
#7719 = CARTESIAN_POINT('',(14.179748389904,-24.37569991188,
    -6.91448989531));
#7720 = CARTESIAN_POINT('',(14.185319839881,-24.37245804637,
    -6.916652641146));
#7721 = CARTESIAN_POINT('',(14.188063770278,-24.37086087569,
    -6.917770990041));
#7722 = CARTESIAN_POINT('',(14.190792695712,-24.36927189156,
    -6.918936712088));
#7723 = CARTESIAN_POINT('',(14.196366226981,-24.36602546391,
    -6.92142801902));
#7724 = CARTESIAN_POINT('',(14.199209055949,-24.36436899511,
    -6.922758849627));
#7725 = CARTESIAN_POINT('',(14.202033137733,-24.36272286286,
    -6.924141414708));
#7726 = CARTESIAN_POINT('',(14.20770165711,-24.35941757546,
    -6.92703958311));
#7727 = CARTESIAN_POINT('',(14.210545240134,-24.35775889368,
    -6.928557398141));
#7728 = CARTESIAN_POINT('',(14.213367075659,-24.35611231039,
    -6.930128054001));
#7729 = CARTESIAN_POINT('',(14.219034595901,-24.35280407247,
    -6.933414083056));
#7730 = CARTESIAN_POINT('',(14.221879132918,-24.35114305887,
    -6.93513208146));
#7731 = CARTESIAN_POINT('',(14.224698530616,-24.34949613808,
    -6.936904233855));
#7732 = CARTESIAN_POINT('',(14.230365212823,-24.34618485485,
    -6.940607921161));
#7733 = CARTESIAN_POINT('',(14.233210962724,-24.34452135565,
    -6.94254257623));
#7734 = CARTESIAN_POINT('',(14.236027674446,-24.34287424429,
    -6.944532945951));
#7735 = CARTESIAN_POINT('',(14.241693743558,-24.33955978328,
    -6.948691684557));
#7736 = CARTESIAN_POINT('',(14.244541046939,-24.33789359635,
    -6.950863779043));
#7737 = CARTESIAN_POINT('',(14.247354746172,-24.33624648762,
    -6.953093451537));
#7738 = CARTESIAN_POINT('',(14.253020526668,-24.33292865766,
    -6.957754801035));
#7739 = CARTESIAN_POINT('',(14.255869841168,-24.33125951152,
    -6.960190962583));
#7740 = CARTESIAN_POINT('',(14.258680089184,-24.32961266487,
    -6.962686944827));
#7741 = CARTESIAN_POINT('',(14.264243794705,-24.32635113315,
    -6.967818204763));
#7742 = CARTESIAN_POINT('',(14.26699654651,-24.32473685189,
    -6.970454504802));
#7743 = CARTESIAN_POINT('',(14.269706758335,-24.32314697132,
    -6.973149065274));
#7744 = CARTESIAN_POINT('',(14.275177513596,-24.31993662673,
    -6.978794405375));
#7745 = CARTESIAN_POINT('',(14.277933394978,-24.3183188428,
    -6.981751227524));
#7746 = CARTESIAN_POINT('',(14.280639182092,-24.3167299205,
    -6.98476933065));
#7747 = CARTESIAN_POINT('',(14.286215931564,-24.31345400894,
    -6.991235751146));
#7748 = CARTESIAN_POINT('',(14.289075942255,-24.31177334255,
    -6.994696717373));
#7749 = CARTESIAN_POINT('',(14.291871472272,-24.31012998411,
    -6.9982275775));
#7750 = CARTESIAN_POINT('',(14.297544735302,-24.3067938282,
    -7.00570742408));
#7751 = CARTESIAN_POINT('',(14.30041161831,-24.30510732105,
    -7.009667446675));
#7752 = CARTESIAN_POINT('',(14.303199038117,-24.30346697767,
    -7.013702873372));
#7753 = CARTESIAN_POINT('',(14.308880914398,-24.30012219935,
    -7.022328180641));
#7754 = CARTESIAN_POINT('',(14.311758267002,-24.29842771954,
    -7.026933190375));
#7755 = CARTESIAN_POINT('',(14.314534129643,-24.29679242758,
    -7.031621147577));
#7756 = CARTESIAN_POINT('',(14.320234473845,-24.29343320675,
    -7.041790033645));
#7757 = CARTESIAN_POINT('',(14.323129336257,-24.29172658204,
    -7.047293285062));
#7758 = CARTESIAN_POINT('',(14.325886896143,-24.2901003265,
    -7.052890581922));
#7759 = CARTESIAN_POINT('',(14.342487136765,-24.2803073767,
    -7.088946481543));
#7760 = CARTESIAN_POINT('',(14.352461821241,-24.27440835645,
    -7.121808434191));
#7761 = CARTESIAN_POINT('',(14.357936771199,-24.27116916973,
    -7.156068779692));
#7762 = CARTESIAN_POINT('',(14.359921539044,-24.26999494988,
    -7.228783410706));
#7763 = CARTESIAN_POINT('',(14.355354590688,-24.27269701597,
    -7.267279846934));
#7764 = CARTESIAN_POINT('',(14.345137812457,-24.27874240641,
    -7.304286910476));
#7765 = CARTESIAN_POINT('',(14.327408412508,-24.28920288458,
    -7.343919971537));
#7766 = CARTESIAN_POINT('',(14.324747074779,-24.29077262234,
    -7.349479056411));
#7767 = CARTESIAN_POINT('',(14.321951206335,-24.29242114706,
    -7.354948581284));
#7768 = CARTESIAN_POINT('',(14.316359408788,-24.29571696507,
    -7.365214453657));
#7769 = CARTESIAN_POINT('',(14.313585902875,-24.29735115057,
    -7.370027225878));
#7770 = CARTESIAN_POINT('',(14.310706346857,-24.29904722071,
    -7.374755563365));
#7771 = CARTESIAN_POINT('',(14.305291366101,-24.30223543005,
    -7.383178064059));
#7772 = CARTESIAN_POINT('',(14.302790490986,-24.30370744756,
    -7.386902058105));
#7773 = CARTESIAN_POINT('',(14.300222615856,-24.30521842052,
    -7.390564341681));
#7774 = CARTESIAN_POINT('',(14.294865689189,-24.30836944169,
    -7.397884546142));
#7775 = CARTESIAN_POINT('',(14.29207206713,-24.31001214254,
    -7.40153798135));
#7776 = CARTESIAN_POINT('',(14.289210486024,-24.31169420701,
    -7.405120214088));
#7777 = CARTESIAN_POINT('',(14.28390951936,-24.31480899413,
    -7.411473319715));
#7778 = CARTESIAN_POINT('',(14.281492722795,-24.31622866044,
    -7.414269442568));
#7779 = CARTESIAN_POINT('',(14.279033684616,-24.31767269782,
    -7.417015812573));
#7780 = CARTESIAN_POINT('',(14.273871511822,-24.32070314757,
    -7.422581092285));
#7781 = CARTESIAN_POINT('',(14.271162882103,-24.32229272425,
    -7.425393182302));
#7782 = CARTESIAN_POINT('',(14.268409045895,-24.32390827595,
    -7.42814593691));
#7783 = CARTESIAN_POINT('',(14.263032395421,-24.32706138904,
    -7.433319663945));
#7784 = CARTESIAN_POINT('',(14.26041614896,-24.32859518533,
    -7.435749756865));
#7785 = CARTESIAN_POINT('',(14.257763859646,-24.33014959719,
    -7.438127106926));
#7786 = CARTESIAN_POINT('',(14.25230163503,-24.33334971697,
    -7.442850281987));
#7787 = CARTESIAN_POINT('',(14.249489381001,-24.33499674801,
    -7.445192529407));
#7788 = CARTESIAN_POINT('',(14.246641264108,-24.33666418898,
    -7.447476271439));
#7789 = CARTESIAN_POINT('',(14.24097536865,-24.33998009344,
    -7.451847972072));
#7790 = CARTESIAN_POINT('',(14.238159926914,-24.34162723075,
    -7.453939965659));
#7791 = CARTESIAN_POINT('',(14.23531354627,-24.34329187554,
    -7.455975471865));
#7792 = CARTESIAN_POINT('',(14.229647164344,-24.34660452763,
    -7.459872789816));
#7793 = CARTESIAN_POINT('',(14.226828905298,-24.3482515521,
    -7.461737970439));
#7794 = CARTESIAN_POINT('',(14.223983874539,-24.34991362998,
    -7.463548348702));
#7795 = CARTESIAN_POINT('',(14.218794149411,-24.35294438356,
    -7.466720893946));
#7796 = CARTESIAN_POINT('',(14.21645833957,-24.35430808095,
    -7.468102350561));
#7797 = CARTESIAN_POINT('',(14.214106462661,-24.35568075378,
    -7.469447172054));
#7798 = CARTESIAN_POINT('',(14.208938023995,-24.35869640904,
    -7.472302504072));
#7799 = CARTESIAN_POINT('',(14.206115290403,-24.36034282806,
    -7.47379821367));
#7800 = CARTESIAN_POINT('',(14.203272023175,-24.36200063243,
    -7.475241537547));
#7801 = CARTESIAN_POINT('',(14.197699008214,-24.36524887443,
    -7.477948324164));
#7802 = CARTESIAN_POINT('',(14.194971275871,-24.36683819967,
    -7.479217271667));
#7803 = CARTESIAN_POINT('',(14.192227036014,-24.36843659238,
    -7.480438334549));
#7804 = CARTESIAN_POINT('',(14.186656480355,-24.37168005056,
    -7.482805534294));
#7805 = CARTESIAN_POINT('',(14.18382958446,-24.37332543301,
    -7.483949872128));
#7806 = CARTESIAN_POINT('',(14.180987535328,-24.37497904492,
    -7.485043699021));
#7807 = CARTESIAN_POINT('',(14.175316242389,-24.37827762648,
    -7.487114584408));
#7808 = CARTESIAN_POINT('',(14.172487402478,-24.37992237828,
    -7.488093096436));
#7809 = CARTESIAN_POINT('',(14.169645791471,-24.38157396548,
    -7.489021824646));
#7810 = CARTESIAN_POINT('',(14.163973200031,-24.38486977245,
    -7.490768571938));
#7811 = CARTESIAN_POINT('',(14.161142500497,-24.3865138432,
    -7.491587784855));
#7812 = CARTESIAN_POINT('',(14.158301239075,-24.3881634587,
    -7.492357811167));
#7813 = CARTESIAN_POINT('',(14.152627297755,-24.39145652119,
    -7.493791980221));
#7814 = CARTESIAN_POINT('',(14.149794804079,-24.39309987161,
    -7.494457081929));
#7815 = CARTESIAN_POINT('',(14.146953823259,-24.39474755688,
    -7.495073476757));
#7816 = CARTESIAN_POINT('',(14.141278489717,-24.39803789965,
    -7.496204149264));
#7817 = CARTESIAN_POINT('',(14.138444251583,-24.39968049973,
    -7.496719169873));
#7818 = CARTESIAN_POINT('',(14.135603498653,-24.40132628665,
    -7.497185855252));
#7819 = CARTESIAN_POINT('',(14.129926736962,-24.40461393069,
    -7.498019943407));
#7820 = CARTESIAN_POINT('',(14.127090790474,-24.40625575834,
    -7.498387887002));
#7821 = CARTESIAN_POINT('',(14.12425022665,-24.40789967064,
    -7.498707765911));
#7822 = CARTESIAN_POINT('',(14.118572005325,-24.41118463429,
    -7.499250234201));
#7823 = CARTESIAN_POINT('',(14.11573437453,-24.41282567446,
    -7.499473172073));
#7824 = CARTESIAN_POINT('',(14.112893973322,-24.41446772866,
    -7.499648219595));
#7825 = CARTESIAN_POINT('',(14.107540336177,-24.41756159153,
    -7.499887654026));
#7826 = CARTESIAN_POINT('',(14.105027508497,-24.41901329331,
    -7.499962551341));
#7827 = CARTESIAN_POINT('',(14.10251385379,-24.42046501255,-7.5));
#7828 = CARTESIAN_POINT('',(14.1,-24.42191638672,-7.5));
#7829 = PCURVE('',#7010,#7830);
#7830 = DEFINITIONAL_REPRESENTATION('',(#7831),#7840);
#7831 = B_SPLINE_CURVE_WITH_KNOTS('',7,(#7832,#7833,#7834,#7835,#7836,
    #7837,#7838,#7839),.UNSPECIFIED.,.F.,.F.,(8,8),(0.,1.),
  .PIECEWISE_BEZIER_KNOTS.);
#7832 = CARTESIAN_POINT('',(-5.235987755983,-0.6));
#7833 = CARTESIAN_POINT('',(-5.240762777291,-0.6));
#7834 = CARTESIAN_POINT('',(-5.245533471358,-0.529483057495));
#7835 = CARTESIAN_POINT('',(-5.248760936528,-0.388559888372));
#7836 = CARTESIAN_POINT('',(-5.248755722293,-0.211275125179));
#7837 = CARTESIAN_POINT('',(-5.245532144868,-7.051109544386E-02));
#7838 = CARTESIAN_POINT('',(-5.240761609065,2.277897191308E-11));
#7839 = CARTESIAN_POINT('',(-5.235987755983,0.));
#7840 = ( GEOMETRIC_REPRESENTATION_CONTEXT(2) 
PARAMETRIC_REPRESENTATION_CONTEXT() REPRESENTATION_CONTEXT('2D SPACE',''
  ) );
#7841 = PCURVE('',#7842,#7847);
#7842 = SPHERICAL_SURFACE('',#7843,0.3);
#7843 = AXIS2_PLACEMENT_3D('',#7844,#7845,#7846);
#7844 = CARTESIAN_POINT('',(14.1,-24.42191638672,-7.2));
#7845 = DIRECTION('',(0.,0.,1.));
#7846 = DIRECTION('',(1.,0.,0.));
#7847 = DEFINITIONAL_REPRESENTATION('',(#7848),#7863);
#7848 = B_SPLINE_CURVE_WITH_KNOTS('',5,(#7849,#7850,#7851,#7852,#7853,
    #7854,#7855,#7856,#7857,#7858,#7859,#7860,#7861,#7862),
  .UNSPECIFIED.,.F.,.F.,(6,4,4,6),(0.,1.000004872669E-02,0.990000000411,
    1.),.UNSPECIFIED.);
#7849 = CARTESIAN_POINT('',(6.806784137275,1.570796326795));
#7850 = CARTESIAN_POINT('',(6.806817545578,1.564512484787));
#7851 = CARTESIAN_POINT('',(6.806850953882,1.558228642779));
#7852 = CARTESIAN_POINT('',(6.806884362186,1.551944800771));
#7853 = CARTESIAN_POINT('',(6.80691777049,1.545660958762));
#7854 = CARTESIAN_POINT('',(6.810225176442,0.923563630976));
#7855 = CARTESIAN_POINT('',(6.813540952633,0.307734583515));
#7856 = CARTESIAN_POINT('',(6.813538922244,-0.308126840179));
#7857 = CARTESIAN_POINT('',(6.81022438791,-0.923710087276));
#7858 = CARTESIAN_POINT('',(6.806917739674,-1.545666763899));
#7859 = CARTESIAN_POINT('',(6.806884339187,-1.551949154623));
#7860 = CARTESIAN_POINT('',(6.806850938699,-1.558231545347));
#7861 = CARTESIAN_POINT('',(6.806817538212,-1.564513936071));
#7862 = CARTESIAN_POINT('',(6.806784137724,-1.570796326795));
#7863 = ( GEOMETRIC_REPRESENTATION_CONTEXT(2) 
PARAMETRIC_REPRESENTATION_CONTEXT() REPRESENTATION_CONTEXT('2D SPACE',''
  ) );
#7864 = ORIENTED_EDGE('',*,*,#7432,.T.);
#7865 = ORIENTED_EDGE('',*,*,#7672,.T.);
#7866 = ADVANCED_FACE('',(#7867),#6981,.T.);
#7867 = FACE_BOUND('',#7868,.F.);
#7868 = EDGE_LOOP('',(#7869,#7870,#7891,#7924,#8094,#8095));
#7869 = ORIENTED_EDGE('',*,*,#6964,.F.);
#7870 = ORIENTED_EDGE('',*,*,#7871,.F.);
#7871 = EDGE_CURVE('',#7872,#6939,#7874,.T.);
#7872 = VERTEX_POINT('',#7873);
#7873 = CARTESIAN_POINT('',(-28.12898860606,-2.,-7.2));
#7874 = SURFACE_CURVE('',#7875,(#7879,#7885),.PCURVE_S1.);
#7875 = LINE('',#7876,#7877);
#7876 = CARTESIAN_POINT('',(-28.12898860606,-2.,-7.5));
#7877 = VECTOR('',#7878,1.);
#7878 = DIRECTION('',(-0.,-0.,-1.));
#7879 = PCURVE('',#6981,#7880);
#7880 = DEFINITIONAL_REPRESENTATION('',(#7881),#7884);
#7881 = B_SPLINE_CURVE_WITH_KNOTS('',1,(#7882,#7883),.UNSPECIFIED.,.F.,
  .F.,(2,2),(-0.43,6.000204511025E-07),.PIECEWISE_BEZIER_KNOTS.);
#7882 = CARTESIAN_POINT('',(-3.2125742298,-0.43));
#7883 = CARTESIAN_POINT('',(-3.2125742298,6.000204511025E-07));
#7884 = ( GEOMETRIC_REPRESENTATION_CONTEXT(2) 
PARAMETRIC_REPRESENTATION_CONTEXT() REPRESENTATION_CONTEXT('2D SPACE',''
  ) );
#7885 = PCURVE('',#6953,#7886);
#7886 = DEFINITIONAL_REPRESENTATION('',(#7887),#7890);
#7887 = B_SPLINE_CURVE_WITH_KNOTS('',1,(#7888,#7889),.UNSPECIFIED.,.F.,
  .F.,(2,2),(-0.43,6.000204511025E-07),.PIECEWISE_BEZIER_KNOTS.);
#7888 = CARTESIAN_POINT('',(0.171011393937,-1.43));
#7889 = CARTESIAN_POINT('',(0.171011393937,-0.99999939998));
#7890 = ( GEOMETRIC_REPRESENTATION_CONTEXT(2) 
PARAMETRIC_REPRESENTATION_CONTEXT() REPRESENTATION_CONTEXT('2D SPACE',''
  ) );
#7891 = ORIENTED_EDGE('',*,*,#7892,.T.);
#7892 = EDGE_CURVE('',#7872,#7893,#7895,.T.);
#7893 = VERTEX_POINT('',#7894);
#7894 = CARTESIAN_POINT('',(-28.19840425963,-0.299995754089,-7.2));
#7895 = SURFACE_CURVE('',#7896,(#7901,#7908),.PCURVE_S1.);
#7896 = CIRCLE('',#7897,28.2);
#7897 = AXIS2_PLACEMENT_3D('',#7898,#7899,#7900);
#7898 = CARTESIAN_POINT('',(0.,0.,-7.2));
#7899 = DIRECTION('',(0.,0.,-1.));
#7900 = DIRECTION('',(1.,0.,0.));
#7901 = PCURVE('',#6981,#7902);
#7902 = DEFINITIONAL_REPRESENTATION('',(#7903),#7907);
#7903 = LINE('',#7904,#7905);
#7904 = CARTESIAN_POINT('',(-6.28318530718,-0.3));
#7905 = VECTOR('',#7906,1.);
#7906 = DIRECTION('',(1.,-0.));
#7907 = ( GEOMETRIC_REPRESENTATION_CONTEXT(2) 
PARAMETRIC_REPRESENTATION_CONTEXT() REPRESENTATION_CONTEXT('2D SPACE',''
  ) );
#7908 = PCURVE('',#7909,#7914);
#7909 = PLANE('',#7910);
#7910 = AXIS2_PLACEMENT_3D('',#7911,#7912,#7913);
#7911 = CARTESIAN_POINT('',(-27.5,0.,-7.2));
#7912 = DIRECTION('',(0.,0.,1.));
#7913 = DIRECTION('',(1.,0.,-0.));
#7914 = DEFINITIONAL_REPRESENTATION('',(#7915),#7923);
#7915 = ( BOUNDED_CURVE() B_SPLINE_CURVE(2,(#7916,#7917,#7918,#7919,
#7920,#7921,#7922),.UNSPECIFIED.,.T.,.F.) B_SPLINE_CURVE_WITH_KNOTS((1,2
    ,2,2,2,1),(-2.094395102393,0.,2.094395102393,4.188790204786,
6.28318530718,8.377580409573),.UNSPECIFIED.) CURVE() 
GEOMETRIC_REPRESENTATION_ITEM() RATIONAL_B_SPLINE_CURVE((1.,0.5,1.,0.5,
1.,0.5,1.)) REPRESENTATION_ITEM('') );
#7916 = CARTESIAN_POINT('',(55.7,0.));
#7917 = CARTESIAN_POINT('',(55.7,-48.84383277344));
#7918 = CARTESIAN_POINT('',(13.4,-24.42191638672));
#7919 = CARTESIAN_POINT('',(-28.9,-6.907007947191E-15));
#7920 = CARTESIAN_POINT('',(13.4,24.421916386721));
#7921 = CARTESIAN_POINT('',(55.7,48.843832773442));
#7922 = CARTESIAN_POINT('',(55.7,0.));
#7923 = ( GEOMETRIC_REPRESENTATION_CONTEXT(2) 
PARAMETRIC_REPRESENTATION_CONTEXT() REPRESENTATION_CONTEXT('2D SPACE',''
  ) );
#7924 = ORIENTED_EDGE('',*,*,#7925,.F.);
#7925 = EDGE_CURVE('',#7385,#7893,#7926,.T.);
#7926 = SURFACE_CURVE('',#7927,(#8059,#8071),.PCURVE_S1.);
#7927 = B_SPLINE_CURVE_WITH_KNOTS('',4,(#7928,#7929,#7930,#7931,#7932,
    #7933,#7934,#7935,#7936,#7937,#7938,#7939,#7940,#7941,#7942,#7943,
    #7944,#7945,#7946,#7947,#7948,#7949,#7950,#7951,#7952,#7953,#7954,
    #7955,#7956,#7957,#7958,#7959,#7960,#7961,#7962,#7963,#7964,#7965,
    #7966,#7967,#7968,#7969,#7970,#7971,#7972,#7973,#7974,#7975,#7976,
    #7977,#7978,#7979,#7980,#7981,#7982,#7983,#7984,#7985,#7986,#7987,
    #7988,#7989,#7990,#7991,#7992,#7993,#7994,#7995,#7996,#7997,#7998,
    #7999,#8000,#8001,#8002,#8003,#8004,#8005,#8006,#8007,#8008,#8009,
    #8010,#8011,#8012,#8013,#8014,#8015,#8016,#8017,#8018,#8019,#8020,
    #8021,#8022,#8023,#8024,#8025,#8026,#8027,#8028,#8029,#8030,#8031,
    #8032,#8033,#8034,#8035,#8036,#8037,#8038,#8039,#8040,#8041,#8042,
    #8043,#8044,#8045,#8046,#8047,#8048,#8049,#8050,#8051,#8052,#8053,
    #8054,#8055,#8056,#8057,#8058),.UNSPECIFIED.,.F.,.F.,(5,3,3,3,3,3,3,
    3,3,3,3,3,3,3,3,3,3,3,3,3,3,3,3,3,3,3,3,3,3,3,3,3,3,3,3,3,3,3,3,3,3,
    3,3,5),(0.,1.8243049006E-02,3.220273148644E-02,4.622490374029E-02,
    6.033809520861E-02,7.457250339096E-02,8.896063782961E-02,
    0.102525880538,0.11731513364,0.132374961713,0.147756618741,
    0.163520237583,0.179737775436,0.196497222377,0.21390882545,
    0.232114670514,0.25130416242,0.271740577853,0.293810262181,
    0.318123773491,0.345757459557,0.489856633679,0.652438625672,
    0.679424116987,0.703993166219,0.72624401871,0.746816658899,
    0.766112726067,0.784404328417,0.80188636761,0.817563511765,
    0.833865472727,0.849161356936,0.864616063981,0.879737893894,
    0.894072021124,0.908686798895,0.923106134062,0.937366210135,
    0.951499984265,0.965055194092,0.978547041594,0.992480449341,1.),
  .UNSPECIFIED.);
#7928 = CARTESIAN_POINT('',(-28.2,3.441691376338E-15,-6.9));
#7929 = CARTESIAN_POINT('',(-28.2,-4.2989223807E-03,-6.9));
#7930 = CARTESIAN_POINT('',(-28.19999912622,-8.597715452894E-03,
    -6.900082135077));
#7931 = CARTESIAN_POINT('',(-28.19999737869,-1.289422941993E-02,
    -6.900246403071));
#7932 = CARTESIAN_POINT('',(-28.1999927617,-2.047010369115E-02,
    -6.900681113874));
#7933 = CARTESIAN_POINT('',(-28.199990252,-2.375144244268E-02,
    -6.900917571698));
#7934 = CARTESIAN_POINT('',(-28.19998723661,-2.702897261159E-02,
    -6.901201982494));
#7935 = CARTESIAN_POINT('',(-28.19998018772,-3.358896652327E-02,
    -6.901867984244));
#7936 = CARTESIAN_POINT('',(-28.19997614972,-3.687138677632E-02,
    -6.902250004532));
#7937 = CARTESIAN_POINT('',(-28.19997161062,-4.014784159453E-02,
    -6.902680192566));
#7938 = CARTESIAN_POINT('',(-28.19996151057,-4.670792661108E-02,
    -6.903639698692));
#7939 = CARTESIAN_POINT('',(-28.19995594318,-4.999146543966E-02,
    -6.904169642136));
#7940 = CARTESIAN_POINT('',(-28.19994988141,-5.326681079444E-02,
    -6.904748066158));
#7941 = CARTESIAN_POINT('',(-28.19993673004,-5.98270253053E-02,
    -6.906006847146));
#7942 = CARTESIAN_POINT('',(-28.19992963206,-6.311173474958E-02,
    -6.906688036953));
#7943 = CARTESIAN_POINT('',(-28.19992204871,-6.638592190226E-02,
    -6.907418123969));
#7944 = CARTESIAN_POINT('',(-28.19990584579,-7.294631036427E-02,
    -6.908983983006));
#7945 = CARTESIAN_POINT('',(-28.19989721589,-7.623225966029E-02,
    -6.909820811261));
#7946 = CARTESIAN_POINT('',(-28.19988811218,-7.95052231537E-02,
    -6.910707065105));
#7947 = CARTESIAN_POINT('',(-28.19986953024,-8.583657556653E-02,
    -6.912524291105));
#7948 = CARTESIAN_POINT('',(-28.19986010319,-8.889653084851E-02,
    -6.913449806834));
#7949 = CARTESIAN_POINT('',(-28.1998502775,-9.194302595912E-02,
    -6.914418705983));
#7950 = CARTESIAN_POINT('',(-28.19982893214,-9.828085145329E-02,
    -6.916533970197));
#7951 = CARTESIAN_POINT('',(-28.19981733961,-0.101569470124,
    -6.917688459806));
#7952 = CARTESIAN_POINT('',(-28.19980530399,-0.104839808791,
    -6.918893753777));
#7953 = CARTESIAN_POINT('',(-28.19978015449,-0.111401062033,
    -6.921428019018));
#7954 = CARTESIAN_POINT('',(-28.19976702492,-0.114691258536,
    -6.922758849626));
#7955 = CARTESIAN_POINT('',(-28.19975347346,-0.117960051231,
    -6.924141414706));
#7956 = CARTESIAN_POINT('',(-28.19972527029,-0.124521776714,
    -6.927039583109));
#7957 = CARTESIAN_POINT('',(-28.19971060125,-0.127813732736,
    -6.928557398139));
#7958 = CARTESIAN_POINT('',(-28.19969553605,-0.131080805635,-6.930128054
    ));
#7959 = CARTESIAN_POINT('',(-28.1996642781,-0.137643141097,
    -6.933414083054));
#7960 = CARTESIAN_POINT('',(-28.19964806663,-0.140937089218,
    -6.935132081459));
#7961 = CARTESIAN_POINT('',(-28.19963149023,-0.144202219643,
    -6.936904233853));
#7962 = CARTESIAN_POINT('',(-28.19959717594,-0.150765352006,
    -6.940607921159));
#7963 = CARTESIAN_POINT('',(-28.19957941832,-0.154061593312,
    -6.942542576227));
#7964 = CARTESIAN_POINT('',(-28.19956133391,-0.157324492895,
    -6.944532945948));
#7965 = CARTESIAN_POINT('',(-28.19952396103,-0.163888683192,
    -6.948691684554));
#7966 = CARTESIAN_POINT('',(-28.19950465251,-0.167187613719,
    -6.95086377904));
#7967 = CARTESIAN_POINT('',(-28.19948506413,-0.170447903095,
    -6.953093451534));
#7968 = CARTESIAN_POINT('',(-28.19944462934,-0.177013527919,
    -6.957754801032));
#7969 = CARTESIAN_POINT('',(-28.19942376363,-0.180315679731,
    -6.96019096258));
#7970 = CARTESIAN_POINT('',(-28.1994026766,-0.183572849228,
    -6.962686944824));
#7971 = CARTESIAN_POINT('',(-28.19935917482,-0.190140473063,
    -6.967912528166));
#7972 = CARTESIAN_POINT('',(-28.19933674336,-0.193446580821,
    -6.970647592556));
#7973 = CARTESIAN_POINT('',(-28.19931416492,-0.196699926749,
    -6.973445209313));
#7974 = CARTESIAN_POINT('',(-28.19926758798,-0.203270435905,
    -6.979316877157));
#7975 = CARTESIAN_POINT('',(-28.19924357864,-0.206581550458,
    -6.982397697402));
#7976 = CARTESIAN_POINT('',(-28.19921951901,-0.209830066376,
    -6.985544453689));
#7977 = CARTESIAN_POINT('',(-28.19916985307,-0.216404935786,
    -6.992174579245));
#7978 = CARTESIAN_POINT('',(-28.1991442478,-0.219722631239,
    -6.995666535239));
#7979 = CARTESIAN_POINT('',(-28.19911872219,-0.222964809742,
    -6.999228717552));
#7980 = CARTESIAN_POINT('',(-28.19906594194,-0.229546686879,
    -7.006778645327));
#7981 = CARTESIAN_POINT('',(-28.1990387121,-0.232873471641,
    -7.010777650147));
#7982 = CARTESIAN_POINT('',(-28.19901174459,-0.236106910876,
    -7.014852502546));
#7983 = CARTESIAN_POINT('',(-28.19895579878,-0.242701065614,
    -7.023568916315));
#7984 = CARTESIAN_POINT('',(-28.19892689471,-0.246041298715,
    -7.028225975203));
#7985 = CARTESIAN_POINT('',(-28.19889852706,-0.249261825195,
    -7.032966607655));
#7986 = CARTESIAN_POINT('',(-28.19883929501,-0.255880462474,
    -7.043263776924));
#7987 = CARTESIAN_POINT('',(-28.19880861853,-0.259242769417,
    -7.048843331044));
#7988 = CARTESIAN_POINT('',(-28.19877893328,-0.262442125292,
    -7.054517898647));
#7989 = CARTESIAN_POINT('',(-28.19860150539,-0.281288533439,
    -7.090328627213));
#7990 = CARTESIAN_POINT('',(-28.19848331323,-0.292569632884,
    -7.122768795053));
#7991 = CARTESIAN_POINT('',(-28.19841730351,-0.298768698415,
    -7.156551033681));
#7992 = CARTESIAN_POINT('',(-28.19839294584,-0.301059374249,
    -7.228783410508));
#7993 = CARTESIAN_POINT('',(-28.19844952953,-0.295753247924,
    -7.267279846801));
#7994 = CARTESIAN_POINT('',(-28.19857660211,-0.283882563205,
    -7.304286910404));
#7995 = CARTESIAN_POINT('',(-28.19877094197,-0.263298213346,
    -7.343919971519));
#7996 = CARTESIAN_POINT('',(-28.19879970589,-0.260208558382,
    -7.349479056394));
#7997 = CARTESIAN_POINT('',(-28.19882943595,-0.256963002923,
    -7.354948581267));
#7998 = CARTESIAN_POINT('',(-28.1988877993,-0.250472455193,
    -7.365214453642));
#7999 = CARTESIAN_POINT('',(-28.1989162925,-0.247253435863,
    -7.370027225863));
#8000 = CARTESIAN_POINT('',(-28.19894535432,-0.243911632132,
    -7.374755563351));
#8001 = CARTESIAN_POINT('',(-28.19900159557,-0.237315905519,
    -7.383596414828));
#8002 = CARTESIAN_POINT('',(-28.19902869396,-0.234083441195,
    -7.387724940248));
#8003 = CARTESIAN_POINT('',(-28.19905607521,-0.230755641724,
    -7.391777011599));
#8004 = CARTESIAN_POINT('',(-28.19910914382,-0.224172915171,
    -7.399422167871));
#8005 = CARTESIAN_POINT('',(-28.19913480321,-0.220931421668,
    -7.403026820894));
#8006 = CARTESIAN_POINT('',(-28.19916055645,-0.217613014293,
    -7.406560794689));
#8007 = CARTESIAN_POINT('',(-28.19921050746,-0.211037636242,
    -7.413267809401));
#8008 = CARTESIAN_POINT('',(-28.19923470263,-0.207789630257,
    -7.416449639939));
#8009 = CARTESIAN_POINT('',(-28.19925885785,-0.204477986606,
    -7.41956518266));
#8010 = CARTESIAN_POINT('',(-28.19930571814,-0.197907150237,
    -7.425501326083));
#8011 = CARTESIAN_POINT('',(-28.19932843326,-0.194654200628,
    -7.428328838007));
#8012 = CARTESIAN_POINT('',(-28.19935100924,-0.191347682406,
    -7.431093516689));
#8013 = CARTESIAN_POINT('',(-28.19939479339,-0.184779836691,
    -7.43637472046));
#8014 = CARTESIAN_POINT('',(-28.1994160179,-0.181522985779,
    -7.438896813172));
#8015 = CARTESIAN_POINT('',(-28.19943702719,-0.178220504662,
    -7.441358856424));
#8016 = CARTESIAN_POINT('',(-28.19947638927,-0.17187314148,
    -7.445912565963));
#8017 = CARTESIAN_POINT('',(-28.19949479239,-0.168836865398,
    -7.448016228022));
#8018 = CARTESIAN_POINT('',(-28.19951295875,-0.165766460593,
    -7.450069758991));
#8019 = CARTESIAN_POINT('',(-28.19954947344,-0.1594362206,
    -7.454154753284));
#8020 = CARTESIAN_POINT('',(-28.19956780017,-0.1561737126,
    -7.456182075293));
#8021 = CARTESIAN_POINT('',(-28.199585807,-0.152877068246,
    -7.458153404934));
#8022 = CARTESIAN_POINT('',(-28.19962002942,-0.146423887205,
    -7.461864252026));
#8023 = CARTESIAN_POINT('',(-28.19963628698,-0.143271259706,
    -7.46361056757));
#8024 = CARTESIAN_POINT('',(-28.1996522102,-0.140091062646,
    -7.465306160539));
#8025 = CARTESIAN_POINT('',(-28.19968350159,-0.133644702858,
    -7.468611708431));
#8026 = CARTESIAN_POINT('',(-28.1996988623,-0.13037799024,-7.47022059141
    ));
#8027 = CARTESIAN_POINT('',(-28.19971383248,-0.127085665095,
    -7.47177639433));
#8028 = CARTESIAN_POINT('',(-28.19974263246,-0.120523832524,
    -7.474748305394));
#8029 = CARTESIAN_POINT('',(-28.19975647989,-0.117255360875,
    -7.476166700699));
#8030 = CARTESIAN_POINT('',(-28.19976991007,-0.113964836237,
    -7.477533160039));
#8031 = CARTESIAN_POINT('',(-28.19979522,-0.107514660847,-7.480092769862
    ));
#8032 = CARTESIAN_POINT('',(-28.19980714407,-0.104357121254,
    -7.481291240354));
#8033 = CARTESIAN_POINT('',(-28.19981865901,-0.101181946267,
    -7.482442179615));
#8034 = CARTESIAN_POINT('',(-28.19984105774,-9.47359915049E-02,
    -7.484669846565));
#8035 = CARTESIAN_POINT('',(-28.19985192477,-9.146455693581E-02,
    -7.485744680088));
#8036 = CARTESIAN_POINT('',(-28.199862335,-8.817705431137E-02,
    -7.486769320245));
#8037 = CARTESIAN_POINT('',(-28.19988208096,-8.161639655482E-02,
    -7.488704502652));
#8038 = CARTESIAN_POINT('',(-28.1998914292,-7.834363736019E-02,
    -7.489616387518));
#8039 = CARTESIAN_POINT('',(-28.19990030575,-7.505748076597E-02,
    -7.49047875066));
#8040 = CARTESIAN_POINT('',(-28.19991699976,-6.849705962138E-02,
    -7.492094903022));
#8041 = CARTESIAN_POINT('',(-28.19992482784,-6.522306448662E-02,
    -7.492849786252));
#8042 = CARTESIAN_POINT('',(-28.19993217224,-6.19381606885E-02,
    -7.493555695034));
#8043 = CARTESIAN_POINT('',(-28.19994581465,-5.537792137788E-02,
    -7.494863307791));
#8044 = CARTESIAN_POINT('',(-28.19995212135,-5.210275870248E-02,
    -7.495465879357));
#8045 = CARTESIAN_POINT('',(-28.19995793496,-4.881903543051E-02,
    -7.496019910486));
#8046 = CARTESIAN_POINT('',(-28.19996834451,-4.237135574932E-02,
    -7.497009874348));
#8047 = CARTESIAN_POINT('',(-28.19997298055,-3.920799902326E-02,
    -7.497449713069));
#8048 = CARTESIAN_POINT('',(-28.19997715046,-3.603871700576E-02,
    -7.497844604794));
#8049 = CARTESIAN_POINT('',(-28.19998453175,-2.970505896252E-02,
    -7.498542647481));
#8050 = CARTESIAN_POINT('',(-28.19998774753,-2.65407291671E-02,
    -7.498846218655));
#8051 = CARTESIAN_POINT('',(-28.19999049267,-2.33724258231E-02,
    -7.499105053038));
#8052 = CARTESIAN_POINT('',(-28.19999511059,-1.692598032537E-02,
    -7.499540124907));
#8053 = CARTESIAN_POINT('',(-28.19999695188,-1.364763690395E-02,
    -7.499713381932));
#8054 = CARTESIAN_POINT('',(-28.19999828532,-1.036711426857E-02,
    -7.49983878702));
#8055 = CARTESIAN_POINT('',(-28.19999955484,-5.314424823413E-03,
    -7.49995815576));
#8056 = CARTESIAN_POINT('',(-28.19999985161,-3.543059746919E-03,
    -7.49998605192));
#8057 = CARTESIAN_POINT('',(-28.2,-1.771529821026E-03,-7.5));
#8058 = CARTESIAN_POINT('',(-28.2,3.441691376338E-15,-7.5));
#8059 = PCURVE('',#6981,#8060);
#8060 = DEFINITIONAL_REPRESENTATION('',(#8061),#8070);
#8061 = B_SPLINE_CURVE_WITH_KNOTS('',7,(#8062,#8063,#8064,#8065,#8066,
    #8067,#8068,#8069),.UNSPECIFIED.,.F.,.F.,(8,8),(0.,1.),
  .PIECEWISE_BEZIER_KNOTS.);
#8062 = CARTESIAN_POINT('',(-3.14159265359,-0.6));
#8063 = CARTESIAN_POINT('',(-3.146367671688,-0.6));
#8064 = CARTESIAN_POINT('',(-3.151138374869,-0.529482967775));
#8065 = CARTESIAN_POINT('',(-3.154365806749,-0.388560177676));
#8066 = CARTESIAN_POINT('',(-3.154360640008,-0.21127618837));
#8067 = CARTESIAN_POINT('',(-3.15113704903,-7.051098210931E-02));
#8068 = CARTESIAN_POINT('',(-3.146366510757,2.045092270134E-11));
#8069 = CARTESIAN_POINT('',(-3.14159265359,0.));
#8070 = ( GEOMETRIC_REPRESENTATION_CONTEXT(2) 
PARAMETRIC_REPRESENTATION_CONTEXT() REPRESENTATION_CONTEXT('2D SPACE',''
  ) );
#8071 = PCURVE('',#8072,#8077);
#8072 = SPHERICAL_SURFACE('',#8073,0.3);
#8073 = AXIS2_PLACEMENT_3D('',#8074,#8075,#8076);
#8074 = CARTESIAN_POINT('',(-28.2,3.453503973596E-15,-7.2));
#8075 = DIRECTION('',(0.,0.,1.));
#8076 = DIRECTION('',(1.,0.,0.));
#8077 = DEFINITIONAL_REPRESENTATION('',(#8078),#8093);
#8078 = B_SPLINE_CURVE_WITH_KNOTS('',5,(#8079,#8080,#8081,#8082,#8083,
    #8084,#8085,#8086,#8087,#8088,#8089,#8090,#8091,#8092),
  .UNSPECIFIED.,.F.,.F.,(6,4,4,6),(0.,1.000004916572E-02,0.990000000491,
    1.),.UNSPECIFIED.);
#8079 = CARTESIAN_POINT('',(4.712389034819,1.570796326795));
#8080 = CARTESIAN_POINT('',(4.71242244312,1.56451248706));
#8081 = CARTESIAN_POINT('',(4.712455851422,1.558228647325));
#8082 = CARTESIAN_POINT('',(4.712489259723,1.55194480759));
#8083 = CARTESIAN_POINT('',(4.712522668025,1.545660967855));
#8084 = CARTESIAN_POINT('',(4.715830073614,0.92356389236));
#8085 = CARTESIAN_POINT('',(4.719145834258,0.307735398359));
#8086 = CARTESIAN_POINT('',(4.719143829817,-0.308124829491));
#8087 = CARTESIAN_POINT('',(4.715829288642,-0.923709521743));
#8088 = CARTESIAN_POINT('',(4.712522637398,-1.545666742118));
#8089 = CARTESIAN_POINT('',(4.71248923688,-1.551949138288));
#8090 = CARTESIAN_POINT('',(4.712455836363,-1.558231534457));
#8091 = CARTESIAN_POINT('',(4.712422435845,-1.564513930626));
#8092 = CARTESIAN_POINT('',(4.712389035327,-1.570796326795));
#8093 = ( GEOMETRIC_REPRESENTATION_CONTEXT(2) 
PARAMETRIC_REPRESENTATION_CONTEXT() REPRESENTATION_CONTEXT('2D SPACE',''
  ) );
#8094 = ORIENTED_EDGE('',*,*,#7408,.T.);
#8095 = ORIENTED_EDGE('',*,*,#8096,.F.);
#8096 = EDGE_CURVE('',#6965,#7409,#8097,.T.);
#8097 = SURFACE_CURVE('',#8098,(#8257,#8271),.PCURVE_S1.);
#8098 = B_SPLINE_CURVE_WITH_KNOTS('',4,(#8099,#8100,#8101,#8102,#8103,
    #8104,#8105,#8106,#8107,#8108,#8109,#8110,#8111,#8112,#8113,#8114,
    #8115,#8116,#8117,#8118,#8119,#8120,#8121,#8122,#8123,#8124,#8125,
    #8126,#8127,#8128,#8129,#8130,#8131,#8132,#8133,#8134,#8135,#8136,
    #8137,#8138,#8139,#8140,#8141,#8142,#8143,#8144,#8145,#8146,#8147,
    #8148,#8149,#8150,#8151,#8152,#8153,#8154,#8155,#8156,#8157,#8158,
    #8159,#8160,#8161,#8162,#8163,#8164,#8165,#8166,#8167,#8168,#8169,
    #8170,#8171,#8172,#8173,#8174,#8175,#8176,#8177,#8178,#8179,#8180,
    #8181,#8182,#8183,#8184,#8185,#8186,#8187,#8188,#8189,#8190,#8191,
    #8192,#8193,#8194,#8195,#8196,#8197,#8198,#8199,#8200,#8201,#8202,
    #8203,#8204,#8205,#8206,#8207,#8208,#8209,#8210,#8211,#8212,#8213,
    #8214,#8215,#8216,#8217,#8218,#8219,#8220,#8221,#8222,#8223,#8224,
    #8225,#8226,#8227,#8228,#8229,#8230,#8231,#8232,#8233,#8234,#8235,
    #8236,#8237,#8238,#8239,#8240,#8241,#8242,#8243,#8244,#8245,#8246,
    #8247,#8248,#8249,#8250,#8251,#8252,#8253,#8254,#8255,#8256),
  .UNSPECIFIED.,.F.,.F.,(5,3,3,3,3,3,3,3,3,3,3,3,3,3,3,3,3,3,3,3,3,3,3,3
    ,3,3,3,3,3,3,3,3,3,3,3,3,3,3,3,3,3,3,3,3,3,3,3,3,3,3,3,3,5),(0.,
    1.575298855673E-02,3.042983077819E-02,4.513924158306E-02,
    5.989741447541E-02,7.369648719805E-02,8.859770633741E-02,
    0.103081384612,0.114660490428,0.126032323172,0.137463280796,
    0.148563152571,0.160132710404,0.171785716041,0.183532188936,
    0.1953833797,0.207352033919,0.219452725796,0.23170228974,
    0.24412038604,0.256730255797,0.269559751255,0.282642773883,
    0.296078312963,0.310274097666,0.323349098364,0.335970378969,
    0.349547765426,0.362140666233,0.373659358432,0.386275769191,
    0.400408611922,0.416831733044,0.434128391957,0.489242025065,
    0.664267071569,0.698648510636,0.725565728375,0.748240157603,
    0.775322050879,0.794199256059,0.806064521858,0.81990940828,
    0.832642779402,0.853718416913,0.87134473298,0.889244654418,
    0.90879125583,0.927990461926,0.946926798245,0.964387011754,
    0.98302296125,1.),.UNSPECIFIED.);
#8099 = CARTESIAN_POINT('',(14.1,-24.42191638672,-7.5));
#8100 = CARTESIAN_POINT('',(14.096783271586,-24.42377356573,
    -7.499999999961));
#8101 = CARTESIAN_POINT('',(14.093566223257,-24.42563017622,
    -7.499938682542));
#8102 = CARTESIAN_POINT('',(14.090350158941,-24.42748546537,
    -7.499816047528));
#8103 = CARTESIAN_POINT('',(14.084142188364,-24.43106528099,
    -7.499460854506));
#8104 = CARTESIAN_POINT('',(14.081149975425,-24.43279008344,
    -7.499236377986));
#8105 = CARTESIAN_POINT('',(14.078160826666,-24.43451246915,
    -7.498958801599));
#8106 = CARTESIAN_POINT('',(14.072184156462,-24.43795500826,
    -7.498296950226));
#8107 = CARTESIAN_POINT('',(14.069196653232,-24.4396751483,
    -7.497912439825));
#8108 = CARTESIAN_POINT('',(14.066214362337,-24.44139164002,
    -7.497474829595));
#8109 = CARTESIAN_POINT('',(14.060252467281,-24.44482179159,
    -7.49649213312));
#8110 = CARTESIAN_POINT('',(14.057272904684,-24.44653542325,
    -7.495946695379));
#8111 = CARTESIAN_POINT('',(14.054300734235,-24.448244161,
    -7.495348157843));
#8112 = CARTESIAN_POINT('',(14.048565917166,-24.45153994917,
    -7.494087683998));
#8113 = CARTESIAN_POINT('',(14.045802206656,-24.45312769114,
    -7.493432395676));
#8114 = CARTESIAN_POINT('',(14.043046764197,-24.45471013131,
    -7.492731080441));
#8115 = CARTESIAN_POINT('',(14.037334795413,-24.45798936003,
    -7.491177192679));
#8116 = CARTESIAN_POINT('',(14.034379786227,-24.45968518676,
    -7.490317013004));
#8117 = CARTESIAN_POINT('',(14.031436517227,-24.46137364651,
    -7.489403728872));
#8118 = CARTESIAN_POINT('',(14.02565772781,-24.46468753291,
    -7.487498727474));
#8119 = CARTESIAN_POINT('',(14.022821499024,-24.46631340014,
    -7.486509924985));
#8120 = CARTESIAN_POINT('',(14.019998369224,-24.46793117954,
    -7.485471610839));
#8121 = CARTESIAN_POINT('',(14.014943591659,-24.47082677027,
    -7.483514789391));
#8122 = CARTESIAN_POINT('',(14.012706864644,-24.47210769728,
    -7.482614013554));
#8123 = CARTESIAN_POINT('',(14.010479632621,-24.47338282687,
    -7.481682025313));
#8124 = CARTESIAN_POINT('',(14.00608483504,-24.47589822435,
    -7.47977328776));
#8125 = CARTESIAN_POINT('',(14.003916914978,-24.47713870775,
    -7.47879763829));
#8126 = CARTESIAN_POINT('',(14.001759095596,-24.47837307395,
    -7.477792290599));
#8127 = CARTESIAN_POINT('',(13.99745341556,-24.48083544452,
    -7.475717259434));
#8128 = CARTESIAN_POINT('',(13.995305664983,-24.48206338246,
    -7.474647268625));
#8129 = CARTESIAN_POINT('',(13.993169053862,-24.48328462074,
    -7.473547716683));
#8130 = CARTESIAN_POINT('',(13.988980581243,-24.48567801686,
    -7.471322673137));
#8131 = CARTESIAN_POINT('',(13.986928057458,-24.48685057179,
    -7.47019885526));
#8132 = CARTESIAN_POINT('',(13.984886893909,-24.48801633505,
    -7.469047615517));
#8133 = CARTESIAN_POINT('',(13.980742245323,-24.49038285129,
    -7.4666409063));
#8134 = CARTESIAN_POINT('',(13.978639777897,-24.49158299754,
    -7.465383087693));
#8135 = CARTESIAN_POINT('',(13.976550573987,-24.49277525644,
    -7.464096008173));
#8136 = CARTESIAN_POINT('',(13.972384646881,-24.49515203202,
    -7.461454415484));
#8137 = CARTESIAN_POINT('',(13.97030812236,-24.49633643086,
    -7.460099482875));
#8138 = CARTESIAN_POINT('',(13.968245993591,-24.49751231076,
    -7.458715456698));
#8139 = CARTESIAN_POINT('',(13.964135031319,-24.49985588671,
    -7.455878517443));
#8140 = CARTESIAN_POINT('',(13.96208643709,-24.50102344149,
    -7.454425140851));
#8141 = CARTESIAN_POINT('',(13.960053413756,-24.50218182271,
    -7.452942846996));
#8142 = CARTESIAN_POINT('',(13.95600145392,-24.50448997435,
    -7.449907642537));
#8143 = CARTESIAN_POINT('',(13.953982804539,-24.50563957595,
    -7.448354220176));
#8144 = CARTESIAN_POINT('',(13.951980951839,-24.50677932193,
    -7.446772064977));
#8145 = CARTESIAN_POINT('',(13.947992097573,-24.50904979318,
    -7.443535071557));
#8146 = CARTESIAN_POINT('',(13.946005439829,-24.51018031708,
    -7.441879668337));
#8147 = CARTESIAN_POINT('',(13.944036864644,-24.51130027049,
    -7.440195723801));
#8148 = CARTESIAN_POINT('',(13.940115297401,-24.51353076648,
    -7.436752672596));
#8149 = CARTESIAN_POINT('',(13.938162716804,-24.51464106896,
    -7.434992941654));
#8150 = CARTESIAN_POINT('',(13.936229576421,-24.51574004667,
    -7.433204866759));
#8151 = CARTESIAN_POINT('',(13.932379571824,-24.51792822465,
    -7.429550563621));
#8152 = CARTESIAN_POINT('',(13.930463200412,-24.51901713832,
    -7.427683644484));
#8153 = CARTESIAN_POINT('',(13.928567713279,-24.52009392522,
    -7.425788583031));
#8154 = CARTESIAN_POINT('',(13.924793660665,-24.52223738328,
    -7.421916672781));
#8155 = CARTESIAN_POINT('',(13.922915686753,-24.52330371144,
    -7.419939057412));
#8156 = CARTESIAN_POINT('',(13.921060146178,-24.52435705267,
    -7.417933503681));
#8157 = CARTESIAN_POINT('',(13.917366573183,-24.52645331568,
    -7.41383615711));
#8158 = CARTESIAN_POINT('',(13.915529253627,-24.52749582536,
    -7.411743510733));
#8159 = CARTESIAN_POINT('',(13.913716045446,-24.52852441617,
    -7.409623129751));
#8160 = CARTESIAN_POINT('',(13.910107648927,-24.53057091818,
    -7.405290619883));
#8161 = CARTESIAN_POINT('',(13.908313324437,-24.53158833137,
    -7.403077536199));
#8162 = CARTESIAN_POINT('',(13.906544949874,-24.53259080419,
    -7.4008369182));
#8163 = CARTESIAN_POINT('',(13.903026635183,-24.53458486607,
    -7.396257033926));
#8164 = CARTESIAN_POINT('',(13.901277749863,-24.53557584859,
    -7.393916693162));
#8165 = CARTESIAN_POINT('',(13.899556855879,-24.53655075582,
    -7.39154901056));
#8166 = CARTESIAN_POINT('',(13.896126417103,-24.53849373106,
    -7.386695797368));
#8167 = CARTESIAN_POINT('',(13.894418427452,-24.53946090701,
    -7.384208810314));
#8168 = CARTESIAN_POINT('',(13.892740992481,-24.54041057714,
    -7.381694431425));
#8169 = CARTESIAN_POINT('',(13.889355065404,-24.54232710772,
    -7.376468618864));
#8170 = CARTESIAN_POINT('',(13.887650186741,-24.54329190023,
    -7.373754085433));
#8171 = CARTESIAN_POINT('',(13.885980558988,-24.54423654218,
    -7.37101070751));
#8172 = CARTESIAN_POINT('',(13.882841900251,-24.54601197265,
    -7.365686902473));
#8173 = CARTESIAN_POINT('',(13.881367439133,-24.54684586183,
    -7.36311071049));
#8174 = CARTESIAN_POINT('',(13.879923779916,-24.54766217985,
    -7.360511548644));
#8175 = CARTESIAN_POINT('',(13.877147886676,-24.54923153551,
    -7.355359726683));
#8176 = CARTESIAN_POINT('',(13.875813524547,-24.54998578602,
    -7.352808582883));
#8177 = CARTESIAN_POINT('',(13.874508603249,-24.55072327169,
    -7.350237387408));
#8178 = CARTESIAN_POINT('',(13.8718617259,-24.55221893719,
    -7.344860008387));
#8179 = CARTESIAN_POINT('',(13.870524452707,-24.55297445256,
    -7.342050778642));
#8180 = CARTESIAN_POINT('',(13.869222066378,-24.55371013495,
    -7.339219977305));
#8181 = CARTESIAN_POINT('',(13.866779726653,-24.55508953016,
    -7.333723724092));
#8182 = CARTESIAN_POINT('',(13.865634842645,-24.55573604378,
    -7.331061165727));
#8183 = CARTESIAN_POINT('',(13.864520618303,-24.5563651539,
    -7.328381487046));
#8184 = CARTESIAN_POINT('',(13.862446470302,-24.55753609694,
    -7.323219280836));
#8185 = CARTESIAN_POINT('',(13.861481492126,-24.55808079706,
    -7.320739434694));
#8186 = CARTESIAN_POINT('',(13.8605426267,-24.55861069342,
    -7.318246392456));
#8187 = CARTESIAN_POINT('',(13.858630561996,-24.55968974281,
    -7.312996221694));
#8188 = CARTESIAN_POINT('',(13.857662617383,-24.56023591852,
    -7.310236567496));
#8189 = CARTESIAN_POINT('',(13.856726509516,-24.56076406624,
    -7.307462458968));
#8190 = CARTESIAN_POINT('',(13.854809789445,-24.56184535107,
    -7.30155171146));
#8191 = CARTESIAN_POINT('',(13.853837351846,-24.56239386171,
    -7.298411575202));
#8192 = CARTESIAN_POINT('',(13.852905505659,-24.56291941316,
    -7.295255246151));
#8193 = CARTESIAN_POINT('',(13.85097920994,-24.56400570629,
    -7.288398340346));
#8194 = CARTESIAN_POINT('',(13.849999086821,-24.56455834899,
    -7.284692455649));
#8195 = CARTESIAN_POINT('',(13.849074647899,-24.56507953153,
    -7.280967751823));
#8196 = CARTESIAN_POINT('',(13.847291736123,-24.56608460208,
    -7.273285004188));
#8197 = CARTESIAN_POINT('',(13.846439387259,-24.56656503195,
    -7.269325086522));
#8198 = CARTESIAN_POINT('',(13.845649698064,-24.56701009757,
    -7.265348081628));
#8199 = CARTESIAN_POINT('',(13.842607606624,-24.56872446247,
    -7.248635555012));
#8200 = CARTESIAN_POINT('',(13.840932056572,-24.56966833144,
    -7.235761578879));
#8201 = CARTESIAN_POINT('',(13.8399082075,-24.57024503314,
    -7.222797958891));
#8202 = CARTESIAN_POINT('',(13.83836217451,-24.57111585069,
    -7.168562827865));
#8203 = CARTESIAN_POINT('',(13.843793182787,-24.56805712821,
    -7.127068597127));
#8204 = CARTESIAN_POINT('',(13.855806922484,-24.56129127768,
    -7.087561959872));
#8205 = CARTESIAN_POINT('',(13.877018942615,-24.5493047003,
    -7.044702914622));
#8206 = CARTESIAN_POINT('',(13.880721666408,-24.5472114808,
    -7.037810001891));
#8207 = CARTESIAN_POINT('',(13.884637537651,-24.54499669725,
    -7.031074673115));
#8208 = CARTESIAN_POINT('',(13.891984672308,-24.54083893444,
    -7.019369964205));
#8209 = CARTESIAN_POINT('',(13.895336581415,-24.53894133379,
    -7.014334645896));
#8210 = CARTESIAN_POINT('',(13.898810256991,-24.53697394702,
    -7.009409853715));
#8211 = CARTESIAN_POINT('',(13.905426427303,-24.53322498091,
    -7.000550712646));
#8212 = CARTESIAN_POINT('',(13.908534820695,-24.53146299363,
    -6.996582602799));
#8213 = CARTESIAN_POINT('',(13.911723952985,-24.52965451784,
    -6.992700405748));
#8214 = CARTESIAN_POINT('',(13.918893159256,-24.52558731913,
    -6.984376945545));
#8215 = CARTESIAN_POINT('',(13.922906480882,-24.52330940728,
    -6.979973693245));
#8216 = CARTESIAN_POINT('',(13.927026228563,-24.5209698829,
    -6.975703029691));
#8217 = CARTESIAN_POINT('',(13.934189484154,-24.51689978099,
    -6.968688999578));
#8218 = CARTESIAN_POINT('',(13.937180922437,-24.51519944805,
    -6.96587490271));
#8219 = CARTESIAN_POINT('',(13.940219825966,-24.51347147584,
    -6.963129332948));
#8220 = CARTESIAN_POINT('',(13.945243158398,-24.51061399125,
    -6.958772186182));
#8221 = CARTESIAN_POINT('',(13.947199978858,-24.50950059813,
    -6.957118207842));
#8222 = CARTESIAN_POINT('',(13.949174377203,-24.50837692393,
    -6.95549231046));
#8223 = CARTESIAN_POINT('',(13.953489665987,-24.50592037225,
    -6.952030895685));
#8224 = CARTESIAN_POINT('',(13.955836743007,-24.50458386966,
    -6.950205663602));
#8225 = CARTESIAN_POINT('',(13.958206379863,-24.50323411782,
    -6.948419754057));
#8226 = CARTESIAN_POINT('',(13.962797259803,-24.50061834096,
    -6.945067857447));
#8227 = CARTESIAN_POINT('',(13.965015143171,-24.49935429378,
    -6.943495725167));
#8228 = CARTESIAN_POINT('',(13.967250874821,-24.49807971507,
    -6.941957747638));
#8229 = CARTESIAN_POINT('',(13.973232859509,-24.49466843787,
    -6.937965935909));
#8230 = CARTESIAN_POINT('',(13.977009107056,-24.4925139979,
    -6.935572210883));
#8231 = CARTESIAN_POINT('',(13.980829845337,-24.49033312593,
    -6.933274966243));
#8232 = CARTESIAN_POINT('',(13.987922486324,-24.48628265691,
    -6.929236570848));
#8233 = CARTESIAN_POINT('',(13.99118187213,-24.48442053178,
    -6.927465941106));
#8234 = CARTESIAN_POINT('',(13.994468727792,-24.48254193477,
    -6.925764856582));
#8235 = CARTESIAN_POINT('',(14.001145393126,-24.47872428655,
    -6.922478129962));
#8236 = CARTESIAN_POINT('',(14.004536009219,-24.47678474945,
    -6.920894689567));
#8237 = CARTESIAN_POINT('',(14.00795141497,-24.47483019049,
    -6.919384700172));
#8238 = CARTESIAN_POINT('',(14.015144471933,-24.47071196654,
    -6.916381052063));
#8239 = CARTESIAN_POINT('',(14.018926543813,-24.46854560602,
    -6.914901674304));
#8240 = CARTESIAN_POINT('',(14.022733632943,-24.46636386853,
    -6.913511768541));
#8241 = CARTESIAN_POINT('',(14.030324948648,-24.46201137757,
    -6.910935630423));
#8242 = CARTESIAN_POINT('',(14.034108379446,-24.4598411178,
    -6.90974621713));
#8243 = CARTESIAN_POINT('',(14.03791132508,-24.45765861716,
    -6.908644683863));
#8244 = CARTESIAN_POINT('',(14.045499295443,-24.4533017897,
    -6.906632474738));
#8245 = CARTESIAN_POINT('',(14.049283853037,-24.45112775989,
    -6.905719392108));
#8246 = CARTESIAN_POINT('',(14.053082906078,-24.44894435683,
    -6.904892984961));
#8247 = CARTESIAN_POINT('',(14.060408400626,-24.44473219408,
    -6.903472022326));
#8248 = CARTESIAN_POINT('',(14.063933008092,-24.44270464691,
    -6.902864415166));
#8249 = CARTESIAN_POINT('',(14.067466259034,-24.4406712211,
    -6.902331208831));
#8250 = CARTESIAN_POINT('',(14.074784878709,-24.43645738703,
    -6.901383177625));
#8251 = CARTESIAN_POINT('',(14.078571203692,-24.43427630145,
    -6.900978742058));
#8252 = CARTESIAN_POINT('',(14.082363191024,-24.43209090829,
    -6.900659605604));
#8253 = CARTESIAN_POINT('',(14.089616293198,-24.42790880612,
    -6.900213001224));
#8254 = CARTESIAN_POINT('',(14.093076813786,-24.42591261797,
    -6.900071000412));
#8255 = CARTESIAN_POINT('',(14.096538595889,-24.42391482931,
    -6.899999999999));
#8256 = CARTESIAN_POINT('',(14.1,-24.42191638672,-6.9));
#8257 = PCURVE('',#6981,#8258);
#8258 = DEFINITIONAL_REPRESENTATION('',(#8259),#8270);
#8259 = B_SPLINE_CURVE_WITH_KNOTS('',5,(#8260,#8261,#8262,#8263,#8264,
    #8265,#8266,#8267,#8268,#8269),.UNSPECIFIED.,.F.,.F.,(6,4,6),(0.,0.5
    ,1.),.UNSPECIFIED.);
#8260 = CARTESIAN_POINT('',(-5.235987755983,0.));
#8261 = CARTESIAN_POINT('',(-5.232643252219,-9.883465838819E-10));
#8262 = CARTESIAN_POINT('',(-5.229295589036,-3.696463275761E-02));
#8263 = CARTESIAN_POINT('',(-5.226652935606,-0.111572295303));
#8264 = CARTESIAN_POINT('',(-5.225345520098,-0.206023077406));
#8265 = CARTESIAN_POINT('',(-5.225353330377,-0.394646588165));
#8266 = CARTESIAN_POINT('',(-5.226665738175,-0.488713126408));
#8267 = CARTESIAN_POINT('',(-5.229305300911,-0.56315629129));
#8268 = CARTESIAN_POINT('',(-5.232648339269,-0.600000000035));
#8269 = CARTESIAN_POINT('',(-5.235987755983,-0.6));
#8270 = ( GEOMETRIC_REPRESENTATION_CONTEXT(2) 
PARAMETRIC_REPRESENTATION_CONTEXT() REPRESENTATION_CONTEXT('2D SPACE',''
  ) );
#8271 = PCURVE('',#7842,#8272);
#8272 = DEFINITIONAL_REPRESENTATION('',(#8273),#8292);
#8273 = B_SPLINE_CURVE_WITH_KNOTS('',5,(#8274,#8275,#8276,#8277,#8278,
    #8279,#8280,#8281,#8282,#8283,#8284,#8285,#8286,#8287,#8288,#8289,
    #8290,#8291),.UNSPECIFIED.,.F.,.F.,(6,4,4,4,6),(0.,1.00000013587E-02
    ,0.500000000656,0.989999999952,1.),.UNSPECIFIED.);
#8274 = CARTESIAN_POINT('',(3.665191374114,-1.570796326795));
#8275 = CARTESIAN_POINT('',(3.665157945626,-1.564508664812));
#8276 = CARTESIAN_POINT('',(3.665124517139,-1.55822100283));
#8277 = CARTESIAN_POINT('',(3.665091088652,-1.551933340847));
#8278 = CARTESIAN_POINT('',(3.665057660165,-1.545645678865));
#8279 = CARTESIAN_POINT('',(3.663386236027,-1.231262622041));
#8280 = CARTESIAN_POINT('',(3.661766334653,-0.923157557221));
#8281 = CARTESIAN_POINT('',(3.660498866419,-0.615094104548));
#8282 = CARTESIAN_POINT('',(3.65986999232,-0.306969166549));
#8283 = CARTESIAN_POINT('',(3.659874582442,0.309201387822));
#8284 = CARTESIAN_POINT('',(3.660504007551,0.616385661401));
#8285 = CARTESIAN_POINT('',(3.661771773594,0.924159563715));
#8286 = CARTESIAN_POINT('',(3.663388977757,1.231778735518));
#8287 = CARTESIAN_POINT('',(3.665057863482,1.545683912485));
#8288 = CARTESIAN_POINT('',(3.665091241197,1.551962016063));
#8289 = CARTESIAN_POINT('',(3.665124618912,1.55824011964));
#8290 = CARTESIAN_POINT('',(3.665157996626,1.564518223217));
#8291 = CARTESIAN_POINT('',(3.665191374341,1.570796326795));
#8292 = ( GEOMETRIC_REPRESENTATION_CONTEXT(2) 
PARAMETRIC_REPRESENTATION_CONTEXT() REPRESENTATION_CONTEXT('2D SPACE',''
  ) );
#8293 = ADVANCED_FACE('',(#8294),#6953,.T.);
#8294 = FACE_BOUND('',#8295,.T.);
#8295 = EDGE_LOOP('',(#8296,#8297,#8320,#8341));
#8296 = ORIENTED_EDGE('',*,*,#7871,.F.);
#8297 = ORIENTED_EDGE('',*,*,#8298,.T.);
#8298 = EDGE_CURVE('',#7872,#8299,#8301,.T.);
#8299 = VERTEX_POINT('',#8300);
#8300 = CARTESIAN_POINT('',(-26.7,-2.,-7.2));
#8301 = SURFACE_CURVE('',#8302,(#8306,#8313),.PCURVE_S1.);
#8302 = LINE('',#8303,#8304);
#8303 = CARTESIAN_POINT('',(-28.3,-2.,-7.2));
#8304 = VECTOR('',#8305,1.);
#8305 = DIRECTION('',(1.,0.,0.));
#8306 = PCURVE('',#6953,#8307);
#8307 = DEFINITIONAL_REPRESENTATION('',(#8308),#8312);
#8308 = LINE('',#8309,#8310);
#8309 = CARTESIAN_POINT('',(0.,-1.3));
#8310 = VECTOR('',#8311,1.);
#8311 = DIRECTION('',(1.,0.));
#8312 = ( GEOMETRIC_REPRESENTATION_CONTEXT(2) 
PARAMETRIC_REPRESENTATION_CONTEXT() REPRESENTATION_CONTEXT('2D SPACE',''
  ) );
#8313 = PCURVE('',#7909,#8314);
#8314 = DEFINITIONAL_REPRESENTATION('',(#8315),#8319);
#8315 = LINE('',#8316,#8317);
#8316 = CARTESIAN_POINT('',(-0.8,-2.));
#8317 = VECTOR('',#8318,1.);
#8318 = DIRECTION('',(1.,0.));
#8319 = ( GEOMETRIC_REPRESENTATION_CONTEXT(2) 
PARAMETRIC_REPRESENTATION_CONTEXT() REPRESENTATION_CONTEXT('2D SPACE',''
  ) );
#8320 = ORIENTED_EDGE('',*,*,#8321,.F.);
#8321 = EDGE_CURVE('',#6913,#8299,#8322,.T.);
#8322 = SURFACE_CURVE('',#8323,(#8327,#8334),.PCURVE_S1.);
#8323 = LINE('',#8324,#8325);
#8324 = CARTESIAN_POINT('',(-26.7,-2.,-8.5));
#8325 = VECTOR('',#8326,1.);
#8326 = DIRECTION('',(0.,0.,1.));
#8327 = PCURVE('',#6953,#8328);
#8328 = DEFINITIONAL_REPRESENTATION('',(#8329),#8333);
#8329 = LINE('',#8330,#8331);
#8330 = CARTESIAN_POINT('',(1.6,0.));
#8331 = VECTOR('',#8332,1.);
#8332 = DIRECTION('',(0.,-1.));
#8333 = ( GEOMETRIC_REPRESENTATION_CONTEXT(2) 
PARAMETRIC_REPRESENTATION_CONTEXT() REPRESENTATION_CONTEXT('2D SPACE',''
  ) );
#8334 = PCURVE('',#6927,#8335);
#8335 = DEFINITIONAL_REPRESENTATION('',(#8336),#8340);
#8336 = LINE('',#8337,#8338);
#8337 = CARTESIAN_POINT('',(0.,0.));
#8338 = VECTOR('',#8339,1.);
#8339 = DIRECTION('',(0.,-1.));
#8340 = ( GEOMETRIC_REPRESENTATION_CONTEXT(2) 
PARAMETRIC_REPRESENTATION_CONTEXT() REPRESENTATION_CONTEXT('2D SPACE',''
  ) );
#8341 = ORIENTED_EDGE('',*,*,#6938,.T.);
#8342 = ADVANCED_FACE('',(#8343),#6927,.T.);
#8343 = FACE_BOUND('',#8344,.T.);
#8344 = EDGE_LOOP('',(#8345,#8346,#8347,#8370));
#8345 = ORIENTED_EDGE('',*,*,#6912,.T.);
#8346 = ORIENTED_EDGE('',*,*,#8321,.T.);
#8347 = ORIENTED_EDGE('',*,*,#8348,.T.);
#8348 = EDGE_CURVE('',#8299,#8349,#8351,.T.);
#8349 = VERTEX_POINT('',#8350);
#8350 = CARTESIAN_POINT('',(-26.7,2.,-7.2));
#8351 = SURFACE_CURVE('',#8352,(#8356,#8363),.PCURVE_S1.);
#8352 = LINE('',#8353,#8354);
#8353 = CARTESIAN_POINT('',(-26.7,-2.,-7.2));
#8354 = VECTOR('',#8355,1.);
#8355 = DIRECTION('',(0.,1.,0.));
#8356 = PCURVE('',#6927,#8357);
#8357 = DEFINITIONAL_REPRESENTATION('',(#8358),#8362);
#8358 = LINE('',#8359,#8360);
#8359 = CARTESIAN_POINT('',(0.,-1.3));
#8360 = VECTOR('',#8361,1.);
#8361 = DIRECTION('',(1.,0.));
#8362 = ( GEOMETRIC_REPRESENTATION_CONTEXT(2) 
PARAMETRIC_REPRESENTATION_CONTEXT() REPRESENTATION_CONTEXT('2D SPACE',''
  ) );
#8363 = PCURVE('',#7909,#8364);
#8364 = DEFINITIONAL_REPRESENTATION('',(#8365),#8369);
#8365 = LINE('',#8366,#8367);
#8366 = CARTESIAN_POINT('',(0.8,-2.));
#8367 = VECTOR('',#8368,1.);
#8368 = DIRECTION('',(0.,1.));
#8369 = ( GEOMETRIC_REPRESENTATION_CONTEXT(2) 
PARAMETRIC_REPRESENTATION_CONTEXT() REPRESENTATION_CONTEXT('2D SPACE',''
  ) );
#8370 = ORIENTED_EDGE('',*,*,#8371,.F.);
#8371 = EDGE_CURVE('',#6887,#8349,#8372,.T.);
#8372 = SURFACE_CURVE('',#8373,(#8377,#8384),.PCURVE_S1.);
#8373 = LINE('',#8374,#8375);
#8374 = CARTESIAN_POINT('',(-26.7,2.,-8.5));
#8375 = VECTOR('',#8376,1.);
#8376 = DIRECTION('',(0.,0.,1.));
#8377 = PCURVE('',#6927,#8378);
#8378 = DEFINITIONAL_REPRESENTATION('',(#8379),#8383);
#8379 = LINE('',#8380,#8381);
#8380 = CARTESIAN_POINT('',(4.,0.));
#8381 = VECTOR('',#8382,1.);
#8382 = DIRECTION('',(0.,-1.));
#8383 = ( GEOMETRIC_REPRESENTATION_CONTEXT(2) 
PARAMETRIC_REPRESENTATION_CONTEXT() REPRESENTATION_CONTEXT('2D SPACE',''
  ) );
#8384 = PCURVE('',#6901,#8385);
#8385 = DEFINITIONAL_REPRESENTATION('',(#8386),#8390);
#8386 = LINE('',#8387,#8388);
#8387 = CARTESIAN_POINT('',(0.,-0.));
#8388 = VECTOR('',#8389,1.);
#8389 = DIRECTION('',(0.,-1.));
#8390 = ( GEOMETRIC_REPRESENTATION_CONTEXT(2) 
PARAMETRIC_REPRESENTATION_CONTEXT() REPRESENTATION_CONTEXT('2D SPACE',''
  ) );
#8391 = ADVANCED_FACE('',(#8392),#6901,.T.);
#8392 = FACE_BOUND('',#8393,.T.);
#8393 = EDGE_LOOP('',(#8394,#8395,#8396,#8419));
#8394 = ORIENTED_EDGE('',*,*,#6886,.T.);
#8395 = ORIENTED_EDGE('',*,*,#8371,.T.);
#8396 = ORIENTED_EDGE('',*,*,#8397,.T.);
#8397 = EDGE_CURVE('',#8349,#8398,#8400,.T.);
#8398 = VERTEX_POINT('',#8399);
#8399 = CARTESIAN_POINT('',(-28.12898860606,2.,-7.2));
#8400 = SURFACE_CURVE('',#8401,(#8405,#8412),.PCURVE_S1.);
#8401 = LINE('',#8402,#8403);
#8402 = CARTESIAN_POINT('',(-26.7,2.,-7.2));
#8403 = VECTOR('',#8404,1.);
#8404 = DIRECTION('',(-1.,0.,0.));
#8405 = PCURVE('',#6901,#8406);
#8406 = DEFINITIONAL_REPRESENTATION('',(#8407),#8411);
#8407 = LINE('',#8408,#8409);
#8408 = CARTESIAN_POINT('',(0.,-1.3));
#8409 = VECTOR('',#8410,1.);
#8410 = DIRECTION('',(1.,0.));
#8411 = ( GEOMETRIC_REPRESENTATION_CONTEXT(2) 
PARAMETRIC_REPRESENTATION_CONTEXT() REPRESENTATION_CONTEXT('2D SPACE',''
  ) );
#8412 = PCURVE('',#7909,#8413);
#8413 = DEFINITIONAL_REPRESENTATION('',(#8414),#8418);
#8414 = LINE('',#8415,#8416);
#8415 = CARTESIAN_POINT('',(0.8,2.));
#8416 = VECTOR('',#8417,1.);
#8417 = DIRECTION('',(-1.,0.));
#8418 = ( GEOMETRIC_REPRESENTATION_CONTEXT(2) 
PARAMETRIC_REPRESENTATION_CONTEXT() REPRESENTATION_CONTEXT('2D SPACE',''
  ) );
#8419 = ORIENTED_EDGE('',*,*,#8420,.T.);
#8420 = EDGE_CURVE('',#8398,#6858,#8421,.T.);
#8421 = SURFACE_CURVE('',#8422,(#8426,#8432),.PCURVE_S1.);
#8422 = LINE('',#8423,#8424);
#8423 = CARTESIAN_POINT('',(-28.12898860606,2.,-7.5));
#8424 = VECTOR('',#8425,1.);
#8425 = DIRECTION('',(-0.,-0.,-1.));
#8426 = PCURVE('',#6901,#8427);
#8427 = DEFINITIONAL_REPRESENTATION('',(#8428),#8431);
#8428 = B_SPLINE_CURVE_WITH_KNOTS('',1,(#8429,#8430),.UNSPECIFIED.,.F.,
  .F.,(2,2),(-0.43,6.000219636704E-07),.PIECEWISE_BEZIER_KNOTS.);
#8429 = CARTESIAN_POINT('',(1.428988606063,-1.43));
#8430 = CARTESIAN_POINT('',(1.428988606063,-0.999999399978));
#8431 = ( GEOMETRIC_REPRESENTATION_CONTEXT(2) 
PARAMETRIC_REPRESENTATION_CONTEXT() REPRESENTATION_CONTEXT('2D SPACE',''
  ) );
#8432 = PCURVE('',#6874,#8433);
#8433 = DEFINITIONAL_REPRESENTATION('',(#8434),#8437);
#8434 = B_SPLINE_CURVE_WITH_KNOTS('',1,(#8435,#8436),.UNSPECIFIED.,.F.,
  .F.,(2,2),(-0.43,6.000219636704E-07),.PIECEWISE_BEZIER_KNOTS.);
#8435 = CARTESIAN_POINT('',(-3.07061107738,-0.43));
#8436 = CARTESIAN_POINT('',(-3.07061107738,6.000219636704E-07));
#8437 = ( GEOMETRIC_REPRESENTATION_CONTEXT(2) 
PARAMETRIC_REPRESENTATION_CONTEXT() REPRESENTATION_CONTEXT('2D SPACE',''
  ) );
#8438 = ADVANCED_FACE('',(#8439),#6874,.T.);
#8439 = FACE_BOUND('',#8440,.F.);
#8440 = EDGE_LOOP('',(#8441,#8442,#8443,#8444,#8661,#8687));
#8441 = ORIENTED_EDGE('',*,*,#6857,.F.);
#8442 = ORIENTED_EDGE('',*,*,#7191,.F.);
#8443 = ORIENTED_EDGE('',*,*,#7384,.T.);
#8444 = ORIENTED_EDGE('',*,*,#8445,.F.);
#8445 = EDGE_CURVE('',#8446,#7385,#8448,.T.);
#8446 = VERTEX_POINT('',#8447);
#8447 = CARTESIAN_POINT('',(-28.19840425181,0.299996110677,-7.2));
#8448 = SURFACE_CURVE('',#8449,(#8605,#8627),.PCURVE_S1.);
#8449 = B_SPLINE_CURVE_WITH_KNOTS('',4,(#8450,#8451,#8452,#8453,#8454,
    #8455,#8456,#8457,#8458,#8459,#8460,#8461,#8462,#8463,#8464,#8465,
    #8466,#8467,#8468,#8469,#8470,#8471,#8472,#8473,#8474,#8475,#8476,
    #8477,#8478,#8479,#8480,#8481,#8482,#8483,#8484,#8485,#8486,#8487,
    #8488,#8489,#8490,#8491,#8492,#8493,#8494,#8495,#8496,#8497,#8498,
    #8499,#8500,#8501,#8502,#8503,#8504,#8505,#8506,#8507,#8508,#8509,
    #8510,#8511,#8512,#8513,#8514,#8515,#8516,#8517,#8518,#8519,#8520,
    #8521,#8522,#8523,#8524,#8525,#8526,#8527,#8528,#8529,#8530,#8531,
    #8532,#8533,#8534,#8535,#8536,#8537,#8538,#8539,#8540,#8541,#8542,
    #8543,#8544,#8545,#8546,#8547,#8548,#8549,#8550,#8551,#8552,#8553,
    #8554,#8555,#8556,#8557,#8558,#8559,#8560,#8561,#8562,#8563,#8564,
    #8565,#8566,#8567,#8568,#8569,#8570,#8571,#8572,#8573,#8574,#8575,
    #8576,#8577,#8578,#8579,#8580,#8581,#8582,#8583,#8584,#8585,#8586,
    #8587,#8588,#8589,#8590,#8591,#8592,#8593,#8594,#8595,#8596,#8597,
    #8598,#8599,#8600,#8601,#8602,#8603,#8604),.UNSPECIFIED.,.F.,.F.,(5,
    3,3,3,3,3,3,3,3,3,3,3,3,3,3,3,3,3,3,3,3,3,3,3,3,3,3,3,3,3,3,3,3,3,3,
    3,3,3,3,3,3,3,3,3,3,3,3,3,3,3,3,5),(0.,1.579544525257E-02,
    3.051184378781E-02,4.526089866647E-02,6.005884701478E-02,
    7.492268396268E-02,8.98704592759E-02,0.104791359133,0.116146541035,
    0.127160480191,0.138626602069,0.150160019456,0.161768980044,
    0.173462602124,0.185251048783,0.197145742953,0.209159637756,
    0.221307558374,0.233606649566,0.246076956394,0.258742207214,
    0.271630881893,0.284777704839,0.298308480189,0.311110327436,
    0.324220566869,0.336875863392,0.350489842613,0.363116682899,
    0.373838146356,0.386401679103,0.400448719874,0.416718932337,
    0.434519337581,0.45134150859,0.564943190419,0.675373476362,
    0.708162907097,0.737002576087,0.761485791954,0.785955232309,
    0.809000415153,0.830948993361,0.851321837631,0.871747714018,
    0.890948433305,0.910406971572,0.928870855674,0.94709303703,
    0.965782959875,0.984354486988,1.),.UNSPECIFIED.);
#8450 = CARTESIAN_POINT('',(-28.2,3.453503973596E-15,-7.5));
#8451 = CARTESIAN_POINT('',(-28.2,3.714358029668E-03,-7.5));
#8452 = CARTESIAN_POINT('',(-28.19999934768,7.428708863825E-03,
    -7.49993868251));
#8453 = CARTESIAN_POINT('',(-28.19999804305,1.114154682706E-02,
    -7.499816047528));
#8454 = CARTESIAN_POINT('',(-28.19999426904,1.830771487279E-02,
    -7.499460854505));
#8455 = CARTESIAN_POINT('',(-28.19999188531,2.176144851964E-02,
    -7.499236377986));
#8456 = CARTESIAN_POINT('',(-28.1999889407,2.521132013577E-02,
    -7.498958801597));
#8457 = CARTESIAN_POINT('',(-28.19998193192,3.210853792149E-02,
    -7.498296950223));
#8458 = CARTESIAN_POINT('',(-28.19997786528,3.555586163057E-02,
    -7.497912439823));
#8459 = CARTESIAN_POINT('',(-28.19997324527,3.899684716931E-02,
    -7.497474829593));
#8460 = CARTESIAN_POINT('',(-28.19996289614,4.587507551807E-02,
    -7.496492133119));
#8461 = CARTESIAN_POINT('',(-28.1999571634,4.931226823921E-02,
    -7.495946695379));
#8462 = CARTESIAN_POINT('',(-28.19995088847,5.274061221753E-02,
    -7.495348157846));
#8463 = CARTESIAN_POINT('',(-28.19993724351,5.959236907004E-02,
    -7.49404245036));
#8464 = CARTESIAN_POINT('',(-28.19992986873,6.301569215487E-02,
    -7.493334808556));
#8465 = CARTESIAN_POINT('',(-28.1999219667,6.642760661724E-02,
    -7.492574065825));
#8466 = CARTESIAN_POINT('',(-28.19990508502,7.3245352777E-02,
    -7.49094237344));
#8467 = CARTESIAN_POINT('',(-28.19989609953,7.665104145329E-02,
    -7.49007082566));
#8468 = CARTESIAN_POINT('',(-28.19988660556,8.004269576681E-02,
    -7.489146173019));
#8469 = CARTESIAN_POINT('',(-28.19986664792,8.678939224112E-02,
    -7.487193131182));
#8470 = CARTESIAN_POINT('',(-28.199856186,9.014448935091E-02,
    -7.486164931466));
#8471 = CARTESIAN_POINT('',(-28.19984524658,9.348314101948E-02,
    -7.485084530241));
#8472 = CARTESIAN_POINT('',(-28.1998251704,9.933149587576E-02,
    -7.483090715824));
#8473 = CARTESIAN_POINT('',(-28.19981622759,0.101848630127,
    -7.482199097221));
#8474 = CARTESIAN_POINT('',(-28.1998070252,0.104355004022,
    -7.481277666942));
#8475 = CARTESIAN_POINT('',(-28.19978840136,0.109270195059,
    -7.479404165363));
#8476 = CARTESIAN_POINT('',(-28.1997789948,0.111679680458,
    -7.478453847015));
#8477 = CARTESIAN_POINT('',(-28.19976935884,0.114078065474,
    -7.477475854277));
#8478 = CARTESIAN_POINT('',(-28.1997492391,0.118949677496,
    -7.475423639813));
#8479 = CARTESIAN_POINT('',(-28.19973873676,0.121421934604,
    -7.474347115803));
#8480 = CARTESIAN_POINT('',(-28.19972800314,0.123881111639,
    -7.473241040516));
#8481 = CARTESIAN_POINT('',(-28.19970602793,0.128786605048,
    -7.470963612969));
#8482 = CARTESIAN_POINT('',(-28.19969478373,0.131232761268,
    -7.469791915678));
#8483 = CARTESIAN_POINT('',(-28.19968332469,0.133664614183,
    -7.468590815637));
#8484 = CARTESIAN_POINT('',(-28.1996599209,0.13851449107,-7.466122288423
    ));
#8485 = CARTESIAN_POINT('',(-28.19964797345,0.140932320167,
    -7.464854478323));
#8486 = CARTESIAN_POINT('',(-28.19963582903,0.143334586972,
    -7.463557424184));
#8487 = CARTESIAN_POINT('',(-28.1996110781,0.148124343943,
    -7.460895743255));
#8488 = CARTESIAN_POINT('',(-28.19959846886,0.150511598618,
    -7.459530692636));
#8489 = CARTESIAN_POINT('',(-28.19958568195,0.152881989995,
    -7.458136566285));
#8490 = CARTESIAN_POINT('',(-28.19955967098,0.157607072385,
    -7.455279261498));
#8491 = CARTESIAN_POINT('',(-28.19954644422,0.159961480249,
    -7.453815614766));
#8492 = CARTESIAN_POINT('',(-28.19953306059,0.162297674283,
    -7.452323069489));
#8493 = CARTESIAN_POINT('',(-28.19950588234,0.166953466128,
    -7.449267165196));
#8494 = CARTESIAN_POINT('',(-28.19949208509,0.169272724624,
    -7.447703289164));
#8495 = CARTESIAN_POINT('',(-28.19947815335,0.171572360159,
    -7.446110699798));
#8496 = CARTESIAN_POINT('',(-28.19944990613,0.176154171856,
    -7.442852602161));
#8497 = CARTESIAN_POINT('',(-28.1994355882,0.178435942143,
    -7.441186523059));
#8498 = CARTESIAN_POINT('',(-28.19942115981,0.180696610636,
    -7.439491922808));
#8499 = CARTESIAN_POINT('',(-28.19939194753,0.185199663452,
    -7.436027276475));
#8500 = CARTESIAN_POINT('',(-28.19937716148,0.187441562488,
    -7.434256599596));
#8501 = CARTESIAN_POINT('',(-28.19936229074,0.189660797463,
    -7.432457599453));
#8502 = CARTESIAN_POINT('',(-28.1993322229,0.194080205129,
    -7.428781102195));
#8503 = CARTESIAN_POINT('',(-28.19931702403,0.196279796983,
    -7.426902906806));
#8504 = CARTESIAN_POINT('',(-28.19930176818,0.19845506185,
    -7.424996590128));
#8505 = CARTESIAN_POINT('',(-28.19927095991,0.202785807411,
    -7.42110175032));
#8506 = CARTESIAN_POINT('',(-28.19925540631,0.204940591178,
    -7.419112452188));
#8507 = CARTESIAN_POINT('',(-28.19923982555,0.207069262476,
    -7.417095236829));
#8508 = CARTESIAN_POINT('',(-28.19920839777,0.211306169131,
    -7.412974050982));
#8509 = CARTESIAN_POINT('',(-28.19919255038,0.21341356486,
    -7.410869217206));
#8510 = CARTESIAN_POINT('',(-28.19917670803,0.21549291177,
    -7.408736669768));
#8511 = CARTESIAN_POINT('',(-28.1991447876,0.219630606772,
    -7.404379184436));
#8512 = CARTESIAN_POINT('',(-28.19912871028,0.221687937394,
    -7.402153280299));
#8513 = CARTESIAN_POINT('',(-28.19911267296,0.223715094689,
    -7.399899862204));
#8514 = CARTESIAN_POINT('',(-28.19908039303,0.22774796269,
    -7.395293567014));
#8515 = CARTESIAN_POINT('',(-28.19906415275,0.229752430664,
    -7.392939601783));
#8516 = CARTESIAN_POINT('',(-28.19904799065,0.231724362469,
    -7.390558313962));
#8517 = CARTESIAN_POINT('',(-28.19901539006,0.235658679513,
    -7.38567213367));
#8518 = CARTESIAN_POINT('',(-28.19899895727,0.237619104077,
    -7.38316566234));
#8519 = CARTESIAN_POINT('',(-28.19898264644,0.239543884119,
    -7.380631715049));
#8520 = CARTESIAN_POINT('',(-28.19895117862,0.243219281345,
    -7.375648352277));
#8521 = CARTESIAN_POINT('',(-28.19893600679,0.244973694996,
    -7.373201736819));
#8522 = CARTESIAN_POINT('',(-28.19892097796,0.246695214244,
    -7.370731864286));
#8523 = CARTESIAN_POINT('',(-28.19889088003,0.250112224785,
    -7.36568690127));
#8524 = CARTESIAN_POINT('',(-28.19887581868,0.251806090158,
    -7.363110709259));
#8525 = CARTESIAN_POINT('',(-28.19886094122,0.253464494727,
    -7.360511547385));
#8526 = CARTESIAN_POINT('',(-28.19883209647,0.256653166622,
    -7.355359725366));
#8527 = CARTESIAN_POINT('',(-28.19881811551,0.258185883379,
    -7.352808581536));
#8528 = CARTESIAN_POINT('',(-28.19880433619,0.259684721207,
    -7.35023738603));
#8529 = CARTESIAN_POINT('',(-28.19877618183,0.262724816982,
    -7.344860006941));
#8530 = CARTESIAN_POINT('',(-28.19876184073,0.264260687224,
    -7.342050777158));
#8531 = CARTESIAN_POINT('',(-28.1987477672,0.265756428062,
    -7.339219975782));
#8532 = CARTESIAN_POINT('',(-28.19872118864,0.268561253914,
    -7.33372372249));
#8533 = CARTESIAN_POINT('',(-28.19870864385,0.269876009363,
    -7.331061164084));
#8534 = CARTESIAN_POINT('',(-28.19869635703,0.271155511009,
    -7.328381485361));
#8535 = CARTESIAN_POINT('',(-28.19867413767,0.273455650715,
    -7.32339613275));
#8536 = CARTESIAN_POINT('',(-28.19866412965,0.274486216095,
    -7.321095039608));
#8537 = CARTESIAN_POINT('',(-28.19865432435,0.275490931432,
    -7.318782541867));
#8538 = CARTESIAN_POINT('',(-28.19863348509,0.277616441901,
    -7.313736414826));
#8539 = CARTESIAN_POINT('',(-28.19862252946,0.278727522543,
    -7.310998693251));
#8540 = CARTESIAN_POINT('',(-28.19861187377,0.279802557743,
    -7.30824661667));
#8541 = CARTESIAN_POINT('',(-28.19858996213,0.282002652693,
    -7.302388607121));
#8542 = CARTESIAN_POINT('',(-28.19857878388,0.28311863018,
    -7.299279262741));
#8543 = CARTESIAN_POINT('',(-28.19856800893,0.284188835846,
    -7.296153867231));
#8544 = CARTESIAN_POINT('',(-28.1985456531,0.286399122168,
    -7.289375980849));
#8545 = CARTESIAN_POINT('',(-28.19853421455,0.287523455013,
    -7.285718353926));
#8546 = CARTESIAN_POINT('',(-28.19852335588,0.28858542258,
    -7.282042133405));
#8547 = CARTESIAN_POINT('',(-28.19850186892,0.290677730866,
    -7.274308367871));
#8548 = CARTESIAN_POINT('',(-28.19849135834,0.291695703921,
    -7.270247476256));
#8549 = CARTESIAN_POINT('',(-28.1984815865,0.292637943012,
    -7.266168345056));
#8550 = CARTESIAN_POINT('',(-28.1984640532,0.294322459154,
    -7.258202914038));
#8551 = CARTESIAN_POINT('',(-28.19845621077,0.295072879636,
    -7.254318336268));
#8552 = CARTESIAN_POINT('',(-28.19844906066,0.295754880351,
    -7.250421162614));
#8553 = CARTESIAN_POINT('',(-28.19839908576,0.300509825315,
    -7.220122407944));
#8554 = CARTESIAN_POINT('',(-28.19838770691,0.301514974499,
    -7.193242789968));
#8555 = CARTESIAN_POINT('',(-28.19841196698,0.299317869495,
    -7.166442635889));
#8556 = CARTESIAN_POINT('',(-28.19852199655,0.288763362464,
    -7.114596761318));
#8557 = CARTESIAN_POINT('',(-28.19860589352,0.280598208563,
    -7.089642300194));
#8558 = CARTESIAN_POINT('',(-28.19871474142,0.269577258136,
    -7.065811230639));
#8559 = CARTESIAN_POINT('',(-28.19887484963,0.251939520208,
    -7.036950378029));
#8560 = CARTESIAN_POINT('',(-28.19891279906,0.247674038358,
    -7.03048181268));
#8561 = CARTESIAN_POINT('',(-28.19895178027,0.243188328026,
    -7.024163981622));
#8562 = CARTESIAN_POINT('',(-28.19902645341,0.234359023221,
    -7.01259324844));
#8563 = CARTESIAN_POINT('',(-28.19906197622,0.230063395495,
    -7.007303736039));
#8564 = CARTESIAN_POINT('',(-28.19909788535,0.225609544283,
    -7.002146746811));
#8565 = CARTESIAN_POINT('',(-28.19916462542,0.217093797839,
    -6.992869561476));
#8566 = CARTESIAN_POINT('',(-28.19919540421,0.213074322993,
    -6.988710422503));
#8567 = CARTESIAN_POINT('',(-28.19922619634,0.208949255779,
    -6.984655988689));
#8568 = CARTESIAN_POINT('',(-28.19928754628,0.20049869265,
    -6.976766573934));
#8569 = CARTESIAN_POINT('',(-28.19931810432,0.196173309574,
    -6.972931469643));
#8570 = CARTESIAN_POINT('',(-28.19934843238,0.191750818007,
    -6.969208762929));
#8571 = CARTESIAN_POINT('',(-28.19940664573,0.18298336393,
    -6.962205219142));
#8572 = CARTESIAN_POINT('',(-28.19943457053,0.178648870626,
    -6.958911274046));
#8573 = CARTESIAN_POINT('',(-28.19946208661,0.174235942188,
    -6.955723172517));
#8574 = CARTESIAN_POINT('',(-28.19951482585,0.165474629898,
    -6.949710605853));
#8575 = CARTESIAN_POINT('',(-28.19954009588,0.161133166146,-6.9468760554
    ));
#8576 = CARTESIAN_POINT('',(-28.19956482693,0.156727531951,
    -6.944142303794));
#8577 = CARTESIAN_POINT('',(-28.1996113259,0.148115678639,
    -6.939069464219));
#8578 = CARTESIAN_POINT('',(-28.19963317913,0.143917849529,
    -6.936716132174));
#8579 = CARTESIAN_POINT('',(-28.19965444021,0.139670642133,
    -6.934453126279));
#8580 = CARTESIAN_POINT('',(-28.19969571846,0.131072186833,
    -6.930105094975));
#8581 = CARTESIAN_POINT('',(-28.19971573227,0.126720696273,
    -6.928020547889));
#8582 = CARTESIAN_POINT('',(-28.19973503685,0.122325500615,
    -6.926029796875));
#8583 = CARTESIAN_POINT('',(-28.19977101281,0.113719883494,
    -6.92235220453));
#8584 = CARTESIAN_POINT('',(-28.19978777271,0.10951419114,
    -6.920654296361));
#8585 = CARTESIAN_POINT('',(-28.19980381811,0.105275124265,
    -6.919041511269));
#8586 = CARTESIAN_POINT('',(-28.19983461063,9.667811310001E-02,
    -6.915967548191));
#8587 = CARTESIAN_POINT('',(-28.19984933744,9.23193363789E-02,
    -6.914508696525));
#8588 = CARTESIAN_POINT('',(-28.19986325329,8.793166418403E-02,
    -6.913139193474));
#8589 = CARTESIAN_POINT('',(-28.19988872928,7.93296738264E-02,
    -6.910645882669));
#8590 = CARTESIAN_POINT('',(-28.1999003735,7.511795853852E-02,
    -6.909513094065));
#8591 = CARTESIAN_POINT('',(-28.19991123005,7.088507445947E-02,
    -6.908462158399));
#8592 = CARTESIAN_POINT('',(-28.19993119096,6.24374182207E-02,
    -6.906537763505));
#8593 = CARTESIAN_POINT('',(-28.19994031641,5.822313393828E-02,
    -6.905662161013));
#8594 = CARTESIAN_POINT('',(-28.19994863082,5.399286874041E-02,
    -6.904867338873));
#8595 = CARTESIAN_POINT('',(-28.19996379681,4.539610004915E-02,
    -6.903421720365));
#8596 = CARTESIAN_POINT('',(-28.19997060537,4.102888633004E-02,
    -6.902775144593));
#8597 = CARTESIAN_POINT('',(-28.19997652566,3.664982534525E-02,
    -6.902214384309));
#8598 = CARTESIAN_POINT('',(-28.19998653467,2.790087709733E-02,
    -6.901268049955));
#8599 = CARTESIAN_POINT('',(-28.19999063475,2.353110701855E-02,
    -6.900881388582));
#8600 = CARTESIAN_POINT('',(-28.19999383494,1.915462805016E-02,
    -6.900579998517));
#8601 = CARTESIAN_POINT('',(-28.19999806342,1.108344280183E-02,
    -6.90018203829));
#8602 = CARTESIAN_POINT('',(-28.19999935447,7.389958705076E-03,
    -6.900060679433));
#8603 = CARTESIAN_POINT('',(-28.2,3.694979183944E-03,-6.899999999998));
#8604 = CARTESIAN_POINT('',(-28.2,3.453503973596E-15,-6.9));
#8605 = PCURVE('',#6874,#8606);
#8606 = DEFINITIONAL_REPRESENTATION('',(#8607),#8626);
#8607 = B_SPLINE_CURVE_WITH_KNOTS('',9,(#8608,#8609,#8610,#8611,#8612,
    #8613,#8614,#8615,#8616,#8617,#8618,#8619,#8620,#8621,#8622,#8623,
    #8624,#8625),.UNSPECIFIED.,.F.,.F.,(10,8,10),(0.,0.5,1.),
  .UNSPECIFIED.);
#8608 = CARTESIAN_POINT('',(-3.14159265359,0.));
#8609 = CARTESIAN_POINT('',(-3.139739590231,0.));
#8610 = CARTESIAN_POINT('',(-3.137885725271,-1.020877099289E-02));
#8611 = CARTESIAN_POINT('',(-3.13611453318,-3.071500257161E-02));
#8612 = CARTESIAN_POINT('',(-3.134506584153,-6.087343537728E-02));
#8613 = CARTESIAN_POINT('',(-3.133134958419,-9.94364338331E-02));
#8614 = CARTESIAN_POINT('',(-3.132060660552,-0.144685558878));
#8615 = CARTESIAN_POINT('',(-3.131328033779,-0.194563140702));
#8616 = CARTESIAN_POINT('',(-3.130960174298,-0.246803851478));
#8617 = CARTESIAN_POINT('',(-3.130948516867,-0.351328704717));
#8618 = CARTESIAN_POINT('',(-3.13130487764,-0.403590448065));
#8619 = CARTESIAN_POINT('',(-3.13203549874,-0.454890737423));
#8620 = CARTESIAN_POINT('',(-3.1331028696,-0.498885885623));
#8621 = CARTESIAN_POINT('',(-3.134478357635,-0.539221616084));
#8622 = CARTESIAN_POINT('',(-3.13609186239,-0.568797172909));
#8623 = CARTESIAN_POINT('',(-3.137870508537,-0.5897057987));
#8624 = CARTESIAN_POINT('',(-3.139731592771,-0.600000000023));
#8625 = CARTESIAN_POINT('',(-3.14159265359,-0.6));
#8626 = ( GEOMETRIC_REPRESENTATION_CONTEXT(2) 
PARAMETRIC_REPRESENTATION_CONTEXT() REPRESENTATION_CONTEXT('2D SPACE',''
  ) );
#8627 = PCURVE('',#8072,#8628);
#8628 = DEFINITIONAL_REPRESENTATION('',(#8629),#8660);
#8629 = B_SPLINE_CURVE_WITH_KNOTS('',8,(#8630,#8631,#8632,#8633,#8634,
    #8635,#8636,#8637,#8638,#8639,#8640,#8641,#8642,#8643,#8644,#8645,
    #8646,#8647,#8648,#8649,#8650,#8651,#8652,#8653,#8654,#8655,#8656,
    #8657,#8658,#8659),.UNSPECIFIED.,.F.,.F.,(9,7,7,7,9),(0.,
    1.00000013738E-02,0.500000000661,0.989999999948,1.),.UNSPECIFIED.);
#8630 = CARTESIAN_POINT('',(1.570796272159,-1.570796326795));
#8631 = CARTESIAN_POINT('',(1.570775435457,-1.566877100961));
#8632 = CARTESIAN_POINT('',(1.570754598755,-1.562957875128));
#8633 = CARTESIAN_POINT('',(1.570733762053,-1.559038649294));
#8634 = CARTESIAN_POINT('',(1.570712925351,-1.555119423461));
#8635 = CARTESIAN_POINT('',(1.570692088649,-1.551200197627));
#8636 = CARTESIAN_POINT('',(1.570671251947,-1.547280971794));
#8637 = CARTESIAN_POINT('',(1.570650415245,-1.54336174596));
#8638 = CARTESIAN_POINT('',(1.569608580291,-1.347400480948));
#8639 = CARTESIAN_POINT('',(1.568594142202,-1.155373117403));
#8640 = CARTESIAN_POINT('',(1.567645108692,-0.963324844775));
#8641 = CARTESIAN_POINT('',(1.56681738088,-0.771262512189));
#8642 = CARTESIAN_POINT('',(1.566159320875,-0.579210717949));
#8643 = CARTESIAN_POINT('',(1.56570715606,-0.387187124867));
#8644 = CARTESIAN_POINT('',(1.565480383384,-0.195177775605));
#8645 = CARTESIAN_POINT('',(1.565473963905,0.188952959601));
#8646 = CARTESIAN_POINT('',(1.565694462671,0.38117353298));
#8647 = CARTESIAN_POINT('',(1.566146378934,0.577107659945));
#8648 = CARTESIAN_POINT('',(1.566800440594,0.765688959839));
#8649 = CARTESIAN_POINT('',(1.567632786104,0.961752280307));
#8650 = CARTESIAN_POINT('',(1.568585052965,1.153349579082));
#8651 = CARTESIAN_POINT('',(1.569603457808,1.346436135387));
#8652 = CARTESIAN_POINT('',(1.570649785552,1.543243320675));
#8653 = CARTESIAN_POINT('',(1.570670712107,1.547179464407));
#8654 = CARTESIAN_POINT('',(1.570691638662,1.551115608138));
#8655 = CARTESIAN_POINT('',(1.570712565217,1.55505175187));
#8656 = CARTESIAN_POINT('',(1.570733491772,1.558987895601));
#8657 = CARTESIAN_POINT('',(1.570754418327,1.562924039332));
#8658 = CARTESIAN_POINT('',(1.570775344882,1.566860183064));
#8659 = CARTESIAN_POINT('',(1.570796271437,1.570796326795));
#8660 = ( GEOMETRIC_REPRESENTATION_CONTEXT(2) 
PARAMETRIC_REPRESENTATION_CONTEXT() REPRESENTATION_CONTEXT('2D SPACE',''
  ) );
#8661 = ORIENTED_EDGE('',*,*,#8662,.T.);
#8662 = EDGE_CURVE('',#8446,#8398,#8663,.T.);
#8663 = SURFACE_CURVE('',#8664,(#8669,#8676),.PCURVE_S1.);
#8664 = CIRCLE('',#8665,28.2);
#8665 = AXIS2_PLACEMENT_3D('',#8666,#8667,#8668);
#8666 = CARTESIAN_POINT('',(0.,0.,-7.2));
#8667 = DIRECTION('',(0.,0.,-1.));
#8668 = DIRECTION('',(1.,0.,0.));
#8669 = PCURVE('',#6874,#8670);
#8670 = DEFINITIONAL_REPRESENTATION('',(#8671),#8675);
#8671 = LINE('',#8672,#8673);
#8672 = CARTESIAN_POINT('',(-6.28318530718,-0.3));
#8673 = VECTOR('',#8674,1.);
#8674 = DIRECTION('',(1.,-0.));
#8675 = ( GEOMETRIC_REPRESENTATION_CONTEXT(2) 
PARAMETRIC_REPRESENTATION_CONTEXT() REPRESENTATION_CONTEXT('2D SPACE',''
  ) );
#8676 = PCURVE('',#7909,#8677);
#8677 = DEFINITIONAL_REPRESENTATION('',(#8678),#8686);
#8678 = ( BOUNDED_CURVE() B_SPLINE_CURVE(2,(#8679,#8680,#8681,#8682,
#8683,#8684,#8685),.UNSPECIFIED.,.T.,.F.) B_SPLINE_CURVE_WITH_KNOTS((1,2
    ,2,2,2,1),(-2.094395102393,0.,2.094395102393,4.188790204786,
6.28318530718,8.377580409573),.UNSPECIFIED.) CURVE() 
GEOMETRIC_REPRESENTATION_ITEM() RATIONAL_B_SPLINE_CURVE((1.,0.5,1.,0.5,
1.,0.5,1.)) REPRESENTATION_ITEM('') );
#8679 = CARTESIAN_POINT('',(55.7,0.));
#8680 = CARTESIAN_POINT('',(55.7,-48.84383277344));
#8681 = CARTESIAN_POINT('',(13.4,-24.42191638672));
#8682 = CARTESIAN_POINT('',(-28.9,-6.907007947191E-15));
#8683 = CARTESIAN_POINT('',(13.4,24.421916386721));
#8684 = CARTESIAN_POINT('',(55.7,48.843832773442));
#8685 = CARTESIAN_POINT('',(55.7,0.));
#8686 = ( GEOMETRIC_REPRESENTATION_CONTEXT(2) 
PARAMETRIC_REPRESENTATION_CONTEXT() REPRESENTATION_CONTEXT('2D SPACE',''
  ) );
#8687 = ORIENTED_EDGE('',*,*,#8420,.T.);
#8688 = ADVANCED_FACE('',(#8689),#7065,.T.);
#8689 = FACE_BOUND('',#8690,.T.);
#8690 = EDGE_LOOP('',(#8691,#8692,#8713,#8714));
#8691 = ORIENTED_EDGE('',*,*,#7048,.T.);
#8692 = ORIENTED_EDGE('',*,*,#8693,.T.);
#8693 = EDGE_CURVE('',#7051,#7501,#8694,.T.);
#8694 = SURFACE_CURVE('',#8695,(#8699,#8706),.PCURVE_S1.);
#8695 = LINE('',#8696,#8697);
#8696 = CARTESIAN_POINT('',(23.,-3.5,-8.5));
#8697 = VECTOR('',#8698,1.);
#8698 = DIRECTION('',(0.,0.,1.));
#8699 = PCURVE('',#7065,#8700);
#8700 = DEFINITIONAL_REPRESENTATION('',(#8701),#8705);
#8701 = LINE('',#8702,#8703);
#8702 = CARTESIAN_POINT('',(0.,0.));
#8703 = VECTOR('',#8704,1.);
#8704 = DIRECTION('',(0.,-1.));
#8705 = ( GEOMETRIC_REPRESENTATION_CONTEXT(2) 
PARAMETRIC_REPRESENTATION_CONTEXT() REPRESENTATION_CONTEXT('2D SPACE',''
  ) );
#8706 = PCURVE('',#7091,#8707);
#8707 = DEFINITIONAL_REPRESENTATION('',(#8708),#8712);
#8708 = LINE('',#8709,#8710);
#8709 = CARTESIAN_POINT('',(5.,0.));
#8710 = VECTOR('',#8711,1.);
#8711 = DIRECTION('',(0.,-1.));
#8712 = ( GEOMETRIC_REPRESENTATION_CONTEXT(2) 
PARAMETRIC_REPRESENTATION_CONTEXT() REPRESENTATION_CONTEXT('2D SPACE',''
  ) );
#8713 = ORIENTED_EDGE('',*,*,#7498,.F.);
#8714 = ORIENTED_EDGE('',*,*,#8715,.F.);
#8715 = EDGE_CURVE('',#7049,#7499,#8716,.T.);
#8716 = SURFACE_CURVE('',#8717,(#8721,#8728),.PCURVE_S1.);
#8717 = LINE('',#8718,#8719);
#8718 = CARTESIAN_POINT('',(23.,3.5,-8.5));
#8719 = VECTOR('',#8720,1.);
#8720 = DIRECTION('',(0.,0.,1.));
#8721 = PCURVE('',#7065,#8722);
#8722 = DEFINITIONAL_REPRESENTATION('',(#8723),#8727);
#8723 = LINE('',#8724,#8725);
#8724 = CARTESIAN_POINT('',(7.,0.));
#8725 = VECTOR('',#8726,1.);
#8726 = DIRECTION('',(0.,-1.));
#8727 = ( GEOMETRIC_REPRESENTATION_CONTEXT(2) 
PARAMETRIC_REPRESENTATION_CONTEXT() REPRESENTATION_CONTEXT('2D SPACE',''
  ) );
#8728 = PCURVE('',#7141,#8729);
#8729 = DEFINITIONAL_REPRESENTATION('',(#8730),#8734);
#8730 = LINE('',#8731,#8732);
#8731 = CARTESIAN_POINT('',(0.,-0.));
#8732 = VECTOR('',#8733,1.);
#8733 = DIRECTION('',(0.,-1.));
#8734 = ( GEOMETRIC_REPRESENTATION_CONTEXT(2) 
PARAMETRIC_REPRESENTATION_CONTEXT() REPRESENTATION_CONTEXT('2D SPACE',''
  ) );
#8735 = ADVANCED_FACE('',(#8736),#7141,.T.);
#8736 = FACE_BOUND('',#8737,.T.);
#8737 = EDGE_LOOP('',(#8738,#8739,#8740,#8741));
#8738 = ORIENTED_EDGE('',*,*,#7128,.T.);
#8739 = ORIENTED_EDGE('',*,*,#8715,.T.);
#8740 = ORIENTED_EDGE('',*,*,#7563,.F.);
#8741 = ORIENTED_EDGE('',*,*,#8742,.F.);
#8742 = EDGE_CURVE('',#7103,#7543,#8743,.T.);
#8743 = SURFACE_CURVE('',#8744,(#8748,#8755),.PCURVE_S1.);
#8744 = LINE('',#8745,#8746);
#8745 = CARTESIAN_POINT('',(18.,3.5,-8.5));
#8746 = VECTOR('',#8747,1.);
#8747 = DIRECTION('',(0.,0.,1.));
#8748 = PCURVE('',#7141,#8749);
#8749 = DEFINITIONAL_REPRESENTATION('',(#8750),#8754);
#8750 = LINE('',#8751,#8752);
#8751 = CARTESIAN_POINT('',(5.,0.));
#8752 = VECTOR('',#8753,1.);
#8753 = DIRECTION('',(0.,-1.));
#8754 = ( GEOMETRIC_REPRESENTATION_CONTEXT(2) 
PARAMETRIC_REPRESENTATION_CONTEXT() REPRESENTATION_CONTEXT('2D SPACE',''
  ) );
#8755 = PCURVE('',#7117,#8756);
#8756 = DEFINITIONAL_REPRESENTATION('',(#8757),#8761);
#8757 = LINE('',#8758,#8759);
#8758 = CARTESIAN_POINT('',(0.,0.));
#8759 = VECTOR('',#8760,1.);
#8760 = DIRECTION('',(0.,-1.));
#8761 = ( GEOMETRIC_REPRESENTATION_CONTEXT(2) 
PARAMETRIC_REPRESENTATION_CONTEXT() REPRESENTATION_CONTEXT('2D SPACE',''
  ) );
#8762 = ADVANCED_FACE('',(#8763),#7091,.T.);
#8763 = FACE_BOUND('',#8764,.T.);
#8764 = EDGE_LOOP('',(#8765,#8766,#8787,#8788));
#8765 = ORIENTED_EDGE('',*,*,#7076,.T.);
#8766 = ORIENTED_EDGE('',*,*,#8767,.T.);
#8767 = EDGE_CURVE('',#7077,#7522,#8768,.T.);
#8768 = SURFACE_CURVE('',#8769,(#8773,#8780),.PCURVE_S1.);
#8769 = LINE('',#8770,#8771);
#8770 = CARTESIAN_POINT('',(18.,-3.5,-8.5));
#8771 = VECTOR('',#8772,1.);
#8772 = DIRECTION('',(0.,0.,1.));
#8773 = PCURVE('',#7091,#8774);
#8774 = DEFINITIONAL_REPRESENTATION('',(#8775),#8779);
#8775 = LINE('',#8776,#8777);
#8776 = CARTESIAN_POINT('',(0.,0.));
#8777 = VECTOR('',#8778,1.);
#8778 = DIRECTION('',(0.,-1.));
#8779 = ( GEOMETRIC_REPRESENTATION_CONTEXT(2) 
PARAMETRIC_REPRESENTATION_CONTEXT() REPRESENTATION_CONTEXT('2D SPACE',''
  ) );
#8780 = PCURVE('',#7117,#8781);
#8781 = DEFINITIONAL_REPRESENTATION('',(#8782),#8786);
#8782 = LINE('',#8783,#8784);
#8783 = CARTESIAN_POINT('',(7.,0.));
#8784 = VECTOR('',#8785,1.);
#8785 = DIRECTION('',(0.,-1.));
#8786 = ( GEOMETRIC_REPRESENTATION_CONTEXT(2) 
PARAMETRIC_REPRESENTATION_CONTEXT() REPRESENTATION_CONTEXT('2D SPACE',''
  ) );
#8787 = ORIENTED_EDGE('',*,*,#7521,.F.);
#8788 = ORIENTED_EDGE('',*,*,#8693,.F.);
#8789 = ADVANCED_FACE('',(#8790),#7117,.T.);
#8790 = FACE_BOUND('',#8791,.T.);
#8791 = EDGE_LOOP('',(#8792,#8793,#8794,#8795));
#8792 = ORIENTED_EDGE('',*,*,#7102,.T.);
#8793 = ORIENTED_EDGE('',*,*,#8742,.T.);
#8794 = ORIENTED_EDGE('',*,*,#7542,.F.);
#8795 = ORIENTED_EDGE('',*,*,#8767,.F.);
#8796 = ADVANCED_FACE('',(#8797),#7175,.F.);
#8797 = FACE_BOUND('',#8798,.T.);
#8798 = EDGE_LOOP('',(#8799,#8800,#8821,#8822));
#8799 = ORIENTED_EDGE('',*,*,#7154,.T.);
#8800 = ORIENTED_EDGE('',*,*,#8801,.T.);
#8801 = EDGE_CURVE('',#7155,#7585,#8802,.T.);
#8802 = SEAM_CURVE('',#8803,(#8807,#8814),.PCURVE_S1.);
#8803 = LINE('',#8804,#8805);
#8804 = CARTESIAN_POINT('',(1.5,21.5,-8.5));
#8805 = VECTOR('',#8806,1.);
#8806 = DIRECTION('',(0.,0.,1.));
#8807 = PCURVE('',#7175,#8808);
#8808 = DEFINITIONAL_REPRESENTATION('',(#8809),#8813);
#8809 = LINE('',#8810,#8811);
#8810 = CARTESIAN_POINT('',(-6.28318530718,0.));
#8811 = VECTOR('',#8812,1.);
#8812 = DIRECTION('',(-0.,-1.));
#8813 = ( GEOMETRIC_REPRESENTATION_CONTEXT(2) 
PARAMETRIC_REPRESENTATION_CONTEXT() REPRESENTATION_CONTEXT('2D SPACE',''
  ) );
#8814 = PCURVE('',#7175,#8815);
#8815 = DEFINITIONAL_REPRESENTATION('',(#8816),#8820);
#8816 = LINE('',#8817,#8818);
#8817 = CARTESIAN_POINT('',(-0.,0.));
#8818 = VECTOR('',#8819,1.);
#8819 = DIRECTION('',(-0.,-1.));
#8820 = ( GEOMETRIC_REPRESENTATION_CONTEXT(2) 
PARAMETRIC_REPRESENTATION_CONTEXT() REPRESENTATION_CONTEXT('2D SPACE',''
  ) );
#8821 = ORIENTED_EDGE('',*,*,#7584,.F.);
#8822 = ORIENTED_EDGE('',*,*,#8801,.F.);
#8823 = ADVANCED_FACE('',(#8824),#7842,.T.);
#8824 = FACE_BOUND('',#8825,.T.);
#8825 = EDGE_LOOP('',(#8826,#8827));
#8826 = ORIENTED_EDGE('',*,*,#8096,.F.);
#8827 = ORIENTED_EDGE('',*,*,#7695,.F.);
#8828 = ADVANCED_FACE('',(#8829),#8072,.T.);
#8829 = FACE_BOUND('',#8830,.T.);
#8830 = EDGE_LOOP('',(#8831,#8832,#8856,#8933,#8955));
#8831 = ORIENTED_EDGE('',*,*,#8445,.F.);
#8832 = ORIENTED_EDGE('',*,*,#8833,.T.);
#8833 = EDGE_CURVE('',#8446,#8834,#8836,.T.);
#8834 = VERTEX_POINT('',#8835);
#8835 = CARTESIAN_POINT('',(-28.3,0.282842712474,-7.2));
#8836 = SURFACE_CURVE('',#8837,(#8842,#8849),.PCURVE_S1.);
#8837 = CIRCLE('',#8838,0.3);
#8838 = AXIS2_PLACEMENT_3D('',#8839,#8840,#8841);
#8839 = CARTESIAN_POINT('',(-28.2,3.453503973596E-15,-7.2));
#8840 = DIRECTION('',(0.,0.,1.));
#8841 = DIRECTION('',(1.,0.,-0.));
#8842 = PCURVE('',#8072,#8843);
#8843 = DEFINITIONAL_REPRESENTATION('',(#8844),#8848);
#8844 = LINE('',#8845,#8846);
#8845 = CARTESIAN_POINT('',(0.,-2.960594732334E-15));
#8846 = VECTOR('',#8847,1.);
#8847 = DIRECTION('',(1.,0.));
#8848 = ( GEOMETRIC_REPRESENTATION_CONTEXT(2) 
PARAMETRIC_REPRESENTATION_CONTEXT() REPRESENTATION_CONTEXT('2D SPACE',''
  ) );
#8849 = PCURVE('',#7909,#8850);
#8850 = DEFINITIONAL_REPRESENTATION('',(#8851),#8855);
#8851 = CIRCLE('',#8852,0.3);
#8852 = AXIS2_PLACEMENT_2D('',#8853,#8854);
#8853 = CARTESIAN_POINT('',(-0.7,3.453503973596E-15));
#8854 = DIRECTION('',(1.,0.));
#8855 = ( GEOMETRIC_REPRESENTATION_CONTEXT(2) 
PARAMETRIC_REPRESENTATION_CONTEXT() REPRESENTATION_CONTEXT('2D SPACE',''
  ) );
#8856 = ORIENTED_EDGE('',*,*,#8857,.F.);
#8857 = EDGE_CURVE('',#8858,#8834,#8860,.T.);
#8858 = VERTEX_POINT('',#8859);
#8859 = CARTESIAN_POINT('',(-28.3,-0.282842712474,-7.2));
#8860 = SURFACE_CURVE('',#8861,(#8866,#8921),.PCURVE_S1.);
#8861 = CIRCLE('',#8862,0.282842712475);
#8862 = AXIS2_PLACEMENT_3D('',#8863,#8864,#8865);
#8863 = CARTESIAN_POINT('',(-28.3,3.453503973596E-15,-7.2));
#8864 = DIRECTION('',(1.,0.,-0.));
#8865 = DIRECTION('',(0.,0.,1.));
#8866 = PCURVE('',#8072,#8867);
#8867 = DEFINITIONAL_REPRESENTATION('',(#8868),#8920);
#8868 = B_SPLINE_CURVE_WITH_KNOTS('',8,(#8869,#8870,#8871,#8872,#8873,
    #8874,#8875,#8876,#8877,#8878,#8879,#8880,#8881,#8882,#8883,#8884,
    #8885,#8886,#8887,#8888,#8889,#8890,#8891,#8892,#8893,#8894,#8895,
    #8896,#8897,#8898,#8899,#8900,#8901,#8902,#8903,#8904,#8905,#8906,
    #8907,#8908,#8909,#8910,#8911,#8912,#8913,#8914,#8915,#8916,#8917,
    #8918,#8919),.UNSPECIFIED.,.F.,.F.,(9,7,7,7,7,7,7,9),(1.570796326795
    ,2.356194490192,2.650718801466,2.908427573831,3.13392274965,
    3.331231028492,3.676520516465,4.712388980385),.UNSPECIFIED.);
#8869 = CARTESIAN_POINT('',(4.372552070931,-2.960594732334E-15));
#8870 = CARTESIAN_POINT('',(4.372552070931,-9.256006121164E-02));
#8871 = CARTESIAN_POINT('',(4.369093290417,-0.185120946906));
#8872 = CARTESIAN_POINT('',(4.3621563778,-0.277526307415));
#8873 = CARTESIAN_POINT('',(4.351485975831,-0.369639190632));
#8874 = CARTESIAN_POINT('',(4.336390619523,-0.461257649685));
#8875 = CARTESIAN_POINT('',(4.315829098995,-0.552138012506));
#8876 = CARTESIAN_POINT('',(4.288011279554,-0.641917472089));
#8877 = CARTESIAN_POINT('',(4.23401515582,-0.762656475279));
#8878 = CARTESIAN_POINT('',(4.217678776608,-0.795309090478));
#8879 = CARTESIAN_POINT('',(4.199506645187,-0.827636435906));
#8880 = CARTESIAN_POINT('',(4.179229465109,-0.859583446426));
#8881 = CARTESIAN_POINT('',(4.156511471188,-0.891080406854));
#8882 = CARTESIAN_POINT('',(4.130927668652,-0.922034301121));
#8883 = CARTESIAN_POINT('',(4.101941072292,-0.952320161443));
#8884 = CARTESIAN_POINT('',(4.039951459766,-1.007543141531));
#8885 = CARTESIAN_POINT('',(4.007906279396,-1.032675325829));
#8886 = CARTESIAN_POINT('',(3.972280660662,-1.057053517648));
#8887 = CARTESIAN_POINT('',(3.932572462899,-1.080540162008));
#8888 = CARTESIAN_POINT('',(3.888166720823,-1.102957475631));
#8889 = CARTESIAN_POINT('',(3.838371463586,-1.124076676548));
#8890 = CARTESIAN_POINT('',(3.782563780685,-1.143614569382));
#8891 = CARTESIAN_POINT('',(3.666093194493,-1.176657538589));
#8892 = CARTESIAN_POINT('',(3.606910478271,-1.190612135905));
#8893 = CARTESIAN_POINT('',(3.542713586618,-1.202878510459));
#8894 = CARTESIAN_POINT('',(3.473512347305,-1.213215735568));
#8895 = CARTESIAN_POINT('',(3.399705112917,-1.221361187136));
#8896 = CARTESIAN_POINT('',(3.322315943661,-1.227087413678));
#8897 = CARTESIAN_POINT('',(3.24296754167,-1.230264902917));
#8898 = CARTESIAN_POINT('',(3.093558656909,-1.231411146804));
#8899 = CARTESIAN_POINT('',(3.023578512089,-1.229981938467));
#8900 = CARTESIAN_POINT('',(2.954435597419,-1.22657271633));
#8901 = CARTESIAN_POINT('',(2.887272888262,-1.221240680941));
#8902 = CARTESIAN_POINT('',(2.82300894472,-1.214101266007));
#8903 = CARTESIAN_POINT('',(2.762209873687,-1.205308799243));
#8904 = CARTESIAN_POINT('',(2.705107414831,-1.195032683131));
#8905 = CARTESIAN_POINT('',(2.558410687918,-1.163122817317));
#8906 = CARTESIAN_POINT('',(2.476560144402,-1.138752374376));
#8907 = CARTESIAN_POINT('',(2.406509665387,-1.111177191686));
#8908 = CARTESIAN_POINT('',(2.346557460175,-1.081188285291));
#8909 = CARTESIAN_POINT('',(2.294926609399,-1.049340218999));
#8910 = CARTESIAN_POINT('',(2.250226935669,-1.016009602516));
#8911 = CARTESIAN_POINT('',(2.211285244233,-0.98150294285));
#8912 = CARTESIAN_POINT('',(2.074845229268,-0.839637814486));
#8913 = CARTESIAN_POINT('',(2.016012279081,-0.724614353955));
#8914 = CARTESIAN_POINT('',(1.975437614648,-0.606893283255));
#8915 = CARTESIAN_POINT('',(1.947711336841,-0.486869157854));
#8916 = CARTESIAN_POINT('',(1.928700923479,-0.365910470702));
#8917 = CARTESIAN_POINT('',(1.91665369267,-0.244152610888));
#8918 = CARTESIAN_POINT('',(1.910633236249,-0.122078269209));
#8919 = CARTESIAN_POINT('',(1.910633236249,-2.960594732334E-15));
#8920 = ( GEOMETRIC_REPRESENTATION_CONTEXT(2) 
PARAMETRIC_REPRESENTATION_CONTEXT() REPRESENTATION_CONTEXT('2D SPACE',''
  ) );
#8921 = PCURVE('',#8922,#8927);
#8922 = PLANE('',#8923);
#8923 = AXIS2_PLACEMENT_3D('',#8924,#8925,#8926);
#8924 = CARTESIAN_POINT('',(-28.3,2.,-8.5));
#8925 = DIRECTION('',(1.,0.,-0.));
#8926 = DIRECTION('',(0.,-1.,0.));
#8927 = DEFINITIONAL_REPRESENTATION('',(#8928),#8932);
#8928 = CIRCLE('',#8929,0.282842712475);
#8929 = AXIS2_PLACEMENT_2D('',#8930,#8931);
#8930 = CARTESIAN_POINT('',(2.,-1.3));
#8931 = DIRECTION('',(0.,-1.));
#8932 = ( GEOMETRIC_REPRESENTATION_CONTEXT(2) 
PARAMETRIC_REPRESENTATION_CONTEXT() REPRESENTATION_CONTEXT('2D SPACE',''
  ) );
#8933 = ORIENTED_EDGE('',*,*,#8934,.T.);
#8934 = EDGE_CURVE('',#8858,#7893,#8935,.T.);
#8935 = SURFACE_CURVE('',#8936,(#8941,#8948),.PCURVE_S1.);
#8936 = CIRCLE('',#8937,0.3);
#8937 = AXIS2_PLACEMENT_3D('',#8938,#8939,#8940);
#8938 = CARTESIAN_POINT('',(-28.2,3.453503973596E-15,-7.2));
#8939 = DIRECTION('',(0.,0.,1.));
#8940 = DIRECTION('',(1.,0.,-0.));
#8941 = PCURVE('',#8072,#8942);
#8942 = DEFINITIONAL_REPRESENTATION('',(#8943),#8947);
#8943 = LINE('',#8944,#8945);
#8944 = CARTESIAN_POINT('',(0.,-2.960594732334E-15));
#8945 = VECTOR('',#8946,1.);
#8946 = DIRECTION('',(1.,0.));
#8947 = ( GEOMETRIC_REPRESENTATION_CONTEXT(2) 
PARAMETRIC_REPRESENTATION_CONTEXT() REPRESENTATION_CONTEXT('2D SPACE',''
  ) );
#8948 = PCURVE('',#7909,#8949);
#8949 = DEFINITIONAL_REPRESENTATION('',(#8950),#8954);
#8950 = CIRCLE('',#8951,0.3);
#8951 = AXIS2_PLACEMENT_2D('',#8952,#8953);
#8952 = CARTESIAN_POINT('',(-0.7,3.453503973596E-15));
#8953 = DIRECTION('',(1.,0.));
#8954 = ( GEOMETRIC_REPRESENTATION_CONTEXT(2) 
PARAMETRIC_REPRESENTATION_CONTEXT() REPRESENTATION_CONTEXT('2D SPACE',''
  ) );
#8955 = ORIENTED_EDGE('',*,*,#7925,.F.);
#8956 = ADVANCED_FACE('',(#8957),#7909,.F.);
#8957 = FACE_BOUND('',#8958,.F.);
#8958 = EDGE_LOOP('',(#8959,#8960,#8961,#8962,#8963,#8964,#8965,#8986));
#8959 = ORIENTED_EDGE('',*,*,#7892,.F.);
#8960 = ORIENTED_EDGE('',*,*,#8298,.T.);
#8961 = ORIENTED_EDGE('',*,*,#8348,.T.);
#8962 = ORIENTED_EDGE('',*,*,#8397,.T.);
#8963 = ORIENTED_EDGE('',*,*,#8662,.F.);
#8964 = ORIENTED_EDGE('',*,*,#8833,.T.);
#8965 = ORIENTED_EDGE('',*,*,#8966,.T.);
#8966 = EDGE_CURVE('',#8834,#8858,#8967,.T.);
#8967 = SURFACE_CURVE('',#8968,(#8972,#8979),.PCURVE_S1.);
#8968 = LINE('',#8969,#8970);
#8969 = CARTESIAN_POINT('',(-28.3,2.,-7.2));
#8970 = VECTOR('',#8971,1.);
#8971 = DIRECTION('',(0.,-1.,0.));
#8972 = PCURVE('',#7909,#8973);
#8973 = DEFINITIONAL_REPRESENTATION('',(#8974),#8978);
#8974 = LINE('',#8975,#8976);
#8975 = CARTESIAN_POINT('',(-0.8,2.));
#8976 = VECTOR('',#8977,1.);
#8977 = DIRECTION('',(0.,-1.));
#8978 = ( GEOMETRIC_REPRESENTATION_CONTEXT(2) 
PARAMETRIC_REPRESENTATION_CONTEXT() REPRESENTATION_CONTEXT('2D SPACE',''
  ) );
#8979 = PCURVE('',#8922,#8980);
#8980 = DEFINITIONAL_REPRESENTATION('',(#8981),#8985);
#8981 = LINE('',#8982,#8983);
#8982 = CARTESIAN_POINT('',(0.,-1.3));
#8983 = VECTOR('',#8984,1.);
#8984 = DIRECTION('',(1.,0.));
#8985 = ( GEOMETRIC_REPRESENTATION_CONTEXT(2) 
PARAMETRIC_REPRESENTATION_CONTEXT() REPRESENTATION_CONTEXT('2D SPACE',''
  ) );
#8986 = ORIENTED_EDGE('',*,*,#8934,.T.);
#8987 = ADVANCED_FACE('',(#8988),#8922,.T.);
#8988 = FACE_BOUND('',#8989,.T.);
#8989 = EDGE_LOOP('',(#8990,#8991));
#8990 = ORIENTED_EDGE('',*,*,#8857,.T.);
#8991 = ORIENTED_EDGE('',*,*,#8966,.T.);
#8992 = ( GEOMETRIC_REPRESENTATION_CONTEXT(3) 
GLOBAL_UNCERTAINTY_ASSIGNED_CONTEXT((#8996)) 
GLOBAL_UNIT_ASSIGNED_CONTEXT((#8993,#8994,#8995)) REPRESENTATION_CONTEXT
('Context #1','3D Context with UNIT and UNCERTAINTY') );
#8993 = ( LENGTH_UNIT() NAMED_UNIT(*) SI_UNIT(.MILLI.,.METRE.) );
#8994 = ( NAMED_UNIT(*) PLANE_ANGLE_UNIT() SI_UNIT($,.RADIAN.) );
#8995 = ( NAMED_UNIT(*) SI_UNIT($,.STERADIAN.) SOLID_ANGLE_UNIT() );
#8996 = UNCERTAINTY_MEASURE_WITH_UNIT(LENGTH_MEASURE(2.E-06),#8993,
  'distance_accuracy_value','confusion accuracy');
#8997 = CONTEXT_DEPENDENT_SHAPE_REPRESENTATION(#8998,#9000);
#8998 = ( REPRESENTATION_RELATIONSHIP('','',#6488,#10) 
REPRESENTATION_RELATIONSHIP_WITH_TRANSFORMATION(#8999) 
SHAPE_REPRESENTATION_RELATIONSHIP() );
#8999 = ITEM_DEFINED_TRANSFORMATION('','',#11,#23);
#9000 = PRODUCT_DEFINITION_SHAPE('Placement','Placement of an item',
  #9001);
#9001 = NEXT_ASSEMBLY_USAGE_OCCURRENCE('5','cover','',#5,#6483,$);
#9002 = PRODUCT_RELATED_PRODUCT_CATEGORY('part',$,(#6485));
#9003 = SHAPE_DEFINITION_REPRESENTATION(#9004,#9010);
#9004 = PRODUCT_DEFINITION_SHAPE('','',#9005);
#9005 = PRODUCT_DEFINITION('design','',#9006,#9009);
#9006 = PRODUCT_DEFINITION_FORMATION('','',#9007);
#9007 = PRODUCT('pcb','pcb','',(#9008));
#9008 = PRODUCT_CONTEXT('',#2,'mechanical');
#9009 = PRODUCT_DEFINITION_CONTEXT('part definition',#2,'design');
#9010 = ADVANCED_BREP_SHAPE_REPRESENTATION('',(#11,#9011),#9455);
#9011 = MANIFOLD_SOLID_BREP('',#9012);
#9012 = CLOSED_SHELL('',(#9013,#9126,#9254,#9279,#9374,#9401,#9428));
#9013 = ADVANCED_FACE('',(#9014),#9029,.T.);
#9014 = FACE_BOUND('',#9015,.F.);
#9015 = EDGE_LOOP('',(#9016,#9052,#9078,#9107));
#9016 = ORIENTED_EDGE('',*,*,#9017,.F.);
#9017 = EDGE_CURVE('',#9018,#9020,#9022,.T.);
#9018 = VERTEX_POINT('',#9019);
#9019 = CARTESIAN_POINT('',(26.5,9.041570660013,-2.6));
#9020 = VERTEX_POINT('',#9021);
#9021 = CARTESIAN_POINT('',(26.5,-9.041570660013,-2.6));
#9022 = SURFACE_CURVE('',#9023,(#9028,#9040),.PCURVE_S1.);
#9023 = CIRCLE('',#9024,28.);
#9024 = AXIS2_PLACEMENT_3D('',#9025,#9026,#9027);
#9025 = CARTESIAN_POINT('',(0.,0.,-2.6));
#9026 = DIRECTION('',(0.,0.,1.));
#9027 = DIRECTION('',(1.,0.,0.));
#9028 = PCURVE('',#9029,#9034);
#9029 = CYLINDRICAL_SURFACE('',#9030,28.);
#9030 = AXIS2_PLACEMENT_3D('',#9031,#9032,#9033);
#9031 = CARTESIAN_POINT('',(0.,0.,-2.6));
#9032 = DIRECTION('',(-0.,-0.,-1.));
#9033 = DIRECTION('',(1.,0.,0.));
#9034 = DEFINITIONAL_REPRESENTATION('',(#9035),#9039);
#9035 = LINE('',#9036,#9037);
#9036 = CARTESIAN_POINT('',(-0.,0.));
#9037 = VECTOR('',#9038,1.);
#9038 = DIRECTION('',(-1.,0.));
#9039 = ( GEOMETRIC_REPRESENTATION_CONTEXT(2) 
PARAMETRIC_REPRESENTATION_CONTEXT() REPRESENTATION_CONTEXT('2D SPACE',''
  ) );
#9040 = PCURVE('',#9041,#9046);
#9041 = PLANE('',#9042);
#9042 = AXIS2_PLACEMENT_3D('',#9043,#9044,#9045);
#9043 = CARTESIAN_POINT('',(-7.813943614511E-16,1.9825737666E-15,-2.6));
#9044 = DIRECTION('',(0.,0.,1.));
#9045 = DIRECTION('',(1.,0.,-0.));
#9046 = DEFINITIONAL_REPRESENTATION('',(#9047),#9051);
#9047 = CIRCLE('',#9048,28.);
#9048 = AXIS2_PLACEMENT_2D('',#9049,#9050);
#9049 = CARTESIAN_POINT('',(7.813943614511E-16,-1.9825737666E-15));
#9050 = DIRECTION('',(1.,0.));
#9051 = ( GEOMETRIC_REPRESENTATION_CONTEXT(2) 
PARAMETRIC_REPRESENTATION_CONTEXT() REPRESENTATION_CONTEXT('2D SPACE',''
  ) );
#9052 = ORIENTED_EDGE('',*,*,#9053,.F.);
#9053 = EDGE_CURVE('',#9054,#9018,#9056,.T.);
#9054 = VERTEX_POINT('',#9055);
#9055 = CARTESIAN_POINT('',(26.5,9.041570660013,-1.8));
#9056 = SURFACE_CURVE('',#9057,(#9061,#9067),.PCURVE_S1.);
#9057 = LINE('',#9058,#9059);
#9058 = CARTESIAN_POINT('',(26.5,9.041570660013,-2.6));
#9059 = VECTOR('',#9060,1.);
#9060 = DIRECTION('',(-0.,-0.,-1.));
#9061 = PCURVE('',#9029,#9062);
#9062 = DEFINITIONAL_REPRESENTATION('',(#9063),#9066);
#9063 = B_SPLINE_CURVE_WITH_KNOTS('',1,(#9064,#9065),.UNSPECIFIED.,.F.,
  .F.,(2,2),(-0.8000006,5.999999999062E-07),.PIECEWISE_BEZIER_KNOTS.);
#9064 = CARTESIAN_POINT('',(-0.32880601557,-0.8000006));
#9065 = CARTESIAN_POINT('',(-0.32880601557,5.999999999062E-07));
#9066 = ( GEOMETRIC_REPRESENTATION_CONTEXT(2) 
PARAMETRIC_REPRESENTATION_CONTEXT() REPRESENTATION_CONTEXT('2D SPACE',''
  ) );
#9067 = PCURVE('',#9068,#9073);
#9068 = PLANE('',#9069);
#9069 = AXIS2_PLACEMENT_3D('',#9070,#9071,#9072);
#9070 = CARTESIAN_POINT('',(26.5,50.,-3.6));
#9071 = DIRECTION('',(1.,0.,-0.));
#9072 = DIRECTION('',(0.,-1.,0.));
#9073 = DEFINITIONAL_REPRESENTATION('',(#9074),#9077);
#9074 = B_SPLINE_CURVE_WITH_KNOTS('',1,(#9075,#9076),.UNSPECIFIED.,.F.,
  .F.,(2,2),(-0.8000006,5.999999999062E-07),.PIECEWISE_BEZIER_KNOTS.);
#9075 = CARTESIAN_POINT('',(40.958429339987,-1.8000006));
#9076 = CARTESIAN_POINT('',(40.958429339987,-0.9999994));
#9077 = ( GEOMETRIC_REPRESENTATION_CONTEXT(2) 
PARAMETRIC_REPRESENTATION_CONTEXT() REPRESENTATION_CONTEXT('2D SPACE',''
  ) );
#9078 = ORIENTED_EDGE('',*,*,#9079,.T.);
#9079 = EDGE_CURVE('',#9054,#9080,#9082,.T.);
#9080 = VERTEX_POINT('',#9081);
#9081 = CARTESIAN_POINT('',(26.5,-9.041570660013,-1.8));
#9082 = SURFACE_CURVE('',#9083,(#9088,#9095),.PCURVE_S1.);
#9083 = CIRCLE('',#9084,28.);
#9084 = AXIS2_PLACEMENT_3D('',#9085,#9086,#9087);
#9085 = CARTESIAN_POINT('',(0.,0.,-1.8));
#9086 = DIRECTION('',(0.,0.,1.));
#9087 = DIRECTION('',(1.,0.,0.));
#9088 = PCURVE('',#9029,#9089);
#9089 = DEFINITIONAL_REPRESENTATION('',(#9090),#9094);
#9090 = LINE('',#9091,#9092);
#9091 = CARTESIAN_POINT('',(-0.,-0.8));
#9092 = VECTOR('',#9093,1.);
#9093 = DIRECTION('',(-1.,0.));
#9094 = ( GEOMETRIC_REPRESENTATION_CONTEXT(2) 
PARAMETRIC_REPRESENTATION_CONTEXT() REPRESENTATION_CONTEXT('2D SPACE',''
  ) );
#9095 = PCURVE('',#9096,#9101);
#9096 = PLANE('',#9097);
#9097 = AXIS2_PLACEMENT_3D('',#9098,#9099,#9100);
#9098 = CARTESIAN_POINT('',(-7.813943614511E-16,1.9825737666E-15,-1.8));
#9099 = DIRECTION('',(0.,0.,1.));
#9100 = DIRECTION('',(1.,0.,-0.));
#9101 = DEFINITIONAL_REPRESENTATION('',(#9102),#9106);
#9102 = CIRCLE('',#9103,28.);
#9103 = AXIS2_PLACEMENT_2D('',#9104,#9105);
#9104 = CARTESIAN_POINT('',(7.813943614511E-16,-1.9825737666E-15));
#9105 = DIRECTION('',(1.,0.));
#9106 = ( GEOMETRIC_REPRESENTATION_CONTEXT(2) 
PARAMETRIC_REPRESENTATION_CONTEXT() REPRESENTATION_CONTEXT('2D SPACE',''
  ) );
#9107 = ORIENTED_EDGE('',*,*,#9108,.T.);
#9108 = EDGE_CURVE('',#9080,#9020,#9109,.T.);
#9109 = SURFACE_CURVE('',#9110,(#9114,#9120),.PCURVE_S1.);
#9110 = LINE('',#9111,#9112);
#9111 = CARTESIAN_POINT('',(26.5,-9.041570660013,-2.6));
#9112 = VECTOR('',#9113,1.);
#9113 = DIRECTION('',(-0.,-0.,-1.));
#9114 = PCURVE('',#9029,#9115);
#9115 = DEFINITIONAL_REPRESENTATION('',(#9116),#9119);
#9116 = B_SPLINE_CURVE_WITH_KNOTS('',1,(#9117,#9118),.UNSPECIFIED.,.F.,
  .F.,(2,2),(-0.8000006,5.999999999062E-07),.PIECEWISE_BEZIER_KNOTS.);
#9117 = CARTESIAN_POINT('',(-5.954379291609,-0.8000006));
#9118 = CARTESIAN_POINT('',(-5.954379291609,5.999999999062E-07));
#9119 = ( GEOMETRIC_REPRESENTATION_CONTEXT(2) 
PARAMETRIC_REPRESENTATION_CONTEXT() REPRESENTATION_CONTEXT('2D SPACE',''
  ) );
#9120 = PCURVE('',#9068,#9121);
#9121 = DEFINITIONAL_REPRESENTATION('',(#9122),#9125);
#9122 = B_SPLINE_CURVE_WITH_KNOTS('',1,(#9123,#9124),.UNSPECIFIED.,.F.,
  .F.,(2,2),(-0.8000006,5.999999999062E-07),.PIECEWISE_BEZIER_KNOTS.);
#9123 = CARTESIAN_POINT('',(59.041570660013,-1.8000006));
#9124 = CARTESIAN_POINT('',(59.041570660013,-0.9999994));
#9125 = ( GEOMETRIC_REPRESENTATION_CONTEXT(2) 
PARAMETRIC_REPRESENTATION_CONTEXT() REPRESENTATION_CONTEXT('2D SPACE',''
  ) );
#9126 = ADVANCED_FACE('',(#9127,#9149,#9184,#9219),#9041,.F.);
#9127 = FACE_BOUND('',#9128,.F.);
#9128 = EDGE_LOOP('',(#9129,#9148));
#9129 = ORIENTED_EDGE('',*,*,#9130,.T.);
#9130 = EDGE_CURVE('',#9020,#9018,#9131,.T.);
#9131 = SURFACE_CURVE('',#9132,(#9136,#9142),.PCURVE_S1.);
#9132 = LINE('',#9133,#9134);
#9133 = CARTESIAN_POINT('',(26.5,25.,-2.6));
#9134 = VECTOR('',#9135,1.);
#9135 = DIRECTION('',(-0.,1.,0.));
#9136 = PCURVE('',#9041,#9137);
#9137 = DEFINITIONAL_REPRESENTATION('',(#9138),#9141);
#9138 = B_SPLINE_CURVE_WITH_KNOTS('',1,(#9139,#9140),.UNSPECIFIED.,.F.,
  .F.,(2,2),(-53.,3.),.PIECEWISE_BEZIER_KNOTS.);
#9139 = CARTESIAN_POINT('',(26.5,-28.));
#9140 = CARTESIAN_POINT('',(26.5,28.));
#9141 = ( GEOMETRIC_REPRESENTATION_CONTEXT(2) 
PARAMETRIC_REPRESENTATION_CONTEXT() REPRESENTATION_CONTEXT('2D SPACE',''
  ) );
#9142 = PCURVE('',#9068,#9143);
#9143 = DEFINITIONAL_REPRESENTATION('',(#9144),#9147);
#9144 = B_SPLINE_CURVE_WITH_KNOTS('',1,(#9145,#9146),.UNSPECIFIED.,.F.,
  .F.,(2,2),(-53.,3.),.PIECEWISE_BEZIER_KNOTS.);
#9145 = CARTESIAN_POINT('',(78.,-1.));
#9146 = CARTESIAN_POINT('',(22.,-1.));
#9147 = ( GEOMETRIC_REPRESENTATION_CONTEXT(2) 
PARAMETRIC_REPRESENTATION_CONTEXT() REPRESENTATION_CONTEXT('2D SPACE',''
  ) );
#9148 = ORIENTED_EDGE('',*,*,#9017,.T.);
#9149 = FACE_BOUND('',#9150,.F.);
#9150 = EDGE_LOOP('',(#9151));
#9151 = ORIENTED_EDGE('',*,*,#9152,.T.);
#9152 = EDGE_CURVE('',#9153,#9153,#9155,.T.);
#9153 = VERTEX_POINT('',#9154);
#9154 = CARTESIAN_POINT('',(-7.705715669137,-24.05613109211,-2.6));
#9155 = SURFACE_CURVE('',#9156,(#9161,#9172),.PCURVE_S1.);
#9156 = CIRCLE('',#9157,1.05);
#9157 = AXIS2_PLACEMENT_3D('',#9158,#9159,#9160);
#9158 = CARTESIAN_POINT('',(-8.755715669137,-24.05613109211,-2.6));
#9159 = DIRECTION('',(0.,0.,-1.));
#9160 = DIRECTION('',(1.,0.,0.));
#9161 = PCURVE('',#9041,#9162);
#9162 = DEFINITIONAL_REPRESENTATION('',(#9163),#9171);
#9163 = ( BOUNDED_CURVE() B_SPLINE_CURVE(2,(#9164,#9165,#9166,#9167,
#9168,#9169,#9170),.UNSPECIFIED.,.T.,.F.) B_SPLINE_CURVE_WITH_KNOTS((1,2
    ,2,2,2,1),(-2.094395102393,0.,2.094395102393,4.188790204786,
6.28318530718,8.377580409573),.UNSPECIFIED.) CURVE() 
GEOMETRIC_REPRESENTATION_ITEM() RATIONAL_B_SPLINE_CURVE((1.,0.5,1.,0.5,
1.,0.5,1.)) REPRESENTATION_ITEM('') );
#9164 = CARTESIAN_POINT('',(-7.705715669137,-24.05613109211));
#9165 = CARTESIAN_POINT('',(-7.705715669137,-25.87478444006));
#9166 = CARTESIAN_POINT('',(-9.280715669137,-24.96545776609));
#9167 = CARTESIAN_POINT('',(-10.85571566913,-24.05613109211));
#9168 = CARTESIAN_POINT('',(-9.280715669137,-23.14680441814));
#9169 = CARTESIAN_POINT('',(-7.705715669137,-22.23747774417));
#9170 = CARTESIAN_POINT('',(-7.705715669137,-24.05613109211));
#9171 = ( GEOMETRIC_REPRESENTATION_CONTEXT(2) 
PARAMETRIC_REPRESENTATION_CONTEXT() REPRESENTATION_CONTEXT('2D SPACE',''
  ) );
#9172 = PCURVE('',#9173,#9178);
#9173 = CYLINDRICAL_SURFACE('',#9174,1.05);
#9174 = AXIS2_PLACEMENT_3D('',#9175,#9176,#9177);
#9175 = CARTESIAN_POINT('',(-8.755715669137,-24.05613109211,-3.6));
#9176 = DIRECTION('',(-0.,-0.,-1.));
#9177 = DIRECTION('',(1.,0.,0.));
#9178 = DEFINITIONAL_REPRESENTATION('',(#9179),#9183);
#9179 = LINE('',#9180,#9181);
#9180 = CARTESIAN_POINT('',(-6.28318530718,-1.));
#9181 = VECTOR('',#9182,1.);
#9182 = DIRECTION('',(1.,-0.));
#9183 = ( GEOMETRIC_REPRESENTATION_CONTEXT(2) 
PARAMETRIC_REPRESENTATION_CONTEXT() REPRESENTATION_CONTEXT('2D SPACE',''
  ) );
#9184 = FACE_BOUND('',#9185,.F.);
#9185 = EDGE_LOOP('',(#9186));
#9186 = ORIENTED_EDGE('',*,*,#9187,.T.);
#9187 = EDGE_CURVE('',#9188,#9188,#9190,.T.);
#9188 = VERTEX_POINT('',#9189);
#9189 = CARTESIAN_POINT('',(-21.12025033688,12.8,-2.6));
#9190 = SURFACE_CURVE('',#9191,(#9196,#9207),.PCURVE_S1.);
#9191 = CIRCLE('',#9192,1.05);
#9192 = AXIS2_PLACEMENT_3D('',#9193,#9194,#9195);
#9193 = CARTESIAN_POINT('',(-22.17025033688,12.8,-2.6));
#9194 = DIRECTION('',(0.,0.,-1.));
#9195 = DIRECTION('',(1.,0.,0.));
#9196 = PCURVE('',#9041,#9197);
#9197 = DEFINITIONAL_REPRESENTATION('',(#9198),#9206);
#9198 = ( BOUNDED_CURVE() B_SPLINE_CURVE(2,(#9199,#9200,#9201,#9202,
#9203,#9204,#9205),.UNSPECIFIED.,.T.,.F.) B_SPLINE_CURVE_WITH_KNOTS((1,2
    ,2,2,2,1),(-2.094395102393,0.,2.094395102393,4.188790204786,
6.28318530718,8.377580409573),.UNSPECIFIED.) CURVE() 
GEOMETRIC_REPRESENTATION_ITEM() RATIONAL_B_SPLINE_CURVE((1.,0.5,1.,0.5,
1.,0.5,1.)) REPRESENTATION_ITEM('') );
#9199 = CARTESIAN_POINT('',(-21.12025033688,12.8));
#9200 = CARTESIAN_POINT('',(-21.12025033688,10.981346652053));
#9201 = CARTESIAN_POINT('',(-22.69525033688,11.890673326026));
#9202 = CARTESIAN_POINT('',(-24.27025033688,12.8));
#9203 = CARTESIAN_POINT('',(-22.69525033688,13.709326673974));
#9204 = CARTESIAN_POINT('',(-21.12025033688,14.618653347947));
#9205 = CARTESIAN_POINT('',(-21.12025033688,12.8));
#9206 = ( GEOMETRIC_REPRESENTATION_CONTEXT(2) 
PARAMETRIC_REPRESENTATION_CONTEXT() REPRESENTATION_CONTEXT('2D SPACE',''
  ) );
#9207 = PCURVE('',#9208,#9213);
#9208 = CYLINDRICAL_SURFACE('',#9209,1.05);
#9209 = AXIS2_PLACEMENT_3D('',#9210,#9211,#9212);
#9210 = CARTESIAN_POINT('',(-22.17025033688,12.8,-3.6));
#9211 = DIRECTION('',(-0.,-0.,-1.));
#9212 = DIRECTION('',(1.,0.,0.));
#9213 = DEFINITIONAL_REPRESENTATION('',(#9214),#9218);
#9214 = LINE('',#9215,#9216);
#9215 = CARTESIAN_POINT('',(-6.28318530718,-1.));
#9216 = VECTOR('',#9217,1.);
#9217 = DIRECTION('',(1.,-0.));
#9218 = ( GEOMETRIC_REPRESENTATION_CONTEXT(2) 
PARAMETRIC_REPRESENTATION_CONTEXT() REPRESENTATION_CONTEXT('2D SPACE',''
  ) );
#9219 = FACE_BOUND('',#9220,.F.);
#9220 = EDGE_LOOP('',(#9221));
#9221 = ORIENTED_EDGE('',*,*,#9222,.T.);
#9222 = EDGE_CURVE('',#9223,#9223,#9225,.T.);
#9223 = VERTEX_POINT('',#9224);
#9224 = CARTESIAN_POINT('',(23.220250336882,12.8,-2.6));
#9225 = SURFACE_CURVE('',#9226,(#9231,#9242),.PCURVE_S1.);
#9226 = CIRCLE('',#9227,1.05);
#9227 = AXIS2_PLACEMENT_3D('',#9228,#9229,#9230);
#9228 = CARTESIAN_POINT('',(22.170250336882,12.8,-2.6));
#9229 = DIRECTION('',(0.,0.,-1.));
#9230 = DIRECTION('',(1.,0.,0.));
#9231 = PCURVE('',#9041,#9232);
#9232 = DEFINITIONAL_REPRESENTATION('',(#9233),#9241);
#9233 = ( BOUNDED_CURVE() B_SPLINE_CURVE(2,(#9234,#9235,#9236,#9237,
#9238,#9239,#9240),.UNSPECIFIED.,.T.,.F.) B_SPLINE_CURVE_WITH_KNOTS((1,2
    ,2,2,2,1),(-2.094395102393,0.,2.094395102393,4.188790204786,
6.28318530718,8.377580409573),.UNSPECIFIED.) CURVE() 
GEOMETRIC_REPRESENTATION_ITEM() RATIONAL_B_SPLINE_CURVE((1.,0.5,1.,0.5,
1.,0.5,1.)) REPRESENTATION_ITEM('') );
#9234 = CARTESIAN_POINT('',(23.220250336882,12.8));
#9235 = CARTESIAN_POINT('',(23.220250336882,10.981346652053));
#9236 = CARTESIAN_POINT('',(21.645250336882,11.890673326026));
#9237 = CARTESIAN_POINT('',(20.070250336882,12.8));
#9238 = CARTESIAN_POINT('',(21.645250336882,13.709326673974));
#9239 = CARTESIAN_POINT('',(23.220250336882,14.618653347947));
#9240 = CARTESIAN_POINT('',(23.220250336882,12.8));
#9241 = ( GEOMETRIC_REPRESENTATION_CONTEXT(2) 
PARAMETRIC_REPRESENTATION_CONTEXT() REPRESENTATION_CONTEXT('2D SPACE',''
  ) );
#9242 = PCURVE('',#9243,#9248);
#9243 = CYLINDRICAL_SURFACE('',#9244,1.05);
#9244 = AXIS2_PLACEMENT_3D('',#9245,#9246,#9247);
#9245 = CARTESIAN_POINT('',(22.170250336882,12.8,-3.6));
#9246 = DIRECTION('',(-0.,-0.,-1.));
#9247 = DIRECTION('',(1.,0.,0.));
#9248 = DEFINITIONAL_REPRESENTATION('',(#9249),#9253);
#9249 = LINE('',#9250,#9251);
#9250 = CARTESIAN_POINT('',(-6.28318530718,-1.));
#9251 = VECTOR('',#9252,1.);
#9252 = DIRECTION('',(1.,-0.));
#9253 = ( GEOMETRIC_REPRESENTATION_CONTEXT(2) 
PARAMETRIC_REPRESENTATION_CONTEXT() REPRESENTATION_CONTEXT('2D SPACE',''
  ) );
#9254 = ADVANCED_FACE('',(#9255),#9068,.T.);
#9255 = FACE_BOUND('',#9256,.T.);
#9256 = EDGE_LOOP('',(#9257,#9258,#9277,#9278));
#9257 = ORIENTED_EDGE('',*,*,#9053,.F.);
#9258 = ORIENTED_EDGE('',*,*,#9259,.F.);
#9259 = EDGE_CURVE('',#9080,#9054,#9260,.T.);
#9260 = SURFACE_CURVE('',#9261,(#9265,#9271),.PCURVE_S1.);
#9261 = LINE('',#9262,#9263);
#9262 = CARTESIAN_POINT('',(26.5,25.,-1.8));
#9263 = VECTOR('',#9264,1.);
#9264 = DIRECTION('',(-0.,1.,0.));
#9265 = PCURVE('',#9068,#9266);
#9266 = DEFINITIONAL_REPRESENTATION('',(#9267),#9270);
#9267 = B_SPLINE_CURVE_WITH_KNOTS('',1,(#9268,#9269),.UNSPECIFIED.,.F.,
  .F.,(2,2),(-53.,3.),.PIECEWISE_BEZIER_KNOTS.);
#9268 = CARTESIAN_POINT('',(78.,-1.8));
#9269 = CARTESIAN_POINT('',(22.,-1.8));
#9270 = ( GEOMETRIC_REPRESENTATION_CONTEXT(2) 
PARAMETRIC_REPRESENTATION_CONTEXT() REPRESENTATION_CONTEXT('2D SPACE',''
  ) );
#9271 = PCURVE('',#9096,#9272);
#9272 = DEFINITIONAL_REPRESENTATION('',(#9273),#9276);
#9273 = B_SPLINE_CURVE_WITH_KNOTS('',1,(#9274,#9275),.UNSPECIFIED.,.F.,
  .F.,(2,2),(-53.,3.),.PIECEWISE_BEZIER_KNOTS.);
#9274 = CARTESIAN_POINT('',(26.5,-28.));
#9275 = CARTESIAN_POINT('',(26.5,28.));
#9276 = ( GEOMETRIC_REPRESENTATION_CONTEXT(2) 
PARAMETRIC_REPRESENTATION_CONTEXT() REPRESENTATION_CONTEXT('2D SPACE',''
  ) );
#9277 = ORIENTED_EDGE('',*,*,#9108,.T.);
#9278 = ORIENTED_EDGE('',*,*,#9130,.T.);
#9279 = ADVANCED_FACE('',(#9280,#9284,#9314,#9344),#9096,.T.);
#9280 = FACE_BOUND('',#9281,.T.);
#9281 = EDGE_LOOP('',(#9282,#9283));
#9282 = ORIENTED_EDGE('',*,*,#9259,.T.);
#9283 = ORIENTED_EDGE('',*,*,#9079,.T.);
#9284 = FACE_BOUND('',#9285,.T.);
#9285 = EDGE_LOOP('',(#9286));
#9286 = ORIENTED_EDGE('',*,*,#9287,.T.);
#9287 = EDGE_CURVE('',#9288,#9288,#9290,.T.);
#9288 = VERTEX_POINT('',#9289);
#9289 = CARTESIAN_POINT('',(-7.705715669137,-24.05613109211,-1.8));
#9290 = SURFACE_CURVE('',#9291,(#9296,#9307),.PCURVE_S1.);
#9291 = CIRCLE('',#9292,1.05);
#9292 = AXIS2_PLACEMENT_3D('',#9293,#9294,#9295);
#9293 = CARTESIAN_POINT('',(-8.755715669137,-24.05613109211,-1.8));
#9294 = DIRECTION('',(0.,0.,-1.));
#9295 = DIRECTION('',(1.,0.,0.));
#9296 = PCURVE('',#9096,#9297);
#9297 = DEFINITIONAL_REPRESENTATION('',(#9298),#9306);
#9298 = ( BOUNDED_CURVE() B_SPLINE_CURVE(2,(#9299,#9300,#9301,#9302,
#9303,#9304,#9305),.UNSPECIFIED.,.T.,.F.) B_SPLINE_CURVE_WITH_KNOTS((1,2
    ,2,2,2,1),(-2.094395102393,0.,2.094395102393,4.188790204786,
6.28318530718,8.377580409573),.UNSPECIFIED.) CURVE() 
GEOMETRIC_REPRESENTATION_ITEM() RATIONAL_B_SPLINE_CURVE((1.,0.5,1.,0.5,
1.,0.5,1.)) REPRESENTATION_ITEM('') );
#9299 = CARTESIAN_POINT('',(-7.705715669137,-24.05613109211));
#9300 = CARTESIAN_POINT('',(-7.705715669137,-25.87478444006));
#9301 = CARTESIAN_POINT('',(-9.280715669137,-24.96545776609));
#9302 = CARTESIAN_POINT('',(-10.85571566913,-24.05613109211));
#9303 = CARTESIAN_POINT('',(-9.280715669137,-23.14680441814));
#9304 = CARTESIAN_POINT('',(-7.705715669137,-22.23747774417));
#9305 = CARTESIAN_POINT('',(-7.705715669137,-24.05613109211));
#9306 = ( GEOMETRIC_REPRESENTATION_CONTEXT(2) 
PARAMETRIC_REPRESENTATION_CONTEXT() REPRESENTATION_CONTEXT('2D SPACE',''
  ) );
#9307 = PCURVE('',#9173,#9308);
#9308 = DEFINITIONAL_REPRESENTATION('',(#9309),#9313);
#9309 = LINE('',#9310,#9311);
#9310 = CARTESIAN_POINT('',(-6.28318530718,-1.8));
#9311 = VECTOR('',#9312,1.);
#9312 = DIRECTION('',(1.,-0.));
#9313 = ( GEOMETRIC_REPRESENTATION_CONTEXT(2) 
PARAMETRIC_REPRESENTATION_CONTEXT() REPRESENTATION_CONTEXT('2D SPACE',''
  ) );
#9314 = FACE_BOUND('',#9315,.T.);
#9315 = EDGE_LOOP('',(#9316));
#9316 = ORIENTED_EDGE('',*,*,#9317,.T.);
#9317 = EDGE_CURVE('',#9318,#9318,#9320,.T.);
#9318 = VERTEX_POINT('',#9319);
#9319 = CARTESIAN_POINT('',(-21.12025033688,12.8,-1.8));
#9320 = SURFACE_CURVE('',#9321,(#9326,#9337),.PCURVE_S1.);
#9321 = CIRCLE('',#9322,1.05);
#9322 = AXIS2_PLACEMENT_3D('',#9323,#9324,#9325);
#9323 = CARTESIAN_POINT('',(-22.17025033688,12.8,-1.8));
#9324 = DIRECTION('',(0.,0.,-1.));
#9325 = DIRECTION('',(1.,0.,0.));
#9326 = PCURVE('',#9096,#9327);
#9327 = DEFINITIONAL_REPRESENTATION('',(#9328),#9336);
#9328 = ( BOUNDED_CURVE() B_SPLINE_CURVE(2,(#9329,#9330,#9331,#9332,
#9333,#9334,#9335),.UNSPECIFIED.,.T.,.F.) B_SPLINE_CURVE_WITH_KNOTS((1,2
    ,2,2,2,1),(-2.094395102393,0.,2.094395102393,4.188790204786,
6.28318530718,8.377580409573),.UNSPECIFIED.) CURVE() 
GEOMETRIC_REPRESENTATION_ITEM() RATIONAL_B_SPLINE_CURVE((1.,0.5,1.,0.5,
1.,0.5,1.)) REPRESENTATION_ITEM('') );
#9329 = CARTESIAN_POINT('',(-21.12025033688,12.8));
#9330 = CARTESIAN_POINT('',(-21.12025033688,10.981346652053));
#9331 = CARTESIAN_POINT('',(-22.69525033688,11.890673326026));
#9332 = CARTESIAN_POINT('',(-24.27025033688,12.8));
#9333 = CARTESIAN_POINT('',(-22.69525033688,13.709326673974));
#9334 = CARTESIAN_POINT('',(-21.12025033688,14.618653347947));
#9335 = CARTESIAN_POINT('',(-21.12025033688,12.8));
#9336 = ( GEOMETRIC_REPRESENTATION_CONTEXT(2) 
PARAMETRIC_REPRESENTATION_CONTEXT() REPRESENTATION_CONTEXT('2D SPACE',''
  ) );
#9337 = PCURVE('',#9208,#9338);
#9338 = DEFINITIONAL_REPRESENTATION('',(#9339),#9343);
#9339 = LINE('',#9340,#9341);
#9340 = CARTESIAN_POINT('',(-6.28318530718,-1.8));
#9341 = VECTOR('',#9342,1.);
#9342 = DIRECTION('',(1.,-0.));
#9343 = ( GEOMETRIC_REPRESENTATION_CONTEXT(2) 
PARAMETRIC_REPRESENTATION_CONTEXT() REPRESENTATION_CONTEXT('2D SPACE',''
  ) );
#9344 = FACE_BOUND('',#9345,.T.);
#9345 = EDGE_LOOP('',(#9346));
#9346 = ORIENTED_EDGE('',*,*,#9347,.T.);
#9347 = EDGE_CURVE('',#9348,#9348,#9350,.T.);
#9348 = VERTEX_POINT('',#9349);
#9349 = CARTESIAN_POINT('',(23.220250336882,12.8,-1.8));
#9350 = SURFACE_CURVE('',#9351,(#9356,#9367),.PCURVE_S1.);
#9351 = CIRCLE('',#9352,1.05);
#9352 = AXIS2_PLACEMENT_3D('',#9353,#9354,#9355);
#9353 = CARTESIAN_POINT('',(22.170250336882,12.8,-1.8));
#9354 = DIRECTION('',(0.,0.,-1.));
#9355 = DIRECTION('',(1.,0.,0.));
#9356 = PCURVE('',#9096,#9357);
#9357 = DEFINITIONAL_REPRESENTATION('',(#9358),#9366);
#9358 = ( BOUNDED_CURVE() B_SPLINE_CURVE(2,(#9359,#9360,#9361,#9362,
#9363,#9364,#9365),.UNSPECIFIED.,.T.,.F.) B_SPLINE_CURVE_WITH_KNOTS((1,2
    ,2,2,2,1),(-2.094395102393,0.,2.094395102393,4.188790204786,
6.28318530718,8.377580409573),.UNSPECIFIED.) CURVE() 
GEOMETRIC_REPRESENTATION_ITEM() RATIONAL_B_SPLINE_CURVE((1.,0.5,1.,0.5,
1.,0.5,1.)) REPRESENTATION_ITEM('') );
#9359 = CARTESIAN_POINT('',(23.220250336882,12.8));
#9360 = CARTESIAN_POINT('',(23.220250336882,10.981346652053));
#9361 = CARTESIAN_POINT('',(21.645250336882,11.890673326026));
#9362 = CARTESIAN_POINT('',(20.070250336882,12.8));
#9363 = CARTESIAN_POINT('',(21.645250336882,13.709326673974));
#9364 = CARTESIAN_POINT('',(23.220250336882,14.618653347947));
#9365 = CARTESIAN_POINT('',(23.220250336882,12.8));
#9366 = ( GEOMETRIC_REPRESENTATION_CONTEXT(2) 
PARAMETRIC_REPRESENTATION_CONTEXT() REPRESENTATION_CONTEXT('2D SPACE',''
  ) );
#9367 = PCURVE('',#9243,#9368);
#9368 = DEFINITIONAL_REPRESENTATION('',(#9369),#9373);
#9369 = LINE('',#9370,#9371);
#9370 = CARTESIAN_POINT('',(-6.28318530718,-1.8));
#9371 = VECTOR('',#9372,1.);
#9372 = DIRECTION('',(1.,-0.));
#9373 = ( GEOMETRIC_REPRESENTATION_CONTEXT(2) 
PARAMETRIC_REPRESENTATION_CONTEXT() REPRESENTATION_CONTEXT('2D SPACE',''
  ) );
#9374 = ADVANCED_FACE('',(#9375),#9173,.F.);
#9375 = FACE_BOUND('',#9376,.T.);
#9376 = EDGE_LOOP('',(#9377,#9378,#9399,#9400));
#9377 = ORIENTED_EDGE('',*,*,#9152,.T.);
#9378 = ORIENTED_EDGE('',*,*,#9379,.T.);
#9379 = EDGE_CURVE('',#9153,#9288,#9380,.T.);
#9380 = SEAM_CURVE('',#9381,(#9385,#9392),.PCURVE_S1.);
#9381 = LINE('',#9382,#9383);
#9382 = CARTESIAN_POINT('',(-7.705715669137,-24.05613109211,-3.6));
#9383 = VECTOR('',#9384,1.);
#9384 = DIRECTION('',(0.,0.,1.));
#9385 = PCURVE('',#9173,#9386);
#9386 = DEFINITIONAL_REPRESENTATION('',(#9387),#9391);
#9387 = LINE('',#9388,#9389);
#9388 = CARTESIAN_POINT('',(-6.28318530718,0.));
#9389 = VECTOR('',#9390,1.);
#9390 = DIRECTION('',(-0.,-1.));
#9391 = ( GEOMETRIC_REPRESENTATION_CONTEXT(2) 
PARAMETRIC_REPRESENTATION_CONTEXT() REPRESENTATION_CONTEXT('2D SPACE',''
  ) );
#9392 = PCURVE('',#9173,#9393);
#9393 = DEFINITIONAL_REPRESENTATION('',(#9394),#9398);
#9394 = LINE('',#9395,#9396);
#9395 = CARTESIAN_POINT('',(-0.,0.));
#9396 = VECTOR('',#9397,1.);
#9397 = DIRECTION('',(-0.,-1.));
#9398 = ( GEOMETRIC_REPRESENTATION_CONTEXT(2) 
PARAMETRIC_REPRESENTATION_CONTEXT() REPRESENTATION_CONTEXT('2D SPACE',''
  ) );
#9399 = ORIENTED_EDGE('',*,*,#9287,.F.);
#9400 = ORIENTED_EDGE('',*,*,#9379,.F.);
#9401 = ADVANCED_FACE('',(#9402),#9208,.F.);
#9402 = FACE_BOUND('',#9403,.T.);
#9403 = EDGE_LOOP('',(#9404,#9405,#9426,#9427));
#9404 = ORIENTED_EDGE('',*,*,#9187,.T.);
#9405 = ORIENTED_EDGE('',*,*,#9406,.T.);
#9406 = EDGE_CURVE('',#9188,#9318,#9407,.T.);
#9407 = SEAM_CURVE('',#9408,(#9412,#9419),.PCURVE_S1.);
#9408 = LINE('',#9409,#9410);
#9409 = CARTESIAN_POINT('',(-21.12025033688,12.8,-3.6));
#9410 = VECTOR('',#9411,1.);
#9411 = DIRECTION('',(0.,0.,1.));
#9412 = PCURVE('',#9208,#9413);
#9413 = DEFINITIONAL_REPRESENTATION('',(#9414),#9418);
#9414 = LINE('',#9415,#9416);
#9415 = CARTESIAN_POINT('',(-6.28318530718,0.));
#9416 = VECTOR('',#9417,1.);
#9417 = DIRECTION('',(-0.,-1.));
#9418 = ( GEOMETRIC_REPRESENTATION_CONTEXT(2) 
PARAMETRIC_REPRESENTATION_CONTEXT() REPRESENTATION_CONTEXT('2D SPACE',''
  ) );
#9419 = PCURVE('',#9208,#9420);
#9420 = DEFINITIONAL_REPRESENTATION('',(#9421),#9425);
#9421 = LINE('',#9422,#9423);
#9422 = CARTESIAN_POINT('',(-0.,0.));
#9423 = VECTOR('',#9424,1.);
#9424 = DIRECTION('',(-0.,-1.));
#9425 = ( GEOMETRIC_REPRESENTATION_CONTEXT(2) 
PARAMETRIC_REPRESENTATION_CONTEXT() REPRESENTATION_CONTEXT('2D SPACE',''
  ) );
#9426 = ORIENTED_EDGE('',*,*,#9317,.F.);
#9427 = ORIENTED_EDGE('',*,*,#9406,.F.);
#9428 = ADVANCED_FACE('',(#9429),#9243,.F.);
#9429 = FACE_BOUND('',#9430,.T.);
#9430 = EDGE_LOOP('',(#9431,#9432,#9453,#9454));
#9431 = ORIENTED_EDGE('',*,*,#9222,.T.);
#9432 = ORIENTED_EDGE('',*,*,#9433,.T.);
#9433 = EDGE_CURVE('',#9223,#9348,#9434,.T.);
#9434 = SEAM_CURVE('',#9435,(#9439,#9446),.PCURVE_S1.);
#9435 = LINE('',#9436,#9437);
#9436 = CARTESIAN_POINT('',(23.220250336882,12.8,-3.6));
#9437 = VECTOR('',#9438,1.);
#9438 = DIRECTION('',(0.,0.,1.));
#9439 = PCURVE('',#9243,#9440);
#9440 = DEFINITIONAL_REPRESENTATION('',(#9441),#9445);
#9441 = LINE('',#9442,#9443);
#9442 = CARTESIAN_POINT('',(-6.28318530718,0.));
#9443 = VECTOR('',#9444,1.);
#9444 = DIRECTION('',(-0.,-1.));
#9445 = ( GEOMETRIC_REPRESENTATION_CONTEXT(2) 
PARAMETRIC_REPRESENTATION_CONTEXT() REPRESENTATION_CONTEXT('2D SPACE',''
  ) );
#9446 = PCURVE('',#9243,#9447);
#9447 = DEFINITIONAL_REPRESENTATION('',(#9448),#9452);
#9448 = LINE('',#9449,#9450);
#9449 = CARTESIAN_POINT('',(-0.,0.));
#9450 = VECTOR('',#9451,1.);
#9451 = DIRECTION('',(-0.,-1.));
#9452 = ( GEOMETRIC_REPRESENTATION_CONTEXT(2) 
PARAMETRIC_REPRESENTATION_CONTEXT() REPRESENTATION_CONTEXT('2D SPACE',''
  ) );
#9453 = ORIENTED_EDGE('',*,*,#9347,.F.);
#9454 = ORIENTED_EDGE('',*,*,#9433,.F.);
#9455 = ( GEOMETRIC_REPRESENTATION_CONTEXT(3) 
GLOBAL_UNCERTAINTY_ASSIGNED_CONTEXT((#9459)) 
GLOBAL_UNIT_ASSIGNED_CONTEXT((#9456,#9457,#9458)) REPRESENTATION_CONTEXT
('Context #1','3D Context with UNIT and UNCERTAINTY') );
#9456 = ( LENGTH_UNIT() NAMED_UNIT(*) SI_UNIT(.MILLI.,.METRE.) );
#9457 = ( NAMED_UNIT(*) PLANE_ANGLE_UNIT() SI_UNIT($,.RADIAN.) );
#9458 = ( NAMED_UNIT(*) SI_UNIT($,.STERADIAN.) SOLID_ANGLE_UNIT() );
#9459 = UNCERTAINTY_MEASURE_WITH_UNIT(LENGTH_MEASURE(1.E-07),#9456,
  'distance_accuracy_value','confusion accuracy');
#9460 = CONTEXT_DEPENDENT_SHAPE_REPRESENTATION(#9461,#9463);
#9461 = ( REPRESENTATION_RELATIONSHIP('','',#9010,#10) 
REPRESENTATION_RELATIONSHIP_WITH_TRANSFORMATION(#9462) 
SHAPE_REPRESENTATION_RELATIONSHIP() );
#9462 = ITEM_DEFINED_TRANSFORMATION('','',#11,#27);
#9463 = PRODUCT_DEFINITION_SHAPE('Placement','Placement of an item',
  #9464);
#9464 = NEXT_ASSEMBLY_USAGE_OCCURRENCE('6','pcb','',#5,#9005,$);
#9465 = PRODUCT_RELATED_PRODUCT_CATEGORY('part',$,(#9007));
#9466 = SHAPE_DEFINITION_REPRESENTATION(#9467,#9473);
#9467 = PRODUCT_DEFINITION_SHAPE('','',#9468);
#9468 = PRODUCT_DEFINITION('design','',#9469,#9472);
#9469 = PRODUCT_DEFINITION_FORMATION('','',#9470);
#9470 = PRODUCT('part0','part0','',(#9471));
#9471 = PRODUCT_CONTEXT('',#2,'mechanical');
#9472 = PRODUCT_DEFINITION_CONTEXT('part definition',#2,'design');
#9473 = ADVANCED_BREP_SHAPE_REPRESENTATION('',(#11,#9474),#9804);
#9474 = MANIFOLD_SOLID_BREP('',#9475);
#9475 = CLOSED_SHELL('',(#9476,#9596,#9672,#9743,#9790,#9797));
#9476 = ADVANCED_FACE('',(#9477),#9491,.F.);
#9477 = FACE_BOUND('',#9478,.F.);
#9478 = EDGE_LOOP('',(#9479,#9514,#9542,#9570));
#9479 = ORIENTED_EDGE('',*,*,#9480,.T.);
#9480 = EDGE_CURVE('',#9481,#9483,#9485,.T.);
#9481 = VERTEX_POINT('',#9482);
#9482 = CARTESIAN_POINT('',(-1.5,-1.25,-1.8));
#9483 = VERTEX_POINT('',#9484);
#9484 = CARTESIAN_POINT('',(-1.5,-1.25,-0.97));
#9485 = SURFACE_CURVE('',#9486,(#9490,#9502),.PCURVE_S1.);
#9486 = LINE('',#9487,#9488);
#9487 = CARTESIAN_POINT('',(-1.5,-1.25,-1.8));
#9488 = VECTOR('',#9489,1.);
#9489 = DIRECTION('',(0.,0.,1.));
#9490 = PCURVE('',#9491,#9496);
#9491 = PLANE('',#9492);
#9492 = AXIS2_PLACEMENT_3D('',#9493,#9494,#9495);
#9493 = CARTESIAN_POINT('',(-1.5,-1.25,-1.8));
#9494 = DIRECTION('',(0.,1.,0.));
#9495 = DIRECTION('',(1.,0.,0.));
#9496 = DEFINITIONAL_REPRESENTATION('',(#9497),#9501);
#9497 = LINE('',#9498,#9499);
#9498 = CARTESIAN_POINT('',(0.,0.));
#9499 = VECTOR('',#9500,1.);
#9500 = DIRECTION('',(0.,-1.));
#9501 = ( GEOMETRIC_REPRESENTATION_CONTEXT(2) 
PARAMETRIC_REPRESENTATION_CONTEXT() REPRESENTATION_CONTEXT('2D SPACE',''
  ) );
#9502 = PCURVE('',#9503,#9508);
#9503 = PLANE('',#9504);
#9504 = AXIS2_PLACEMENT_3D('',#9505,#9506,#9507);
#9505 = CARTESIAN_POINT('',(-1.5,1.25,-1.8));
#9506 = DIRECTION('',(1.,0.,-0.));
#9507 = DIRECTION('',(0.,-1.,0.));
#9508 = DEFINITIONAL_REPRESENTATION('',(#9509),#9513);
#9509 = LINE('',#9510,#9511);
#9510 = CARTESIAN_POINT('',(2.5,0.));
#9511 = VECTOR('',#9512,1.);
#9512 = DIRECTION('',(0.,-1.));
#9513 = ( GEOMETRIC_REPRESENTATION_CONTEXT(2) 
PARAMETRIC_REPRESENTATION_CONTEXT() REPRESENTATION_CONTEXT('2D SPACE',''
  ) );
#9514 = ORIENTED_EDGE('',*,*,#9515,.T.);
#9515 = EDGE_CURVE('',#9483,#9516,#9518,.T.);
#9516 = VERTEX_POINT('',#9517);
#9517 = CARTESIAN_POINT('',(1.5,-1.25,-0.97));
#9518 = SURFACE_CURVE('',#9519,(#9523,#9530),.PCURVE_S1.);
#9519 = LINE('',#9520,#9521);
#9520 = CARTESIAN_POINT('',(-1.5,-1.25,-0.97));
#9521 = VECTOR('',#9522,1.);
#9522 = DIRECTION('',(1.,0.,0.));
#9523 = PCURVE('',#9491,#9524);
#9524 = DEFINITIONAL_REPRESENTATION('',(#9525),#9529);
#9525 = LINE('',#9526,#9527);
#9526 = CARTESIAN_POINT('',(0.,-0.83));
#9527 = VECTOR('',#9528,1.);
#9528 = DIRECTION('',(1.,0.));
#9529 = ( GEOMETRIC_REPRESENTATION_CONTEXT(2) 
PARAMETRIC_REPRESENTATION_CONTEXT() REPRESENTATION_CONTEXT('2D SPACE',''
  ) );
#9530 = PCURVE('',#9531,#9536);
#9531 = PLANE('',#9532);
#9532 = AXIS2_PLACEMENT_3D('',#9533,#9534,#9535);
#9533 = CARTESIAN_POINT('',(0.,0.,-0.97));
#9534 = DIRECTION('',(0.,0.,1.));
#9535 = DIRECTION('',(1.,0.,-0.));
#9536 = DEFINITIONAL_REPRESENTATION('',(#9537),#9541);
#9537 = LINE('',#9538,#9539);
#9538 = CARTESIAN_POINT('',(-1.5,-1.25));
#9539 = VECTOR('',#9540,1.);
#9540 = DIRECTION('',(1.,0.));
#9541 = ( GEOMETRIC_REPRESENTATION_CONTEXT(2) 
PARAMETRIC_REPRESENTATION_CONTEXT() REPRESENTATION_CONTEXT('2D SPACE',''
  ) );
#9542 = ORIENTED_EDGE('',*,*,#9543,.F.);
#9543 = EDGE_CURVE('',#9544,#9516,#9546,.T.);
#9544 = VERTEX_POINT('',#9545);
#9545 = CARTESIAN_POINT('',(1.5,-1.25,-1.8));
#9546 = SURFACE_CURVE('',#9547,(#9551,#9558),.PCURVE_S1.);
#9547 = LINE('',#9548,#9549);
#9548 = CARTESIAN_POINT('',(1.5,-1.25,-1.8));
#9549 = VECTOR('',#9550,1.);
#9550 = DIRECTION('',(0.,0.,1.));
#9551 = PCURVE('',#9491,#9552);
#9552 = DEFINITIONAL_REPRESENTATION('',(#9553),#9557);
#9553 = LINE('',#9554,#9555);
#9554 = CARTESIAN_POINT('',(3.,0.));
#9555 = VECTOR('',#9556,1.);
#9556 = DIRECTION('',(0.,-1.));
#9557 = ( GEOMETRIC_REPRESENTATION_CONTEXT(2) 
PARAMETRIC_REPRESENTATION_CONTEXT() REPRESENTATION_CONTEXT('2D SPACE',''
  ) );
#9558 = PCURVE('',#9559,#9564);
#9559 = PLANE('',#9560);
#9560 = AXIS2_PLACEMENT_3D('',#9561,#9562,#9563);
#9561 = CARTESIAN_POINT('',(1.5,-1.25,-1.8));
#9562 = DIRECTION('',(-1.,0.,0.));
#9563 = DIRECTION('',(0.,1.,0.));
#9564 = DEFINITIONAL_REPRESENTATION('',(#9565),#9569);
#9565 = LINE('',#9566,#9567);
#9566 = CARTESIAN_POINT('',(0.,0.));
#9567 = VECTOR('',#9568,1.);
#9568 = DIRECTION('',(0.,-1.));
#9569 = ( GEOMETRIC_REPRESENTATION_CONTEXT(2) 
PARAMETRIC_REPRESENTATION_CONTEXT() REPRESENTATION_CONTEXT('2D SPACE',''
  ) );
#9570 = ORIENTED_EDGE('',*,*,#9571,.F.);
#9571 = EDGE_CURVE('',#9481,#9544,#9572,.T.);
#9572 = SURFACE_CURVE('',#9573,(#9577,#9584),.PCURVE_S1.);
#9573 = LINE('',#9574,#9575);
#9574 = CARTESIAN_POINT('',(-1.5,-1.25,-1.8));
#9575 = VECTOR('',#9576,1.);
#9576 = DIRECTION('',(1.,0.,0.));
#9577 = PCURVE('',#9491,#9578);
#9578 = DEFINITIONAL_REPRESENTATION('',(#9579),#9583);
#9579 = LINE('',#9580,#9581);
#9580 = CARTESIAN_POINT('',(0.,0.));
#9581 = VECTOR('',#9582,1.);
#9582 = DIRECTION('',(1.,0.));
#9583 = ( GEOMETRIC_REPRESENTATION_CONTEXT(2) 
PARAMETRIC_REPRESENTATION_CONTEXT() REPRESENTATION_CONTEXT('2D SPACE',''
  ) );
#9584 = PCURVE('',#9585,#9590);
#9585 = PLANE('',#9586);
#9586 = AXIS2_PLACEMENT_3D('',#9587,#9588,#9589);
#9587 = CARTESIAN_POINT('',(0.,0.,-1.8));
#9588 = DIRECTION('',(0.,0.,1.));
#9589 = DIRECTION('',(1.,0.,-0.));
#9590 = DEFINITIONAL_REPRESENTATION('',(#9591),#9595);
#9591 = LINE('',#9592,#9593);
#9592 = CARTESIAN_POINT('',(-1.5,-1.25));
#9593 = VECTOR('',#9594,1.);
#9594 = DIRECTION('',(1.,0.));
#9595 = ( GEOMETRIC_REPRESENTATION_CONTEXT(2) 
PARAMETRIC_REPRESENTATION_CONTEXT() REPRESENTATION_CONTEXT('2D SPACE',''
  ) );
#9596 = ADVANCED_FACE('',(#9597),#9559,.F.);
#9597 = FACE_BOUND('',#9598,.F.);
#9598 = EDGE_LOOP('',(#9599,#9600,#9623,#9651));
#9599 = ORIENTED_EDGE('',*,*,#9543,.T.);
#9600 = ORIENTED_EDGE('',*,*,#9601,.T.);
#9601 = EDGE_CURVE('',#9516,#9602,#9604,.T.);
#9602 = VERTEX_POINT('',#9603);
#9603 = CARTESIAN_POINT('',(1.5,1.25,-0.97));
#9604 = SURFACE_CURVE('',#9605,(#9609,#9616),.PCURVE_S1.);
#9605 = LINE('',#9606,#9607);
#9606 = CARTESIAN_POINT('',(1.5,-1.25,-0.97));
#9607 = VECTOR('',#9608,1.);
#9608 = DIRECTION('',(0.,1.,0.));
#9609 = PCURVE('',#9559,#9610);
#9610 = DEFINITIONAL_REPRESENTATION('',(#9611),#9615);
#9611 = LINE('',#9612,#9613);
#9612 = CARTESIAN_POINT('',(0.,-0.83));
#9613 = VECTOR('',#9614,1.);
#9614 = DIRECTION('',(1.,0.));
#9615 = ( GEOMETRIC_REPRESENTATION_CONTEXT(2) 
PARAMETRIC_REPRESENTATION_CONTEXT() REPRESENTATION_CONTEXT('2D SPACE',''
  ) );
#9616 = PCURVE('',#9531,#9617);
#9617 = DEFINITIONAL_REPRESENTATION('',(#9618),#9622);
#9618 = LINE('',#9619,#9620);
#9619 = CARTESIAN_POINT('',(1.5,-1.25));
#9620 = VECTOR('',#9621,1.);
#9621 = DIRECTION('',(0.,1.));
#9622 = ( GEOMETRIC_REPRESENTATION_CONTEXT(2) 
PARAMETRIC_REPRESENTATION_CONTEXT() REPRESENTATION_CONTEXT('2D SPACE',''
  ) );
#9623 = ORIENTED_EDGE('',*,*,#9624,.F.);
#9624 = EDGE_CURVE('',#9625,#9602,#9627,.T.);
#9625 = VERTEX_POINT('',#9626);
#9626 = CARTESIAN_POINT('',(1.5,1.25,-1.8));
#9627 = SURFACE_CURVE('',#9628,(#9632,#9639),.PCURVE_S1.);
#9628 = LINE('',#9629,#9630);
#9629 = CARTESIAN_POINT('',(1.5,1.25,-1.8));
#9630 = VECTOR('',#9631,1.);
#9631 = DIRECTION('',(0.,0.,1.));
#9632 = PCURVE('',#9559,#9633);
#9633 = DEFINITIONAL_REPRESENTATION('',(#9634),#9638);
#9634 = LINE('',#9635,#9636);
#9635 = CARTESIAN_POINT('',(2.5,0.));
#9636 = VECTOR('',#9637,1.);
#9637 = DIRECTION('',(0.,-1.));
#9638 = ( GEOMETRIC_REPRESENTATION_CONTEXT(2) 
PARAMETRIC_REPRESENTATION_CONTEXT() REPRESENTATION_CONTEXT('2D SPACE',''
  ) );
#9639 = PCURVE('',#9640,#9645);
#9640 = PLANE('',#9641);
#9641 = AXIS2_PLACEMENT_3D('',#9642,#9643,#9644);
#9642 = CARTESIAN_POINT('',(1.5,1.25,-1.8));
#9643 = DIRECTION('',(0.,-1.,0.));
#9644 = DIRECTION('',(-1.,0.,0.));
#9645 = DEFINITIONAL_REPRESENTATION('',(#9646),#9650);
#9646 = LINE('',#9647,#9648);
#9647 = CARTESIAN_POINT('',(0.,-0.));
#9648 = VECTOR('',#9649,1.);
#9649 = DIRECTION('',(0.,-1.));
#9650 = ( GEOMETRIC_REPRESENTATION_CONTEXT(2) 
PARAMETRIC_REPRESENTATION_CONTEXT() REPRESENTATION_CONTEXT('2D SPACE',''
  ) );
#9651 = ORIENTED_EDGE('',*,*,#9652,.F.);
#9652 = EDGE_CURVE('',#9544,#9625,#9653,.T.);
#9653 = SURFACE_CURVE('',#9654,(#9658,#9665),.PCURVE_S1.);
#9654 = LINE('',#9655,#9656);
#9655 = CARTESIAN_POINT('',(1.5,-1.25,-1.8));
#9656 = VECTOR('',#9657,1.);
#9657 = DIRECTION('',(0.,1.,0.));
#9658 = PCURVE('',#9559,#9659);
#9659 = DEFINITIONAL_REPRESENTATION('',(#9660),#9664);
#9660 = LINE('',#9661,#9662);
#9661 = CARTESIAN_POINT('',(0.,0.));
#9662 = VECTOR('',#9663,1.);
#9663 = DIRECTION('',(1.,0.));
#9664 = ( GEOMETRIC_REPRESENTATION_CONTEXT(2) 
PARAMETRIC_REPRESENTATION_CONTEXT() REPRESENTATION_CONTEXT('2D SPACE',''
  ) );
#9665 = PCURVE('',#9585,#9666);
#9666 = DEFINITIONAL_REPRESENTATION('',(#9667),#9671);
#9667 = LINE('',#9668,#9669);
#9668 = CARTESIAN_POINT('',(1.5,-1.25));
#9669 = VECTOR('',#9670,1.);
#9670 = DIRECTION('',(0.,1.));
#9671 = ( GEOMETRIC_REPRESENTATION_CONTEXT(2) 
PARAMETRIC_REPRESENTATION_CONTEXT() REPRESENTATION_CONTEXT('2D SPACE',''
  ) );
#9672 = ADVANCED_FACE('',(#9673),#9640,.F.);
#9673 = FACE_BOUND('',#9674,.F.);
#9674 = EDGE_LOOP('',(#9675,#9676,#9699,#9722));
#9675 = ORIENTED_EDGE('',*,*,#9624,.T.);
#9676 = ORIENTED_EDGE('',*,*,#9677,.T.);
#9677 = EDGE_CURVE('',#9602,#9678,#9680,.T.);
#9678 = VERTEX_POINT('',#9679);
#9679 = CARTESIAN_POINT('',(-1.5,1.25,-0.97));
#9680 = SURFACE_CURVE('',#9681,(#9685,#9692),.PCURVE_S1.);
#9681 = LINE('',#9682,#9683);
#9682 = CARTESIAN_POINT('',(1.5,1.25,-0.97));
#9683 = VECTOR('',#9684,1.);
#9684 = DIRECTION('',(-1.,0.,0.));
#9685 = PCURVE('',#9640,#9686);
#9686 = DEFINITIONAL_REPRESENTATION('',(#9687),#9691);
#9687 = LINE('',#9688,#9689);
#9688 = CARTESIAN_POINT('',(0.,-0.83));
#9689 = VECTOR('',#9690,1.);
#9690 = DIRECTION('',(1.,0.));
#9691 = ( GEOMETRIC_REPRESENTATION_CONTEXT(2) 
PARAMETRIC_REPRESENTATION_CONTEXT() REPRESENTATION_CONTEXT('2D SPACE',''
  ) );
#9692 = PCURVE('',#9531,#9693);
#9693 = DEFINITIONAL_REPRESENTATION('',(#9694),#9698);
#9694 = LINE('',#9695,#9696);
#9695 = CARTESIAN_POINT('',(1.5,1.25));
#9696 = VECTOR('',#9697,1.);
#9697 = DIRECTION('',(-1.,0.));
#9698 = ( GEOMETRIC_REPRESENTATION_CONTEXT(2) 
PARAMETRIC_REPRESENTATION_CONTEXT() REPRESENTATION_CONTEXT('2D SPACE',''
  ) );
#9699 = ORIENTED_EDGE('',*,*,#9700,.F.);
#9700 = EDGE_CURVE('',#9701,#9678,#9703,.T.);
#9701 = VERTEX_POINT('',#9702);
#9702 = CARTESIAN_POINT('',(-1.5,1.25,-1.8));
#9703 = SURFACE_CURVE('',#9704,(#9708,#9715),.PCURVE_S1.);
#9704 = LINE('',#9705,#9706);
#9705 = CARTESIAN_POINT('',(-1.5,1.25,-1.8));
#9706 = VECTOR('',#9707,1.);
#9707 = DIRECTION('',(0.,0.,1.));
#9708 = PCURVE('',#9640,#9709);
#9709 = DEFINITIONAL_REPRESENTATION('',(#9710),#9714);
#9710 = LINE('',#9711,#9712);
#9711 = CARTESIAN_POINT('',(3.,0.));
#9712 = VECTOR('',#9713,1.);
#9713 = DIRECTION('',(0.,-1.));
#9714 = ( GEOMETRIC_REPRESENTATION_CONTEXT(2) 
PARAMETRIC_REPRESENTATION_CONTEXT() REPRESENTATION_CONTEXT('2D SPACE',''
  ) );
#9715 = PCURVE('',#9503,#9716);
#9716 = DEFINITIONAL_REPRESENTATION('',(#9717),#9721);
#9717 = LINE('',#9718,#9719);
#9718 = CARTESIAN_POINT('',(0.,0.));
#9719 = VECTOR('',#9720,1.);
#9720 = DIRECTION('',(0.,-1.));
#9721 = ( GEOMETRIC_REPRESENTATION_CONTEXT(2) 
PARAMETRIC_REPRESENTATION_CONTEXT() REPRESENTATION_CONTEXT('2D SPACE',''
  ) );
#9722 = ORIENTED_EDGE('',*,*,#9723,.F.);
#9723 = EDGE_CURVE('',#9625,#9701,#9724,.T.);
#9724 = SURFACE_CURVE('',#9725,(#9729,#9736),.PCURVE_S1.);
#9725 = LINE('',#9726,#9727);
#9726 = CARTESIAN_POINT('',(1.5,1.25,-1.8));
#9727 = VECTOR('',#9728,1.);
#9728 = DIRECTION('',(-1.,0.,0.));
#9729 = PCURVE('',#9640,#9730);
#9730 = DEFINITIONAL_REPRESENTATION('',(#9731),#9735);
#9731 = LINE('',#9732,#9733);
#9732 = CARTESIAN_POINT('',(0.,-0.));
#9733 = VECTOR('',#9734,1.);
#9734 = DIRECTION('',(1.,0.));
#9735 = ( GEOMETRIC_REPRESENTATION_CONTEXT(2) 
PARAMETRIC_REPRESENTATION_CONTEXT() REPRESENTATION_CONTEXT('2D SPACE',''
  ) );
#9736 = PCURVE('',#9585,#9737);
#9737 = DEFINITIONAL_REPRESENTATION('',(#9738),#9742);
#9738 = LINE('',#9739,#9740);
#9739 = CARTESIAN_POINT('',(1.5,1.25));
#9740 = VECTOR('',#9741,1.);
#9741 = DIRECTION('',(-1.,0.));
#9742 = ( GEOMETRIC_REPRESENTATION_CONTEXT(2) 
PARAMETRIC_REPRESENTATION_CONTEXT() REPRESENTATION_CONTEXT('2D SPACE',''
  ) );
#9743 = ADVANCED_FACE('',(#9744),#9503,.F.);
#9744 = FACE_BOUND('',#9745,.F.);
#9745 = EDGE_LOOP('',(#9746,#9747,#9768,#9769));
#9746 = ORIENTED_EDGE('',*,*,#9700,.T.);
#9747 = ORIENTED_EDGE('',*,*,#9748,.T.);
#9748 = EDGE_CURVE('',#9678,#9483,#9749,.T.);
#9749 = SURFACE_CURVE('',#9750,(#9754,#9761),.PCURVE_S1.);
#9750 = LINE('',#9751,#9752);
#9751 = CARTESIAN_POINT('',(-1.5,1.25,-0.97));
#9752 = VECTOR('',#9753,1.);
#9753 = DIRECTION('',(0.,-1.,0.));
#9754 = PCURVE('',#9503,#9755);
#9755 = DEFINITIONAL_REPRESENTATION('',(#9756),#9760);
#9756 = LINE('',#9757,#9758);
#9757 = CARTESIAN_POINT('',(0.,-0.83));
#9758 = VECTOR('',#9759,1.);
#9759 = DIRECTION('',(1.,0.));
#9760 = ( GEOMETRIC_REPRESENTATION_CONTEXT(2) 
PARAMETRIC_REPRESENTATION_CONTEXT() REPRESENTATION_CONTEXT('2D SPACE',''
  ) );
#9761 = PCURVE('',#9531,#9762);
#9762 = DEFINITIONAL_REPRESENTATION('',(#9763),#9767);
#9763 = LINE('',#9764,#9765);
#9764 = CARTESIAN_POINT('',(-1.5,1.25));
#9765 = VECTOR('',#9766,1.);
#9766 = DIRECTION('',(0.,-1.));
#9767 = ( GEOMETRIC_REPRESENTATION_CONTEXT(2) 
PARAMETRIC_REPRESENTATION_CONTEXT() REPRESENTATION_CONTEXT('2D SPACE',''
  ) );
#9768 = ORIENTED_EDGE('',*,*,#9480,.F.);
#9769 = ORIENTED_EDGE('',*,*,#9770,.F.);
#9770 = EDGE_CURVE('',#9701,#9481,#9771,.T.);
#9771 = SURFACE_CURVE('',#9772,(#9776,#9783),.PCURVE_S1.);
#9772 = LINE('',#9773,#9774);
#9773 = CARTESIAN_POINT('',(-1.5,1.25,-1.8));
#9774 = VECTOR('',#9775,1.);
#9775 = DIRECTION('',(0.,-1.,0.));
#9776 = PCURVE('',#9503,#9777);
#9777 = DEFINITIONAL_REPRESENTATION('',(#9778),#9782);
#9778 = LINE('',#9779,#9780);
#9779 = CARTESIAN_POINT('',(0.,0.));
#9780 = VECTOR('',#9781,1.);
#9781 = DIRECTION('',(1.,0.));
#9782 = ( GEOMETRIC_REPRESENTATION_CONTEXT(2) 
PARAMETRIC_REPRESENTATION_CONTEXT() REPRESENTATION_CONTEXT('2D SPACE',''
  ) );
#9783 = PCURVE('',#9585,#9784);
#9784 = DEFINITIONAL_REPRESENTATION('',(#9785),#9789);
#9785 = LINE('',#9786,#9787);
#9786 = CARTESIAN_POINT('',(-1.5,1.25));
#9787 = VECTOR('',#9788,1.);
#9788 = DIRECTION('',(0.,-1.));
#9789 = ( GEOMETRIC_REPRESENTATION_CONTEXT(2) 
PARAMETRIC_REPRESENTATION_CONTEXT() REPRESENTATION_CONTEXT('2D SPACE',''
  ) );
#9790 = ADVANCED_FACE('',(#9791),#9585,.F.);
#9791 = FACE_BOUND('',#9792,.F.);
#9792 = EDGE_LOOP('',(#9793,#9794,#9795,#9796));
#9793 = ORIENTED_EDGE('',*,*,#9571,.T.);
#9794 = ORIENTED_EDGE('',*,*,#9652,.T.);
#9795 = ORIENTED_EDGE('',*,*,#9723,.T.);
#9796 = ORIENTED_EDGE('',*,*,#9770,.T.);
#9797 = ADVANCED_FACE('',(#9798),#9531,.T.);
#9798 = FACE_BOUND('',#9799,.T.);
#9799 = EDGE_LOOP('',(#9800,#9801,#9802,#9803));
#9800 = ORIENTED_EDGE('',*,*,#9515,.T.);
#9801 = ORIENTED_EDGE('',*,*,#9601,.T.);
#9802 = ORIENTED_EDGE('',*,*,#9677,.T.);
#9803 = ORIENTED_EDGE('',*,*,#9748,.T.);
#9804 = ( GEOMETRIC_REPRESENTATION_CONTEXT(3) 
GLOBAL_UNCERTAINTY_ASSIGNED_CONTEXT((#9808)) 
GLOBAL_UNIT_ASSIGNED_CONTEXT((#9805,#9806,#9807)) REPRESENTATION_CONTEXT
('Context #1','3D Context with UNIT and UNCERTAINTY') );
#9805 = ( LENGTH_UNIT() NAMED_UNIT(*) SI_UNIT(.MILLI.,.METRE.) );
#9806 = ( NAMED_UNIT(*) PLANE_ANGLE_UNIT() SI_UNIT($,.RADIAN.) );
#9807 = ( NAMED_UNIT(*) SI_UNIT($,.STERADIAN.) SOLID_ANGLE_UNIT() );
#9808 = UNCERTAINTY_MEASURE_WITH_UNIT(LENGTH_MEASURE(1.E-07),#9805,
  'distance_accuracy_value','confusion accuracy');
#9809 = CONTEXT_DEPENDENT_SHAPE_REPRESENTATION(#9810,#9812);
#9810 = ( REPRESENTATION_RELATIONSHIP('','',#9473,#10) 
REPRESENTATION_RELATIONSHIP_WITH_TRANSFORMATION(#9811) 
SHAPE_REPRESENTATION_RELATIONSHIP() );
#9811 = ITEM_DEFINED_TRANSFORMATION('','',#11,#31);
#9812 = PRODUCT_DEFINITION_SHAPE('Placement','Placement of an item',
  #9813);
#9813 = NEXT_ASSEMBLY_USAGE_OCCURRENCE('7','part0','',#5,#9468,$);
#9814 = PRODUCT_RELATED_PRODUCT_CATEGORY('part',$,(#9470));
#9815 = SHAPE_DEFINITION_REPRESENTATION(#9816,#9822);
#9816 = PRODUCT_DEFINITION_SHAPE('','',#9817);
#9817 = PRODUCT_DEFINITION('design','',#9818,#9821);
#9818 = PRODUCT_DEFINITION_FORMATION('','',#9819);
#9819 = PRODUCT('part1','part1','',(#9820));
#9820 = PRODUCT_CONTEXT('',#2,'mechanical');
#9821 = PRODUCT_DEFINITION_CONTEXT('part definition',#2,'design');
#9822 = ADVANCED_BREP_SHAPE_REPRESENTATION('',(#11,#9823),#10153);
#9823 = MANIFOLD_SOLID_BREP('',#9824);
#9824 = CLOSED_SHELL('',(#9825,#9945,#10021,#10092,#10139,#10146));
#9825 = ADVANCED_FACE('',(#9826),#9840,.F.);
#9826 = FACE_BOUND('',#9827,.F.);
#9827 = EDGE_LOOP('',(#9828,#9863,#9891,#9919));
#9828 = ORIENTED_EDGE('',*,*,#9829,.T.);
#9829 = EDGE_CURVE('',#9830,#9832,#9834,.T.);
#9830 = VERTEX_POINT('',#9831);
#9831 = CARTESIAN_POINT('',(18.5,-1.25,-1.8));
#9832 = VERTEX_POINT('',#9833);
#9833 = CARTESIAN_POINT('',(18.5,-1.25,-0.97));
#9834 = SURFACE_CURVE('',#9835,(#9839,#9851),.PCURVE_S1.);
#9835 = LINE('',#9836,#9837);
#9836 = CARTESIAN_POINT('',(18.5,-1.25,-1.8));
#9837 = VECTOR('',#9838,1.);
#9838 = DIRECTION('',(0.,0.,1.));
#9839 = PCURVE('',#9840,#9845);
#9840 = PLANE('',#9841);
#9841 = AXIS2_PLACEMENT_3D('',#9842,#9843,#9844);
#9842 = CARTESIAN_POINT('',(18.5,-1.25,-1.8));
#9843 = DIRECTION('',(0.,1.,0.));
#9844 = DIRECTION('',(1.,0.,0.));
#9845 = DEFINITIONAL_REPRESENTATION('',(#9846),#9850);
#9846 = LINE('',#9847,#9848);
#9847 = CARTESIAN_POINT('',(0.,0.));
#9848 = VECTOR('',#9849,1.);
#9849 = DIRECTION('',(0.,-1.));
#9850 = ( GEOMETRIC_REPRESENTATION_CONTEXT(2) 
PARAMETRIC_REPRESENTATION_CONTEXT() REPRESENTATION_CONTEXT('2D SPACE',''
  ) );
#9851 = PCURVE('',#9852,#9857);
#9852 = PLANE('',#9853);
#9853 = AXIS2_PLACEMENT_3D('',#9854,#9855,#9856);
#9854 = CARTESIAN_POINT('',(18.5,1.25,-1.8));
#9855 = DIRECTION('',(1.,0.,-0.));
#9856 = DIRECTION('',(0.,-1.,0.));
#9857 = DEFINITIONAL_REPRESENTATION('',(#9858),#9862);
#9858 = LINE('',#9859,#9860);
#9859 = CARTESIAN_POINT('',(2.5,0.));
#9860 = VECTOR('',#9861,1.);
#9861 = DIRECTION('',(0.,-1.));
#9862 = ( GEOMETRIC_REPRESENTATION_CONTEXT(2) 
PARAMETRIC_REPRESENTATION_CONTEXT() REPRESENTATION_CONTEXT('2D SPACE',''
  ) );
#9863 = ORIENTED_EDGE('',*,*,#9864,.T.);
#9864 = EDGE_CURVE('',#9832,#9865,#9867,.T.);
#9865 = VERTEX_POINT('',#9866);
#9866 = CARTESIAN_POINT('',(21.5,-1.25,-0.97));
#9867 = SURFACE_CURVE('',#9868,(#9872,#9879),.PCURVE_S1.);
#9868 = LINE('',#9869,#9870);
#9869 = CARTESIAN_POINT('',(18.5,-1.25,-0.97));
#9870 = VECTOR('',#9871,1.);
#9871 = DIRECTION('',(1.,0.,0.));
#9872 = PCURVE('',#9840,#9873);
#9873 = DEFINITIONAL_REPRESENTATION('',(#9874),#9878);
#9874 = LINE('',#9875,#9876);
#9875 = CARTESIAN_POINT('',(0.,-0.83));
#9876 = VECTOR('',#9877,1.);
#9877 = DIRECTION('',(1.,0.));
#9878 = ( GEOMETRIC_REPRESENTATION_CONTEXT(2) 
PARAMETRIC_REPRESENTATION_CONTEXT() REPRESENTATION_CONTEXT('2D SPACE',''
  ) );
#9879 = PCURVE('',#9880,#9885);
#9880 = PLANE('',#9881);
#9881 = AXIS2_PLACEMENT_3D('',#9882,#9883,#9884);
#9882 = CARTESIAN_POINT('',(20.,0.,-0.97));
#9883 = DIRECTION('',(0.,0.,1.));
#9884 = DIRECTION('',(1.,0.,-0.));
#9885 = DEFINITIONAL_REPRESENTATION('',(#9886),#9890);
#9886 = LINE('',#9887,#9888);
#9887 = CARTESIAN_POINT('',(-1.5,-1.25));
#9888 = VECTOR('',#9889,1.);
#9889 = DIRECTION('',(1.,0.));
#9890 = ( GEOMETRIC_REPRESENTATION_CONTEXT(2) 
PARAMETRIC_REPRESENTATION_CONTEXT() REPRESENTATION_CONTEXT('2D SPACE',''
  ) );
#9891 = ORIENTED_EDGE('',*,*,#9892,.F.);
#9892 = EDGE_CURVE('',#9893,#9865,#9895,.T.);
#9893 = VERTEX_POINT('',#9894);
#9894 = CARTESIAN_POINT('',(21.5,-1.25,-1.8));
#9895 = SURFACE_CURVE('',#9896,(#9900,#9907),.PCURVE_S1.);
#9896 = LINE('',#9897,#9898);
#9897 = CARTESIAN_POINT('',(21.5,-1.25,-1.8));
#9898 = VECTOR('',#9899,1.);
#9899 = DIRECTION('',(0.,0.,1.));
#9900 = PCURVE('',#9840,#9901);
#9901 = DEFINITIONAL_REPRESENTATION('',(#9902),#9906);
#9902 = LINE('',#9903,#9904);
#9903 = CARTESIAN_POINT('',(3.,0.));
#9904 = VECTOR('',#9905,1.);
#9905 = DIRECTION('',(0.,-1.));
#9906 = ( GEOMETRIC_REPRESENTATION_CONTEXT(2) 
PARAMETRIC_REPRESENTATION_CONTEXT() REPRESENTATION_CONTEXT('2D SPACE',''
  ) );
#9907 = PCURVE('',#9908,#9913);
#9908 = PLANE('',#9909);
#9909 = AXIS2_PLACEMENT_3D('',#9910,#9911,#9912);
#9910 = CARTESIAN_POINT('',(21.5,-1.25,-1.8));
#9911 = DIRECTION('',(-1.,0.,0.));
#9912 = DIRECTION('',(0.,1.,0.));
#9913 = DEFINITIONAL_REPRESENTATION('',(#9914),#9918);
#9914 = LINE('',#9915,#9916);
#9915 = CARTESIAN_POINT('',(0.,0.));
#9916 = VECTOR('',#9917,1.);
#9917 = DIRECTION('',(0.,-1.));
#9918 = ( GEOMETRIC_REPRESENTATION_CONTEXT(2) 
PARAMETRIC_REPRESENTATION_CONTEXT() REPRESENTATION_CONTEXT('2D SPACE',''
  ) );
#9919 = ORIENTED_EDGE('',*,*,#9920,.F.);
#9920 = EDGE_CURVE('',#9830,#9893,#9921,.T.);
#9921 = SURFACE_CURVE('',#9922,(#9926,#9933),.PCURVE_S1.);
#9922 = LINE('',#9923,#9924);
#9923 = CARTESIAN_POINT('',(18.5,-1.25,-1.8));
#9924 = VECTOR('',#9925,1.);
#9925 = DIRECTION('',(1.,0.,0.));
#9926 = PCURVE('',#9840,#9927);
#9927 = DEFINITIONAL_REPRESENTATION('',(#9928),#9932);
#9928 = LINE('',#9929,#9930);
#9929 = CARTESIAN_POINT('',(0.,0.));
#9930 = VECTOR('',#9931,1.);
#9931 = DIRECTION('',(1.,0.));
#9932 = ( GEOMETRIC_REPRESENTATION_CONTEXT(2) 
PARAMETRIC_REPRESENTATION_CONTEXT() REPRESENTATION_CONTEXT('2D SPACE',''
  ) );
#9933 = PCURVE('',#9934,#9939);
#9934 = PLANE('',#9935);
#9935 = AXIS2_PLACEMENT_3D('',#9936,#9937,#9938);
#9936 = CARTESIAN_POINT('',(20.,0.,-1.8));
#9937 = DIRECTION('',(0.,0.,1.));
#9938 = DIRECTION('',(1.,0.,-0.));
#9939 = DEFINITIONAL_REPRESENTATION('',(#9940),#9944);
#9940 = LINE('',#9941,#9942);
#9941 = CARTESIAN_POINT('',(-1.5,-1.25));
#9942 = VECTOR('',#9943,1.);
#9943 = DIRECTION('',(1.,0.));
#9944 = ( GEOMETRIC_REPRESENTATION_CONTEXT(2) 
PARAMETRIC_REPRESENTATION_CONTEXT() REPRESENTATION_CONTEXT('2D SPACE',''
  ) );
#9945 = ADVANCED_FACE('',(#9946),#9908,.F.);
#9946 = FACE_BOUND('',#9947,.F.);
#9947 = EDGE_LOOP('',(#9948,#9949,#9972,#10000));
#9948 = ORIENTED_EDGE('',*,*,#9892,.T.);
#9949 = ORIENTED_EDGE('',*,*,#9950,.T.);
#9950 = EDGE_CURVE('',#9865,#9951,#9953,.T.);
#9951 = VERTEX_POINT('',#9952);
#9952 = CARTESIAN_POINT('',(21.5,1.25,-0.97));
#9953 = SURFACE_CURVE('',#9954,(#9958,#9965),.PCURVE_S1.);
#9954 = LINE('',#9955,#9956);
#9955 = CARTESIAN_POINT('',(21.5,-1.25,-0.97));
#9956 = VECTOR('',#9957,1.);
#9957 = DIRECTION('',(0.,1.,0.));
#9958 = PCURVE('',#9908,#9959);
#9959 = DEFINITIONAL_REPRESENTATION('',(#9960),#9964);
#9960 = LINE('',#9961,#9962);
#9961 = CARTESIAN_POINT('',(0.,-0.83));
#9962 = VECTOR('',#9963,1.);
#9963 = DIRECTION('',(1.,0.));
#9964 = ( GEOMETRIC_REPRESENTATION_CONTEXT(2) 
PARAMETRIC_REPRESENTATION_CONTEXT() REPRESENTATION_CONTEXT('2D SPACE',''
  ) );
#9965 = PCURVE('',#9880,#9966);
#9966 = DEFINITIONAL_REPRESENTATION('',(#9967),#9971);
#9967 = LINE('',#9968,#9969);
#9968 = CARTESIAN_POINT('',(1.5,-1.25));
#9969 = VECTOR('',#9970,1.);
#9970 = DIRECTION('',(0.,1.));
#9971 = ( GEOMETRIC_REPRESENTATION_CONTEXT(2) 
PARAMETRIC_REPRESENTATION_CONTEXT() REPRESENTATION_CONTEXT('2D SPACE',''
  ) );
#9972 = ORIENTED_EDGE('',*,*,#9973,.F.);
#9973 = EDGE_CURVE('',#9974,#9951,#9976,.T.);
#9974 = VERTEX_POINT('',#9975);
#9975 = CARTESIAN_POINT('',(21.5,1.25,-1.8));
#9976 = SURFACE_CURVE('',#9977,(#9981,#9988),.PCURVE_S1.);
#9977 = LINE('',#9978,#9979);
#9978 = CARTESIAN_POINT('',(21.5,1.25,-1.8));
#9979 = VECTOR('',#9980,1.);
#9980 = DIRECTION('',(0.,0.,1.));
#9981 = PCURVE('',#9908,#9982);
#9982 = DEFINITIONAL_REPRESENTATION('',(#9983),#9987);
#9983 = LINE('',#9984,#9985);
#9984 = CARTESIAN_POINT('',(2.5,0.));
#9985 = VECTOR('',#9986,1.);
#9986 = DIRECTION('',(0.,-1.));
#9987 = ( GEOMETRIC_REPRESENTATION_CONTEXT(2) 
PARAMETRIC_REPRESENTATION_CONTEXT() REPRESENTATION_CONTEXT('2D SPACE',''
  ) );
#9988 = PCURVE('',#9989,#9994);
#9989 = PLANE('',#9990);
#9990 = AXIS2_PLACEMENT_3D('',#9991,#9992,#9993);
#9991 = CARTESIAN_POINT('',(21.5,1.25,-1.8));
#9992 = DIRECTION('',(0.,-1.,0.));
#9993 = DIRECTION('',(-1.,0.,0.));
#9994 = DEFINITIONAL_REPRESENTATION('',(#9995),#9999);
#9995 = LINE('',#9996,#9997);
#9996 = CARTESIAN_POINT('',(0.,-0.));
#9997 = VECTOR('',#9998,1.);
#9998 = DIRECTION('',(0.,-1.));
#9999 = ( GEOMETRIC_REPRESENTATION_CONTEXT(2) 
PARAMETRIC_REPRESENTATION_CONTEXT() REPRESENTATION_CONTEXT('2D SPACE',''
  ) );
#10000 = ORIENTED_EDGE('',*,*,#10001,.F.);
#10001 = EDGE_CURVE('',#9893,#9974,#10002,.T.);
#10002 = SURFACE_CURVE('',#10003,(#10007,#10014),.PCURVE_S1.);
#10003 = LINE('',#10004,#10005);
#10004 = CARTESIAN_POINT('',(21.5,-1.25,-1.8));
#10005 = VECTOR('',#10006,1.);
#10006 = DIRECTION('',(0.,1.,0.));
#10007 = PCURVE('',#9908,#10008);
#10008 = DEFINITIONAL_REPRESENTATION('',(#10009),#10013);
#10009 = LINE('',#10010,#10011);
#10010 = CARTESIAN_POINT('',(0.,0.));
#10011 = VECTOR('',#10012,1.);
#10012 = DIRECTION('',(1.,0.));
#10013 = ( GEOMETRIC_REPRESENTATION_CONTEXT(2) 
PARAMETRIC_REPRESENTATION_CONTEXT() REPRESENTATION_CONTEXT('2D SPACE',''
  ) );
#10014 = PCURVE('',#9934,#10015);
#10015 = DEFINITIONAL_REPRESENTATION('',(#10016),#10020);
#10016 = LINE('',#10017,#10018);
#10017 = CARTESIAN_POINT('',(1.5,-1.25));
#10018 = VECTOR('',#10019,1.);
#10019 = DIRECTION('',(0.,1.));
#10020 = ( GEOMETRIC_REPRESENTATION_CONTEXT(2) 
PARAMETRIC_REPRESENTATION_CONTEXT() REPRESENTATION_CONTEXT('2D SPACE',''
  ) );
#10021 = ADVANCED_FACE('',(#10022),#9989,.F.);
#10022 = FACE_BOUND('',#10023,.F.);
#10023 = EDGE_LOOP('',(#10024,#10025,#10048,#10071));
#10024 = ORIENTED_EDGE('',*,*,#9973,.T.);
#10025 = ORIENTED_EDGE('',*,*,#10026,.T.);
#10026 = EDGE_CURVE('',#9951,#10027,#10029,.T.);
#10027 = VERTEX_POINT('',#10028);
#10028 = CARTESIAN_POINT('',(18.5,1.25,-0.97));
#10029 = SURFACE_CURVE('',#10030,(#10034,#10041),.PCURVE_S1.);
#10030 = LINE('',#10031,#10032);
#10031 = CARTESIAN_POINT('',(21.5,1.25,-0.97));
#10032 = VECTOR('',#10033,1.);
#10033 = DIRECTION('',(-1.,0.,0.));
#10034 = PCURVE('',#9989,#10035);
#10035 = DEFINITIONAL_REPRESENTATION('',(#10036),#10040);
#10036 = LINE('',#10037,#10038);
#10037 = CARTESIAN_POINT('',(0.,-0.83));
#10038 = VECTOR('',#10039,1.);
#10039 = DIRECTION('',(1.,0.));
#10040 = ( GEOMETRIC_REPRESENTATION_CONTEXT(2) 
PARAMETRIC_REPRESENTATION_CONTEXT() REPRESENTATION_CONTEXT('2D SPACE',''
  ) );
#10041 = PCURVE('',#9880,#10042);
#10042 = DEFINITIONAL_REPRESENTATION('',(#10043),#10047);
#10043 = LINE('',#10044,#10045);
#10044 = CARTESIAN_POINT('',(1.5,1.25));
#10045 = VECTOR('',#10046,1.);
#10046 = DIRECTION('',(-1.,0.));
#10047 = ( GEOMETRIC_REPRESENTATION_CONTEXT(2) 
PARAMETRIC_REPRESENTATION_CONTEXT() REPRESENTATION_CONTEXT('2D SPACE',''
  ) );
#10048 = ORIENTED_EDGE('',*,*,#10049,.F.);
#10049 = EDGE_CURVE('',#10050,#10027,#10052,.T.);
#10050 = VERTEX_POINT('',#10051);
#10051 = CARTESIAN_POINT('',(18.5,1.25,-1.8));
#10052 = SURFACE_CURVE('',#10053,(#10057,#10064),.PCURVE_S1.);
#10053 = LINE('',#10054,#10055);
#10054 = CARTESIAN_POINT('',(18.5,1.25,-1.8));
#10055 = VECTOR('',#10056,1.);
#10056 = DIRECTION('',(0.,0.,1.));
#10057 = PCURVE('',#9989,#10058);
#10058 = DEFINITIONAL_REPRESENTATION('',(#10059),#10063);
#10059 = LINE('',#10060,#10061);
#10060 = CARTESIAN_POINT('',(3.,0.));
#10061 = VECTOR('',#10062,1.);
#10062 = DIRECTION('',(0.,-1.));
#10063 = ( GEOMETRIC_REPRESENTATION_CONTEXT(2) 
PARAMETRIC_REPRESENTATION_CONTEXT() REPRESENTATION_CONTEXT('2D SPACE',''
  ) );
#10064 = PCURVE('',#9852,#10065);
#10065 = DEFINITIONAL_REPRESENTATION('',(#10066),#10070);
#10066 = LINE('',#10067,#10068);
#10067 = CARTESIAN_POINT('',(0.,0.));
#10068 = VECTOR('',#10069,1.);
#10069 = DIRECTION('',(0.,-1.));
#10070 = ( GEOMETRIC_REPRESENTATION_CONTEXT(2) 
PARAMETRIC_REPRESENTATION_CONTEXT() REPRESENTATION_CONTEXT('2D SPACE',''
  ) );
#10071 = ORIENTED_EDGE('',*,*,#10072,.F.);
#10072 = EDGE_CURVE('',#9974,#10050,#10073,.T.);
#10073 = SURFACE_CURVE('',#10074,(#10078,#10085),.PCURVE_S1.);
#10074 = LINE('',#10075,#10076);
#10075 = CARTESIAN_POINT('',(21.5,1.25,-1.8));
#10076 = VECTOR('',#10077,1.);
#10077 = DIRECTION('',(-1.,0.,0.));
#10078 = PCURVE('',#9989,#10079);
#10079 = DEFINITIONAL_REPRESENTATION('',(#10080),#10084);
#10080 = LINE('',#10081,#10082);
#10081 = CARTESIAN_POINT('',(0.,-0.));
#10082 = VECTOR('',#10083,1.);
#10083 = DIRECTION('',(1.,0.));
#10084 = ( GEOMETRIC_REPRESENTATION_CONTEXT(2) 
PARAMETRIC_REPRESENTATION_CONTEXT() REPRESENTATION_CONTEXT('2D SPACE',''
  ) );
#10085 = PCURVE('',#9934,#10086);
#10086 = DEFINITIONAL_REPRESENTATION('',(#10087),#10091);
#10087 = LINE('',#10088,#10089);
#10088 = CARTESIAN_POINT('',(1.5,1.25));
#10089 = VECTOR('',#10090,1.);
#10090 = DIRECTION('',(-1.,0.));
#10091 = ( GEOMETRIC_REPRESENTATION_CONTEXT(2) 
PARAMETRIC_REPRESENTATION_CONTEXT() REPRESENTATION_CONTEXT('2D SPACE',''
  ) );
#10092 = ADVANCED_FACE('',(#10093),#9852,.F.);
#10093 = FACE_BOUND('',#10094,.F.);
#10094 = EDGE_LOOP('',(#10095,#10096,#10117,#10118));
#10095 = ORIENTED_EDGE('',*,*,#10049,.T.);
#10096 = ORIENTED_EDGE('',*,*,#10097,.T.);
#10097 = EDGE_CURVE('',#10027,#9832,#10098,.T.);
#10098 = SURFACE_CURVE('',#10099,(#10103,#10110),.PCURVE_S1.);
#10099 = LINE('',#10100,#10101);
#10100 = CARTESIAN_POINT('',(18.5,1.25,-0.97));
#10101 = VECTOR('',#10102,1.);
#10102 = DIRECTION('',(0.,-1.,0.));
#10103 = PCURVE('',#9852,#10104);
#10104 = DEFINITIONAL_REPRESENTATION('',(#10105),#10109);
#10105 = LINE('',#10106,#10107);
#10106 = CARTESIAN_POINT('',(0.,-0.83));
#10107 = VECTOR('',#10108,1.);
#10108 = DIRECTION('',(1.,0.));
#10109 = ( GEOMETRIC_REPRESENTATION_CONTEXT(2) 
PARAMETRIC_REPRESENTATION_CONTEXT() REPRESENTATION_CONTEXT('2D SPACE',''
  ) );
#10110 = PCURVE('',#9880,#10111);
#10111 = DEFINITIONAL_REPRESENTATION('',(#10112),#10116);
#10112 = LINE('',#10113,#10114);
#10113 = CARTESIAN_POINT('',(-1.5,1.25));
#10114 = VECTOR('',#10115,1.);
#10115 = DIRECTION('',(0.,-1.));
#10116 = ( GEOMETRIC_REPRESENTATION_CONTEXT(2) 
PARAMETRIC_REPRESENTATION_CONTEXT() REPRESENTATION_CONTEXT('2D SPACE',''
  ) );
#10117 = ORIENTED_EDGE('',*,*,#9829,.F.);
#10118 = ORIENTED_EDGE('',*,*,#10119,.F.);
#10119 = EDGE_CURVE('',#10050,#9830,#10120,.T.);
#10120 = SURFACE_CURVE('',#10121,(#10125,#10132),.PCURVE_S1.);
#10121 = LINE('',#10122,#10123);
#10122 = CARTESIAN_POINT('',(18.5,1.25,-1.8));
#10123 = VECTOR('',#10124,1.);
#10124 = DIRECTION('',(0.,-1.,0.));
#10125 = PCURVE('',#9852,#10126);
#10126 = DEFINITIONAL_REPRESENTATION('',(#10127),#10131);
#10127 = LINE('',#10128,#10129);
#10128 = CARTESIAN_POINT('',(0.,0.));
#10129 = VECTOR('',#10130,1.);
#10130 = DIRECTION('',(1.,0.));
#10131 = ( GEOMETRIC_REPRESENTATION_CONTEXT(2) 
PARAMETRIC_REPRESENTATION_CONTEXT() REPRESENTATION_CONTEXT('2D SPACE',''
  ) );
#10132 = PCURVE('',#9934,#10133);
#10133 = DEFINITIONAL_REPRESENTATION('',(#10134),#10138);
#10134 = LINE('',#10135,#10136);
#10135 = CARTESIAN_POINT('',(-1.5,1.25));
#10136 = VECTOR('',#10137,1.);
#10137 = DIRECTION('',(0.,-1.));
#10138 = ( GEOMETRIC_REPRESENTATION_CONTEXT(2) 
PARAMETRIC_REPRESENTATION_CONTEXT() REPRESENTATION_CONTEXT('2D SPACE',''
  ) );
#10139 = ADVANCED_FACE('',(#10140),#9934,.F.);
#10140 = FACE_BOUND('',#10141,.F.);
#10141 = EDGE_LOOP('',(#10142,#10143,#10144,#10145));
#10142 = ORIENTED_EDGE('',*,*,#9920,.T.);
#10143 = ORIENTED_EDGE('',*,*,#10001,.T.);
#10144 = ORIENTED_EDGE('',*,*,#10072,.T.);
#10145 = ORIENTED_EDGE('',*,*,#10119,.T.);
#10146 = ADVANCED_FACE('',(#10147),#9880,.T.);
#10147 = FACE_BOUND('',#10148,.T.);
#10148 = EDGE_LOOP('',(#10149,#10150,#10151,#10152));
#10149 = ORIENTED_EDGE('',*,*,#9864,.T.);
#10150 = ORIENTED_EDGE('',*,*,#9950,.T.);
#10151 = ORIENTED_EDGE('',*,*,#10026,.T.);
#10152 = ORIENTED_EDGE('',*,*,#10097,.T.);
#10153 = ( GEOMETRIC_REPRESENTATION_CONTEXT(3) 
GLOBAL_UNCERTAINTY_ASSIGNED_CONTEXT((#10157)) 
GLOBAL_UNIT_ASSIGNED_CONTEXT((#10154,#10155,#10156)) 
REPRESENTATION_CONTEXT('Context #1',
  '3D Context with UNIT and UNCERTAINTY') );
#10154 = ( LENGTH_UNIT() NAMED_UNIT(*) SI_UNIT(.MILLI.,.METRE.) );
#10155 = ( NAMED_UNIT(*) PLANE_ANGLE_UNIT() SI_UNIT($,.RADIAN.) );
#10156 = ( NAMED_UNIT(*) SI_UNIT($,.STERADIAN.) SOLID_ANGLE_UNIT() );
#10157 = UNCERTAINTY_MEASURE_WITH_UNIT(LENGTH_MEASURE(1.E-07),#10154,
  'distance_accuracy_value','confusion accuracy');
#10158 = CONTEXT_DEPENDENT_SHAPE_REPRESENTATION(#10159,#10161);
#10159 = ( REPRESENTATION_RELATIONSHIP('','',#9822,#10) 
REPRESENTATION_RELATIONSHIP_WITH_TRANSFORMATION(#10160) 
SHAPE_REPRESENTATION_RELATIONSHIP() );
#10160 = ITEM_DEFINED_TRANSFORMATION('','',#11,#35);
#10161 = PRODUCT_DEFINITION_SHAPE('Placement','Placement of an item',
  #10162);
#10162 = NEXT_ASSEMBLY_USAGE_OCCURRENCE('8','part1','',#5,#9817,$);
#10163 = PRODUCT_RELATED_PRODUCT_CATEGORY('part',$,(#9819));
#10164 = SHAPE_DEFINITION_REPRESENTATION(#10165,#10171);
#10165 = PRODUCT_DEFINITION_SHAPE('','',#10166);
#10166 = PRODUCT_DEFINITION('design','',#10167,#10170);
#10167 = PRODUCT_DEFINITION_FORMATION('','',#10168);
#10168 = PRODUCT('part2','part2','',(#10169));
#10169 = PRODUCT_CONTEXT('',#2,'mechanical');
#10170 = PRODUCT_DEFINITION_CONTEXT('part definition',#2,'design');
#10171 = ADVANCED_BREP_SHAPE_REPRESENTATION('',(#11,#10172),#10502);
#10172 = MANIFOLD_SOLID_BREP('',#10173);
#10173 = CLOSED_SHELL('',(#10174,#10294,#10370,#10441,#10488,#10495));
#10174 = ADVANCED_FACE('',(#10175),#10189,.F.);
#10175 = FACE_BOUND('',#10176,.F.);
#10176 = EDGE_LOOP('',(#10177,#10212,#10240,#10268));
#10177 = ORIENTED_EDGE('',*,*,#10178,.T.);
#10178 = EDGE_CURVE('',#10179,#10181,#10183,.T.);
#10179 = VERTEX_POINT('',#10180);
#10180 = CARTESIAN_POINT('',(-21.5,-1.25,-1.8));
#10181 = VERTEX_POINT('',#10182);
#10182 = CARTESIAN_POINT('',(-21.5,-1.25,-0.97));
#10183 = SURFACE_CURVE('',#10184,(#10188,#10200),.PCURVE_S1.);
#10184 = LINE('',#10185,#10186);
#10185 = CARTESIAN_POINT('',(-21.5,-1.25,-1.8));
#10186 = VECTOR('',#10187,1.);
#10187 = DIRECTION('',(0.,0.,1.));
#10188 = PCURVE('',#10189,#10194);
#10189 = PLANE('',#10190);
#10190 = AXIS2_PLACEMENT_3D('',#10191,#10192,#10193);
#10191 = CARTESIAN_POINT('',(-21.5,-1.25,-1.8));
#10192 = DIRECTION('',(0.,1.,0.));
#10193 = DIRECTION('',(1.,0.,0.));
#10194 = DEFINITIONAL_REPRESENTATION('',(#10195),#10199);
#10195 = LINE('',#10196,#10197);
#10196 = CARTESIAN_POINT('',(0.,0.));
#10197 = VECTOR('',#10198,1.);
#10198 = DIRECTION('',(0.,-1.));
#10199 = ( GEOMETRIC_REPRESENTATION_CONTEXT(2) 
PARAMETRIC_REPRESENTATION_CONTEXT() REPRESENTATION_CONTEXT('2D SPACE',''
  ) );
#10200 = PCURVE('',#10201,#10206);
#10201 = PLANE('',#10202);
#10202 = AXIS2_PLACEMENT_3D('',#10203,#10204,#10205);
#10203 = CARTESIAN_POINT('',(-21.5,1.25,-1.8));
#10204 = DIRECTION('',(1.,0.,-0.));
#10205 = DIRECTION('',(0.,-1.,0.));
#10206 = DEFINITIONAL_REPRESENTATION('',(#10207),#10211);
#10207 = LINE('',#10208,#10209);
#10208 = CARTESIAN_POINT('',(2.5,0.));
#10209 = VECTOR('',#10210,1.);
#10210 = DIRECTION('',(0.,-1.));
#10211 = ( GEOMETRIC_REPRESENTATION_CONTEXT(2) 
PARAMETRIC_REPRESENTATION_CONTEXT() REPRESENTATION_CONTEXT('2D SPACE',''
  ) );
#10212 = ORIENTED_EDGE('',*,*,#10213,.T.);
#10213 = EDGE_CURVE('',#10181,#10214,#10216,.T.);
#10214 = VERTEX_POINT('',#10215);
#10215 = CARTESIAN_POINT('',(-18.5,-1.25,-0.97));
#10216 = SURFACE_CURVE('',#10217,(#10221,#10228),.PCURVE_S1.);
#10217 = LINE('',#10218,#10219);
#10218 = CARTESIAN_POINT('',(-21.5,-1.25,-0.97));
#10219 = VECTOR('',#10220,1.);
#10220 = DIRECTION('',(1.,0.,0.));
#10221 = PCURVE('',#10189,#10222);
#10222 = DEFINITIONAL_REPRESENTATION('',(#10223),#10227);
#10223 = LINE('',#10224,#10225);
#10224 = CARTESIAN_POINT('',(0.,-0.83));
#10225 = VECTOR('',#10226,1.);
#10226 = DIRECTION('',(1.,0.));
#10227 = ( GEOMETRIC_REPRESENTATION_CONTEXT(2) 
PARAMETRIC_REPRESENTATION_CONTEXT() REPRESENTATION_CONTEXT('2D SPACE',''
  ) );
#10228 = PCURVE('',#10229,#10234);
#10229 = PLANE('',#10230);
#10230 = AXIS2_PLACEMENT_3D('',#10231,#10232,#10233);
#10231 = CARTESIAN_POINT('',(-20.,0.,-0.97));
#10232 = DIRECTION('',(0.,0.,1.));
#10233 = DIRECTION('',(1.,0.,-0.));
#10234 = DEFINITIONAL_REPRESENTATION('',(#10235),#10239);
#10235 = LINE('',#10236,#10237);
#10236 = CARTESIAN_POINT('',(-1.5,-1.25));
#10237 = VECTOR('',#10238,1.);
#10238 = DIRECTION('',(1.,0.));
#10239 = ( GEOMETRIC_REPRESENTATION_CONTEXT(2) 
PARAMETRIC_REPRESENTATION_CONTEXT() REPRESENTATION_CONTEXT('2D SPACE',''
  ) );
#10240 = ORIENTED_EDGE('',*,*,#10241,.F.);
#10241 = EDGE_CURVE('',#10242,#10214,#10244,.T.);
#10242 = VERTEX_POINT('',#10243);
#10243 = CARTESIAN_POINT('',(-18.5,-1.25,-1.8));
#10244 = SURFACE_CURVE('',#10245,(#10249,#10256),.PCURVE_S1.);
#10245 = LINE('',#10246,#10247);
#10246 = CARTESIAN_POINT('',(-18.5,-1.25,-1.8));
#10247 = VECTOR('',#10248,1.);
#10248 = DIRECTION('',(0.,0.,1.));
#10249 = PCURVE('',#10189,#10250);
#10250 = DEFINITIONAL_REPRESENTATION('',(#10251),#10255);
#10251 = LINE('',#10252,#10253);
#10252 = CARTESIAN_POINT('',(3.,0.));
#10253 = VECTOR('',#10254,1.);
#10254 = DIRECTION('',(0.,-1.));
#10255 = ( GEOMETRIC_REPRESENTATION_CONTEXT(2) 
PARAMETRIC_REPRESENTATION_CONTEXT() REPRESENTATION_CONTEXT('2D SPACE',''
  ) );
#10256 = PCURVE('',#10257,#10262);
#10257 = PLANE('',#10258);
#10258 = AXIS2_PLACEMENT_3D('',#10259,#10260,#10261);
#10259 = CARTESIAN_POINT('',(-18.5,-1.25,-1.8));
#10260 = DIRECTION('',(-1.,0.,0.));
#10261 = DIRECTION('',(0.,1.,0.));
#10262 = DEFINITIONAL_REPRESENTATION('',(#10263),#10267);
#10263 = LINE('',#10264,#10265);
#10264 = CARTESIAN_POINT('',(0.,0.));
#10265 = VECTOR('',#10266,1.);
#10266 = DIRECTION('',(0.,-1.));
#10267 = ( GEOMETRIC_REPRESENTATION_CONTEXT(2) 
PARAMETRIC_REPRESENTATION_CONTEXT() REPRESENTATION_CONTEXT('2D SPACE',''
  ) );
#10268 = ORIENTED_EDGE('',*,*,#10269,.F.);
#10269 = EDGE_CURVE('',#10179,#10242,#10270,.T.);
#10270 = SURFACE_CURVE('',#10271,(#10275,#10282),.PCURVE_S1.);
#10271 = LINE('',#10272,#10273);
#10272 = CARTESIAN_POINT('',(-21.5,-1.25,-1.8));
#10273 = VECTOR('',#10274,1.);
#10274 = DIRECTION('',(1.,0.,0.));
#10275 = PCURVE('',#10189,#10276);
#10276 = DEFINITIONAL_REPRESENTATION('',(#10277),#10281);
#10277 = LINE('',#10278,#10279);
#10278 = CARTESIAN_POINT('',(0.,0.));
#10279 = VECTOR('',#10280,1.);
#10280 = DIRECTION('',(1.,0.));
#10281 = ( GEOMETRIC_REPRESENTATION_CONTEXT(2) 
PARAMETRIC_REPRESENTATION_CONTEXT() REPRESENTATION_CONTEXT('2D SPACE',''
  ) );
#10282 = PCURVE('',#10283,#10288);
#10283 = PLANE('',#10284);
#10284 = AXIS2_PLACEMENT_3D('',#10285,#10286,#10287);
#10285 = CARTESIAN_POINT('',(-20.,0.,-1.8));
#10286 = DIRECTION('',(0.,0.,1.));
#10287 = DIRECTION('',(1.,0.,-0.));
#10288 = DEFINITIONAL_REPRESENTATION('',(#10289),#10293);
#10289 = LINE('',#10290,#10291);
#10290 = CARTESIAN_POINT('',(-1.5,-1.25));
#10291 = VECTOR('',#10292,1.);
#10292 = DIRECTION('',(1.,0.));
#10293 = ( GEOMETRIC_REPRESENTATION_CONTEXT(2) 
PARAMETRIC_REPRESENTATION_CONTEXT() REPRESENTATION_CONTEXT('2D SPACE',''
  ) );
#10294 = ADVANCED_FACE('',(#10295),#10257,.F.);
#10295 = FACE_BOUND('',#10296,.F.);
#10296 = EDGE_LOOP('',(#10297,#10298,#10321,#10349));
#10297 = ORIENTED_EDGE('',*,*,#10241,.T.);
#10298 = ORIENTED_EDGE('',*,*,#10299,.T.);
#10299 = EDGE_CURVE('',#10214,#10300,#10302,.T.);
#10300 = VERTEX_POINT('',#10301);
#10301 = CARTESIAN_POINT('',(-18.5,1.25,-0.97));
#10302 = SURFACE_CURVE('',#10303,(#10307,#10314),.PCURVE_S1.);
#10303 = LINE('',#10304,#10305);
#10304 = CARTESIAN_POINT('',(-18.5,-1.25,-0.97));
#10305 = VECTOR('',#10306,1.);
#10306 = DIRECTION('',(0.,1.,0.));
#10307 = PCURVE('',#10257,#10308);
#10308 = DEFINITIONAL_REPRESENTATION('',(#10309),#10313);
#10309 = LINE('',#10310,#10311);
#10310 = CARTESIAN_POINT('',(0.,-0.83));
#10311 = VECTOR('',#10312,1.);
#10312 = DIRECTION('',(1.,0.));
#10313 = ( GEOMETRIC_REPRESENTATION_CONTEXT(2) 
PARAMETRIC_REPRESENTATION_CONTEXT() REPRESENTATION_CONTEXT('2D SPACE',''
  ) );
#10314 = PCURVE('',#10229,#10315);
#10315 = DEFINITIONAL_REPRESENTATION('',(#10316),#10320);
#10316 = LINE('',#10317,#10318);
#10317 = CARTESIAN_POINT('',(1.5,-1.25));
#10318 = VECTOR('',#10319,1.);
#10319 = DIRECTION('',(0.,1.));
#10320 = ( GEOMETRIC_REPRESENTATION_CONTEXT(2) 
PARAMETRIC_REPRESENTATION_CONTEXT() REPRESENTATION_CONTEXT('2D SPACE',''
  ) );
#10321 = ORIENTED_EDGE('',*,*,#10322,.F.);
#10322 = EDGE_CURVE('',#10323,#10300,#10325,.T.);
#10323 = VERTEX_POINT('',#10324);
#10324 = CARTESIAN_POINT('',(-18.5,1.25,-1.8));
#10325 = SURFACE_CURVE('',#10326,(#10330,#10337),.PCURVE_S1.);
#10326 = LINE('',#10327,#10328);
#10327 = CARTESIAN_POINT('',(-18.5,1.25,-1.8));
#10328 = VECTOR('',#10329,1.);
#10329 = DIRECTION('',(0.,0.,1.));
#10330 = PCURVE('',#10257,#10331);
#10331 = DEFINITIONAL_REPRESENTATION('',(#10332),#10336);
#10332 = LINE('',#10333,#10334);
#10333 = CARTESIAN_POINT('',(2.5,0.));
#10334 = VECTOR('',#10335,1.);
#10335 = DIRECTION('',(0.,-1.));
#10336 = ( GEOMETRIC_REPRESENTATION_CONTEXT(2) 
PARAMETRIC_REPRESENTATION_CONTEXT() REPRESENTATION_CONTEXT('2D SPACE',''
  ) );
#10337 = PCURVE('',#10338,#10343);
#10338 = PLANE('',#10339);
#10339 = AXIS2_PLACEMENT_3D('',#10340,#10341,#10342);
#10340 = CARTESIAN_POINT('',(-18.5,1.25,-1.8));
#10341 = DIRECTION('',(0.,-1.,0.));
#10342 = DIRECTION('',(-1.,0.,0.));
#10343 = DEFINITIONAL_REPRESENTATION('',(#10344),#10348);
#10344 = LINE('',#10345,#10346);
#10345 = CARTESIAN_POINT('',(0.,-0.));
#10346 = VECTOR('',#10347,1.);
#10347 = DIRECTION('',(0.,-1.));
#10348 = ( GEOMETRIC_REPRESENTATION_CONTEXT(2) 
PARAMETRIC_REPRESENTATION_CONTEXT() REPRESENTATION_CONTEXT('2D SPACE',''
  ) );
#10349 = ORIENTED_EDGE('',*,*,#10350,.F.);
#10350 = EDGE_CURVE('',#10242,#10323,#10351,.T.);
#10351 = SURFACE_CURVE('',#10352,(#10356,#10363),.PCURVE_S1.);
#10352 = LINE('',#10353,#10354);
#10353 = CARTESIAN_POINT('',(-18.5,-1.25,-1.8));
#10354 = VECTOR('',#10355,1.);
#10355 = DIRECTION('',(0.,1.,0.));
#10356 = PCURVE('',#10257,#10357);
#10357 = DEFINITIONAL_REPRESENTATION('',(#10358),#10362);
#10358 = LINE('',#10359,#10360);
#10359 = CARTESIAN_POINT('',(0.,0.));
#10360 = VECTOR('',#10361,1.);
#10361 = DIRECTION('',(1.,0.));
#10362 = ( GEOMETRIC_REPRESENTATION_CONTEXT(2) 
PARAMETRIC_REPRESENTATION_CONTEXT() REPRESENTATION_CONTEXT('2D SPACE',''
  ) );
#10363 = PCURVE('',#10283,#10364);
#10364 = DEFINITIONAL_REPRESENTATION('',(#10365),#10369);
#10365 = LINE('',#10366,#10367);
#10366 = CARTESIAN_POINT('',(1.5,-1.25));
#10367 = VECTOR('',#10368,1.);
#10368 = DIRECTION('',(0.,1.));
#10369 = ( GEOMETRIC_REPRESENTATION_CONTEXT(2) 
PARAMETRIC_REPRESENTATION_CONTEXT() REPRESENTATION_CONTEXT('2D SPACE',''
  ) );
#10370 = ADVANCED_FACE('',(#10371),#10338,.F.);
#10371 = FACE_BOUND('',#10372,.F.);
#10372 = EDGE_LOOP('',(#10373,#10374,#10397,#10420));
#10373 = ORIENTED_EDGE('',*,*,#10322,.T.);
#10374 = ORIENTED_EDGE('',*,*,#10375,.T.);
#10375 = EDGE_CURVE('',#10300,#10376,#10378,.T.);
#10376 = VERTEX_POINT('',#10377);
#10377 = CARTESIAN_POINT('',(-21.5,1.25,-0.97));
#10378 = SURFACE_CURVE('',#10379,(#10383,#10390),.PCURVE_S1.);
#10379 = LINE('',#10380,#10381);
#10380 = CARTESIAN_POINT('',(-18.5,1.25,-0.97));
#10381 = VECTOR('',#10382,1.);
#10382 = DIRECTION('',(-1.,0.,0.));
#10383 = PCURVE('',#10338,#10384);
#10384 = DEFINITIONAL_REPRESENTATION('',(#10385),#10389);
#10385 = LINE('',#10386,#10387);
#10386 = CARTESIAN_POINT('',(0.,-0.83));
#10387 = VECTOR('',#10388,1.);
#10388 = DIRECTION('',(1.,0.));
#10389 = ( GEOMETRIC_REPRESENTATION_CONTEXT(2) 
PARAMETRIC_REPRESENTATION_CONTEXT() REPRESENTATION_CONTEXT('2D SPACE',''
  ) );
#10390 = PCURVE('',#10229,#10391);
#10391 = DEFINITIONAL_REPRESENTATION('',(#10392),#10396);
#10392 = LINE('',#10393,#10394);
#10393 = CARTESIAN_POINT('',(1.5,1.25));
#10394 = VECTOR('',#10395,1.);
#10395 = DIRECTION('',(-1.,0.));
#10396 = ( GEOMETRIC_REPRESENTATION_CONTEXT(2) 
PARAMETRIC_REPRESENTATION_CONTEXT() REPRESENTATION_CONTEXT('2D SPACE',''
  ) );
#10397 = ORIENTED_EDGE('',*,*,#10398,.F.);
#10398 = EDGE_CURVE('',#10399,#10376,#10401,.T.);
#10399 = VERTEX_POINT('',#10400);
#10400 = CARTESIAN_POINT('',(-21.5,1.25,-1.8));
#10401 = SURFACE_CURVE('',#10402,(#10406,#10413),.PCURVE_S1.);
#10402 = LINE('',#10403,#10404);
#10403 = CARTESIAN_POINT('',(-21.5,1.25,-1.8));
#10404 = VECTOR('',#10405,1.);
#10405 = DIRECTION('',(0.,0.,1.));
#10406 = PCURVE('',#10338,#10407);
#10407 = DEFINITIONAL_REPRESENTATION('',(#10408),#10412);
#10408 = LINE('',#10409,#10410);
#10409 = CARTESIAN_POINT('',(3.,0.));
#10410 = VECTOR('',#10411,1.);
#10411 = DIRECTION('',(0.,-1.));
#10412 = ( GEOMETRIC_REPRESENTATION_CONTEXT(2) 
PARAMETRIC_REPRESENTATION_CONTEXT() REPRESENTATION_CONTEXT('2D SPACE',''
  ) );
#10413 = PCURVE('',#10201,#10414);
#10414 = DEFINITIONAL_REPRESENTATION('',(#10415),#10419);
#10415 = LINE('',#10416,#10417);
#10416 = CARTESIAN_POINT('',(0.,0.));
#10417 = VECTOR('',#10418,1.);
#10418 = DIRECTION('',(0.,-1.));
#10419 = ( GEOMETRIC_REPRESENTATION_CONTEXT(2) 
PARAMETRIC_REPRESENTATION_CONTEXT() REPRESENTATION_CONTEXT('2D SPACE',''
  ) );
#10420 = ORIENTED_EDGE('',*,*,#10421,.F.);
#10421 = EDGE_CURVE('',#10323,#10399,#10422,.T.);
#10422 = SURFACE_CURVE('',#10423,(#10427,#10434),.PCURVE_S1.);
#10423 = LINE('',#10424,#10425);
#10424 = CARTESIAN_POINT('',(-18.5,1.25,-1.8));
#10425 = VECTOR('',#10426,1.);
#10426 = DIRECTION('',(-1.,0.,0.));
#10427 = PCURVE('',#10338,#10428);
#10428 = DEFINITIONAL_REPRESENTATION('',(#10429),#10433);
#10429 = LINE('',#10430,#10431);
#10430 = CARTESIAN_POINT('',(0.,-0.));
#10431 = VECTOR('',#10432,1.);
#10432 = DIRECTION('',(1.,0.));
#10433 = ( GEOMETRIC_REPRESENTATION_CONTEXT(2) 
PARAMETRIC_REPRESENTATION_CONTEXT() REPRESENTATION_CONTEXT('2D SPACE',''
  ) );
#10434 = PCURVE('',#10283,#10435);
#10435 = DEFINITIONAL_REPRESENTATION('',(#10436),#10440);
#10436 = LINE('',#10437,#10438);
#10437 = CARTESIAN_POINT('',(1.5,1.25));
#10438 = VECTOR('',#10439,1.);
#10439 = DIRECTION('',(-1.,0.));
#10440 = ( GEOMETRIC_REPRESENTATION_CONTEXT(2) 
PARAMETRIC_REPRESENTATION_CONTEXT() REPRESENTATION_CONTEXT('2D SPACE',''
  ) );
#10441 = ADVANCED_FACE('',(#10442),#10201,.F.);
#10442 = FACE_BOUND('',#10443,.F.);
#10443 = EDGE_LOOP('',(#10444,#10445,#10466,#10467));
#10444 = ORIENTED_EDGE('',*,*,#10398,.T.);
#10445 = ORIENTED_EDGE('',*,*,#10446,.T.);
#10446 = EDGE_CURVE('',#10376,#10181,#10447,.T.);
#10447 = SURFACE_CURVE('',#10448,(#10452,#10459),.PCURVE_S1.);
#10448 = LINE('',#10449,#10450);
#10449 = CARTESIAN_POINT('',(-21.5,1.25,-0.97));
#10450 = VECTOR('',#10451,1.);
#10451 = DIRECTION('',(0.,-1.,0.));
#10452 = PCURVE('',#10201,#10453);
#10453 = DEFINITIONAL_REPRESENTATION('',(#10454),#10458);
#10454 = LINE('',#10455,#10456);
#10455 = CARTESIAN_POINT('',(0.,-0.83));
#10456 = VECTOR('',#10457,1.);
#10457 = DIRECTION('',(1.,0.));
#10458 = ( GEOMETRIC_REPRESENTATION_CONTEXT(2) 
PARAMETRIC_REPRESENTATION_CONTEXT() REPRESENTATION_CONTEXT('2D SPACE',''
  ) );
#10459 = PCURVE('',#10229,#10460);
#10460 = DEFINITIONAL_REPRESENTATION('',(#10461),#10465);
#10461 = LINE('',#10462,#10463);
#10462 = CARTESIAN_POINT('',(-1.5,1.25));
#10463 = VECTOR('',#10464,1.);
#10464 = DIRECTION('',(0.,-1.));
#10465 = ( GEOMETRIC_REPRESENTATION_CONTEXT(2) 
PARAMETRIC_REPRESENTATION_CONTEXT() REPRESENTATION_CONTEXT('2D SPACE',''
  ) );
#10466 = ORIENTED_EDGE('',*,*,#10178,.F.);
#10467 = ORIENTED_EDGE('',*,*,#10468,.F.);
#10468 = EDGE_CURVE('',#10399,#10179,#10469,.T.);
#10469 = SURFACE_CURVE('',#10470,(#10474,#10481),.PCURVE_S1.);
#10470 = LINE('',#10471,#10472);
#10471 = CARTESIAN_POINT('',(-21.5,1.25,-1.8));
#10472 = VECTOR('',#10473,1.);
#10473 = DIRECTION('',(0.,-1.,0.));
#10474 = PCURVE('',#10201,#10475);
#10475 = DEFINITIONAL_REPRESENTATION('',(#10476),#10480);
#10476 = LINE('',#10477,#10478);
#10477 = CARTESIAN_POINT('',(0.,0.));
#10478 = VECTOR('',#10479,1.);
#10479 = DIRECTION('',(1.,0.));
#10480 = ( GEOMETRIC_REPRESENTATION_CONTEXT(2) 
PARAMETRIC_REPRESENTATION_CONTEXT() REPRESENTATION_CONTEXT('2D SPACE',''
  ) );
#10481 = PCURVE('',#10283,#10482);
#10482 = DEFINITIONAL_REPRESENTATION('',(#10483),#10487);
#10483 = LINE('',#10484,#10485);
#10484 = CARTESIAN_POINT('',(-1.5,1.25));
#10485 = VECTOR('',#10486,1.);
#10486 = DIRECTION('',(0.,-1.));
#10487 = ( GEOMETRIC_REPRESENTATION_CONTEXT(2) 
PARAMETRIC_REPRESENTATION_CONTEXT() REPRESENTATION_CONTEXT('2D SPACE',''
  ) );
#10488 = ADVANCED_FACE('',(#10489),#10283,.F.);
#10489 = FACE_BOUND('',#10490,.F.);
#10490 = EDGE_LOOP('',(#10491,#10492,#10493,#10494));
#10491 = ORIENTED_EDGE('',*,*,#10269,.T.);
#10492 = ORIENTED_EDGE('',*,*,#10350,.T.);
#10493 = ORIENTED_EDGE('',*,*,#10421,.T.);
#10494 = ORIENTED_EDGE('',*,*,#10468,.T.);
#10495 = ADVANCED_FACE('',(#10496),#10229,.T.);
#10496 = FACE_BOUND('',#10497,.T.);
#10497 = EDGE_LOOP('',(#10498,#10499,#10500,#10501));
#10498 = ORIENTED_EDGE('',*,*,#10213,.T.);
#10499 = ORIENTED_EDGE('',*,*,#10299,.T.);
#10500 = ORIENTED_EDGE('',*,*,#10375,.T.);
#10501 = ORIENTED_EDGE('',*,*,#10446,.T.);
#10502 = ( GEOMETRIC_REPRESENTATION_CONTEXT(3) 
GLOBAL_UNCERTAINTY_ASSIGNED_CONTEXT((#10506)) 
GLOBAL_UNIT_ASSIGNED_CONTEXT((#10503,#10504,#10505)) 
REPRESENTATION_CONTEXT('Context #1',
  '3D Context with UNIT and UNCERTAINTY') );
#10503 = ( LENGTH_UNIT() NAMED_UNIT(*) SI_UNIT(.MILLI.,.METRE.) );
#10504 = ( NAMED_UNIT(*) PLANE_ANGLE_UNIT() SI_UNIT($,.RADIAN.) );
#10505 = ( NAMED_UNIT(*) SI_UNIT($,.STERADIAN.) SOLID_ANGLE_UNIT() );
#10506 = UNCERTAINTY_MEASURE_WITH_UNIT(LENGTH_MEASURE(1.E-07),#10503,
  'distance_accuracy_value','confusion accuracy');
#10507 = CONTEXT_DEPENDENT_SHAPE_REPRESENTATION(#10508,#10510);
#10508 = ( REPRESENTATION_RELATIONSHIP('','',#10171,#10) 
REPRESENTATION_RELATIONSHIP_WITH_TRANSFORMATION(#10509) 
SHAPE_REPRESENTATION_RELATIONSHIP() );
#10509 = ITEM_DEFINED_TRANSFORMATION('','',#11,#39);
#10510 = PRODUCT_DEFINITION_SHAPE('Placement','Placement of an item',
  #10511);
#10511 = NEXT_ASSEMBLY_USAGE_OCCURRENCE('9','part2','',#5,#10166,$);
#10512 = PRODUCT_RELATED_PRODUCT_CATEGORY('part',$,(#10168));
#10513 = SHAPE_DEFINITION_REPRESENTATION(#10514,#10520);
#10514 = PRODUCT_DEFINITION_SHAPE('','',#10515);
#10515 = PRODUCT_DEFINITION('design','',#10516,#10519);
#10516 = PRODUCT_DEFINITION_FORMATION('','',#10517);
#10517 = PRODUCT('part3','part3','',(#10518));
#10518 = PRODUCT_CONTEXT('',#2,'mechanical');
#10519 = PRODUCT_DEFINITION_CONTEXT('part definition',#2,'design');
#10520 = ADVANCED_BREP_SHAPE_REPRESENTATION('',(#11,#10521),#10851);
#10521 = MANIFOLD_SOLID_BREP('',#10522);
#10522 = CLOSED_SHELL('',(#10523,#10643,#10719,#10790,#10837,#10844));
#10523 = ADVANCED_FACE('',(#10524),#10538,.T.);
#10524 = FACE_BOUND('',#10525,.T.);
#10525 = EDGE_LOOP('',(#10526,#10561,#10589,#10617));
#10526 = ORIENTED_EDGE('',*,*,#10527,.T.);
#10527 = EDGE_CURVE('',#10528,#10530,#10532,.T.);
#10528 = VERTEX_POINT('',#10529);
#10529 = CARTESIAN_POINT('',(4.5,-8.9,-2.6));
#10530 = VERTEX_POINT('',#10531);
#10531 = CARTESIAN_POINT('',(4.5,-8.9,-3.8));
#10532 = SURFACE_CURVE('',#10533,(#10537,#10549),.PCURVE_S1.);
#10533 = LINE('',#10534,#10535);
#10534 = CARTESIAN_POINT('',(4.5,-8.9,-2.6));
#10535 = VECTOR('',#10536,1.);
#10536 = DIRECTION('',(-0.,-0.,-1.));
#10537 = PCURVE('',#10538,#10543);
#10538 = PLANE('',#10539);
#10539 = AXIS2_PLACEMENT_3D('',#10540,#10541,#10542);
#10540 = CARTESIAN_POINT('',(4.5,-8.9,-2.6));
#10541 = DIRECTION('',(0.,-1.,0.));
#10542 = DIRECTION('',(1.,0.,0.));
#10543 = DEFINITIONAL_REPRESENTATION('',(#10544),#10548);
#10544 = LINE('',#10545,#10546);
#10545 = CARTESIAN_POINT('',(0.,0.));
#10546 = VECTOR('',#10547,1.);
#10547 = DIRECTION('',(0.,-1.));
#10548 = ( GEOMETRIC_REPRESENTATION_CONTEXT(2) 
PARAMETRIC_REPRESENTATION_CONTEXT() REPRESENTATION_CONTEXT('2D SPACE',''
  ) );
#10549 = PCURVE('',#10550,#10555);
#10550 = PLANE('',#10551);
#10551 = AXIS2_PLACEMENT_3D('',#10552,#10553,#10554);
#10552 = CARTESIAN_POINT('',(4.5,8.9,-2.6));
#10553 = DIRECTION('',(-1.,0.,0.));
#10554 = DIRECTION('',(0.,-1.,0.));
#10555 = DEFINITIONAL_REPRESENTATION('',(#10556),#10560);
#10556 = LINE('',#10557,#10558);
#10557 = CARTESIAN_POINT('',(17.8,0.));
#10558 = VECTOR('',#10559,1.);
#10559 = DIRECTION('',(0.,-1.));
#10560 = ( GEOMETRIC_REPRESENTATION_CONTEXT(2) 
PARAMETRIC_REPRESENTATION_CONTEXT() REPRESENTATION_CONTEXT('2D SPACE',''
  ) );
#10561 = ORIENTED_EDGE('',*,*,#10562,.T.);
#10562 = EDGE_CURVE('',#10530,#10563,#10565,.T.);
#10563 = VERTEX_POINT('',#10564);
#10564 = CARTESIAN_POINT('',(25.5,-8.9,-3.8));
#10565 = SURFACE_CURVE('',#10566,(#10570,#10577),.PCURVE_S1.);
#10566 = LINE('',#10567,#10568);
#10567 = CARTESIAN_POINT('',(4.5,-8.9,-3.8));
#10568 = VECTOR('',#10569,1.);
#10569 = DIRECTION('',(1.,0.,0.));
#10570 = PCURVE('',#10538,#10571);
#10571 = DEFINITIONAL_REPRESENTATION('',(#10572),#10576);
#10572 = LINE('',#10573,#10574);
#10573 = CARTESIAN_POINT('',(0.,-1.2));
#10574 = VECTOR('',#10575,1.);
#10575 = DIRECTION('',(1.,0.));
#10576 = ( GEOMETRIC_REPRESENTATION_CONTEXT(2) 
PARAMETRIC_REPRESENTATION_CONTEXT() REPRESENTATION_CONTEXT('2D SPACE',''
  ) );
#10577 = PCURVE('',#10578,#10583);
#10578 = PLANE('',#10579);
#10579 = AXIS2_PLACEMENT_3D('',#10580,#10581,#10582);
#10580 = CARTESIAN_POINT('',(15.,0.,-3.8));
#10581 = DIRECTION('',(0.,0.,1.));
#10582 = DIRECTION('',(1.,0.,-0.));
#10583 = DEFINITIONAL_REPRESENTATION('',(#10584),#10588);
#10584 = LINE('',#10585,#10586);
#10585 = CARTESIAN_POINT('',(-10.5,-8.9));
#10586 = VECTOR('',#10587,1.);
#10587 = DIRECTION('',(1.,0.));
#10588 = ( GEOMETRIC_REPRESENTATION_CONTEXT(2) 
PARAMETRIC_REPRESENTATION_CONTEXT() REPRESENTATION_CONTEXT('2D SPACE',''
  ) );
#10589 = ORIENTED_EDGE('',*,*,#10590,.F.);
#10590 = EDGE_CURVE('',#10591,#10563,#10593,.T.);
#10591 = VERTEX_POINT('',#10592);
#10592 = CARTESIAN_POINT('',(25.5,-8.9,-2.6));
#10593 = SURFACE_CURVE('',#10594,(#10598,#10605),.PCURVE_S1.);
#10594 = LINE('',#10595,#10596);
#10595 = CARTESIAN_POINT('',(25.5,-8.9,-2.6));
#10596 = VECTOR('',#10597,1.);
#10597 = DIRECTION('',(-0.,-0.,-1.));
#10598 = PCURVE('',#10538,#10599);
#10599 = DEFINITIONAL_REPRESENTATION('',(#10600),#10604);
#10600 = LINE('',#10601,#10602);
#10601 = CARTESIAN_POINT('',(21.,0.));
#10602 = VECTOR('',#10603,1.);
#10603 = DIRECTION('',(0.,-1.));
#10604 = ( GEOMETRIC_REPRESENTATION_CONTEXT(2) 
PARAMETRIC_REPRESENTATION_CONTEXT() REPRESENTATION_CONTEXT('2D SPACE',''
  ) );
#10605 = PCURVE('',#10606,#10611);
#10606 = PLANE('',#10607);
#10607 = AXIS2_PLACEMENT_3D('',#10608,#10609,#10610);
#10608 = CARTESIAN_POINT('',(25.5,-8.9,-2.6));
#10609 = DIRECTION('',(1.,0.,0.));
#10610 = DIRECTION('',(-0.,1.,0.));
#10611 = DEFINITIONAL_REPRESENTATION('',(#10612),#10616);
#10612 = LINE('',#10613,#10614);
#10613 = CARTESIAN_POINT('',(0.,0.));
#10614 = VECTOR('',#10615,1.);
#10615 = DIRECTION('',(0.,-1.));
#10616 = ( GEOMETRIC_REPRESENTATION_CONTEXT(2) 
PARAMETRIC_REPRESENTATION_CONTEXT() REPRESENTATION_CONTEXT('2D SPACE',''
  ) );
#10617 = ORIENTED_EDGE('',*,*,#10618,.F.);
#10618 = EDGE_CURVE('',#10528,#10591,#10619,.T.);
#10619 = SURFACE_CURVE('',#10620,(#10624,#10631),.PCURVE_S1.);
#10620 = LINE('',#10621,#10622);
#10621 = CARTESIAN_POINT('',(4.5,-8.9,-2.6));
#10622 = VECTOR('',#10623,1.);
#10623 = DIRECTION('',(1.,0.,0.));
#10624 = PCURVE('',#10538,#10625);
#10625 = DEFINITIONAL_REPRESENTATION('',(#10626),#10630);
#10626 = LINE('',#10627,#10628);
#10627 = CARTESIAN_POINT('',(0.,0.));
#10628 = VECTOR('',#10629,1.);
#10629 = DIRECTION('',(1.,0.));
#10630 = ( GEOMETRIC_REPRESENTATION_CONTEXT(2) 
PARAMETRIC_REPRESENTATION_CONTEXT() REPRESENTATION_CONTEXT('2D SPACE',''
  ) );
#10631 = PCURVE('',#10632,#10637);
#10632 = PLANE('',#10633);
#10633 = AXIS2_PLACEMENT_3D('',#10634,#10635,#10636);
#10634 = CARTESIAN_POINT('',(15.,0.,-2.6));
#10635 = DIRECTION('',(0.,0.,1.));
#10636 = DIRECTION('',(1.,0.,-0.));
#10637 = DEFINITIONAL_REPRESENTATION('',(#10638),#10642);
#10638 = LINE('',#10639,#10640);
#10639 = CARTESIAN_POINT('',(-10.5,-8.9));
#10640 = VECTOR('',#10641,1.);
#10641 = DIRECTION('',(1.,0.));
#10642 = ( GEOMETRIC_REPRESENTATION_CONTEXT(2) 
PARAMETRIC_REPRESENTATION_CONTEXT() REPRESENTATION_CONTEXT('2D SPACE',''
  ) );
#10643 = ADVANCED_FACE('',(#10644),#10606,.T.);
#10644 = FACE_BOUND('',#10645,.T.);
#10645 = EDGE_LOOP('',(#10646,#10647,#10670,#10698));
#10646 = ORIENTED_EDGE('',*,*,#10590,.T.);
#10647 = ORIENTED_EDGE('',*,*,#10648,.T.);
#10648 = EDGE_CURVE('',#10563,#10649,#10651,.T.);
#10649 = VERTEX_POINT('',#10650);
#10650 = CARTESIAN_POINT('',(25.5,8.9,-3.8));
#10651 = SURFACE_CURVE('',#10652,(#10656,#10663),.PCURVE_S1.);
#10652 = LINE('',#10653,#10654);
#10653 = CARTESIAN_POINT('',(25.5,-8.9,-3.8));
#10654 = VECTOR('',#10655,1.);
#10655 = DIRECTION('',(0.,1.,0.));
#10656 = PCURVE('',#10606,#10657);
#10657 = DEFINITIONAL_REPRESENTATION('',(#10658),#10662);
#10658 = LINE('',#10659,#10660);
#10659 = CARTESIAN_POINT('',(0.,-1.2));
#10660 = VECTOR('',#10661,1.);
#10661 = DIRECTION('',(1.,0.));
#10662 = ( GEOMETRIC_REPRESENTATION_CONTEXT(2) 
PARAMETRIC_REPRESENTATION_CONTEXT() REPRESENTATION_CONTEXT('2D SPACE',''
  ) );
#10663 = PCURVE('',#10578,#10664);
#10664 = DEFINITIONAL_REPRESENTATION('',(#10665),#10669);
#10665 = LINE('',#10666,#10667);
#10666 = CARTESIAN_POINT('',(10.5,-8.9));
#10667 = VECTOR('',#10668,1.);
#10668 = DIRECTION('',(0.,1.));
#10669 = ( GEOMETRIC_REPRESENTATION_CONTEXT(2) 
PARAMETRIC_REPRESENTATION_CONTEXT() REPRESENTATION_CONTEXT('2D SPACE',''
  ) );
#10670 = ORIENTED_EDGE('',*,*,#10671,.F.);
#10671 = EDGE_CURVE('',#10672,#10649,#10674,.T.);
#10672 = VERTEX_POINT('',#10673);
#10673 = CARTESIAN_POINT('',(25.5,8.9,-2.6));
#10674 = SURFACE_CURVE('',#10675,(#10679,#10686),.PCURVE_S1.);
#10675 = LINE('',#10676,#10677);
#10676 = CARTESIAN_POINT('',(25.5,8.9,-2.6));
#10677 = VECTOR('',#10678,1.);
#10678 = DIRECTION('',(-0.,-0.,-1.));
#10679 = PCURVE('',#10606,#10680);
#10680 = DEFINITIONAL_REPRESENTATION('',(#10681),#10685);
#10681 = LINE('',#10682,#10683);
#10682 = CARTESIAN_POINT('',(17.8,0.));
#10683 = VECTOR('',#10684,1.);
#10684 = DIRECTION('',(0.,-1.));
#10685 = ( GEOMETRIC_REPRESENTATION_CONTEXT(2) 
PARAMETRIC_REPRESENTATION_CONTEXT() REPRESENTATION_CONTEXT('2D SPACE',''
  ) );
#10686 = PCURVE('',#10687,#10692);
#10687 = PLANE('',#10688);
#10688 = AXIS2_PLACEMENT_3D('',#10689,#10690,#10691);
#10689 = CARTESIAN_POINT('',(25.5,8.9,-2.6));
#10690 = DIRECTION('',(0.,1.,-0.));
#10691 = DIRECTION('',(-1.,0.,0.));
#10692 = DEFINITIONAL_REPRESENTATION('',(#10693),#10697);
#10693 = LINE('',#10694,#10695);
#10694 = CARTESIAN_POINT('',(0.,0.));
#10695 = VECTOR('',#10696,1.);
#10696 = DIRECTION('',(0.,-1.));
#10697 = ( GEOMETRIC_REPRESENTATION_CONTEXT(2) 
PARAMETRIC_REPRESENTATION_CONTEXT() REPRESENTATION_CONTEXT('2D SPACE',''
  ) );
#10698 = ORIENTED_EDGE('',*,*,#10699,.F.);
#10699 = EDGE_CURVE('',#10591,#10672,#10700,.T.);
#10700 = SURFACE_CURVE('',#10701,(#10705,#10712),.PCURVE_S1.);
#10701 = LINE('',#10702,#10703);
#10702 = CARTESIAN_POINT('',(25.5,-8.9,-2.6));
#10703 = VECTOR('',#10704,1.);
#10704 = DIRECTION('',(0.,1.,0.));
#10705 = PCURVE('',#10606,#10706);
#10706 = DEFINITIONAL_REPRESENTATION('',(#10707),#10711);
#10707 = LINE('',#10708,#10709);
#10708 = CARTESIAN_POINT('',(0.,0.));
#10709 = VECTOR('',#10710,1.);
#10710 = DIRECTION('',(1.,0.));
#10711 = ( GEOMETRIC_REPRESENTATION_CONTEXT(2) 
PARAMETRIC_REPRESENTATION_CONTEXT() REPRESENTATION_CONTEXT('2D SPACE',''
  ) );
#10712 = PCURVE('',#10632,#10713);
#10713 = DEFINITIONAL_REPRESENTATION('',(#10714),#10718);
#10714 = LINE('',#10715,#10716);
#10715 = CARTESIAN_POINT('',(10.5,-8.9));
#10716 = VECTOR('',#10717,1.);
#10717 = DIRECTION('',(0.,1.));
#10718 = ( GEOMETRIC_REPRESENTATION_CONTEXT(2) 
PARAMETRIC_REPRESENTATION_CONTEXT() REPRESENTATION_CONTEXT('2D SPACE',''
  ) );
#10719 = ADVANCED_FACE('',(#10720),#10687,.T.);
#10720 = FACE_BOUND('',#10721,.T.);
#10721 = EDGE_LOOP('',(#10722,#10723,#10746,#10769));
#10722 = ORIENTED_EDGE('',*,*,#10671,.T.);
#10723 = ORIENTED_EDGE('',*,*,#10724,.T.);
#10724 = EDGE_CURVE('',#10649,#10725,#10727,.T.);
#10725 = VERTEX_POINT('',#10726);
#10726 = CARTESIAN_POINT('',(4.5,8.9,-3.8));
#10727 = SURFACE_CURVE('',#10728,(#10732,#10739),.PCURVE_S1.);
#10728 = LINE('',#10729,#10730);
#10729 = CARTESIAN_POINT('',(25.5,8.9,-3.8));
#10730 = VECTOR('',#10731,1.);
#10731 = DIRECTION('',(-1.,0.,0.));
#10732 = PCURVE('',#10687,#10733);
#10733 = DEFINITIONAL_REPRESENTATION('',(#10734),#10738);
#10734 = LINE('',#10735,#10736);
#10735 = CARTESIAN_POINT('',(0.,-1.2));
#10736 = VECTOR('',#10737,1.);
#10737 = DIRECTION('',(1.,0.));
#10738 = ( GEOMETRIC_REPRESENTATION_CONTEXT(2) 
PARAMETRIC_REPRESENTATION_CONTEXT() REPRESENTATION_CONTEXT('2D SPACE',''
  ) );
#10739 = PCURVE('',#10578,#10740);
#10740 = DEFINITIONAL_REPRESENTATION('',(#10741),#10745);
#10741 = LINE('',#10742,#10743);
#10742 = CARTESIAN_POINT('',(10.5,8.9));
#10743 = VECTOR('',#10744,1.);
#10744 = DIRECTION('',(-1.,0.));
#10745 = ( GEOMETRIC_REPRESENTATION_CONTEXT(2) 
PARAMETRIC_REPRESENTATION_CONTEXT() REPRESENTATION_CONTEXT('2D SPACE',''
  ) );
#10746 = ORIENTED_EDGE('',*,*,#10747,.F.);
#10747 = EDGE_CURVE('',#10748,#10725,#10750,.T.);
#10748 = VERTEX_POINT('',#10749);
#10749 = CARTESIAN_POINT('',(4.5,8.9,-2.6));
#10750 = SURFACE_CURVE('',#10751,(#10755,#10762),.PCURVE_S1.);
#10751 = LINE('',#10752,#10753);
#10752 = CARTESIAN_POINT('',(4.5,8.9,-2.6));
#10753 = VECTOR('',#10754,1.);
#10754 = DIRECTION('',(-0.,-0.,-1.));
#10755 = PCURVE('',#10687,#10756);
#10756 = DEFINITIONAL_REPRESENTATION('',(#10757),#10761);
#10757 = LINE('',#10758,#10759);
#10758 = CARTESIAN_POINT('',(21.,0.));
#10759 = VECTOR('',#10760,1.);
#10760 = DIRECTION('',(0.,-1.));
#10761 = ( GEOMETRIC_REPRESENTATION_CONTEXT(2) 
PARAMETRIC_REPRESENTATION_CONTEXT() REPRESENTATION_CONTEXT('2D SPACE',''
  ) );
#10762 = PCURVE('',#10550,#10763);
#10763 = DEFINITIONAL_REPRESENTATION('',(#10764),#10768);
#10764 = LINE('',#10765,#10766);
#10765 = CARTESIAN_POINT('',(0.,0.));
#10766 = VECTOR('',#10767,1.);
#10767 = DIRECTION('',(0.,-1.));
#10768 = ( GEOMETRIC_REPRESENTATION_CONTEXT(2) 
PARAMETRIC_REPRESENTATION_CONTEXT() REPRESENTATION_CONTEXT('2D SPACE',''
  ) );
#10769 = ORIENTED_EDGE('',*,*,#10770,.F.);
#10770 = EDGE_CURVE('',#10672,#10748,#10771,.T.);
#10771 = SURFACE_CURVE('',#10772,(#10776,#10783),.PCURVE_S1.);
#10772 = LINE('',#10773,#10774);
#10773 = CARTESIAN_POINT('',(25.5,8.9,-2.6));
#10774 = VECTOR('',#10775,1.);
#10775 = DIRECTION('',(-1.,0.,0.));
#10776 = PCURVE('',#10687,#10777);
#10777 = DEFINITIONAL_REPRESENTATION('',(#10778),#10782);
#10778 = LINE('',#10779,#10780);
#10779 = CARTESIAN_POINT('',(0.,0.));
#10780 = VECTOR('',#10781,1.);
#10781 = DIRECTION('',(1.,0.));
#10782 = ( GEOMETRIC_REPRESENTATION_CONTEXT(2) 
PARAMETRIC_REPRESENTATION_CONTEXT() REPRESENTATION_CONTEXT('2D SPACE',''
  ) );
#10783 = PCURVE('',#10632,#10784);
#10784 = DEFINITIONAL_REPRESENTATION('',(#10785),#10789);
#10785 = LINE('',#10786,#10787);
#10786 = CARTESIAN_POINT('',(10.5,8.9));
#10787 = VECTOR('',#10788,1.);
#10788 = DIRECTION('',(-1.,0.));
#10789 = ( GEOMETRIC_REPRESENTATION_CONTEXT(2) 
PARAMETRIC_REPRESENTATION_CONTEXT() REPRESENTATION_CONTEXT('2D SPACE',''
  ) );
#10790 = ADVANCED_FACE('',(#10791),#10550,.T.);
#10791 = FACE_BOUND('',#10792,.T.);
#10792 = EDGE_LOOP('',(#10793,#10794,#10815,#10816));
#10793 = ORIENTED_EDGE('',*,*,#10747,.T.);
#10794 = ORIENTED_EDGE('',*,*,#10795,.T.);
#10795 = EDGE_CURVE('',#10725,#10530,#10796,.T.);
#10796 = SURFACE_CURVE('',#10797,(#10801,#10808),.PCURVE_S1.);
#10797 = LINE('',#10798,#10799);
#10798 = CARTESIAN_POINT('',(4.5,8.9,-3.8));
#10799 = VECTOR('',#10800,1.);
#10800 = DIRECTION('',(0.,-1.,0.));
#10801 = PCURVE('',#10550,#10802);
#10802 = DEFINITIONAL_REPRESENTATION('',(#10803),#10807);
#10803 = LINE('',#10804,#10805);
#10804 = CARTESIAN_POINT('',(0.,-1.2));
#10805 = VECTOR('',#10806,1.);
#10806 = DIRECTION('',(1.,0.));
#10807 = ( GEOMETRIC_REPRESENTATION_CONTEXT(2) 
PARAMETRIC_REPRESENTATION_CONTEXT() REPRESENTATION_CONTEXT('2D SPACE',''
  ) );
#10808 = PCURVE('',#10578,#10809);
#10809 = DEFINITIONAL_REPRESENTATION('',(#10810),#10814);
#10810 = LINE('',#10811,#10812);
#10811 = CARTESIAN_POINT('',(-10.5,8.9));
#10812 = VECTOR('',#10813,1.);
#10813 = DIRECTION('',(0.,-1.));
#10814 = ( GEOMETRIC_REPRESENTATION_CONTEXT(2) 
PARAMETRIC_REPRESENTATION_CONTEXT() REPRESENTATION_CONTEXT('2D SPACE',''
  ) );
#10815 = ORIENTED_EDGE('',*,*,#10527,.F.);
#10816 = ORIENTED_EDGE('',*,*,#10817,.F.);
#10817 = EDGE_CURVE('',#10748,#10528,#10818,.T.);
#10818 = SURFACE_CURVE('',#10819,(#10823,#10830),.PCURVE_S1.);
#10819 = LINE('',#10820,#10821);
#10820 = CARTESIAN_POINT('',(4.5,8.9,-2.6));
#10821 = VECTOR('',#10822,1.);
#10822 = DIRECTION('',(0.,-1.,0.));
#10823 = PCURVE('',#10550,#10824);
#10824 = DEFINITIONAL_REPRESENTATION('',(#10825),#10829);
#10825 = LINE('',#10826,#10827);
#10826 = CARTESIAN_POINT('',(0.,0.));
#10827 = VECTOR('',#10828,1.);
#10828 = DIRECTION('',(1.,0.));
#10829 = ( GEOMETRIC_REPRESENTATION_CONTEXT(2) 
PARAMETRIC_REPRESENTATION_CONTEXT() REPRESENTATION_CONTEXT('2D SPACE',''
  ) );
#10830 = PCURVE('',#10632,#10831);
#10831 = DEFINITIONAL_REPRESENTATION('',(#10832),#10836);
#10832 = LINE('',#10833,#10834);
#10833 = CARTESIAN_POINT('',(-10.5,8.9));
#10834 = VECTOR('',#10835,1.);
#10835 = DIRECTION('',(0.,-1.));
#10836 = ( GEOMETRIC_REPRESENTATION_CONTEXT(2) 
PARAMETRIC_REPRESENTATION_CONTEXT() REPRESENTATION_CONTEXT('2D SPACE',''
  ) );
#10837 = ADVANCED_FACE('',(#10838),#10632,.T.);
#10838 = FACE_BOUND('',#10839,.T.);
#10839 = EDGE_LOOP('',(#10840,#10841,#10842,#10843));
#10840 = ORIENTED_EDGE('',*,*,#10618,.T.);
#10841 = ORIENTED_EDGE('',*,*,#10699,.T.);
#10842 = ORIENTED_EDGE('',*,*,#10770,.T.);
#10843 = ORIENTED_EDGE('',*,*,#10817,.T.);
#10844 = ADVANCED_FACE('',(#10845),#10578,.F.);
#10845 = FACE_BOUND('',#10846,.F.);
#10846 = EDGE_LOOP('',(#10847,#10848,#10849,#10850));
#10847 = ORIENTED_EDGE('',*,*,#10562,.T.);
#10848 = ORIENTED_EDGE('',*,*,#10648,.T.);
#10849 = ORIENTED_EDGE('',*,*,#10724,.T.);
#10850 = ORIENTED_EDGE('',*,*,#10795,.T.);
#10851 = ( GEOMETRIC_REPRESENTATION_CONTEXT(3) 
GLOBAL_UNCERTAINTY_ASSIGNED_CONTEXT((#10855)) 
GLOBAL_UNIT_ASSIGNED_CONTEXT((#10852,#10853,#10854)) 
REPRESENTATION_CONTEXT('Context #1',
  '3D Context with UNIT and UNCERTAINTY') );
#10852 = ( LENGTH_UNIT() NAMED_UNIT(*) SI_UNIT(.MILLI.,.METRE.) );
#10853 = ( NAMED_UNIT(*) PLANE_ANGLE_UNIT() SI_UNIT($,.RADIAN.) );
#10854 = ( NAMED_UNIT(*) SI_UNIT($,.STERADIAN.) SOLID_ANGLE_UNIT() );
#10855 = UNCERTAINTY_MEASURE_WITH_UNIT(LENGTH_MEASURE(1.E-07),#10852,
  'distance_accuracy_value','confusion accuracy');
#10856 = CONTEXT_DEPENDENT_SHAPE_REPRESENTATION(#10857,#10859);
#10857 = ( REPRESENTATION_RELATIONSHIP('','',#10520,#10) 
REPRESENTATION_RELATIONSHIP_WITH_TRANSFORMATION(#10858) 
SHAPE_REPRESENTATION_RELATIONSHIP() );
#10858 = ITEM_DEFINED_TRANSFORMATION('','',#11,#43);
#10859 = PRODUCT_DEFINITION_SHAPE('Placement','Placement of an item',
  #10860);
#10860 = NEXT_ASSEMBLY_USAGE_OCCURRENCE('10','part3','',#5,#10515,$);
#10861 = PRODUCT_RELATED_PRODUCT_CATEGORY('part',$,(#10517));
#10862 = SHAPE_DEFINITION_REPRESENTATION(#10863,#10869);
#10863 = PRODUCT_DEFINITION_SHAPE('','',#10864);
#10864 = PRODUCT_DEFINITION('design','',#10865,#10868);
#10865 = PRODUCT_DEFINITION_FORMATION('','',#10866);
#10866 = PRODUCT('part4','part4','',(#10867));
#10867 = PRODUCT_CONTEXT('',#2,'mechanical');
#10868 = PRODUCT_DEFINITION_CONTEXT('part definition',#2,'design');
#10869 = ADVANCED_BREP_SHAPE_REPRESENTATION('',(#11,#10870),#11200);
#10870 = MANIFOLD_SOLID_BREP('',#10871);
#10871 = CLOSED_SHELL('',(#10872,#10992,#11068,#11139,#11186,#11193));
#10872 = ADVANCED_FACE('',(#10873),#10887,.T.);
#10873 = FACE_BOUND('',#10874,.T.);
#10874 = EDGE_LOOP('',(#10875,#10910,#10938,#10966));
#10875 = ORIENTED_EDGE('',*,*,#10876,.T.);
#10876 = EDGE_CURVE('',#10877,#10879,#10881,.T.);
#10877 = VERTEX_POINT('',#10878);
#10878 = CARTESIAN_POINT('',(18.5,-4.5,-3.6));
#10879 = VERTEX_POINT('',#10880);
#10880 = CARTESIAN_POINT('',(18.5,-4.5,-6.6));
#10881 = SURFACE_CURVE('',#10882,(#10886,#10898),.PCURVE_S1.);
#10882 = LINE('',#10883,#10884);
#10883 = CARTESIAN_POINT('',(18.5,-4.5,-3.6));
#10884 = VECTOR('',#10885,1.);
#10885 = DIRECTION('',(-0.,-0.,-1.));
#10886 = PCURVE('',#10887,#10892);
#10887 = PLANE('',#10888);
#10888 = AXIS2_PLACEMENT_3D('',#10889,#10890,#10891);
#10889 = CARTESIAN_POINT('',(18.5,-4.5,-3.6));
#10890 = DIRECTION('',(0.,-1.,0.));
#10891 = DIRECTION('',(1.,0.,0.));
#10892 = DEFINITIONAL_REPRESENTATION('',(#10893),#10897);
#10893 = LINE('',#10894,#10895);
#10894 = CARTESIAN_POINT('',(0.,0.));
#10895 = VECTOR('',#10896,1.);
#10896 = DIRECTION('',(0.,-1.));
#10897 = ( GEOMETRIC_REPRESENTATION_CONTEXT(2) 
PARAMETRIC_REPRESENTATION_CONTEXT() REPRESENTATION_CONTEXT('2D SPACE',''
  ) );
#10898 = PCURVE('',#10899,#10904);
#10899 = PLANE('',#10900);
#10900 = AXIS2_PLACEMENT_3D('',#10901,#10902,#10903);
#10901 = CARTESIAN_POINT('',(18.5,4.5,-3.6));
#10902 = DIRECTION('',(-1.,0.,0.));
#10903 = DIRECTION('',(0.,-1.,0.));
#10904 = DEFINITIONAL_REPRESENTATION('',(#10905),#10909);
#10905 = LINE('',#10906,#10907);
#10906 = CARTESIAN_POINT('',(9.,0.));
#10907 = VECTOR('',#10908,1.);
#10908 = DIRECTION('',(0.,-1.));
#10909 = ( GEOMETRIC_REPRESENTATION_CONTEXT(2) 
PARAMETRIC_REPRESENTATION_CONTEXT() REPRESENTATION_CONTEXT('2D SPACE',''
  ) );
#10910 = ORIENTED_EDGE('',*,*,#10911,.T.);
#10911 = EDGE_CURVE('',#10879,#10912,#10914,.T.);
#10912 = VERTEX_POINT('',#10913);
#10913 = CARTESIAN_POINT('',(26.1,-4.5,-6.6));
#10914 = SURFACE_CURVE('',#10915,(#10919,#10926),.PCURVE_S1.);
#10915 = LINE('',#10916,#10917);
#10916 = CARTESIAN_POINT('',(18.5,-4.5,-6.6));
#10917 = VECTOR('',#10918,1.);
#10918 = DIRECTION('',(1.,0.,0.));
#10919 = PCURVE('',#10887,#10920);
#10920 = DEFINITIONAL_REPRESENTATION('',(#10921),#10925);
#10921 = LINE('',#10922,#10923);
#10922 = CARTESIAN_POINT('',(0.,-3.));
#10923 = VECTOR('',#10924,1.);
#10924 = DIRECTION('',(1.,0.));
#10925 = ( GEOMETRIC_REPRESENTATION_CONTEXT(2) 
PARAMETRIC_REPRESENTATION_CONTEXT() REPRESENTATION_CONTEXT('2D SPACE',''
  ) );
#10926 = PCURVE('',#10927,#10932);
#10927 = PLANE('',#10928);
#10928 = AXIS2_PLACEMENT_3D('',#10929,#10930,#10931);
#10929 = CARTESIAN_POINT('',(22.3,0.,-6.6));
#10930 = DIRECTION('',(0.,0.,1.));
#10931 = DIRECTION('',(1.,0.,-0.));
#10932 = DEFINITIONAL_REPRESENTATION('',(#10933),#10937);
#10933 = LINE('',#10934,#10935);
#10934 = CARTESIAN_POINT('',(-3.8,-4.5));
#10935 = VECTOR('',#10936,1.);
#10936 = DIRECTION('',(1.,0.));
#10937 = ( GEOMETRIC_REPRESENTATION_CONTEXT(2) 
PARAMETRIC_REPRESENTATION_CONTEXT() REPRESENTATION_CONTEXT('2D SPACE',''
  ) );
#10938 = ORIENTED_EDGE('',*,*,#10939,.F.);
#10939 = EDGE_CURVE('',#10940,#10912,#10942,.T.);
#10940 = VERTEX_POINT('',#10941);
#10941 = CARTESIAN_POINT('',(26.1,-4.5,-3.6));
#10942 = SURFACE_CURVE('',#10943,(#10947,#10954),.PCURVE_S1.);
#10943 = LINE('',#10944,#10945);
#10944 = CARTESIAN_POINT('',(26.1,-4.5,-3.6));
#10945 = VECTOR('',#10946,1.);
#10946 = DIRECTION('',(-0.,-0.,-1.));
#10947 = PCURVE('',#10887,#10948);
#10948 = DEFINITIONAL_REPRESENTATION('',(#10949),#10953);
#10949 = LINE('',#10950,#10951);
#10950 = CARTESIAN_POINT('',(7.6,0.));
#10951 = VECTOR('',#10952,1.);
#10952 = DIRECTION('',(0.,-1.));
#10953 = ( GEOMETRIC_REPRESENTATION_CONTEXT(2) 
PARAMETRIC_REPRESENTATION_CONTEXT() REPRESENTATION_CONTEXT('2D SPACE',''
  ) );
#10954 = PCURVE('',#10955,#10960);
#10955 = PLANE('',#10956);
#10956 = AXIS2_PLACEMENT_3D('',#10957,#10958,#10959);
#10957 = CARTESIAN_POINT('',(26.1,-4.5,-3.6));
#10958 = DIRECTION('',(1.,0.,0.));
#10959 = DIRECTION('',(-0.,1.,0.));
#10960 = DEFINITIONAL_REPRESENTATION('',(#10961),#10965);
#10961 = LINE('',#10962,#10963);
#10962 = CARTESIAN_POINT('',(0.,0.));
#10963 = VECTOR('',#10964,1.);
#10964 = DIRECTION('',(0.,-1.));
#10965 = ( GEOMETRIC_REPRESENTATION_CONTEXT(2) 
PARAMETRIC_REPRESENTATION_CONTEXT() REPRESENTATION_CONTEXT('2D SPACE',''
  ) );
#10966 = ORIENTED_EDGE('',*,*,#10967,.F.);
#10967 = EDGE_CURVE('',#10877,#10940,#10968,.T.);
#10968 = SURFACE_CURVE('',#10969,(#10973,#10980),.PCURVE_S1.);
#10969 = LINE('',#10970,#10971);
#10970 = CARTESIAN_POINT('',(18.5,-4.5,-3.6));
#10971 = VECTOR('',#10972,1.);
#10972 = DIRECTION('',(1.,0.,0.));
#10973 = PCURVE('',#10887,#10974);
#10974 = DEFINITIONAL_REPRESENTATION('',(#10975),#10979);
#10975 = LINE('',#10976,#10977);
#10976 = CARTESIAN_POINT('',(0.,0.));
#10977 = VECTOR('',#10978,1.);
#10978 = DIRECTION('',(1.,0.));
#10979 = ( GEOMETRIC_REPRESENTATION_CONTEXT(2) 
PARAMETRIC_REPRESENTATION_CONTEXT() REPRESENTATION_CONTEXT('2D SPACE',''
  ) );
#10980 = PCURVE('',#10981,#10986);
#10981 = PLANE('',#10982);
#10982 = AXIS2_PLACEMENT_3D('',#10983,#10984,#10985);
#10983 = CARTESIAN_POINT('',(22.3,0.,-3.6));
#10984 = DIRECTION('',(0.,0.,1.));
#10985 = DIRECTION('',(1.,0.,-0.));
#10986 = DEFINITIONAL_REPRESENTATION('',(#10987),#10991);
#10987 = LINE('',#10988,#10989);
#10988 = CARTESIAN_POINT('',(-3.8,-4.5));
#10989 = VECTOR('',#10990,1.);
#10990 = DIRECTION('',(1.,0.));
#10991 = ( GEOMETRIC_REPRESENTATION_CONTEXT(2) 
PARAMETRIC_REPRESENTATION_CONTEXT() REPRESENTATION_CONTEXT('2D SPACE',''
  ) );
#10992 = ADVANCED_FACE('',(#10993),#10955,.T.);
#10993 = FACE_BOUND('',#10994,.T.);
#10994 = EDGE_LOOP('',(#10995,#10996,#11019,#11047));
#10995 = ORIENTED_EDGE('',*,*,#10939,.T.);
#10996 = ORIENTED_EDGE('',*,*,#10997,.T.);
#10997 = EDGE_CURVE('',#10912,#10998,#11000,.T.);
#10998 = VERTEX_POINT('',#10999);
#10999 = CARTESIAN_POINT('',(26.1,4.5,-6.6));
#11000 = SURFACE_CURVE('',#11001,(#11005,#11012),.PCURVE_S1.);
#11001 = LINE('',#11002,#11003);
#11002 = CARTESIAN_POINT('',(26.1,-4.5,-6.6));
#11003 = VECTOR('',#11004,1.);
#11004 = DIRECTION('',(0.,1.,0.));
#11005 = PCURVE('',#10955,#11006);
#11006 = DEFINITIONAL_REPRESENTATION('',(#11007),#11011);
#11007 = LINE('',#11008,#11009);
#11008 = CARTESIAN_POINT('',(0.,-3.));
#11009 = VECTOR('',#11010,1.);
#11010 = DIRECTION('',(1.,0.));
#11011 = ( GEOMETRIC_REPRESENTATION_CONTEXT(2) 
PARAMETRIC_REPRESENTATION_CONTEXT() REPRESENTATION_CONTEXT('2D SPACE',''
  ) );
#11012 = PCURVE('',#10927,#11013);
#11013 = DEFINITIONAL_REPRESENTATION('',(#11014),#11018);
#11014 = LINE('',#11015,#11016);
#11015 = CARTESIAN_POINT('',(3.8,-4.5));
#11016 = VECTOR('',#11017,1.);
#11017 = DIRECTION('',(0.,1.));
#11018 = ( GEOMETRIC_REPRESENTATION_CONTEXT(2) 
PARAMETRIC_REPRESENTATION_CONTEXT() REPRESENTATION_CONTEXT('2D SPACE',''
  ) );
#11019 = ORIENTED_EDGE('',*,*,#11020,.F.);
#11020 = EDGE_CURVE('',#11021,#10998,#11023,.T.);
#11021 = VERTEX_POINT('',#11022);
#11022 = CARTESIAN_POINT('',(26.1,4.5,-3.6));
#11023 = SURFACE_CURVE('',#11024,(#11028,#11035),.PCURVE_S1.);
#11024 = LINE('',#11025,#11026);
#11025 = CARTESIAN_POINT('',(26.1,4.5,-3.6));
#11026 = VECTOR('',#11027,1.);
#11027 = DIRECTION('',(-0.,-0.,-1.));
#11028 = PCURVE('',#10955,#11029);
#11029 = DEFINITIONAL_REPRESENTATION('',(#11030),#11034);
#11030 = LINE('',#11031,#11032);
#11031 = CARTESIAN_POINT('',(9.,0.));
#11032 = VECTOR('',#11033,1.);
#11033 = DIRECTION('',(0.,-1.));
#11034 = ( GEOMETRIC_REPRESENTATION_CONTEXT(2) 
PARAMETRIC_REPRESENTATION_CONTEXT() REPRESENTATION_CONTEXT('2D SPACE',''
  ) );
#11035 = PCURVE('',#11036,#11041);
#11036 = PLANE('',#11037);
#11037 = AXIS2_PLACEMENT_3D('',#11038,#11039,#11040);
#11038 = CARTESIAN_POINT('',(26.1,4.5,-3.6));
#11039 = DIRECTION('',(0.,1.,-0.));
#11040 = DIRECTION('',(-1.,0.,0.));
#11041 = DEFINITIONAL_REPRESENTATION('',(#11042),#11046);
#11042 = LINE('',#11043,#11044);
#11043 = CARTESIAN_POINT('',(0.,0.));
#11044 = VECTOR('',#11045,1.);
#11045 = DIRECTION('',(0.,-1.));
#11046 = ( GEOMETRIC_REPRESENTATION_CONTEXT(2) 
PARAMETRIC_REPRESENTATION_CONTEXT() REPRESENTATION_CONTEXT('2D SPACE',''
  ) );
#11047 = ORIENTED_EDGE('',*,*,#11048,.F.);
#11048 = EDGE_CURVE('',#10940,#11021,#11049,.T.);
#11049 = SURFACE_CURVE('',#11050,(#11054,#11061),.PCURVE_S1.);
#11050 = LINE('',#11051,#11052);
#11051 = CARTESIAN_POINT('',(26.1,-4.5,-3.6));
#11052 = VECTOR('',#11053,1.);
#11053 = DIRECTION('',(0.,1.,0.));
#11054 = PCURVE('',#10955,#11055);
#11055 = DEFINITIONAL_REPRESENTATION('',(#11056),#11060);
#11056 = LINE('',#11057,#11058);
#11057 = CARTESIAN_POINT('',(0.,0.));
#11058 = VECTOR('',#11059,1.);
#11059 = DIRECTION('',(1.,0.));
#11060 = ( GEOMETRIC_REPRESENTATION_CONTEXT(2) 
PARAMETRIC_REPRESENTATION_CONTEXT() REPRESENTATION_CONTEXT('2D SPACE',''
  ) );
#11061 = PCURVE('',#10981,#11062);
#11062 = DEFINITIONAL_REPRESENTATION('',(#11063),#11067);
#11063 = LINE('',#11064,#11065);
#11064 = CARTESIAN_POINT('',(3.8,-4.5));
#11065 = VECTOR('',#11066,1.);
#11066 = DIRECTION('',(0.,1.));
#11067 = ( GEOMETRIC_REPRESENTATION_CONTEXT(2) 
PARAMETRIC_REPRESENTATION_CONTEXT() REPRESENTATION_CONTEXT('2D SPACE',''
  ) );
#11068 = ADVANCED_FACE('',(#11069),#11036,.T.);
#11069 = FACE_BOUND('',#11070,.T.);
#11070 = EDGE_LOOP('',(#11071,#11072,#11095,#11118));
#11071 = ORIENTED_EDGE('',*,*,#11020,.T.);
#11072 = ORIENTED_EDGE('',*,*,#11073,.T.);
#11073 = EDGE_CURVE('',#10998,#11074,#11076,.T.);
#11074 = VERTEX_POINT('',#11075);
#11075 = CARTESIAN_POINT('',(18.5,4.5,-6.6));
#11076 = SURFACE_CURVE('',#11077,(#11081,#11088),.PCURVE_S1.);
#11077 = LINE('',#11078,#11079);
#11078 = CARTESIAN_POINT('',(26.1,4.5,-6.6));
#11079 = VECTOR('',#11080,1.);
#11080 = DIRECTION('',(-1.,0.,0.));
#11081 = PCURVE('',#11036,#11082);
#11082 = DEFINITIONAL_REPRESENTATION('',(#11083),#11087);
#11083 = LINE('',#11084,#11085);
#11084 = CARTESIAN_POINT('',(0.,-3.));
#11085 = VECTOR('',#11086,1.);
#11086 = DIRECTION('',(1.,0.));
#11087 = ( GEOMETRIC_REPRESENTATION_CONTEXT(2) 
PARAMETRIC_REPRESENTATION_CONTEXT() REPRESENTATION_CONTEXT('2D SPACE',''
  ) );
#11088 = PCURVE('',#10927,#11089);
#11089 = DEFINITIONAL_REPRESENTATION('',(#11090),#11094);
#11090 = LINE('',#11091,#11092);
#11091 = CARTESIAN_POINT('',(3.8,4.5));
#11092 = VECTOR('',#11093,1.);
#11093 = DIRECTION('',(-1.,0.));
#11094 = ( GEOMETRIC_REPRESENTATION_CONTEXT(2) 
PARAMETRIC_REPRESENTATION_CONTEXT() REPRESENTATION_CONTEXT('2D SPACE',''
  ) );
#11095 = ORIENTED_EDGE('',*,*,#11096,.F.);
#11096 = EDGE_CURVE('',#11097,#11074,#11099,.T.);
#11097 = VERTEX_POINT('',#11098);
#11098 = CARTESIAN_POINT('',(18.5,4.5,-3.6));
#11099 = SURFACE_CURVE('',#11100,(#11104,#11111),.PCURVE_S1.);
#11100 = LINE('',#11101,#11102);
#11101 = CARTESIAN_POINT('',(18.5,4.5,-3.6));
#11102 = VECTOR('',#11103,1.);
#11103 = DIRECTION('',(-0.,-0.,-1.));
#11104 = PCURVE('',#11036,#11105);
#11105 = DEFINITIONAL_REPRESENTATION('',(#11106),#11110);
#11106 = LINE('',#11107,#11108);
#11107 = CARTESIAN_POINT('',(7.6,0.));
#11108 = VECTOR('',#11109,1.);
#11109 = DIRECTION('',(0.,-1.));
#11110 = ( GEOMETRIC_REPRESENTATION_CONTEXT(2) 
PARAMETRIC_REPRESENTATION_CONTEXT() REPRESENTATION_CONTEXT('2D SPACE',''
  ) );
#11111 = PCURVE('',#10899,#11112);
#11112 = DEFINITIONAL_REPRESENTATION('',(#11113),#11117);
#11113 = LINE('',#11114,#11115);
#11114 = CARTESIAN_POINT('',(0.,0.));
#11115 = VECTOR('',#11116,1.);
#11116 = DIRECTION('',(0.,-1.));
#11117 = ( GEOMETRIC_REPRESENTATION_CONTEXT(2) 
PARAMETRIC_REPRESENTATION_CONTEXT() REPRESENTATION_CONTEXT('2D SPACE',''
  ) );
#11118 = ORIENTED_EDGE('',*,*,#11119,.F.);
#11119 = EDGE_CURVE('',#11021,#11097,#11120,.T.);
#11120 = SURFACE_CURVE('',#11121,(#11125,#11132),.PCURVE_S1.);
#11121 = LINE('',#11122,#11123);
#11122 = CARTESIAN_POINT('',(26.1,4.5,-3.6));
#11123 = VECTOR('',#11124,1.);
#11124 = DIRECTION('',(-1.,0.,0.));
#11125 = PCURVE('',#11036,#11126);
#11126 = DEFINITIONAL_REPRESENTATION('',(#11127),#11131);
#11127 = LINE('',#11128,#11129);
#11128 = CARTESIAN_POINT('',(0.,0.));
#11129 = VECTOR('',#11130,1.);
#11130 = DIRECTION('',(1.,0.));
#11131 = ( GEOMETRIC_REPRESENTATION_CONTEXT(2) 
PARAMETRIC_REPRESENTATION_CONTEXT() REPRESENTATION_CONTEXT('2D SPACE',''
  ) );
#11132 = PCURVE('',#10981,#11133);
#11133 = DEFINITIONAL_REPRESENTATION('',(#11134),#11138);
#11134 = LINE('',#11135,#11136);
#11135 = CARTESIAN_POINT('',(3.8,4.5));
#11136 = VECTOR('',#11137,1.);
#11137 = DIRECTION('',(-1.,0.));
#11138 = ( GEOMETRIC_REPRESENTATION_CONTEXT(2) 
PARAMETRIC_REPRESENTATION_CONTEXT() REPRESENTATION_CONTEXT('2D SPACE',''
  ) );
#11139 = ADVANCED_FACE('',(#11140),#10899,.T.);
#11140 = FACE_BOUND('',#11141,.T.);
#11141 = EDGE_LOOP('',(#11142,#11143,#11164,#11165));
#11142 = ORIENTED_EDGE('',*,*,#11096,.T.);
#11143 = ORIENTED_EDGE('',*,*,#11144,.T.);
#11144 = EDGE_CURVE('',#11074,#10879,#11145,.T.);
#11145 = SURFACE_CURVE('',#11146,(#11150,#11157),.PCURVE_S1.);
#11146 = LINE('',#11147,#11148);
#11147 = CARTESIAN_POINT('',(18.5,4.5,-6.6));
#11148 = VECTOR('',#11149,1.);
#11149 = DIRECTION('',(0.,-1.,0.));
#11150 = PCURVE('',#10899,#11151);
#11151 = DEFINITIONAL_REPRESENTATION('',(#11152),#11156);
#11152 = LINE('',#11153,#11154);
#11153 = CARTESIAN_POINT('',(0.,-3.));
#11154 = VECTOR('',#11155,1.);
#11155 = DIRECTION('',(1.,0.));
#11156 = ( GEOMETRIC_REPRESENTATION_CONTEXT(2) 
PARAMETRIC_REPRESENTATION_CONTEXT() REPRESENTATION_CONTEXT('2D SPACE',''
  ) );
#11157 = PCURVE('',#10927,#11158);
#11158 = DEFINITIONAL_REPRESENTATION('',(#11159),#11163);
#11159 = LINE('',#11160,#11161);
#11160 = CARTESIAN_POINT('',(-3.8,4.5));
#11161 = VECTOR('',#11162,1.);
#11162 = DIRECTION('',(0.,-1.));
#11163 = ( GEOMETRIC_REPRESENTATION_CONTEXT(2) 
PARAMETRIC_REPRESENTATION_CONTEXT() REPRESENTATION_CONTEXT('2D SPACE',''
  ) );
#11164 = ORIENTED_EDGE('',*,*,#10876,.F.);
#11165 = ORIENTED_EDGE('',*,*,#11166,.F.);
#11166 = EDGE_CURVE('',#11097,#10877,#11167,.T.);
#11167 = SURFACE_CURVE('',#11168,(#11172,#11179),.PCURVE_S1.);
#11168 = LINE('',#11169,#11170);
#11169 = CARTESIAN_POINT('',(18.5,4.5,-3.6));
#11170 = VECTOR('',#11171,1.);
#11171 = DIRECTION('',(0.,-1.,0.));
#11172 = PCURVE('',#10899,#11173);
#11173 = DEFINITIONAL_REPRESENTATION('',(#11174),#11178);
#11174 = LINE('',#11175,#11176);
#11175 = CARTESIAN_POINT('',(0.,0.));
#11176 = VECTOR('',#11177,1.);
#11177 = DIRECTION('',(1.,0.));
#11178 = ( GEOMETRIC_REPRESENTATION_CONTEXT(2) 
PARAMETRIC_REPRESENTATION_CONTEXT() REPRESENTATION_CONTEXT('2D SPACE',''
  ) );
#11179 = PCURVE('',#10981,#11180);
#11180 = DEFINITIONAL_REPRESENTATION('',(#11181),#11185);
#11181 = LINE('',#11182,#11183);
#11182 = CARTESIAN_POINT('',(-3.8,4.5));
#11183 = VECTOR('',#11184,1.);
#11184 = DIRECTION('',(0.,-1.));
#11185 = ( GEOMETRIC_REPRESENTATION_CONTEXT(2) 
PARAMETRIC_REPRESENTATION_CONTEXT() REPRESENTATION_CONTEXT('2D SPACE',''
  ) );
#11186 = ADVANCED_FACE('',(#11187),#10981,.T.);
#11187 = FACE_BOUND('',#11188,.T.);
#11188 = EDGE_LOOP('',(#11189,#11190,#11191,#11192));
#11189 = ORIENTED_EDGE('',*,*,#10967,.T.);
#11190 = ORIENTED_EDGE('',*,*,#11048,.T.);
#11191 = ORIENTED_EDGE('',*,*,#11119,.T.);
#11192 = ORIENTED_EDGE('',*,*,#11166,.T.);
#11193 = ADVANCED_FACE('',(#11194),#10927,.F.);
#11194 = FACE_BOUND('',#11195,.F.);
#11195 = EDGE_LOOP('',(#11196,#11197,#11198,#11199));
#11196 = ORIENTED_EDGE('',*,*,#10911,.T.);
#11197 = ORIENTED_EDGE('',*,*,#10997,.T.);
#11198 = ORIENTED_EDGE('',*,*,#11073,.T.);
#11199 = ORIENTED_EDGE('',*,*,#11144,.T.);
#11200 = ( GEOMETRIC_REPRESENTATION_CONTEXT(3) 
GLOBAL_UNCERTAINTY_ASSIGNED_CONTEXT((#11204)) 
GLOBAL_UNIT_ASSIGNED_CONTEXT((#11201,#11202,#11203)) 
REPRESENTATION_CONTEXT('Context #1',
  '3D Context with UNIT and UNCERTAINTY') );
#11201 = ( LENGTH_UNIT() NAMED_UNIT(*) SI_UNIT(.MILLI.,.METRE.) );
#11202 = ( NAMED_UNIT(*) PLANE_ANGLE_UNIT() SI_UNIT($,.RADIAN.) );
#11203 = ( NAMED_UNIT(*) SI_UNIT($,.STERADIAN.) SOLID_ANGLE_UNIT() );
#11204 = UNCERTAINTY_MEASURE_WITH_UNIT(LENGTH_MEASURE(1.E-07),#11201,
  'distance_accuracy_value','confusion accuracy');
#11205 = CONTEXT_DEPENDENT_SHAPE_REPRESENTATION(#11206,#11208);
#11206 = ( REPRESENTATION_RELATIONSHIP('','',#10869,#10) 
REPRESENTATION_RELATIONSHIP_WITH_TRANSFORMATION(#11207) 
SHAPE_REPRESENTATION_RELATIONSHIP() );
#11207 = ITEM_DEFINED_TRANSFORMATION('','',#11,#47);
#11208 = PRODUCT_DEFINITION_SHAPE('Placement','Placement of an item',
  #11209);
#11209 = NEXT_ASSEMBLY_USAGE_OCCURRENCE('11','part4','',#5,#10864,$);
#11210 = PRODUCT_RELATED_PRODUCT_CATEGORY('part',$,(#10866));
#11211 = SHAPE_DEFINITION_REPRESENTATION(#11212,#11218);
#11212 = PRODUCT_DEFINITION_SHAPE('','',#11213);
#11213 = PRODUCT_DEFINITION('design','',#11214,#11217);
#11214 = PRODUCT_DEFINITION_FORMATION('','',#11215);
#11215 = PRODUCT('part5','part5','',(#11216));
#11216 = PRODUCT_CONTEXT('',#2,'mechanical');
#11217 = PRODUCT_DEFINITION_CONTEXT('part definition',#2,'design');
#11218 = ADVANCED_BREP_SHAPE_REPRESENTATION('',(#11,#11219),#11549);
#11219 = MANIFOLD_SOLID_BREP('',#11220);
#11220 = CLOSED_SHELL('',(#11221,#11341,#11417,#11488,#11535,#11542));
#11221 = ADVANCED_FACE('',(#11222),#11236,.T.);
#11222 = FACE_BOUND('',#11223,.T.);
#11223 = EDGE_LOOP('',(#11224,#11259,#11287,#11315));
#11224 = ORIENTED_EDGE('',*,*,#11225,.T.);
#11225 = EDGE_CURVE('',#11226,#11228,#11230,.T.);
#11226 = VERTEX_POINT('',#11227);
#11227 = CARTESIAN_POINT('',(-16.415,-13.01,-2.6));
#11228 = VERTEX_POINT('',#11229);
#11229 = CARTESIAN_POINT('',(-16.415,-13.01,-6.4));
#11230 = SURFACE_CURVE('',#11231,(#11235,#11247),.PCURVE_S1.);
#11231 = LINE('',#11232,#11233);
#11232 = CARTESIAN_POINT('',(-16.415,-13.01,-2.6));
#11233 = VECTOR('',#11234,1.);
#11234 = DIRECTION('',(-0.,-0.,-1.));
#11235 = PCURVE('',#11236,#11241);
#11236 = PLANE('',#11237);
#11237 = AXIS2_PLACEMENT_3D('',#11238,#11239,#11240);
#11238 = CARTESIAN_POINT('',(-16.415,-13.01,-2.6));
#11239 = DIRECTION('',(0.,-1.,0.));
#11240 = DIRECTION('',(1.,0.,0.));
#11241 = DEFINITIONAL_REPRESENTATION('',(#11242),#11246);
#11242 = LINE('',#11243,#11244);
#11243 = CARTESIAN_POINT('',(0.,0.));
#11244 = VECTOR('',#11245,1.);
#11245 = DIRECTION('',(0.,-1.));
#11246 = ( GEOMETRIC_REPRESENTATION_CONTEXT(2) 
PARAMETRIC_REPRESENTATION_CONTEXT() REPRESENTATION_CONTEXT('2D SPACE',''
  ) );
#11247 = PCURVE('',#11248,#11253);
#11248 = PLANE('',#11249);
#11249 = AXIS2_PLACEMENT_3D('',#11250,#11251,#11252);
#11250 = CARTESIAN_POINT('',(-16.415,13.01,-2.6));
#11251 = DIRECTION('',(-1.,0.,0.));
#11252 = DIRECTION('',(0.,-1.,0.));
#11253 = DEFINITIONAL_REPRESENTATION('',(#11254),#11258);
#11254 = LINE('',#11255,#11256);
#11255 = CARTESIAN_POINT('',(26.02,0.));
#11256 = VECTOR('',#11257,1.);
#11257 = DIRECTION('',(0.,-1.));
#11258 = ( GEOMETRIC_REPRESENTATION_CONTEXT(2) 
PARAMETRIC_REPRESENTATION_CONTEXT() REPRESENTATION_CONTEXT('2D SPACE',''
  ) );
#11259 = ORIENTED_EDGE('',*,*,#11260,.T.);
#11260 = EDGE_CURVE('',#11228,#11261,#11263,.T.);
#11261 = VERTEX_POINT('',#11262);
#11262 = CARTESIAN_POINT('',(3.335,-13.01,-6.4));
#11263 = SURFACE_CURVE('',#11264,(#11268,#11275),.PCURVE_S1.);
#11264 = LINE('',#11265,#11266);
#11265 = CARTESIAN_POINT('',(-16.415,-13.01,-6.4));
#11266 = VECTOR('',#11267,1.);
#11267 = DIRECTION('',(1.,0.,0.));
#11268 = PCURVE('',#11236,#11269);
#11269 = DEFINITIONAL_REPRESENTATION('',(#11270),#11274);
#11270 = LINE('',#11271,#11272);
#11271 = CARTESIAN_POINT('',(0.,-3.8));
#11272 = VECTOR('',#11273,1.);
#11273 = DIRECTION('',(1.,0.));
#11274 = ( GEOMETRIC_REPRESENTATION_CONTEXT(2) 
PARAMETRIC_REPRESENTATION_CONTEXT() REPRESENTATION_CONTEXT('2D SPACE',''
  ) );
#11275 = PCURVE('',#11276,#11281);
#11276 = PLANE('',#11277);
#11277 = AXIS2_PLACEMENT_3D('',#11278,#11279,#11280);
#11278 = CARTESIAN_POINT('',(-6.54,0.,-6.4));
#11279 = DIRECTION('',(0.,0.,1.));
#11280 = DIRECTION('',(1.,0.,-0.));
#11281 = DEFINITIONAL_REPRESENTATION('',(#11282),#11286);
#11282 = LINE('',#11283,#11284);
#11283 = CARTESIAN_POINT('',(-9.875,-13.01));
#11284 = VECTOR('',#11285,1.);
#11285 = DIRECTION('',(1.,0.));
#11286 = ( GEOMETRIC_REPRESENTATION_CONTEXT(2) 
PARAMETRIC_REPRESENTATION_CONTEXT() REPRESENTATION_CONTEXT('2D SPACE',''
  ) );
#11287 = ORIENTED_EDGE('',*,*,#11288,.F.);
#11288 = EDGE_CURVE('',#11289,#11261,#11291,.T.);
#11289 = VERTEX_POINT('',#11290);
#11290 = CARTESIAN_POINT('',(3.335,-13.01,-2.6));
#11291 = SURFACE_CURVE('',#11292,(#11296,#11303),.PCURVE_S1.);
#11292 = LINE('',#11293,#11294);
#11293 = CARTESIAN_POINT('',(3.335,-13.01,-2.6));
#11294 = VECTOR('',#11295,1.);
#11295 = DIRECTION('',(-0.,-0.,-1.));
#11296 = PCURVE('',#11236,#11297);
#11297 = DEFINITIONAL_REPRESENTATION('',(#11298),#11302);
#11298 = LINE('',#11299,#11300);
#11299 = CARTESIAN_POINT('',(19.75,0.));
#11300 = VECTOR('',#11301,1.);
#11301 = DIRECTION('',(0.,-1.));
#11302 = ( GEOMETRIC_REPRESENTATION_CONTEXT(2) 
PARAMETRIC_REPRESENTATION_CONTEXT() REPRESENTATION_CONTEXT('2D SPACE',''
  ) );
#11303 = PCURVE('',#11304,#11309);
#11304 = PLANE('',#11305);
#11305 = AXIS2_PLACEMENT_3D('',#11306,#11307,#11308);
#11306 = CARTESIAN_POINT('',(3.335,-13.01,-2.6));
#11307 = DIRECTION('',(1.,0.,0.));
#11308 = DIRECTION('',(-0.,1.,0.));
#11309 = DEFINITIONAL_REPRESENTATION('',(#11310),#11314);
#11310 = LINE('',#11311,#11312);
#11311 = CARTESIAN_POINT('',(0.,0.));
#11312 = VECTOR('',#11313,1.);
#11313 = DIRECTION('',(0.,-1.));
#11314 = ( GEOMETRIC_REPRESENTATION_CONTEXT(2) 
PARAMETRIC_REPRESENTATION_CONTEXT() REPRESENTATION_CONTEXT('2D SPACE',''
  ) );
#11315 = ORIENTED_EDGE('',*,*,#11316,.F.);
#11316 = EDGE_CURVE('',#11226,#11289,#11317,.T.);
#11317 = SURFACE_CURVE('',#11318,(#11322,#11329),.PCURVE_S1.);
#11318 = LINE('',#11319,#11320);
#11319 = CARTESIAN_POINT('',(-16.415,-13.01,-2.6));
#11320 = VECTOR('',#11321,1.);
#11321 = DIRECTION('',(1.,0.,0.));
#11322 = PCURVE('',#11236,#11323);
#11323 = DEFINITIONAL_REPRESENTATION('',(#11324),#11328);
#11324 = LINE('',#11325,#11326);
#11325 = CARTESIAN_POINT('',(0.,0.));
#11326 = VECTOR('',#11327,1.);
#11327 = DIRECTION('',(1.,0.));
#11328 = ( GEOMETRIC_REPRESENTATION_CONTEXT(2) 
PARAMETRIC_REPRESENTATION_CONTEXT() REPRESENTATION_CONTEXT('2D SPACE',''
  ) );
#11329 = PCURVE('',#11330,#11335);
#11330 = PLANE('',#11331);
#11331 = AXIS2_PLACEMENT_3D('',#11332,#11333,#11334);
#11332 = CARTESIAN_POINT('',(-6.54,0.,-2.6));
#11333 = DIRECTION('',(0.,0.,1.));
#11334 = DIRECTION('',(1.,0.,-0.));
#11335 = DEFINITIONAL_REPRESENTATION('',(#11336),#11340);
#11336 = LINE('',#11337,#11338);
#11337 = CARTESIAN_POINT('',(-9.875,-13.01));
#11338 = VECTOR('',#11339,1.);
#11339 = DIRECTION('',(1.,0.));
#11340 = ( GEOMETRIC_REPRESENTATION_CONTEXT(2) 
PARAMETRIC_REPRESENTATION_CONTEXT() REPRESENTATION_CONTEXT('2D SPACE',''
  ) );
#11341 = ADVANCED_FACE('',(#11342),#11304,.T.);
#11342 = FACE_BOUND('',#11343,.T.);
#11343 = EDGE_LOOP('',(#11344,#11345,#11368,#11396));
#11344 = ORIENTED_EDGE('',*,*,#11288,.T.);
#11345 = ORIENTED_EDGE('',*,*,#11346,.T.);
#11346 = EDGE_CURVE('',#11261,#11347,#11349,.T.);
#11347 = VERTEX_POINT('',#11348);
#11348 = CARTESIAN_POINT('',(3.335,13.01,-6.4));
#11349 = SURFACE_CURVE('',#11350,(#11354,#11361),.PCURVE_S1.);
#11350 = LINE('',#11351,#11352);
#11351 = CARTESIAN_POINT('',(3.335,-13.01,-6.4));
#11352 = VECTOR('',#11353,1.);
#11353 = DIRECTION('',(0.,1.,0.));
#11354 = PCURVE('',#11304,#11355);
#11355 = DEFINITIONAL_REPRESENTATION('',(#11356),#11360);
#11356 = LINE('',#11357,#11358);
#11357 = CARTESIAN_POINT('',(0.,-3.8));
#11358 = VECTOR('',#11359,1.);
#11359 = DIRECTION('',(1.,0.));
#11360 = ( GEOMETRIC_REPRESENTATION_CONTEXT(2) 
PARAMETRIC_REPRESENTATION_CONTEXT() REPRESENTATION_CONTEXT('2D SPACE',''
  ) );
#11361 = PCURVE('',#11276,#11362);
#11362 = DEFINITIONAL_REPRESENTATION('',(#11363),#11367);
#11363 = LINE('',#11364,#11365);
#11364 = CARTESIAN_POINT('',(9.875,-13.01));
#11365 = VECTOR('',#11366,1.);
#11366 = DIRECTION('',(0.,1.));
#11367 = ( GEOMETRIC_REPRESENTATION_CONTEXT(2) 
PARAMETRIC_REPRESENTATION_CONTEXT() REPRESENTATION_CONTEXT('2D SPACE',''
  ) );
#11368 = ORIENTED_EDGE('',*,*,#11369,.F.);
#11369 = EDGE_CURVE('',#11370,#11347,#11372,.T.);
#11370 = VERTEX_POINT('',#11371);
#11371 = CARTESIAN_POINT('',(3.335,13.01,-2.6));
#11372 = SURFACE_CURVE('',#11373,(#11377,#11384),.PCURVE_S1.);
#11373 = LINE('',#11374,#11375);
#11374 = CARTESIAN_POINT('',(3.335,13.01,-2.6));
#11375 = VECTOR('',#11376,1.);
#11376 = DIRECTION('',(-0.,-0.,-1.));
#11377 = PCURVE('',#11304,#11378);
#11378 = DEFINITIONAL_REPRESENTATION('',(#11379),#11383);
#11379 = LINE('',#11380,#11381);
#11380 = CARTESIAN_POINT('',(26.02,0.));
#11381 = VECTOR('',#11382,1.);
#11382 = DIRECTION('',(0.,-1.));
#11383 = ( GEOMETRIC_REPRESENTATION_CONTEXT(2) 
PARAMETRIC_REPRESENTATION_CONTEXT() REPRESENTATION_CONTEXT('2D SPACE',''
  ) );
#11384 = PCURVE('',#11385,#11390);
#11385 = PLANE('',#11386);
#11386 = AXIS2_PLACEMENT_3D('',#11387,#11388,#11389);
#11387 = CARTESIAN_POINT('',(3.335,13.01,-2.6));
#11388 = DIRECTION('',(0.,1.,-0.));
#11389 = DIRECTION('',(-1.,0.,0.));
#11390 = DEFINITIONAL_REPRESENTATION('',(#11391),#11395);
#11391 = LINE('',#11392,#11393);
#11392 = CARTESIAN_POINT('',(0.,0.));
#11393 = VECTOR('',#11394,1.);
#11394 = DIRECTION('',(0.,-1.));
#11395 = ( GEOMETRIC_REPRESENTATION_CONTEXT(2) 
PARAMETRIC_REPRESENTATION_CONTEXT() REPRESENTATION_CONTEXT('2D SPACE',''
  ) );
#11396 = ORIENTED_EDGE('',*,*,#11397,.F.);
#11397 = EDGE_CURVE('',#11289,#11370,#11398,.T.);
#11398 = SURFACE_CURVE('',#11399,(#11403,#11410),.PCURVE_S1.);
#11399 = LINE('',#11400,#11401);
#11400 = CARTESIAN_POINT('',(3.335,-13.01,-2.6));
#11401 = VECTOR('',#11402,1.);
#11402 = DIRECTION('',(0.,1.,0.));
#11403 = PCURVE('',#11304,#11404);
#11404 = DEFINITIONAL_REPRESENTATION('',(#11405),#11409);
#11405 = LINE('',#11406,#11407);
#11406 = CARTESIAN_POINT('',(0.,0.));
#11407 = VECTOR('',#11408,1.);
#11408 = DIRECTION('',(1.,0.));
#11409 = ( GEOMETRIC_REPRESENTATION_CONTEXT(2) 
PARAMETRIC_REPRESENTATION_CONTEXT() REPRESENTATION_CONTEXT('2D SPACE',''
  ) );
#11410 = PCURVE('',#11330,#11411);
#11411 = DEFINITIONAL_REPRESENTATION('',(#11412),#11416);
#11412 = LINE('',#11413,#11414);
#11413 = CARTESIAN_POINT('',(9.875,-13.01));
#11414 = VECTOR('',#11415,1.);
#11415 = DIRECTION('',(0.,1.));
#11416 = ( GEOMETRIC_REPRESENTATION_CONTEXT(2) 
PARAMETRIC_REPRESENTATION_CONTEXT() REPRESENTATION_CONTEXT('2D SPACE',''
  ) );
#11417 = ADVANCED_FACE('',(#11418),#11385,.T.);
#11418 = FACE_BOUND('',#11419,.T.);
#11419 = EDGE_LOOP('',(#11420,#11421,#11444,#11467));
#11420 = ORIENTED_EDGE('',*,*,#11369,.T.);
#11421 = ORIENTED_EDGE('',*,*,#11422,.T.);
#11422 = EDGE_CURVE('',#11347,#11423,#11425,.T.);
#11423 = VERTEX_POINT('',#11424);
#11424 = CARTESIAN_POINT('',(-16.415,13.01,-6.4));
#11425 = SURFACE_CURVE('',#11426,(#11430,#11437),.PCURVE_S1.);
#11426 = LINE('',#11427,#11428);
#11427 = CARTESIAN_POINT('',(3.335,13.01,-6.4));
#11428 = VECTOR('',#11429,1.);
#11429 = DIRECTION('',(-1.,0.,0.));
#11430 = PCURVE('',#11385,#11431);
#11431 = DEFINITIONAL_REPRESENTATION('',(#11432),#11436);
#11432 = LINE('',#11433,#11434);
#11433 = CARTESIAN_POINT('',(0.,-3.8));
#11434 = VECTOR('',#11435,1.);
#11435 = DIRECTION('',(1.,0.));
#11436 = ( GEOMETRIC_REPRESENTATION_CONTEXT(2) 
PARAMETRIC_REPRESENTATION_CONTEXT() REPRESENTATION_CONTEXT('2D SPACE',''
  ) );
#11437 = PCURVE('',#11276,#11438);
#11438 = DEFINITIONAL_REPRESENTATION('',(#11439),#11443);
#11439 = LINE('',#11440,#11441);
#11440 = CARTESIAN_POINT('',(9.875,13.01));
#11441 = VECTOR('',#11442,1.);
#11442 = DIRECTION('',(-1.,0.));
#11443 = ( GEOMETRIC_REPRESENTATION_CONTEXT(2) 
PARAMETRIC_REPRESENTATION_CONTEXT() REPRESENTATION_CONTEXT('2D SPACE',''
  ) );
#11444 = ORIENTED_EDGE('',*,*,#11445,.F.);
#11445 = EDGE_CURVE('',#11446,#11423,#11448,.T.);
#11446 = VERTEX_POINT('',#11447);
#11447 = CARTESIAN_POINT('',(-16.415,13.01,-2.6));
#11448 = SURFACE_CURVE('',#11449,(#11453,#11460),.PCURVE_S1.);
#11449 = LINE('',#11450,#11451);
#11450 = CARTESIAN_POINT('',(-16.415,13.01,-2.6));
#11451 = VECTOR('',#11452,1.);
#11452 = DIRECTION('',(-0.,-0.,-1.));
#11453 = PCURVE('',#11385,#11454);
#11454 = DEFINITIONAL_REPRESENTATION('',(#11455),#11459);
#11455 = LINE('',#11456,#11457);
#11456 = CARTESIAN_POINT('',(19.75,0.));
#11457 = VECTOR('',#11458,1.);
#11458 = DIRECTION('',(0.,-1.));
#11459 = ( GEOMETRIC_REPRESENTATION_CONTEXT(2) 
PARAMETRIC_REPRESENTATION_CONTEXT() REPRESENTATION_CONTEXT('2D SPACE',''
  ) );
#11460 = PCURVE('',#11248,#11461);
#11461 = DEFINITIONAL_REPRESENTATION('',(#11462),#11466);
#11462 = LINE('',#11463,#11464);
#11463 = CARTESIAN_POINT('',(0.,0.));
#11464 = VECTOR('',#11465,1.);
#11465 = DIRECTION('',(0.,-1.));
#11466 = ( GEOMETRIC_REPRESENTATION_CONTEXT(2) 
PARAMETRIC_REPRESENTATION_CONTEXT() REPRESENTATION_CONTEXT('2D SPACE',''
  ) );
#11467 = ORIENTED_EDGE('',*,*,#11468,.F.);
#11468 = EDGE_CURVE('',#11370,#11446,#11469,.T.);
#11469 = SURFACE_CURVE('',#11470,(#11474,#11481),.PCURVE_S1.);
#11470 = LINE('',#11471,#11472);
#11471 = CARTESIAN_POINT('',(3.335,13.01,-2.6));
#11472 = VECTOR('',#11473,1.);
#11473 = DIRECTION('',(-1.,0.,0.));
#11474 = PCURVE('',#11385,#11475);
#11475 = DEFINITIONAL_REPRESENTATION('',(#11476),#11480);
#11476 = LINE('',#11477,#11478);
#11477 = CARTESIAN_POINT('',(0.,0.));
#11478 = VECTOR('',#11479,1.);
#11479 = DIRECTION('',(1.,0.));
#11480 = ( GEOMETRIC_REPRESENTATION_CONTEXT(2) 
PARAMETRIC_REPRESENTATION_CONTEXT() REPRESENTATION_CONTEXT('2D SPACE',''
  ) );
#11481 = PCURVE('',#11330,#11482);
#11482 = DEFINITIONAL_REPRESENTATION('',(#11483),#11487);
#11483 = LINE('',#11484,#11485);
#11484 = CARTESIAN_POINT('',(9.875,13.01));
#11485 = VECTOR('',#11486,1.);
#11486 = DIRECTION('',(-1.,0.));
#11487 = ( GEOMETRIC_REPRESENTATION_CONTEXT(2) 
PARAMETRIC_REPRESENTATION_CONTEXT() REPRESENTATION_CONTEXT('2D SPACE',''
  ) );
#11488 = ADVANCED_FACE('',(#11489),#11248,.T.);
#11489 = FACE_BOUND('',#11490,.T.);
#11490 = EDGE_LOOP('',(#11491,#11492,#11513,#11514));
#11491 = ORIENTED_EDGE('',*,*,#11445,.T.);
#11492 = ORIENTED_EDGE('',*,*,#11493,.T.);
#11493 = EDGE_CURVE('',#11423,#11228,#11494,.T.);
#11494 = SURFACE_CURVE('',#11495,(#11499,#11506),.PCURVE_S1.);
#11495 = LINE('',#11496,#11497);
#11496 = CARTESIAN_POINT('',(-16.415,13.01,-6.4));
#11497 = VECTOR('',#11498,1.);
#11498 = DIRECTION('',(0.,-1.,0.));
#11499 = PCURVE('',#11248,#11500);
#11500 = DEFINITIONAL_REPRESENTATION('',(#11501),#11505);
#11501 = LINE('',#11502,#11503);
#11502 = CARTESIAN_POINT('',(0.,-3.8));
#11503 = VECTOR('',#11504,1.);
#11504 = DIRECTION('',(1.,0.));
#11505 = ( GEOMETRIC_REPRESENTATION_CONTEXT(2) 
PARAMETRIC_REPRESENTATION_CONTEXT() REPRESENTATION_CONTEXT('2D SPACE',''
  ) );
#11506 = PCURVE('',#11276,#11507);
#11507 = DEFINITIONAL_REPRESENTATION('',(#11508),#11512);
#11508 = LINE('',#11509,#11510);
#11509 = CARTESIAN_POINT('',(-9.875,13.01));
#11510 = VECTOR('',#11511,1.);
#11511 = DIRECTION('',(0.,-1.));
#11512 = ( GEOMETRIC_REPRESENTATION_CONTEXT(2) 
PARAMETRIC_REPRESENTATION_CONTEXT() REPRESENTATION_CONTEXT('2D SPACE',''
  ) );
#11513 = ORIENTED_EDGE('',*,*,#11225,.F.);
#11514 = ORIENTED_EDGE('',*,*,#11515,.F.);
#11515 = EDGE_CURVE('',#11446,#11226,#11516,.T.);
#11516 = SURFACE_CURVE('',#11517,(#11521,#11528),.PCURVE_S1.);
#11517 = LINE('',#11518,#11519);
#11518 = CARTESIAN_POINT('',(-16.415,13.01,-2.6));
#11519 = VECTOR('',#11520,1.);
#11520 = DIRECTION('',(0.,-1.,0.));
#11521 = PCURVE('',#11248,#11522);
#11522 = DEFINITIONAL_REPRESENTATION('',(#11523),#11527);
#11523 = LINE('',#11524,#11525);
#11524 = CARTESIAN_POINT('',(0.,0.));
#11525 = VECTOR('',#11526,1.);
#11526 = DIRECTION('',(1.,0.));
#11527 = ( GEOMETRIC_REPRESENTATION_CONTEXT(2) 
PARAMETRIC_REPRESENTATION_CONTEXT() REPRESENTATION_CONTEXT('2D SPACE',''
  ) );
#11528 = PCURVE('',#11330,#11529);
#11529 = DEFINITIONAL_REPRESENTATION('',(#11530),#11534);
#11530 = LINE('',#11531,#11532);
#11531 = CARTESIAN_POINT('',(-9.875,13.01));
#11532 = VECTOR('',#11533,1.);
#11533 = DIRECTION('',(0.,-1.));
#11534 = ( GEOMETRIC_REPRESENTATION_CONTEXT(2) 
PARAMETRIC_REPRESENTATION_CONTEXT() REPRESENTATION_CONTEXT('2D SPACE',''
  ) );
#11535 = ADVANCED_FACE('',(#11536),#11330,.T.);
#11536 = FACE_BOUND('',#11537,.T.);
#11537 = EDGE_LOOP('',(#11538,#11539,#11540,#11541));
#11538 = ORIENTED_EDGE('',*,*,#11316,.T.);
#11539 = ORIENTED_EDGE('',*,*,#11397,.T.);
#11540 = ORIENTED_EDGE('',*,*,#11468,.T.);
#11541 = ORIENTED_EDGE('',*,*,#11515,.T.);
#11542 = ADVANCED_FACE('',(#11543),#11276,.F.);
#11543 = FACE_BOUND('',#11544,.F.);
#11544 = EDGE_LOOP('',(#11545,#11546,#11547,#11548));
#11545 = ORIENTED_EDGE('',*,*,#11260,.T.);
#11546 = ORIENTED_EDGE('',*,*,#11346,.T.);
#11547 = ORIENTED_EDGE('',*,*,#11422,.T.);
#11548 = ORIENTED_EDGE('',*,*,#11493,.T.);
#11549 = ( GEOMETRIC_REPRESENTATION_CONTEXT(3) 
GLOBAL_UNCERTAINTY_ASSIGNED_CONTEXT((#11553)) 
GLOBAL_UNIT_ASSIGNED_CONTEXT((#11550,#11551,#11552)) 
REPRESENTATION_CONTEXT('Context #1',
  '3D Context with UNIT and UNCERTAINTY') );
#11550 = ( LENGTH_UNIT() NAMED_UNIT(*) SI_UNIT(.MILLI.,.METRE.) );
#11551 = ( NAMED_UNIT(*) PLANE_ANGLE_UNIT() SI_UNIT($,.RADIAN.) );
#11552 = ( NAMED_UNIT(*) SI_UNIT($,.STERADIAN.) SOLID_ANGLE_UNIT() );
#11553 = UNCERTAINTY_MEASURE_WITH_UNIT(LENGTH_MEASURE(1.E-07),#11550,
  'distance_accuracy_value','confusion accuracy');
#11554 = CONTEXT_DEPENDENT_SHAPE_REPRESENTATION(#11555,#11557);
#11555 = ( REPRESENTATION_RELATIONSHIP('','',#11218,#10) 
REPRESENTATION_RELATIONSHIP_WITH_TRANSFORMATION(#11556) 
SHAPE_REPRESENTATION_RELATIONSHIP() );
#11556 = ITEM_DEFINED_TRANSFORMATION('','',#11,#51);
#11557 = PRODUCT_DEFINITION_SHAPE('Placement','Placement of an item',
  #11558);
#11558 = NEXT_ASSEMBLY_USAGE_OCCURRENCE('12','part5','',#5,#11213,$);
#11559 = PRODUCT_RELATED_PRODUCT_CATEGORY('part',$,(#11215));
#11560 = SHAPE_DEFINITION_REPRESENTATION(#11561,#11567);
#11561 = PRODUCT_DEFINITION_SHAPE('','',#11562);
#11562 = PRODUCT_DEFINITION('design','',#11563,#11566);
#11563 = PRODUCT_DEFINITION_FORMATION('','',#11564);
#11564 = PRODUCT('part6','part6','',(#11565));
#11565 = PRODUCT_CONTEXT('',#2,'mechanical');
#11566 = PRODUCT_DEFINITION_CONTEXT('part definition',#2,'design');
#11567 = ADVANCED_BREP_SHAPE_REPRESENTATION('',(#11,#11568),#11898);
#11568 = MANIFOLD_SOLID_BREP('',#11569);
#11569 = CLOSED_SHELL('',(#11570,#11690,#11766,#11837,#11884,#11891));
#11570 = ADVANCED_FACE('',(#11571),#11585,.T.);
#11571 = FACE_BOUND('',#11572,.T.);
#11572 = EDGE_LOOP('',(#11573,#11608,#11636,#11664));
#11573 = ORIENTED_EDGE('',*,*,#11574,.T.);
#11574 = EDGE_CURVE('',#11575,#11577,#11579,.T.);
#11575 = VERTEX_POINT('',#11576);
#11576 = CARTESIAN_POINT('',(-4.5,17.,-2.6));
#11577 = VERTEX_POINT('',#11578);
#11578 = CARTESIAN_POINT('',(-4.5,17.,-4.5));
#11579 = SURFACE_CURVE('',#11580,(#11584,#11596),.PCURVE_S1.);
#11580 = LINE('',#11581,#11582);
#11581 = CARTESIAN_POINT('',(-4.5,17.,-2.6));
#11582 = VECTOR('',#11583,1.);
#11583 = DIRECTION('',(-0.,-0.,-1.));
#11584 = PCURVE('',#11585,#11590);
#11585 = PLANE('',#11586);
#11586 = AXIS2_PLACEMENT_3D('',#11587,#11588,#11589);
#11587 = CARTESIAN_POINT('',(-4.5,17.,-2.6));
#11588 = DIRECTION('',(0.,-1.,0.));
#11589 = DIRECTION('',(1.,0.,0.));
#11590 = DEFINITIONAL_REPRESENTATION('',(#11591),#11595);
#11591 = LINE('',#11592,#11593);
#11592 = CARTESIAN_POINT('',(0.,0.));
#11593 = VECTOR('',#11594,1.);
#11594 = DIRECTION('',(0.,-1.));
#11595 = ( GEOMETRIC_REPRESENTATION_CONTEXT(2) 
PARAMETRIC_REPRESENTATION_CONTEXT() REPRESENTATION_CONTEXT('2D SPACE',''
  ) );
#11596 = PCURVE('',#11597,#11602);
#11597 = PLANE('',#11598);
#11598 = AXIS2_PLACEMENT_3D('',#11599,#11600,#11601);
#11599 = CARTESIAN_POINT('',(-4.5,26.,-2.6));
#11600 = DIRECTION('',(-1.,0.,0.));
#11601 = DIRECTION('',(0.,-1.,0.));
#11602 = DEFINITIONAL_REPRESENTATION('',(#11603),#11607);
#11603 = LINE('',#11604,#11605);
#11604 = CARTESIAN_POINT('',(9.,0.));
#11605 = VECTOR('',#11606,1.);
#11606 = DIRECTION('',(0.,-1.));
#11607 = ( GEOMETRIC_REPRESENTATION_CONTEXT(2) 
PARAMETRIC_REPRESENTATION_CONTEXT() REPRESENTATION_CONTEXT('2D SPACE',''
  ) );
#11608 = ORIENTED_EDGE('',*,*,#11609,.T.);
#11609 = EDGE_CURVE('',#11577,#11610,#11612,.T.);
#11610 = VERTEX_POINT('',#11611);
#11611 = CARTESIAN_POINT('',(4.5,17.,-4.5));
#11612 = SURFACE_CURVE('',#11613,(#11617,#11624),.PCURVE_S1.);
#11613 = LINE('',#11614,#11615);
#11614 = CARTESIAN_POINT('',(-4.5,17.,-4.5));
#11615 = VECTOR('',#11616,1.);
#11616 = DIRECTION('',(1.,0.,0.));
#11617 = PCURVE('',#11585,#11618);
#11618 = DEFINITIONAL_REPRESENTATION('',(#11619),#11623);
#11619 = LINE('',#11620,#11621);
#11620 = CARTESIAN_POINT('',(0.,-1.9));
#11621 = VECTOR('',#11622,1.);
#11622 = DIRECTION('',(1.,0.));
#11623 = ( GEOMETRIC_REPRESENTATION_CONTEXT(2) 
PARAMETRIC_REPRESENTATION_CONTEXT() REPRESENTATION_CONTEXT('2D SPACE',''
  ) );
#11624 = PCURVE('',#11625,#11630);
#11625 = PLANE('',#11626);
#11626 = AXIS2_PLACEMENT_3D('',#11627,#11628,#11629);
#11627 = CARTESIAN_POINT('',(0.,21.5,-4.5));
#11628 = DIRECTION('',(0.,0.,1.));
#11629 = DIRECTION('',(1.,0.,-0.));
#11630 = DEFINITIONAL_REPRESENTATION('',(#11631),#11635);
#11631 = LINE('',#11632,#11633);
#11632 = CARTESIAN_POINT('',(-4.5,-4.5));
#11633 = VECTOR('',#11634,1.);
#11634 = DIRECTION('',(1.,0.));
#11635 = ( GEOMETRIC_REPRESENTATION_CONTEXT(2) 
PARAMETRIC_REPRESENTATION_CONTEXT() REPRESENTATION_CONTEXT('2D SPACE',''
  ) );
#11636 = ORIENTED_EDGE('',*,*,#11637,.F.);
#11637 = EDGE_CURVE('',#11638,#11610,#11640,.T.);
#11638 = VERTEX_POINT('',#11639);
#11639 = CARTESIAN_POINT('',(4.5,17.,-2.6));
#11640 = SURFACE_CURVE('',#11641,(#11645,#11652),.PCURVE_S1.);
#11641 = LINE('',#11642,#11643);
#11642 = CARTESIAN_POINT('',(4.5,17.,-2.6));
#11643 = VECTOR('',#11644,1.);
#11644 = DIRECTION('',(-0.,-0.,-1.));
#11645 = PCURVE('',#11585,#11646);
#11646 = DEFINITIONAL_REPRESENTATION('',(#11647),#11651);
#11647 = LINE('',#11648,#11649);
#11648 = CARTESIAN_POINT('',(9.,0.));
#11649 = VECTOR('',#11650,1.);
#11650 = DIRECTION('',(0.,-1.));
#11651 = ( GEOMETRIC_REPRESENTATION_CONTEXT(2) 
PARAMETRIC_REPRESENTATION_CONTEXT() REPRESENTATION_CONTEXT('2D SPACE',''
  ) );
#11652 = PCURVE('',#11653,#11658);
#11653 = PLANE('',#11654);
#11654 = AXIS2_PLACEMENT_3D('',#11655,#11656,#11657);
#11655 = CARTESIAN_POINT('',(4.5,17.,-2.6));
#11656 = DIRECTION('',(1.,0.,0.));
#11657 = DIRECTION('',(-0.,1.,0.));
#11658 = DEFINITIONAL_REPRESENTATION('',(#11659),#11663);
#11659 = LINE('',#11660,#11661);
#11660 = CARTESIAN_POINT('',(0.,0.));
#11661 = VECTOR('',#11662,1.);
#11662 = DIRECTION('',(0.,-1.));
#11663 = ( GEOMETRIC_REPRESENTATION_CONTEXT(2) 
PARAMETRIC_REPRESENTATION_CONTEXT() REPRESENTATION_CONTEXT('2D SPACE',''
  ) );
#11664 = ORIENTED_EDGE('',*,*,#11665,.F.);
#11665 = EDGE_CURVE('',#11575,#11638,#11666,.T.);
#11666 = SURFACE_CURVE('',#11667,(#11671,#11678),.PCURVE_S1.);
#11667 = LINE('',#11668,#11669);
#11668 = CARTESIAN_POINT('',(-4.5,17.,-2.6));
#11669 = VECTOR('',#11670,1.);
#11670 = DIRECTION('',(1.,0.,0.));
#11671 = PCURVE('',#11585,#11672);
#11672 = DEFINITIONAL_REPRESENTATION('',(#11673),#11677);
#11673 = LINE('',#11674,#11675);
#11674 = CARTESIAN_POINT('',(0.,0.));
#11675 = VECTOR('',#11676,1.);
#11676 = DIRECTION('',(1.,0.));
#11677 = ( GEOMETRIC_REPRESENTATION_CONTEXT(2) 
PARAMETRIC_REPRESENTATION_CONTEXT() REPRESENTATION_CONTEXT('2D SPACE',''
  ) );
#11678 = PCURVE('',#11679,#11684);
#11679 = PLANE('',#11680);
#11680 = AXIS2_PLACEMENT_3D('',#11681,#11682,#11683);
#11681 = CARTESIAN_POINT('',(0.,21.5,-2.6));
#11682 = DIRECTION('',(0.,0.,1.));
#11683 = DIRECTION('',(1.,0.,-0.));
#11684 = DEFINITIONAL_REPRESENTATION('',(#11685),#11689);
#11685 = LINE('',#11686,#11687);
#11686 = CARTESIAN_POINT('',(-4.5,-4.5));
#11687 = VECTOR('',#11688,1.);
#11688 = DIRECTION('',(1.,0.));
#11689 = ( GEOMETRIC_REPRESENTATION_CONTEXT(2) 
PARAMETRIC_REPRESENTATION_CONTEXT() REPRESENTATION_CONTEXT('2D SPACE',''
  ) );
#11690 = ADVANCED_FACE('',(#11691),#11653,.T.);
#11691 = FACE_BOUND('',#11692,.T.);
#11692 = EDGE_LOOP('',(#11693,#11694,#11717,#11745));
#11693 = ORIENTED_EDGE('',*,*,#11637,.T.);
#11694 = ORIENTED_EDGE('',*,*,#11695,.T.);
#11695 = EDGE_CURVE('',#11610,#11696,#11698,.T.);
#11696 = VERTEX_POINT('',#11697);
#11697 = CARTESIAN_POINT('',(4.5,26.,-4.5));
#11698 = SURFACE_CURVE('',#11699,(#11703,#11710),.PCURVE_S1.);
#11699 = LINE('',#11700,#11701);
#11700 = CARTESIAN_POINT('',(4.5,17.,-4.5));
#11701 = VECTOR('',#11702,1.);
#11702 = DIRECTION('',(0.,1.,0.));
#11703 = PCURVE('',#11653,#11704);
#11704 = DEFINITIONAL_REPRESENTATION('',(#11705),#11709);
#11705 = LINE('',#11706,#11707);
#11706 = CARTESIAN_POINT('',(0.,-1.9));
#11707 = VECTOR('',#11708,1.);
#11708 = DIRECTION('',(1.,0.));
#11709 = ( GEOMETRIC_REPRESENTATION_CONTEXT(2) 
PARAMETRIC_REPRESENTATION_CONTEXT() REPRESENTATION_CONTEXT('2D SPACE',''
  ) );
#11710 = PCURVE('',#11625,#11711);
#11711 = DEFINITIONAL_REPRESENTATION('',(#11712),#11716);
#11712 = LINE('',#11713,#11714);
#11713 = CARTESIAN_POINT('',(4.5,-4.5));
#11714 = VECTOR('',#11715,1.);
#11715 = DIRECTION('',(0.,1.));
#11716 = ( GEOMETRIC_REPRESENTATION_CONTEXT(2) 
PARAMETRIC_REPRESENTATION_CONTEXT() REPRESENTATION_CONTEXT('2D SPACE',''
  ) );
#11717 = ORIENTED_EDGE('',*,*,#11718,.F.);
#11718 = EDGE_CURVE('',#11719,#11696,#11721,.T.);
#11719 = VERTEX_POINT('',#11720);
#11720 = CARTESIAN_POINT('',(4.5,26.,-2.6));
#11721 = SURFACE_CURVE('',#11722,(#11726,#11733),.PCURVE_S1.);
#11722 = LINE('',#11723,#11724);
#11723 = CARTESIAN_POINT('',(4.5,26.,-2.6));
#11724 = VECTOR('',#11725,1.);
#11725 = DIRECTION('',(-0.,-0.,-1.));
#11726 = PCURVE('',#11653,#11727);
#11727 = DEFINITIONAL_REPRESENTATION('',(#11728),#11732);
#11728 = LINE('',#11729,#11730);
#11729 = CARTESIAN_POINT('',(9.,0.));
#11730 = VECTOR('',#11731,1.);
#11731 = DIRECTION('',(0.,-1.));
#11732 = ( GEOMETRIC_REPRESENTATION_CONTEXT(2) 
PARAMETRIC_REPRESENTATION_CONTEXT() REPRESENTATION_CONTEXT('2D SPACE',''
  ) );
#11733 = PCURVE('',#11734,#11739);
#11734 = PLANE('',#11735);
#11735 = AXIS2_PLACEMENT_3D('',#11736,#11737,#11738);
#11736 = CARTESIAN_POINT('',(4.5,26.,-2.6));
#11737 = DIRECTION('',(0.,1.,-0.));
#11738 = DIRECTION('',(-1.,0.,0.));
#11739 = DEFINITIONAL_REPRESENTATION('',(#11740),#11744);
#11740 = LINE('',#11741,#11742);
#11741 = CARTESIAN_POINT('',(0.,0.));
#11742 = VECTOR('',#11743,1.);
#11743 = DIRECTION('',(0.,-1.));
#11744 = ( GEOMETRIC_REPRESENTATION_CONTEXT(2) 
PARAMETRIC_REPRESENTATION_CONTEXT() REPRESENTATION_CONTEXT('2D SPACE',''
  ) );
#11745 = ORIENTED_EDGE('',*,*,#11746,.F.);
#11746 = EDGE_CURVE('',#11638,#11719,#11747,.T.);
#11747 = SURFACE_CURVE('',#11748,(#11752,#11759),.PCURVE_S1.);
#11748 = LINE('',#11749,#11750);
#11749 = CARTESIAN_POINT('',(4.5,17.,-2.6));
#11750 = VECTOR('',#11751,1.);
#11751 = DIRECTION('',(0.,1.,0.));
#11752 = PCURVE('',#11653,#11753);
#11753 = DEFINITIONAL_REPRESENTATION('',(#11754),#11758);
#11754 = LINE('',#11755,#11756);
#11755 = CARTESIAN_POINT('',(0.,0.));
#11756 = VECTOR('',#11757,1.);
#11757 = DIRECTION('',(1.,0.));
#11758 = ( GEOMETRIC_REPRESENTATION_CONTEXT(2) 
PARAMETRIC_REPRESENTATION_CONTEXT() REPRESENTATION_CONTEXT('2D SPACE',''
  ) );
#11759 = PCURVE('',#11679,#11760);
#11760 = DEFINITIONAL_REPRESENTATION('',(#11761),#11765);
#11761 = LINE('',#11762,#11763);
#11762 = CARTESIAN_POINT('',(4.5,-4.5));
#11763 = VECTOR('',#11764,1.);
#11764 = DIRECTION('',(0.,1.));
#11765 = ( GEOMETRIC_REPRESENTATION_CONTEXT(2) 
PARAMETRIC_REPRESENTATION_CONTEXT() REPRESENTATION_CONTEXT('2D SPACE',''
  ) );
#11766 = ADVANCED_FACE('',(#11767),#11734,.T.);
#11767 = FACE_BOUND('',#11768,.T.);
#11768 = EDGE_LOOP('',(#11769,#11770,#11793,#11816));
#11769 = ORIENTED_EDGE('',*,*,#11718,.T.);
#11770 = ORIENTED_EDGE('',*,*,#11771,.T.);
#11771 = EDGE_CURVE('',#11696,#11772,#11774,.T.);
#11772 = VERTEX_POINT('',#11773);
#11773 = CARTESIAN_POINT('',(-4.5,26.,-4.5));
#11774 = SURFACE_CURVE('',#11775,(#11779,#11786),.PCURVE_S1.);
#11775 = LINE('',#11776,#11777);
#11776 = CARTESIAN_POINT('',(4.5,26.,-4.5));
#11777 = VECTOR('',#11778,1.);
#11778 = DIRECTION('',(-1.,0.,0.));
#11779 = PCURVE('',#11734,#11780);
#11780 = DEFINITIONAL_REPRESENTATION('',(#11781),#11785);
#11781 = LINE('',#11782,#11783);
#11782 = CARTESIAN_POINT('',(0.,-1.9));
#11783 = VECTOR('',#11784,1.);
#11784 = DIRECTION('',(1.,0.));
#11785 = ( GEOMETRIC_REPRESENTATION_CONTEXT(2) 
PARAMETRIC_REPRESENTATION_CONTEXT() REPRESENTATION_CONTEXT('2D SPACE',''
  ) );
#11786 = PCURVE('',#11625,#11787);
#11787 = DEFINITIONAL_REPRESENTATION('',(#11788),#11792);
#11788 = LINE('',#11789,#11790);
#11789 = CARTESIAN_POINT('',(4.5,4.5));
#11790 = VECTOR('',#11791,1.);
#11791 = DIRECTION('',(-1.,0.));
#11792 = ( GEOMETRIC_REPRESENTATION_CONTEXT(2) 
PARAMETRIC_REPRESENTATION_CONTEXT() REPRESENTATION_CONTEXT('2D SPACE',''
  ) );
#11793 = ORIENTED_EDGE('',*,*,#11794,.F.);
#11794 = EDGE_CURVE('',#11795,#11772,#11797,.T.);
#11795 = VERTEX_POINT('',#11796);
#11796 = CARTESIAN_POINT('',(-4.5,26.,-2.6));
#11797 = SURFACE_CURVE('',#11798,(#11802,#11809),.PCURVE_S1.);
#11798 = LINE('',#11799,#11800);
#11799 = CARTESIAN_POINT('',(-4.5,26.,-2.6));
#11800 = VECTOR('',#11801,1.);
#11801 = DIRECTION('',(-0.,-0.,-1.));
#11802 = PCURVE('',#11734,#11803);
#11803 = DEFINITIONAL_REPRESENTATION('',(#11804),#11808);
#11804 = LINE('',#11805,#11806);
#11805 = CARTESIAN_POINT('',(9.,0.));
#11806 = VECTOR('',#11807,1.);
#11807 = DIRECTION('',(0.,-1.));
#11808 = ( GEOMETRIC_REPRESENTATION_CONTEXT(2) 
PARAMETRIC_REPRESENTATION_CONTEXT() REPRESENTATION_CONTEXT('2D SPACE',''
  ) );
#11809 = PCURVE('',#11597,#11810);
#11810 = DEFINITIONAL_REPRESENTATION('',(#11811),#11815);
#11811 = LINE('',#11812,#11813);
#11812 = CARTESIAN_POINT('',(0.,0.));
#11813 = VECTOR('',#11814,1.);
#11814 = DIRECTION('',(0.,-1.));
#11815 = ( GEOMETRIC_REPRESENTATION_CONTEXT(2) 
PARAMETRIC_REPRESENTATION_CONTEXT() REPRESENTATION_CONTEXT('2D SPACE',''
  ) );
#11816 = ORIENTED_EDGE('',*,*,#11817,.F.);
#11817 = EDGE_CURVE('',#11719,#11795,#11818,.T.);
#11818 = SURFACE_CURVE('',#11819,(#11823,#11830),.PCURVE_S1.);
#11819 = LINE('',#11820,#11821);
#11820 = CARTESIAN_POINT('',(4.5,26.,-2.6));
#11821 = VECTOR('',#11822,1.);
#11822 = DIRECTION('',(-1.,0.,0.));
#11823 = PCURVE('',#11734,#11824);
#11824 = DEFINITIONAL_REPRESENTATION('',(#11825),#11829);
#11825 = LINE('',#11826,#11827);
#11826 = CARTESIAN_POINT('',(0.,0.));
#11827 = VECTOR('',#11828,1.);
#11828 = DIRECTION('',(1.,0.));
#11829 = ( GEOMETRIC_REPRESENTATION_CONTEXT(2) 
PARAMETRIC_REPRESENTATION_CONTEXT() REPRESENTATION_CONTEXT('2D SPACE',''
  ) );
#11830 = PCURVE('',#11679,#11831);
#11831 = DEFINITIONAL_REPRESENTATION('',(#11832),#11836);
#11832 = LINE('',#11833,#11834);
#11833 = CARTESIAN_POINT('',(4.5,4.5));
#11834 = VECTOR('',#11835,1.);
#11835 = DIRECTION('',(-1.,0.));
#11836 = ( GEOMETRIC_REPRESENTATION_CONTEXT(2) 
PARAMETRIC_REPRESENTATION_CONTEXT() REPRESENTATION_CONTEXT('2D SPACE',''
  ) );
#11837 = ADVANCED_FACE('',(#11838),#11597,.T.);
#11838 = FACE_BOUND('',#11839,.T.);
#11839 = EDGE_LOOP('',(#11840,#11841,#11862,#11863));
#11840 = ORIENTED_EDGE('',*,*,#11794,.T.);
#11841 = ORIENTED_EDGE('',*,*,#11842,.T.);
#11842 = EDGE_CURVE('',#11772,#11577,#11843,.T.);
#11843 = SURFACE_CURVE('',#11844,(#11848,#11855),.PCURVE_S1.);
#11844 = LINE('',#11845,#11846);
#11845 = CARTESIAN_POINT('',(-4.5,26.,-4.5));
#11846 = VECTOR('',#11847,1.);
#11847 = DIRECTION('',(0.,-1.,0.));
#11848 = PCURVE('',#11597,#11849);
#11849 = DEFINITIONAL_REPRESENTATION('',(#11850),#11854);
#11850 = LINE('',#11851,#11852);
#11851 = CARTESIAN_POINT('',(0.,-1.9));
#11852 = VECTOR('',#11853,1.);
#11853 = DIRECTION('',(1.,0.));
#11854 = ( GEOMETRIC_REPRESENTATION_CONTEXT(2) 
PARAMETRIC_REPRESENTATION_CONTEXT() REPRESENTATION_CONTEXT('2D SPACE',''
  ) );
#11855 = PCURVE('',#11625,#11856);
#11856 = DEFINITIONAL_REPRESENTATION('',(#11857),#11861);
#11857 = LINE('',#11858,#11859);
#11858 = CARTESIAN_POINT('',(-4.5,4.5));
#11859 = VECTOR('',#11860,1.);
#11860 = DIRECTION('',(0.,-1.));
#11861 = ( GEOMETRIC_REPRESENTATION_CONTEXT(2) 
PARAMETRIC_REPRESENTATION_CONTEXT() REPRESENTATION_CONTEXT('2D SPACE',''
  ) );
#11862 = ORIENTED_EDGE('',*,*,#11574,.F.);
#11863 = ORIENTED_EDGE('',*,*,#11864,.F.);
#11864 = EDGE_CURVE('',#11795,#11575,#11865,.T.);
#11865 = SURFACE_CURVE('',#11866,(#11870,#11877),.PCURVE_S1.);
#11866 = LINE('',#11867,#11868);
#11867 = CARTESIAN_POINT('',(-4.5,26.,-2.6));
#11868 = VECTOR('',#11869,1.);
#11869 = DIRECTION('',(0.,-1.,0.));
#11870 = PCURVE('',#11597,#11871);
#11871 = DEFINITIONAL_REPRESENTATION('',(#11872),#11876);
#11872 = LINE('',#11873,#11874);
#11873 = CARTESIAN_POINT('',(0.,0.));
#11874 = VECTOR('',#11875,1.);
#11875 = DIRECTION('',(1.,0.));
#11876 = ( GEOMETRIC_REPRESENTATION_CONTEXT(2) 
PARAMETRIC_REPRESENTATION_CONTEXT() REPRESENTATION_CONTEXT('2D SPACE',''
  ) );
#11877 = PCURVE('',#11679,#11878);
#11878 = DEFINITIONAL_REPRESENTATION('',(#11879),#11883);
#11879 = LINE('',#11880,#11881);
#11880 = CARTESIAN_POINT('',(-4.5,4.5));
#11881 = VECTOR('',#11882,1.);
#11882 = DIRECTION('',(0.,-1.));
#11883 = ( GEOMETRIC_REPRESENTATION_CONTEXT(2) 
PARAMETRIC_REPRESENTATION_CONTEXT() REPRESENTATION_CONTEXT('2D SPACE',''
  ) );
#11884 = ADVANCED_FACE('',(#11885),#11679,.T.);
#11885 = FACE_BOUND('',#11886,.T.);
#11886 = EDGE_LOOP('',(#11887,#11888,#11889,#11890));
#11887 = ORIENTED_EDGE('',*,*,#11665,.T.);
#11888 = ORIENTED_EDGE('',*,*,#11746,.T.);
#11889 = ORIENTED_EDGE('',*,*,#11817,.T.);
#11890 = ORIENTED_EDGE('',*,*,#11864,.T.);
#11891 = ADVANCED_FACE('',(#11892),#11625,.F.);
#11892 = FACE_BOUND('',#11893,.F.);
#11893 = EDGE_LOOP('',(#11894,#11895,#11896,#11897));
#11894 = ORIENTED_EDGE('',*,*,#11609,.T.);
#11895 = ORIENTED_EDGE('',*,*,#11695,.T.);
#11896 = ORIENTED_EDGE('',*,*,#11771,.T.);
#11897 = ORIENTED_EDGE('',*,*,#11842,.T.);
#11898 = ( GEOMETRIC_REPRESENTATION_CONTEXT(3) 
GLOBAL_UNCERTAINTY_ASSIGNED_CONTEXT((#11902)) 
GLOBAL_UNIT_ASSIGNED_CONTEXT((#11899,#11900,#11901)) 
REPRESENTATION_CONTEXT('Context #1',
  '3D Context with UNIT and UNCERTAINTY') );
#11899 = ( LENGTH_UNIT() NAMED_UNIT(*) SI_UNIT(.MILLI.,.METRE.) );
#11900 = ( NAMED_UNIT(*) PLANE_ANGLE_UNIT() SI_UNIT($,.RADIAN.) );
#11901 = ( NAMED_UNIT(*) SI_UNIT($,.STERADIAN.) SOLID_ANGLE_UNIT() );
#11902 = UNCERTAINTY_MEASURE_WITH_UNIT(LENGTH_MEASURE(1.E-07),#11899,
  'distance_accuracy_value','confusion accuracy');
#11903 = CONTEXT_DEPENDENT_SHAPE_REPRESENTATION(#11904,#11906);
#11904 = ( REPRESENTATION_RELATIONSHIP('','',#11567,#10) 
REPRESENTATION_RELATIONSHIP_WITH_TRANSFORMATION(#11905) 
SHAPE_REPRESENTATION_RELATIONSHIP() );
#11905 = ITEM_DEFINED_TRANSFORMATION('','',#11,#55);
#11906 = PRODUCT_DEFINITION_SHAPE('Placement','Placement of an item',
  #11907);
#11907 = NEXT_ASSEMBLY_USAGE_OCCURRENCE('13','part6','',#5,#11562,$);
#11908 = PRODUCT_RELATED_PRODUCT_CATEGORY('part',$,(#11564));
#11909 = MECHANICAL_DESIGN_GEOMETRIC_PRESENTATION_REPRESENTATION('',(
    #11910),#11898);
#11910 = STYLED_ITEM('color',(#11911),#11568);
#11911 = PRESENTATION_STYLE_ASSIGNMENT((#11912));
#11912 = SURFACE_STYLE_USAGE(.BOTH.,#11913);
#11913 = SURFACE_SIDE_STYLE('',(#11914));
#11914 = SURFACE_STYLE_FILL_AREA(#11915);
#11915 = FILL_AREA_STYLE('',(#11916));
#11916 = FILL_AREA_STYLE_COLOUR('',#11917);
#11917 = COLOUR_RGB('',9.999999991362E-02,9.999999991362E-02,
  9.999999991362E-02);
#11918 = MECHANICAL_DESIGN_GEOMETRIC_PRESENTATION_REPRESENTATION('',(
    #11919),#6470);
#11919 = STYLED_ITEM('color',(#11920),#2873);
#11920 = PRESENTATION_STYLE_ASSIGNMENT((#11921));
#11921 = SURFACE_STYLE_USAGE(.BOTH.,#11922);
#11922 = SURFACE_SIDE_STYLE('',(#11923));
#11923 = SURFACE_STYLE_FILL_AREA(#11924);
#11924 = FILL_AREA_STYLE('',(#11925));
#11925 = FILL_AREA_STYLE_COLOUR('',#11926);
#11926 = COLOUR_RGB('',0.850000012718,0.850000012718,0.879999997771);
#11927 = MECHANICAL_DESIGN_GEOMETRIC_PRESENTATION_REPRESENTATION('',(
    #11928),#10851);
#11928 = STYLED_ITEM('color',(#11929),#10521);
#11929 = PRESENTATION_STYLE_ASSIGNMENT((#11930));
#11930 = SURFACE_STYLE_USAGE(.BOTH.,#11931);
#11931 = SURFACE_SIDE_STYLE('',(#11932));
#11932 = SURFACE_STYLE_FILL_AREA(#11933);
#11933 = FILL_AREA_STYLE('',(#11934));
#11934 = FILL_AREA_STYLE_COLOUR('',#11917);
#11935 = MECHANICAL_DESIGN_GEOMETRIC_PRESENTATION_REPRESENTATION('',(
    #11936),#10153);
#11936 = STYLED_ITEM('color',(#11937),#9823);
#11937 = PRESENTATION_STYLE_ASSIGNMENT((#11938));
#11938 = SURFACE_STYLE_USAGE(.BOTH.,#11939);
#11939 = SURFACE_SIDE_STYLE('',(#11940));
#11940 = SURFACE_STYLE_FILL_AREA(#11941);
#11941 = FILL_AREA_STYLE('',(#11942));
#11942 = FILL_AREA_STYLE_COLOUR('',#11917);
#11943 = MECHANICAL_DESIGN_GEOMETRIC_PRESENTATION_REPRESENTATION('',(
    #11944),#11200);
#11944 = STYLED_ITEM('color',(#11945),#10870);
#11945 = PRESENTATION_STYLE_ASSIGNMENT((#11946));
#11946 = SURFACE_STYLE_USAGE(.BOTH.,#11947);
#11947 = SURFACE_SIDE_STYLE('',(#11948));
#11948 = SURFACE_STYLE_FILL_AREA(#11949);
#11949 = FILL_AREA_STYLE('',(#11950));
#11950 = FILL_AREA_STYLE_COLOUR('',#11917);
#11951 = MECHANICAL_DESIGN_GEOMETRIC_PRESENTATION_REPRESENTATION('',(
    #11952),#9455);
#11952 = STYLED_ITEM('color',(#11953),#9011);
#11953 = PRESENTATION_STYLE_ASSIGNMENT((#11954));
#11954 = SURFACE_STYLE_USAGE(.BOTH.,#11955);
#11955 = SURFACE_SIDE_STYLE('',(#11956));
#11956 = SURFACE_STYLE_FILL_AREA(#11957);
#11957 = FILL_AREA_STYLE('',(#11958));
#11958 = FILL_AREA_STYLE_COLOUR('',#11959);
#11959 = COLOUR_RGB('',0.149999997808,0.350000000377,0.199999998682);
#11960 = MECHANICAL_DESIGN_GEOMETRIC_PRESENTATION_REPRESENTATION('',(
    #11961),#8992);
#11961 = STYLED_ITEM('color',(#11962),#6489);
#11962 = PRESENTATION_STYLE_ASSIGNMENT((#11963));
#11963 = SURFACE_STYLE_USAGE(.BOTH.,#11964);
#11964 = SURFACE_SIDE_STYLE('',(#11965));
#11965 = SURFACE_STYLE_FILL_AREA(#11966);
#11966 = FILL_AREA_STYLE('',(#11967));
#11967 = FILL_AREA_STYLE_COLOUR('',#11968);
#11968 = COLOUR_RGB('',0.700000005816,0.700000005816,0.740000011925);
#11969 = MECHANICAL_DESIGN_GEOMETRIC_PRESENTATION_REPRESENTATION('',(
    #11970),#2854);
#11970 = STYLED_ITEM('color',(#11971),#73);
#11971 = PRESENTATION_STYLE_ASSIGNMENT((#11972));
#11972 = SURFACE_STYLE_USAGE(.BOTH.,#11973);
#11973 = SURFACE_SIDE_STYLE('',(#11974));
#11974 = SURFACE_STYLE_FILL_AREA(#11975);
#11975 = FILL_AREA_STYLE('',(#11976));
#11976 = FILL_AREA_STYLE_COLOUR('',#11977);
#11977 = COLOUR_RGB('',0.199999998682,0.45000000386,0.850000012718);
#11978 = MECHANICAL_DESIGN_GEOMETRIC_PRESENTATION_REPRESENTATION('',(
    #11979),#9804);
#11979 = STYLED_ITEM('color',(#11980),#9474);
#11980 = PRESENTATION_STYLE_ASSIGNMENT((#11981));
#11981 = SURFACE_STYLE_USAGE(.BOTH.,#11982);
#11982 = SURFACE_SIDE_STYLE('',(#11983));
#11983 = SURFACE_STYLE_FILL_AREA(#11984);
#11984 = FILL_AREA_STYLE('',(#11985));
#11985 = FILL_AREA_STYLE_COLOUR('',#11917);
#11986 = MECHANICAL_DESIGN_GEOMETRIC_PRESENTATION_REPRESENTATION('',(
    #11987),#10502);
#11987 = STYLED_ITEM('color',(#11988),#10172);
#11988 = PRESENTATION_STYLE_ASSIGNMENT((#11989));
#11989 = SURFACE_STYLE_USAGE(.BOTH.,#11990);
#11990 = SURFACE_SIDE_STYLE('',(#11991));
#11991 = SURFACE_STYLE_FILL_AREA(#11992);
#11992 = FILL_AREA_STYLE('',(#11993));
#11993 = FILL_AREA_STYLE_COLOUR('',#11917);
#11994 = MECHANICAL_DESIGN_GEOMETRIC_PRESENTATION_REPRESENTATION('',(
    #11995),#11549);
#11995 = STYLED_ITEM('color',(#11996),#11219);
#11996 = PRESENTATION_STYLE_ASSIGNMENT((#11997));
#11997 = SURFACE_STYLE_USAGE(.BOTH.,#11998);
#11998 = SURFACE_SIDE_STYLE('',(#11999));
#11999 = SURFACE_STYLE_FILL_AREA(#12000);
#12000 = FILL_AREA_STYLE('',(#12001));
#12001 = FILL_AREA_STYLE_COLOUR('',#11917);
ENDSEC;
END-ISO-10303-21;
