ISO-10303-21;
HEADER;
FILE_DESCRIPTION(('Open CASCADE Model'),'2;1');
FILE_NAME('Open CASCADE Shape Model','2026-10-10T20:52:59',('Author'),(
    'Open CASCADE'),'Open CASCADE STEP processor 7.9','Open CASCADE 7.9'
  ,'Unknown');
FILE_SCHEMA(('AUTOMOTIVE_DESIGN { 1 0 10303 214 1 1 1 1 }'));
ENDSEC;
DATA;
#1 = APPLICATION_PROTOCOL_DEFINITION('international standard',
  'automotive_design',2000,#2);
#2 = APPLICATION_CONTEXT(
  'core data for automotive mechanical design processes');
#3 = SHAPE_DEFINITION_REPRESENTATION(#4,#10);
#4 = PRODUCT_DEFINITION_SHAPE('','',#5);
#5 = PRODUCT_DEFINITION('design','',#6,#9);
#6 = PRODUCT_DEFINITION_FORMATION('','',#7);
#7 = PRODUCT('Open CASCADE STEP translator 7.9 4',
  'Open CASCADE STEP translator 7.9 4','',(#8));
#8 = PRODUCT_CONTEXT('',#2,'mechanical');
#9 = PRODUCT_DEFINITION_CONTEXT('part definition',#2,'design');
#10 = SHAPE_REPRESENTATION('',(#11,#15,#19),#23);
#11 = AXIS2_PLACEMENT_3D('',#12,#13,#14);
#12 = CARTESIAN_POINT('',(0.,0.,0.));
#13 = DIRECTION('',(0.,0.,1.));
#14 = DIRECTION('',(1.,0.,-0.));
#15 = AXIS2_PLACEMENT_3D('',#16,#17,#18);
#16 = CARTESIAN_POINT('',(0.,0.,0.));
#17 = DIRECTION('',(0.,0.,1.));
#18 = DIRECTION('',(1.,0.,-0.));
#19 = AXIS2_PLACEMENT_3D('',#20,#21,#22);
#20 = CARTESIAN_POINT('',(0.,0.,0.));
#21 = DIRECTION('',(0.,0.,1.));
#22 = DIRECTION('',(1.,0.,-0.));
#23 = ( GEOMETRIC_REPRESENTATION_CONTEXT(3) 
GLOBAL_UNCERTAINTY_ASSIGNED_CONTEXT((#27)) GLOBAL_UNIT_ASSIGNED_CONTEXT(
(#24,#25,#26)) REPRESENTATION_CONTEXT('Context #1',
  '3D Context with UNIT and UNCERTAINTY') );
#24 = ( LENGTH_UNIT() NAMED_UNIT(*) SI_UNIT(.MILLI.,.METRE.) );
#25 = ( NAMED_UNIT(*) PLANE_ANGLE_UNIT() SI_UNIT($,.RADIAN.) );
#26 = ( NAMED_UNIT(*) SI_UNIT($,.STERADIAN.) SOLID_ANGLE_UNIT() );
#27 = UNCERTAINTY_MEASURE_WITH_UNIT(LENGTH_MEASURE(1.E-07),#24,
  'distance_accuracy_value','confusion accuracy');
#28 = PRODUCT_RELATED_PRODUCT_CATEGORY('part',$,(#7));
#29 = SHAPE_DEFINITION_REPRESENTATION(#30,#36);
#30 = PRODUCT_DEFINITION_SHAPE('','',#31);
#31 = PRODUCT_DEFINITION('design','',#32,#35);
#32 = PRODUCT_DEFINITION_FORMATION('','',#33);
#33 = PRODUCT('Open CASCADE STEP translator 7.9 4.1',
  'Open CASCADE STEP translator 7.9 4.1','',(#34));
#34 = PRODUCT_CONTEXT('',#2,'mechanical');
#35 = PRODUCT_DEFINITION_CONTEXT('part definition',#2,'design');
#36 = ADVANCED_BREP_SHAPE_REPRESENTATION('',(#11,#37),#391);
#37 = MANIFOLD_SOLID_BREP('',#38);
#38 = CLOSED_SHELL('',(#39,#159,#258,#329,#357,#384));
#39 = ADVANCED_FACE('',(#40),#54,.F.);
#40 = FACE_BOUND('',#41,.T.);
#41 = EDGE_LOOP('',(#42,#77,#105,#133));
#42 = ORIENTED_EDGE('',*,*,#43,.T.);
#43 = EDGE_CURVE('',#44,#46,#48,.T.);
#44 = VERTEX_POINT('',#45);
#45 = CARTESIAN_POINT('',(35.5,-2.,2.5));
#46 = VERTEX_POINT('',#47);
#47 = CARTESIAN_POINT('',(35.5,-2.,0.));
#48 = SURFACE_CURVE('',#49,(#53,#65),.PCURVE_S1.);
#49 = LINE('',#50,#51);
#50 = CARTESIAN_POINT('',(35.5,-2.,2.5));
#51 = VECTOR('',#52,1.);
#52 = DIRECTION('',(-0.,-0.,-1.));
#53 = PCURVE('',#54,#59);
#54 = PLANE('',#55);
#55 = AXIS2_PLACEMENT_3D('',#56,#57,#58);
#56 = CARTESIAN_POINT('',(35.5,-2.,2.5));
#57 = DIRECTION('',(-0.,1.,-0.));
#58 = DIRECTION('',(-1.,0.,0.));
#59 = DEFINITIONAL_REPRESENTATION('',(#60),#64);
#60 = LINE('',#61,#62);
#61 = CARTESIAN_POINT('',(-0.,0.));
#62 = VECTOR('',#63,1.);
#63 = DIRECTION('',(-0.,-1.));
#64 = ( GEOMETRIC_REPRESENTATION_CONTEXT(2) 
PARAMETRIC_REPRESENTATION_CONTEXT() REPRESENTATION_CONTEXT('2D SPACE',''
  ) );
#65 = PCURVE('',#66,#71);
#66 = PLANE('',#67);
#67 = AXIS2_PLACEMENT_3D('',#68,#69,#70);
#68 = CARTESIAN_POINT('',(35.5,2.,2.5));
#69 = DIRECTION('',(1.,-0.,-0.));
#70 = DIRECTION('',(0.,1.,0.));
#71 = DEFINITIONAL_REPRESENTATION('',(#72),#76);
#72 = LINE('',#73,#74);
#73 = CARTESIAN_POINT('',(-4.,0.));
#74 = VECTOR('',#75,1.);
#75 = DIRECTION('',(-0.,-1.));
#76 = ( GEOMETRIC_REPRESENTATION_CONTEXT(2) 
PARAMETRIC_REPRESENTATION_CONTEXT() REPRESENTATION_CONTEXT('2D SPACE',''
  ) );
#77 = ORIENTED_EDGE('',*,*,#78,.T.);
#78 = EDGE_CURVE('',#46,#79,#81,.T.);
#79 = VERTEX_POINT('',#80);
#80 = CARTESIAN_POINT('',(47.5,-2.,0.));
#81 = SURFACE_CURVE('',#82,(#86,#93),.PCURVE_S1.);
#82 = LINE('',#83,#84);
#83 = CARTESIAN_POINT('',(35.5,-2.,0.));
#84 = VECTOR('',#85,1.);
#85 = DIRECTION('',(1.,-0.,-0.));
#86 = PCURVE('',#54,#87);
#87 = DEFINITIONAL_REPRESENTATION('',(#88),#92);
#88 = LINE('',#89,#90);
#89 = CARTESIAN_POINT('',(-0.,-2.5));
#90 = VECTOR('',#91,1.);
#91 = DIRECTION('',(-1.,0.));
#92 = ( GEOMETRIC_REPRESENTATION_CONTEXT(2) 
PARAMETRIC_REPRESENTATION_CONTEXT() REPRESENTATION_CONTEXT('2D SPACE',''
  ) );
#93 = PCURVE('',#94,#99);
#94 = PLANE('',#95);
#95 = AXIS2_PLACEMENT_3D('',#96,#97,#98);
#96 = CARTESIAN_POINT('',(41.5,0.,0.));
#97 = DIRECTION('',(-0.,-0.,-1.));
#98 = DIRECTION('',(-1.,0.,0.));
#99 = DEFINITIONAL_REPRESENTATION('',(#100),#104);
#100 = LINE('',#101,#102);
#101 = CARTESIAN_POINT('',(6.,-2.));
#102 = VECTOR('',#103,1.);
#103 = DIRECTION('',(-1.,0.));
#104 = ( GEOMETRIC_REPRESENTATION_CONTEXT(2) 
PARAMETRIC_REPRESENTATION_CONTEXT() REPRESENTATION_CONTEXT('2D SPACE',''
  ) );
#105 = ORIENTED_EDGE('',*,*,#106,.F.);
#106 = EDGE_CURVE('',#107,#79,#109,.T.);
#107 = VERTEX_POINT('',#108);
#108 = CARTESIAN_POINT('',(47.5,-2.,2.5));
#109 = SURFACE_CURVE('',#110,(#114,#121),.PCURVE_S1.);
#110 = LINE('',#111,#112);
#111 = CARTESIAN_POINT('',(47.5,-2.,2.5));
#112 = VECTOR('',#113,1.);
#113 = DIRECTION('',(-0.,-0.,-1.));
#114 = PCURVE('',#54,#115);
#115 = DEFINITIONAL_REPRESENTATION('',(#116),#120);
#116 = LINE('',#117,#118);
#117 = CARTESIAN_POINT('',(-12.,0.));
#118 = VECTOR('',#119,1.);
#119 = DIRECTION('',(-0.,-1.));
#120 = ( GEOMETRIC_REPRESENTATION_CONTEXT(2) 
PARAMETRIC_REPRESENTATION_CONTEXT() REPRESENTATION_CONTEXT('2D SPACE',''
  ) );
#121 = PCURVE('',#122,#127);
#122 = PLANE('',#123);
#123 = AXIS2_PLACEMENT_3D('',#124,#125,#126);
#124 = CARTESIAN_POINT('',(47.5,-2.,2.5));
#125 = DIRECTION('',(-1.,-0.,-0.));
#126 = DIRECTION('',(0.,-1.,0.));
#127 = DEFINITIONAL_REPRESENTATION('',(#128),#132);
#128 = LINE('',#129,#130);
#129 = CARTESIAN_POINT('',(-0.,0.));
#130 = VECTOR('',#131,1.);
#131 = DIRECTION('',(-0.,-1.));
#132 = ( GEOMETRIC_REPRESENTATION_CONTEXT(2) 
PARAMETRIC_REPRESENTATION_CONTEXT() REPRESENTATION_CONTEXT('2D SPACE',''
  ) );
#133 = ORIENTED_EDGE('',*,*,#134,.F.);
#134 = EDGE_CURVE('',#44,#107,#135,.T.);
#135 = SURFACE_CURVE('',#136,(#140,#147),.PCURVE_S1.);
#136 = LINE('',#137,#138);
#137 = CARTESIAN_POINT('',(35.5,-2.,2.5));
#138 = VECTOR('',#139,1.);
#139 = DIRECTION('',(1.,-0.,-0.));
#140 = PCURVE('',#54,#141);
#141 = DEFINITIONAL_REPRESENTATION('',(#142),#146);
#142 = LINE('',#143,#144);
#143 = CARTESIAN_POINT('',(-0.,0.));
#144 = VECTOR('',#145,1.);
#145 = DIRECTION('',(-1.,0.));
#146 = ( GEOMETRIC_REPRESENTATION_CONTEXT(2) 
PARAMETRIC_REPRESENTATION_CONTEXT() REPRESENTATION_CONTEXT('2D SPACE',''
  ) );
#147 = PCURVE('',#148,#153);
#148 = PLANE('',#149);
#149 = AXIS2_PLACEMENT_3D('',#150,#151,#152);
#150 = CARTESIAN_POINT('',(41.5,0.,2.5));
#151 = DIRECTION('',(-0.,-0.,-1.));
#152 = DIRECTION('',(-1.,0.,0.));
#153 = DEFINITIONAL_REPRESENTATION('',(#154),#158);
#154 = LINE('',#155,#156);
#155 = CARTESIAN_POINT('',(6.,-2.));
#156 = VECTOR('',#157,1.);
#157 = DIRECTION('',(-1.,0.));
#158 = ( GEOMETRIC_REPRESENTATION_CONTEXT(2) 
PARAMETRIC_REPRESENTATION_CONTEXT() REPRESENTATION_CONTEXT('2D SPACE',''
  ) );
#159 = ADVANCED_FACE('',(#160),#66,.F.);
#160 = FACE_BOUND('',#161,.T.);
#161 = EDGE_LOOP('',(#162,#192,#213,#214,#237));
#162 = ORIENTED_EDGE('',*,*,#163,.T.);
#163 = EDGE_CURVE('',#164,#166,#168,.T.);
#164 = VERTEX_POINT('',#165);
#165 = CARTESIAN_POINT('',(35.5,2.,2.5));
#166 = VERTEX_POINT('',#167);
#167 = CARTESIAN_POINT('',(35.5,2.,0.));
#168 = SURFACE_CURVE('',#169,(#173,#180),.PCURVE_S1.);
#169 = LINE('',#170,#171);
#170 = CARTESIAN_POINT('',(35.5,2.,2.5));
#171 = VECTOR('',#172,1.);
#172 = DIRECTION('',(-0.,-0.,-1.));
#173 = PCURVE('',#66,#174);
#174 = DEFINITIONAL_REPRESENTATION('',(#175),#179);
#175 = LINE('',#176,#177);
#176 = CARTESIAN_POINT('',(0.,-0.));
#177 = VECTOR('',#178,1.);
#178 = DIRECTION('',(-0.,-1.));
#179 = ( GEOMETRIC_REPRESENTATION_CONTEXT(2) 
PARAMETRIC_REPRESENTATION_CONTEXT() REPRESENTATION_CONTEXT('2D SPACE',''
  ) );
#180 = PCURVE('',#181,#186);
#181 = PLANE('',#182);
#182 = AXIS2_PLACEMENT_3D('',#183,#184,#185);
#183 = CARTESIAN_POINT('',(47.5,2.,2.5));
#184 = DIRECTION('',(-0.,-1.,-0.));
#185 = DIRECTION('',(1.,0.,0.));
#186 = DEFINITIONAL_REPRESENTATION('',(#187),#191);
#187 = LINE('',#188,#189);
#188 = CARTESIAN_POINT('',(-12.,0.));
#189 = VECTOR('',#190,1.);
#190 = DIRECTION('',(-0.,-1.));
#191 = ( GEOMETRIC_REPRESENTATION_CONTEXT(2) 
PARAMETRIC_REPRESENTATION_CONTEXT() REPRESENTATION_CONTEXT('2D SPACE',''
  ) );
#192 = ORIENTED_EDGE('',*,*,#193,.T.);
#193 = EDGE_CURVE('',#166,#46,#194,.T.);
#194 = SURFACE_CURVE('',#195,(#199,#206),.PCURVE_S1.);
#195 = LINE('',#196,#197);
#196 = CARTESIAN_POINT('',(35.5,2.,0.));
#197 = VECTOR('',#198,1.);
#198 = DIRECTION('',(-0.,-1.,-0.));
#199 = PCURVE('',#66,#200);
#200 = DEFINITIONAL_REPRESENTATION('',(#201),#205);
#201 = LINE('',#202,#203);
#202 = CARTESIAN_POINT('',(-0.,-2.5));
#203 = VECTOR('',#204,1.);
#204 = DIRECTION('',(-1.,0.));
#205 = ( GEOMETRIC_REPRESENTATION_CONTEXT(2) 
PARAMETRIC_REPRESENTATION_CONTEXT() REPRESENTATION_CONTEXT('2D SPACE',''
  ) );
#206 = PCURVE('',#94,#207);
#207 = DEFINITIONAL_REPRESENTATION('',(#208),#212);
#208 = LINE('',#209,#210);
#209 = CARTESIAN_POINT('',(6.,2.));
#210 = VECTOR('',#211,1.);
#211 = DIRECTION('',(-0.,-1.));
#212 = ( GEOMETRIC_REPRESENTATION_CONTEXT(2) 
PARAMETRIC_REPRESENTATION_CONTEXT() REPRESENTATION_CONTEXT('2D SPACE',''
  ) );
#213 = ORIENTED_EDGE('',*,*,#43,.F.);
#214 = ORIENTED_EDGE('',*,*,#215,.F.);
#215 = EDGE_CURVE('',#216,#44,#218,.T.);
#216 = VERTEX_POINT('',#217);
#217 = CARTESIAN_POINT('',(35.5,0.,2.5));
#218 = SURFACE_CURVE('',#219,(#223,#230),.PCURVE_S1.);
#219 = LINE('',#220,#221);
#220 = CARTESIAN_POINT('',(35.5,2.,2.5));
#221 = VECTOR('',#222,1.);
#222 = DIRECTION('',(-0.,-1.,-0.));
#223 = PCURVE('',#66,#224);
#224 = DEFINITIONAL_REPRESENTATION('',(#225),#229);
#225 = LINE('',#226,#227);
#226 = CARTESIAN_POINT('',(0.,-0.));
#227 = VECTOR('',#228,1.);
#228 = DIRECTION('',(-1.,0.));
#229 = ( GEOMETRIC_REPRESENTATION_CONTEXT(2) 
PARAMETRIC_REPRESENTATION_CONTEXT() REPRESENTATION_CONTEXT('2D SPACE',''
  ) );
#230 = PCURVE('',#148,#231);
#231 = DEFINITIONAL_REPRESENTATION('',(#232),#236);
#232 = LINE('',#233,#234);
#233 = CARTESIAN_POINT('',(6.,2.));
#234 = VECTOR('',#235,1.);
#235 = DIRECTION('',(-0.,-1.));
#236 = ( GEOMETRIC_REPRESENTATION_CONTEXT(2) 
PARAMETRIC_REPRESENTATION_CONTEXT() REPRESENTATION_CONTEXT('2D SPACE',''
  ) );
#237 = ORIENTED_EDGE('',*,*,#238,.F.);
#238 = EDGE_CURVE('',#164,#216,#239,.T.);
#239 = SURFACE_CURVE('',#240,(#244,#251),.PCURVE_S1.);
#240 = LINE('',#241,#242);
#241 = CARTESIAN_POINT('',(35.5,2.,2.5));
#242 = VECTOR('',#243,1.);
#243 = DIRECTION('',(-0.,-1.,-0.));
#244 = PCURVE('',#66,#245);
#245 = DEFINITIONAL_REPRESENTATION('',(#246),#250);
#246 = LINE('',#247,#248);
#247 = CARTESIAN_POINT('',(0.,-0.));
#248 = VECTOR('',#249,1.);
#249 = DIRECTION('',(-1.,0.));
#250 = ( GEOMETRIC_REPRESENTATION_CONTEXT(2) 
PARAMETRIC_REPRESENTATION_CONTEXT() REPRESENTATION_CONTEXT('2D SPACE',''
  ) );
#251 = PCURVE('',#148,#252);
#252 = DEFINITIONAL_REPRESENTATION('',(#253),#257);
#253 = LINE('',#254,#255);
#254 = CARTESIAN_POINT('',(6.,2.));
#255 = VECTOR('',#256,1.);
#256 = DIRECTION('',(-0.,-1.));
#257 = ( GEOMETRIC_REPRESENTATION_CONTEXT(2) 
PARAMETRIC_REPRESENTATION_CONTEXT() REPRESENTATION_CONTEXT('2D SPACE',''
  ) );
#258 = ADVANCED_FACE('',(#259),#122,.F.);
#259 = FACE_BOUND('',#260,.T.);
#260 = EDGE_LOOP('',(#261,#262,#285,#308));
#261 = ORIENTED_EDGE('',*,*,#106,.T.);
#262 = ORIENTED_EDGE('',*,*,#263,.T.);
#263 = EDGE_CURVE('',#79,#264,#266,.T.);
#264 = VERTEX_POINT('',#265);
#265 = CARTESIAN_POINT('',(47.5,2.,0.));
#266 = SURFACE_CURVE('',#267,(#271,#278),.PCURVE_S1.);
#267 = LINE('',#268,#269);
#268 = CARTESIAN_POINT('',(47.5,-2.,0.));
#269 = VECTOR('',#270,1.);
#270 = DIRECTION('',(-0.,1.,-0.));
#271 = PCURVE('',#122,#272);
#272 = DEFINITIONAL_REPRESENTATION('',(#273),#277);
#273 = LINE('',#274,#275);
#274 = CARTESIAN_POINT('',(-0.,-2.5));
#275 = VECTOR('',#276,1.);
#276 = DIRECTION('',(-1.,0.));
#277 = ( GEOMETRIC_REPRESENTATION_CONTEXT(2) 
PARAMETRIC_REPRESENTATION_CONTEXT() REPRESENTATION_CONTEXT('2D SPACE',''
  ) );
#278 = PCURVE('',#94,#279);
#279 = DEFINITIONAL_REPRESENTATION('',(#280),#284);
#280 = LINE('',#281,#282);
#281 = CARTESIAN_POINT('',(-6.,-2.));
#282 = VECTOR('',#283,1.);
#283 = DIRECTION('',(-0.,1.));
#284 = ( GEOMETRIC_REPRESENTATION_CONTEXT(2) 
PARAMETRIC_REPRESENTATION_CONTEXT() REPRESENTATION_CONTEXT('2D SPACE',''
  ) );
#285 = ORIENTED_EDGE('',*,*,#286,.F.);
#286 = EDGE_CURVE('',#287,#264,#289,.T.);
#287 = VERTEX_POINT('',#288);
#288 = CARTESIAN_POINT('',(47.5,2.,2.5));
#289 = SURFACE_CURVE('',#290,(#294,#301),.PCURVE_S1.);
#290 = LINE('',#291,#292);
#291 = CARTESIAN_POINT('',(47.5,2.,2.5));
#292 = VECTOR('',#293,1.);
#293 = DIRECTION('',(-0.,-0.,-1.));
#294 = PCURVE('',#122,#295);
#295 = DEFINITIONAL_REPRESENTATION('',(#296),#300);
#296 = LINE('',#297,#298);
#297 = CARTESIAN_POINT('',(-4.,0.));
#298 = VECTOR('',#299,1.);
#299 = DIRECTION('',(-0.,-1.));
#300 = ( GEOMETRIC_REPRESENTATION_CONTEXT(2) 
PARAMETRIC_REPRESENTATION_CONTEXT() REPRESENTATION_CONTEXT('2D SPACE',''
  ) );
#301 = PCURVE('',#181,#302);
#302 = DEFINITIONAL_REPRESENTATION('',(#303),#307);
#303 = LINE('',#304,#305);
#304 = CARTESIAN_POINT('',(0.,-0.));
#305 = VECTOR('',#306,1.);
#306 = DIRECTION('',(-0.,-1.));
#307 = ( GEOMETRIC_REPRESENTATION_CONTEXT(2) 
PARAMETRIC_REPRESENTATION_CONTEXT() REPRESENTATION_CONTEXT('2D SPACE',''
  ) );
#308 = ORIENTED_EDGE('',*,*,#309,.F.);
#309 = EDGE_CURVE('',#107,#287,#310,.T.);
#310 = SURFACE_CURVE('',#311,(#315,#322),.PCURVE_S1.);
#311 = LINE('',#312,#313);
#312 = CARTESIAN_POINT('',(47.5,-2.,2.5));
#313 = VECTOR('',#314,1.);
#314 = DIRECTION('',(-0.,1.,-0.));
#315 = PCURVE('',#122,#316);
#316 = DEFINITIONAL_REPRESENTATION('',(#317),#321);
#317 = LINE('',#318,#319);
#318 = CARTESIAN_POINT('',(-0.,0.));
#319 = VECTOR('',#320,1.);
#320 = DIRECTION('',(-1.,0.));
#321 = ( GEOMETRIC_REPRESENTATION_CONTEXT(2) 
PARAMETRIC_REPRESENTATION_CONTEXT() REPRESENTATION_CONTEXT('2D SPACE',''
  ) );
#322 = PCURVE('',#148,#323);
#323 = DEFINITIONAL_REPRESENTATION('',(#324),#328);
#324 = LINE('',#325,#326);
#325 = CARTESIAN_POINT('',(-6.,-2.));
#326 = VECTOR('',#327,1.);
#327 = DIRECTION('',(-0.,1.));
#328 = ( GEOMETRIC_REPRESENTATION_CONTEXT(2) 
PARAMETRIC_REPRESENTATION_CONTEXT() REPRESENTATION_CONTEXT('2D SPACE',''
  ) );
#329 = ADVANCED_FACE('',(#330),#148,.F.);
#330 = FACE_BOUND('',#331,.T.);
#331 = EDGE_LOOP('',(#332,#333,#334,#355,#356));
#332 = ORIENTED_EDGE('',*,*,#134,.T.);
#333 = ORIENTED_EDGE('',*,*,#309,.T.);
#334 = ORIENTED_EDGE('',*,*,#335,.T.);
#335 = EDGE_CURVE('',#287,#164,#336,.T.);
#336 = SURFACE_CURVE('',#337,(#341,#348),.PCURVE_S1.);
#337 = LINE('',#338,#339);
#338 = CARTESIAN_POINT('',(47.5,2.,2.5));
#339 = VECTOR('',#340,1.);
#340 = DIRECTION('',(-1.,-0.,-0.));
#341 = PCURVE('',#148,#342);
#342 = DEFINITIONAL_REPRESENTATION('',(#343),#347);
#343 = LINE('',#344,#345);
#344 = CARTESIAN_POINT('',(-6.,2.));
#345 = VECTOR('',#346,1.);
#346 = DIRECTION('',(1.,-0.));
#347 = ( GEOMETRIC_REPRESENTATION_CONTEXT(2) 
PARAMETRIC_REPRESENTATION_CONTEXT() REPRESENTATION_CONTEXT('2D SPACE',''
  ) );
#348 = PCURVE('',#181,#349);
#349 = DEFINITIONAL_REPRESENTATION('',(#350),#354);
#350 = LINE('',#351,#352);
#351 = CARTESIAN_POINT('',(0.,-0.));
#352 = VECTOR('',#353,1.);
#353 = DIRECTION('',(-1.,0.));
#354 = ( GEOMETRIC_REPRESENTATION_CONTEXT(2) 
PARAMETRIC_REPRESENTATION_CONTEXT() REPRESENTATION_CONTEXT('2D SPACE',''
  ) );
#355 = ORIENTED_EDGE('',*,*,#238,.T.);
#356 = ORIENTED_EDGE('',*,*,#215,.T.);
#357 = ADVANCED_FACE('',(#358),#94,.T.);
#358 = FACE_BOUND('',#359,.F.);
#359 = EDGE_LOOP('',(#360,#361,#362,#383));
#360 = ORIENTED_EDGE('',*,*,#78,.T.);
#361 = ORIENTED_EDGE('',*,*,#263,.T.);
#362 = ORIENTED_EDGE('',*,*,#363,.T.);
#363 = EDGE_CURVE('',#264,#166,#364,.T.);
#364 = SURFACE_CURVE('',#365,(#369,#376),.PCURVE_S1.);
#365 = LINE('',#366,#367);
#366 = CARTESIAN_POINT('',(47.5,2.,0.));
#367 = VECTOR('',#368,1.);
#368 = DIRECTION('',(-1.,-0.,-0.));
#369 = PCURVE('',#94,#370);
#370 = DEFINITIONAL_REPRESENTATION('',(#371),#375);
#371 = LINE('',#372,#373);
#372 = CARTESIAN_POINT('',(-6.,2.));
#373 = VECTOR('',#374,1.);
#374 = DIRECTION('',(1.,-0.));
#375 = ( GEOMETRIC_REPRESENTATION_CONTEXT(2) 
PARAMETRIC_REPRESENTATION_CONTEXT() REPRESENTATION_CONTEXT('2D SPACE',''
  ) );
#376 = PCURVE('',#181,#377);
#377 = DEFINITIONAL_REPRESENTATION('',(#378),#382);
#378 = LINE('',#379,#380);
#379 = CARTESIAN_POINT('',(-0.,-2.5));
#380 = VECTOR('',#381,1.);
#381 = DIRECTION('',(-1.,0.));
#382 = ( GEOMETRIC_REPRESENTATION_CONTEXT(2) 
PARAMETRIC_REPRESENTATION_CONTEXT() REPRESENTATION_CONTEXT('2D SPACE',''
  ) );
#383 = ORIENTED_EDGE('',*,*,#193,.T.);
#384 = ADVANCED_FACE('',(#385),#181,.F.);
#385 = FACE_BOUND('',#386,.T.);
#386 = EDGE_LOOP('',(#387,#388,#389,#390));
#387 = ORIENTED_EDGE('',*,*,#286,.T.);
#388 = ORIENTED_EDGE('',*,*,#363,.T.);
#389 = ORIENTED_EDGE('',*,*,#163,.F.);
#390 = ORIENTED_EDGE('',*,*,#335,.F.);
#391 = ( GEOMETRIC_REPRESENTATION_CONTEXT(3) 
GLOBAL_UNCERTAINTY_ASSIGNED_CONTEXT((#395)) GLOBAL_UNIT_ASSIGNED_CONTEXT
((#392,#393,#394)) REPRESENTATION_CONTEXT('Context #1',
  '3D Context with UNIT and UNCERTAINTY') );
#392 = ( LENGTH_UNIT() NAMED_UNIT(*) SI_UNIT(.MILLI.,.METRE.) );
#393 = ( NAMED_UNIT(*) PLANE_ANGLE_UNIT() SI_UNIT($,.RADIAN.) );
#394 = ( NAMED_UNIT(*) SI_UNIT($,.STERADIAN.) SOLID_ANGLE_UNIT() );
#395 = UNCERTAINTY_MEASURE_WITH_UNIT(LENGTH_MEASURE(1.E-07),#392,
  'distance_accuracy_value','confusion accuracy');
#396 = CONTEXT_DEPENDENT_SHAPE_REPRESENTATION(#397,#399);
#397 = ( REPRESENTATION_RELATIONSHIP('','',#36,#10) 
REPRESENTATION_RELATIONSHIP_WITH_TRANSFORMATION(#398) 
SHAPE_REPRESENTATION_RELATIONSHIP() );
#398 = ITEM_DEFINED_TRANSFORMATION('','',#11,#15);
#399 = PRODUCT_DEFINITION_SHAPE('Placement','Placement of an item',#400
  );
#400 = NEXT_ASSEMBLY_USAGE_OCCURRENCE('1','','',#5,#31,$);
#401 = PRODUCT_RELATED_PRODUCT_CATEGORY('part',$,(#33));
#402 = SHAPE_DEFINITION_REPRESENTATION(#403,#409);
#403 = PRODUCT_DEFINITION_SHAPE('','',#404);
#404 = PRODUCT_DEFINITION('design','',#405,#408);
#405 = PRODUCT_DEFINITION_FORMATION('','',#406);
#406 = PRODUCT('Open CASCADE STEP translator 7.9 4.2',
  'Open CASCADE STEP translator 7.9 4.2','',(#407));
#407 = PRODUCT_CONTEXT('',#2,'mechanical');
#408 = PRODUCT_DEFINITION_CONTEXT('part definition',#2,'design');
#409 = ADVANCED_BREP_SHAPE_REPRESENTATION('',(#11,#410),#2418);
#410 = MANIFOLD_SOLID_BREP('',#411);
#411 = CLOSED_SHELL('',(#412,#824,#969,#1073,#1122,#1199,#1293,#1342,
    #1419,#1513,#1562,#1634,#1693,#1818,#1941,#1973,#2073,#2080,#2087,
    #2190,#2249,#2296,#2323,#2350,#2357,#2411));
#412 = ADVANCED_FACE('',(#413,#789),#428,.T.);
#413 = FACE_BOUND('',#414,.T.);
#414 = EDGE_LOOP('',(#415,#455,#483,#511,#539,#567,#595,#623,#651,#679,
    #707,#735,#763));
#415 = ORIENTED_EDGE('',*,*,#416,.F.);
#416 = EDGE_CURVE('',#417,#419,#421,.T.);
#417 = VERTEX_POINT('',#418);
#418 = CARTESIAN_POINT('',(35.5,0.,2.5));
#419 = VERTEX_POINT('',#420);
#420 = CARTESIAN_POINT('',(3.,35.373012311648,2.5));
#421 = SURFACE_CURVE('',#422,(#427,#443),.PCURVE_S1.);
#422 = CIRCLE('',#423,35.5);
#423 = AXIS2_PLACEMENT_3D('',#424,#425,#426);
#424 = CARTESIAN_POINT('',(0.,0.,2.5));
#425 = DIRECTION('',(0.,0.,1.));
#426 = DIRECTION('',(1.,-0.,-0.));
#427 = PCURVE('',#428,#433);
#428 = PLANE('',#429);
#429 = AXIS2_PLACEMENT_3D('',#430,#431,#432);
#430 = CARTESIAN_POINT('',(0.,0.,2.5));
#431 = DIRECTION('',(-0.,-0.,-1.));
#432 = DIRECTION('',(-1.,-0.,-0.));
#433 = DEFINITIONAL_REPRESENTATION('',(#434),#442);
#434 = ( BOUNDED_CURVE() B_SPLINE_CURVE(2,(#435,#436,#437,#438,#439,#440
,#441),.UNSPECIFIED.,.T.,.F.) B_SPLINE_CURVE_WITH_KNOTS((1,2,2,2,2,1),(
    -2.094395102393,0.,2.094395102393,4.188790204786,6.28318530718,
8.377580409573),.UNSPECIFIED.) CURVE() GEOMETRIC_REPRESENTATION_ITEM() 
RATIONAL_B_SPLINE_CURVE((1.,0.5,1.,0.5,1.,0.5,1.)) REPRESENTATION_ITEM(
  '') );
#435 = CARTESIAN_POINT('',(-35.5,0.));
#436 = CARTESIAN_POINT('',(-35.5,61.487803668695));
#437 = CARTESIAN_POINT('',(17.75,30.743901834348));
#438 = CARTESIAN_POINT('',(71.,8.694992273946E-15));
#439 = CARTESIAN_POINT('',(17.75,-30.74390183434));
#440 = CARTESIAN_POINT('',(-35.5,-61.48780366869));
#441 = CARTESIAN_POINT('',(-35.5,0.));
#442 = ( GEOMETRIC_REPRESENTATION_CONTEXT(2) 
PARAMETRIC_REPRESENTATION_CONTEXT() REPRESENTATION_CONTEXT('2D SPACE',''
  ) );
#443 = PCURVE('',#444,#449);
#444 = CYLINDRICAL_SURFACE('',#445,35.5);
#445 = AXIS2_PLACEMENT_3D('',#446,#447,#448);
#446 = CARTESIAN_POINT('',(0.,0.,2.5));
#447 = DIRECTION('',(-0.,-0.,1.));
#448 = DIRECTION('',(1.,-0.,-0.));
#449 = DEFINITIONAL_REPRESENTATION('',(#450),#454);
#450 = LINE('',#451,#452);
#451 = CARTESIAN_POINT('',(0.,0.));
#452 = VECTOR('',#453,1.);
#453 = DIRECTION('',(1.,0.));
#454 = ( GEOMETRIC_REPRESENTATION_CONTEXT(2) 
PARAMETRIC_REPRESENTATION_CONTEXT() REPRESENTATION_CONTEXT('2D SPACE',''
  ) );
#455 = ORIENTED_EDGE('',*,*,#456,.F.);
#456 = EDGE_CURVE('',#457,#417,#459,.T.);
#457 = VERTEX_POINT('',#458);
#458 = CARTESIAN_POINT('',(32.133927270267,-15.08842994447,2.5));
#459 = SURFACE_CURVE('',#460,(#465,#476),.PCURVE_S1.);
#460 = CIRCLE('',#461,35.5);
#461 = AXIS2_PLACEMENT_3D('',#462,#463,#464);
#462 = CARTESIAN_POINT('',(0.,0.,2.5));
#463 = DIRECTION('',(0.,0.,1.));
#464 = DIRECTION('',(1.,-0.,-0.));
#465 = PCURVE('',#428,#466);
#466 = DEFINITIONAL_REPRESENTATION('',(#467),#475);
#467 = ( BOUNDED_CURVE() B_SPLINE_CURVE(2,(#468,#469,#470,#471,#472,#473
,#474),.UNSPECIFIED.,.T.,.F.) B_SPLINE_CURVE_WITH_KNOTS((1,2,2,2,2,1),(
    -2.094395102393,0.,2.094395102393,4.188790204786,6.28318530718,
8.377580409573),.UNSPECIFIED.) CURVE() GEOMETRIC_REPRESENTATION_ITEM() 
RATIONAL_B_SPLINE_CURVE((1.,0.5,1.,0.5,1.,0.5,1.)) REPRESENTATION_ITEM(
  '') );
#468 = CARTESIAN_POINT('',(-35.5,0.));
#469 = CARTESIAN_POINT('',(-35.5,61.487803668695));
#470 = CARTESIAN_POINT('',(17.75,30.743901834348));
#471 = CARTESIAN_POINT('',(71.,8.694992273946E-15));
#472 = CARTESIAN_POINT('',(17.75,-30.74390183434));
#473 = CARTESIAN_POINT('',(-35.5,-61.48780366869));
#474 = CARTESIAN_POINT('',(-35.5,0.));
#475 = ( GEOMETRIC_REPRESENTATION_CONTEXT(2) 
PARAMETRIC_REPRESENTATION_CONTEXT() REPRESENTATION_CONTEXT('2D SPACE',''
  ) );
#476 = PCURVE('',#444,#477);
#477 = DEFINITIONAL_REPRESENTATION('',(#478),#482);
#478 = LINE('',#479,#480);
#479 = CARTESIAN_POINT('',(0.,0.));
#480 = VECTOR('',#481,1.);
#481 = DIRECTION('',(1.,0.));
#482 = ( GEOMETRIC_REPRESENTATION_CONTEXT(2) 
PARAMETRIC_REPRESENTATION_CONTEXT() REPRESENTATION_CONTEXT('2D SPACE',''
  ) );
#483 = ORIENTED_EDGE('',*,*,#484,.T.);
#484 = EDGE_CURVE('',#457,#485,#487,.T.);
#485 = VERTEX_POINT('',#486);
#486 = CARTESIAN_POINT('',(31.810889132455,-14.90192378864,2.5));
#487 = SURFACE_CURVE('',#488,(#492,#499),.PCURVE_S1.);
#488 = LINE('',#489,#490);
#489 = CARTESIAN_POINT('',(88.102540378444,-47.40192378864,2.5));
#490 = VECTOR('',#491,1.);
#491 = DIRECTION('',(-0.866025403784,0.5,-0.));
#492 = PCURVE('',#428,#493);
#493 = DEFINITIONAL_REPRESENTATION('',(#494),#498);
#494 = LINE('',#495,#496);
#495 = CARTESIAN_POINT('',(-88.10254037844,-47.40192378864));
#496 = VECTOR('',#497,1.);
#497 = DIRECTION('',(0.866025403784,0.5));
#498 = ( GEOMETRIC_REPRESENTATION_CONTEXT(2) 
PARAMETRIC_REPRESENTATION_CONTEXT() REPRESENTATION_CONTEXT('2D SPACE',''
  ) );
#499 = PCURVE('',#500,#505);
#500 = PLANE('',#501);
#501 = AXIS2_PLACEMENT_3D('',#502,#503,#504);
#502 = CARTESIAN_POINT('',(88.102540378444,-47.40192378864,2.5));
#503 = DIRECTION('',(-0.5,-0.866025403784,-0.));
#504 = DIRECTION('',(0.866025403784,-0.5,0.));
#505 = DEFINITIONAL_REPRESENTATION('',(#506),#510);
#506 = LINE('',#507,#508);
#507 = CARTESIAN_POINT('',(-0.,0.));
#508 = VECTOR('',#509,1.);
#509 = DIRECTION('',(-1.,0.));
#510 = ( GEOMETRIC_REPRESENTATION_CONTEXT(2) 
PARAMETRIC_REPRESENTATION_CONTEXT() REPRESENTATION_CONTEXT('2D SPACE',''
  ) );
#511 = ORIENTED_EDGE('',*,*,#512,.T.);
#512 = EDGE_CURVE('',#485,#513,#515,.T.);
#513 = VERTEX_POINT('',#514);
#514 = CARTESIAN_POINT('',(28.810889132455,-20.09807621135,2.5));
#515 = SURFACE_CURVE('',#516,(#520,#527),.PCURVE_S1.);
#516 = LINE('',#517,#518);
#517 = CARTESIAN_POINT('',(31.810889132455,-14.90192378864,2.5));
#518 = VECTOR('',#519,1.);
#519 = DIRECTION('',(-0.5,-0.866025403784,-0.));
#520 = PCURVE('',#428,#521);
#521 = DEFINITIONAL_REPRESENTATION('',(#522),#526);
#522 = LINE('',#523,#524);
#523 = CARTESIAN_POINT('',(-31.81088913245,-14.90192378864));
#524 = VECTOR('',#525,1.);
#525 = DIRECTION('',(0.5,-0.866025403784));
#526 = ( GEOMETRIC_REPRESENTATION_CONTEXT(2) 
PARAMETRIC_REPRESENTATION_CONTEXT() REPRESENTATION_CONTEXT('2D SPACE',''
  ) );
#527 = PCURVE('',#528,#533);
#528 = PLANE('',#529);
#529 = AXIS2_PLACEMENT_3D('',#530,#531,#532);
#530 = CARTESIAN_POINT('',(31.810889132455,-14.90192378864,2.5));
#531 = DIRECTION('',(0.866025403784,-0.5,-0.));
#532 = DIRECTION('',(0.5,0.866025403784,0.));
#533 = DEFINITIONAL_REPRESENTATION('',(#534),#538);
#534 = LINE('',#535,#536);
#535 = CARTESIAN_POINT('',(0.,-0.));
#536 = VECTOR('',#537,1.);
#537 = DIRECTION('',(-1.,0.));
#538 = ( GEOMETRIC_REPRESENTATION_CONTEXT(2) 
PARAMETRIC_REPRESENTATION_CONTEXT() REPRESENTATION_CONTEXT('2D SPACE',''
  ) );
#539 = ORIENTED_EDGE('',*,*,#540,.T.);
#540 = EDGE_CURVE('',#513,#541,#543,.T.);
#541 = VERTEX_POINT('',#542);
#542 = CARTESIAN_POINT('',(29.133927270266,-20.28458236717,2.5));
#543 = SURFACE_CURVE('',#544,(#548,#555),.PCURVE_S1.);
#544 = LINE('',#545,#546);
#545 = CARTESIAN_POINT('',(28.810889132455,-20.09807621135,2.5));
#546 = VECTOR('',#547,1.);
#547 = DIRECTION('',(0.866025403784,-0.5,-0.));
#548 = PCURVE('',#428,#549);
#549 = DEFINITIONAL_REPRESENTATION('',(#550),#554);
#550 = LINE('',#551,#552);
#551 = CARTESIAN_POINT('',(-28.81088913245,-20.09807621135));
#552 = VECTOR('',#553,1.);
#553 = DIRECTION('',(-0.866025403784,-0.5));
#554 = ( GEOMETRIC_REPRESENTATION_CONTEXT(2) 
PARAMETRIC_REPRESENTATION_CONTEXT() REPRESENTATION_CONTEXT('2D SPACE',''
  ) );
#555 = PCURVE('',#556,#561);
#556 = PLANE('',#557);
#557 = AXIS2_PLACEMENT_3D('',#558,#559,#560);
#558 = CARTESIAN_POINT('',(28.810889132455,-20.09807621135,2.5));
#559 = DIRECTION('',(0.5,0.866025403784,-0.));
#560 = DIRECTION('',(-0.866025403784,0.5,0.));
#561 = DEFINITIONAL_REPRESENTATION('',(#562),#566);
#562 = LINE('',#563,#564);
#563 = CARTESIAN_POINT('',(-0.,0.));
#564 = VECTOR('',#565,1.);
#565 = DIRECTION('',(-1.,0.));
#566 = ( GEOMETRIC_REPRESENTATION_CONTEXT(2) 
PARAMETRIC_REPRESENTATION_CONTEXT() REPRESENTATION_CONTEXT('2D SPACE',''
  ) );
#567 = ORIENTED_EDGE('',*,*,#568,.F.);
#568 = EDGE_CURVE('',#569,#541,#571,.T.);
#569 = VERTEX_POINT('',#570);
#570 = CARTESIAN_POINT('',(-29.13392727026,-20.28458236717,2.5));
#571 = SURFACE_CURVE('',#572,(#577,#588),.PCURVE_S1.);
#572 = CIRCLE('',#573,35.5);
#573 = AXIS2_PLACEMENT_3D('',#574,#575,#576);
#574 = CARTESIAN_POINT('',(0.,0.,2.5));
#575 = DIRECTION('',(0.,0.,1.));
#576 = DIRECTION('',(1.,-0.,-0.));
#577 = PCURVE('',#428,#578);
#578 = DEFINITIONAL_REPRESENTATION('',(#579),#587);
#579 = ( BOUNDED_CURVE() B_SPLINE_CURVE(2,(#580,#581,#582,#583,#584,#585
,#586),.UNSPECIFIED.,.T.,.F.) B_SPLINE_CURVE_WITH_KNOTS((1,2,2,2,2,1),(
    -2.094395102393,0.,2.094395102393,4.188790204786,6.28318530718,
8.377580409573),.UNSPECIFIED.) CURVE() GEOMETRIC_REPRESENTATION_ITEM() 
RATIONAL_B_SPLINE_CURVE((1.,0.5,1.,0.5,1.,0.5,1.)) REPRESENTATION_ITEM(
  '') );
#580 = CARTESIAN_POINT('',(-35.5,0.));
#581 = CARTESIAN_POINT('',(-35.5,61.487803668695));
#582 = CARTESIAN_POINT('',(17.75,30.743901834348));
#583 = CARTESIAN_POINT('',(71.,8.694992273946E-15));
#584 = CARTESIAN_POINT('',(17.75,-30.74390183434));
#585 = CARTESIAN_POINT('',(-35.5,-61.48780366869));
#586 = CARTESIAN_POINT('',(-35.5,0.));
#587 = ( GEOMETRIC_REPRESENTATION_CONTEXT(2) 
PARAMETRIC_REPRESENTATION_CONTEXT() REPRESENTATION_CONTEXT('2D SPACE',''
  ) );
#588 = PCURVE('',#444,#589);
#589 = DEFINITIONAL_REPRESENTATION('',(#590),#594);
#590 = LINE('',#591,#592);
#591 = CARTESIAN_POINT('',(0.,0.));
#592 = VECTOR('',#593,1.);
#593 = DIRECTION('',(1.,0.));
#594 = ( GEOMETRIC_REPRESENTATION_CONTEXT(2) 
PARAMETRIC_REPRESENTATION_CONTEXT() REPRESENTATION_CONTEXT('2D SPACE',''
  ) );
#595 = ORIENTED_EDGE('',*,*,#596,.T.);
#596 = EDGE_CURVE('',#569,#597,#599,.T.);
#597 = VERTEX_POINT('',#598);
#598 = CARTESIAN_POINT('',(-28.81088913245,-20.09807621135,2.5));
#599 = SURFACE_CURVE('',#600,(#604,#611),.PCURVE_S1.);
#600 = LINE('',#601,#602);
#601 = CARTESIAN_POINT('',(-85.10254037844,-52.59807621135,2.5));
#602 = VECTOR('',#603,1.);
#603 = DIRECTION('',(0.866025403784,0.5,-0.));
#604 = PCURVE('',#428,#605);
#605 = DEFINITIONAL_REPRESENTATION('',(#606),#610);
#606 = LINE('',#607,#608);
#607 = CARTESIAN_POINT('',(85.102540378444,-52.59807621135));
#608 = VECTOR('',#609,1.);
#609 = DIRECTION('',(-0.866025403784,0.5));
#610 = ( GEOMETRIC_REPRESENTATION_CONTEXT(2) 
PARAMETRIC_REPRESENTATION_CONTEXT() REPRESENTATION_CONTEXT('2D SPACE',''
  ) );
#611 = PCURVE('',#612,#617);
#612 = PLANE('',#613);
#613 = AXIS2_PLACEMENT_3D('',#614,#615,#616);
#614 = CARTESIAN_POINT('',(-85.10254037844,-52.59807621135,2.5));
#615 = DIRECTION('',(-0.5,0.866025403784,-0.));
#616 = DIRECTION('',(-0.866025403784,-0.5,0.));
#617 = DEFINITIONAL_REPRESENTATION('',(#618),#622);
#618 = LINE('',#619,#620);
#619 = CARTESIAN_POINT('',(-0.,0.));
#620 = VECTOR('',#621,1.);
#621 = DIRECTION('',(-1.,0.));
#622 = ( GEOMETRIC_REPRESENTATION_CONTEXT(2) 
PARAMETRIC_REPRESENTATION_CONTEXT() REPRESENTATION_CONTEXT('2D SPACE',''
  ) );
#623 = ORIENTED_EDGE('',*,*,#624,.T.);
#624 = EDGE_CURVE('',#597,#625,#627,.T.);
#625 = VERTEX_POINT('',#626);
#626 = CARTESIAN_POINT('',(-31.81088913245,-14.90192378864,2.5));
#627 = SURFACE_CURVE('',#628,(#632,#639),.PCURVE_S1.);
#628 = LINE('',#629,#630);
#629 = CARTESIAN_POINT('',(-28.81088913245,-20.09807621135,2.5));
#630 = VECTOR('',#631,1.);
#631 = DIRECTION('',(-0.5,0.866025403784,-0.));
#632 = PCURVE('',#428,#633);
#633 = DEFINITIONAL_REPRESENTATION('',(#634),#638);
#634 = LINE('',#635,#636);
#635 = CARTESIAN_POINT('',(28.810889132455,-20.09807621135));
#636 = VECTOR('',#637,1.);
#637 = DIRECTION('',(0.5,0.866025403784));
#638 = ( GEOMETRIC_REPRESENTATION_CONTEXT(2) 
PARAMETRIC_REPRESENTATION_CONTEXT() REPRESENTATION_CONTEXT('2D SPACE',''
  ) );
#639 = PCURVE('',#640,#645);
#640 = PLANE('',#641);
#641 = AXIS2_PLACEMENT_3D('',#642,#643,#644);
#642 = CARTESIAN_POINT('',(-28.81088913245,-20.09807621135,2.5));
#643 = DIRECTION('',(-0.866025403784,-0.5,-0.));
#644 = DIRECTION('',(0.5,-0.866025403784,0.));
#645 = DEFINITIONAL_REPRESENTATION('',(#646),#650);
#646 = LINE('',#647,#648);
#647 = CARTESIAN_POINT('',(-0.,0.));
#648 = VECTOR('',#649,1.);
#649 = DIRECTION('',(-1.,0.));
#650 = ( GEOMETRIC_REPRESENTATION_CONTEXT(2) 
PARAMETRIC_REPRESENTATION_CONTEXT() REPRESENTATION_CONTEXT('2D SPACE',''
  ) );
#651 = ORIENTED_EDGE('',*,*,#652,.T.);
#652 = EDGE_CURVE('',#625,#653,#655,.T.);
#653 = VERTEX_POINT('',#654);
#654 = CARTESIAN_POINT('',(-32.13392727026,-15.08842994447,2.5));
#655 = SURFACE_CURVE('',#656,(#660,#667),.PCURVE_S1.);
#656 = LINE('',#657,#658);
#657 = CARTESIAN_POINT('',(-31.81088913245,-14.90192378864,2.5));
#658 = VECTOR('',#659,1.);
#659 = DIRECTION('',(-0.866025403784,-0.5,-0.));
#660 = PCURVE('',#428,#661);
#661 = DEFINITIONAL_REPRESENTATION('',(#662),#666);
#662 = LINE('',#663,#664);
#663 = CARTESIAN_POINT('',(31.810889132455,-14.90192378864));
#664 = VECTOR('',#665,1.);
#665 = DIRECTION('',(0.866025403784,-0.5));
#666 = ( GEOMETRIC_REPRESENTATION_CONTEXT(2) 
PARAMETRIC_REPRESENTATION_CONTEXT() REPRESENTATION_CONTEXT('2D SPACE',''
  ) );
#667 = PCURVE('',#668,#673);
#668 = PLANE('',#669);
#669 = AXIS2_PLACEMENT_3D('',#670,#671,#672);
#670 = CARTESIAN_POINT('',(-31.81088913245,-14.90192378864,2.5));
#671 = DIRECTION('',(0.5,-0.866025403784,-0.));
#672 = DIRECTION('',(0.866025403784,0.5,0.));
#673 = DEFINITIONAL_REPRESENTATION('',(#674),#678);
#674 = LINE('',#675,#676);
#675 = CARTESIAN_POINT('',(0.,-0.));
#676 = VECTOR('',#677,1.);
#677 = DIRECTION('',(-1.,0.));
#678 = ( GEOMETRIC_REPRESENTATION_CONTEXT(2) 
PARAMETRIC_REPRESENTATION_CONTEXT() REPRESENTATION_CONTEXT('2D SPACE',''
  ) );
#679 = ORIENTED_EDGE('',*,*,#680,.F.);
#680 = EDGE_CURVE('',#681,#653,#683,.T.);
#681 = VERTEX_POINT('',#682);
#682 = CARTESIAN_POINT('',(-3.000000000001,35.373012311648,2.5));
#683 = SURFACE_CURVE('',#684,(#689,#700),.PCURVE_S1.);
#684 = CIRCLE('',#685,35.5);
#685 = AXIS2_PLACEMENT_3D('',#686,#687,#688);
#686 = CARTESIAN_POINT('',(0.,0.,2.5));
#687 = DIRECTION('',(0.,0.,1.));
#688 = DIRECTION('',(1.,-0.,-0.));
#689 = PCURVE('',#428,#690);
#690 = DEFINITIONAL_REPRESENTATION('',(#691),#699);
#691 = ( BOUNDED_CURVE() B_SPLINE_CURVE(2,(#692,#693,#694,#695,#696,#697
,#698),.UNSPECIFIED.,.T.,.F.) B_SPLINE_CURVE_WITH_KNOTS((1,2,2,2,2,1),(
    -2.094395102393,0.,2.094395102393,4.188790204786,6.28318530718,
8.377580409573),.UNSPECIFIED.) CURVE() GEOMETRIC_REPRESENTATION_ITEM() 
RATIONAL_B_SPLINE_CURVE((1.,0.5,1.,0.5,1.,0.5,1.)) REPRESENTATION_ITEM(
  '') );
#692 = CARTESIAN_POINT('',(-35.5,0.));
#693 = CARTESIAN_POINT('',(-35.5,61.487803668695));
#694 = CARTESIAN_POINT('',(17.75,30.743901834348));
#695 = CARTESIAN_POINT('',(71.,8.694992273946E-15));
#696 = CARTESIAN_POINT('',(17.75,-30.74390183434));
#697 = CARTESIAN_POINT('',(-35.5,-61.48780366869));
#698 = CARTESIAN_POINT('',(-35.5,0.));
#699 = ( GEOMETRIC_REPRESENTATION_CONTEXT(2) 
PARAMETRIC_REPRESENTATION_CONTEXT() REPRESENTATION_CONTEXT('2D SPACE',''
  ) );
#700 = PCURVE('',#444,#701);
#701 = DEFINITIONAL_REPRESENTATION('',(#702),#706);
#702 = LINE('',#703,#704);
#703 = CARTESIAN_POINT('',(0.,0.));
#704 = VECTOR('',#705,1.);
#705 = DIRECTION('',(1.,0.));
#706 = ( GEOMETRIC_REPRESENTATION_CONTEXT(2) 
PARAMETRIC_REPRESENTATION_CONTEXT() REPRESENTATION_CONTEXT('2D SPACE',''
  ) );
#707 = ORIENTED_EDGE('',*,*,#708,.T.);
#708 = EDGE_CURVE('',#681,#709,#711,.T.);
#709 = VERTEX_POINT('',#710);
#710 = CARTESIAN_POINT('',(-3.,35.,2.5));
#711 = SURFACE_CURVE('',#712,(#716,#723),.PCURVE_S1.);
#712 = LINE('',#713,#714);
#713 = CARTESIAN_POINT('',(-3.,100.,2.5));
#714 = VECTOR('',#715,1.);
#715 = DIRECTION('',(-1.110223024625E-16,-1.,-0.));
#716 = PCURVE('',#428,#717);
#717 = DEFINITIONAL_REPRESENTATION('',(#718),#722);
#718 = LINE('',#719,#720);
#719 = CARTESIAN_POINT('',(3.,100.));
#720 = VECTOR('',#721,1.);
#721 = DIRECTION('',(1.110223024625E-16,-1.));
#722 = ( GEOMETRIC_REPRESENTATION_CONTEXT(2) 
PARAMETRIC_REPRESENTATION_CONTEXT() REPRESENTATION_CONTEXT('2D SPACE',''
  ) );
#723 = PCURVE('',#724,#729);
#724 = PLANE('',#725);
#725 = AXIS2_PLACEMENT_3D('',#726,#727,#728);
#726 = CARTESIAN_POINT('',(-3.,100.,2.5));
#727 = DIRECTION('',(1.,-1.110223024625E-16,-0.));
#728 = DIRECTION('',(1.110223024625E-16,1.,0.));
#729 = DEFINITIONAL_REPRESENTATION('',(#730),#734);
#730 = LINE('',#731,#732);
#731 = CARTESIAN_POINT('',(0.,-0.));
#732 = VECTOR('',#733,1.);
#733 = DIRECTION('',(-1.,0.));
#734 = ( GEOMETRIC_REPRESENTATION_CONTEXT(2) 
PARAMETRIC_REPRESENTATION_CONTEXT() REPRESENTATION_CONTEXT('2D SPACE',''
  ) );
#735 = ORIENTED_EDGE('',*,*,#736,.T.);
#736 = EDGE_CURVE('',#709,#737,#739,.T.);
#737 = VERTEX_POINT('',#738);
#738 = CARTESIAN_POINT('',(3.,35.,2.5));
#739 = SURFACE_CURVE('',#740,(#744,#751),.PCURVE_S1.);
#740 = LINE('',#741,#742);
#741 = CARTESIAN_POINT('',(-3.,35.,2.5));
#742 = VECTOR('',#743,1.);
#743 = DIRECTION('',(1.,-1.110223024625E-16,-0.));
#744 = PCURVE('',#428,#745);
#745 = DEFINITIONAL_REPRESENTATION('',(#746),#750);
#746 = LINE('',#747,#748);
#747 = CARTESIAN_POINT('',(3.,35.));
#748 = VECTOR('',#749,1.);
#749 = DIRECTION('',(-1.,-1.110223024625E-16));
#750 = ( GEOMETRIC_REPRESENTATION_CONTEXT(2) 
PARAMETRIC_REPRESENTATION_CONTEXT() REPRESENTATION_CONTEXT('2D SPACE',''
  ) );
#751 = PCURVE('',#752,#757);
#752 = PLANE('',#753);
#753 = AXIS2_PLACEMENT_3D('',#754,#755,#756);
#754 = CARTESIAN_POINT('',(-3.,35.,2.5));
#755 = DIRECTION('',(1.110223024625E-16,1.,-0.));
#756 = DIRECTION('',(-1.,1.110223024625E-16,0.));
#757 = DEFINITIONAL_REPRESENTATION('',(#758),#762);
#758 = LINE('',#759,#760);
#759 = CARTESIAN_POINT('',(-0.,0.));
#760 = VECTOR('',#761,1.);
#761 = DIRECTION('',(-1.,0.));
#762 = ( GEOMETRIC_REPRESENTATION_CONTEXT(2) 
PARAMETRIC_REPRESENTATION_CONTEXT() REPRESENTATION_CONTEXT('2D SPACE',''
  ) );
#763 = ORIENTED_EDGE('',*,*,#764,.T.);
#764 = EDGE_CURVE('',#737,#419,#765,.T.);
#765 = SURFACE_CURVE('',#766,(#770,#777),.PCURVE_S1.);
#766 = LINE('',#767,#768);
#767 = CARTESIAN_POINT('',(3.,35.,2.5));
#768 = VECTOR('',#769,1.);
#769 = DIRECTION('',(1.110223024625E-16,1.,-0.));
#770 = PCURVE('',#428,#771);
#771 = DEFINITIONAL_REPRESENTATION('',(#772),#776);
#772 = LINE('',#773,#774);
#773 = CARTESIAN_POINT('',(-3.,35.));
#774 = VECTOR('',#775,1.);
#775 = DIRECTION('',(-1.110223024625E-16,1.));
#776 = ( GEOMETRIC_REPRESENTATION_CONTEXT(2) 
PARAMETRIC_REPRESENTATION_CONTEXT() REPRESENTATION_CONTEXT('2D SPACE',''
  ) );
#777 = PCURVE('',#778,#783);
#778 = PLANE('',#779);
#779 = AXIS2_PLACEMENT_3D('',#780,#781,#782);
#780 = CARTESIAN_POINT('',(3.,35.,2.5));
#781 = DIRECTION('',(-1.,1.110223024625E-16,-0.));
#782 = DIRECTION('',(-1.110223024625E-16,-1.,0.));
#783 = DEFINITIONAL_REPRESENTATION('',(#784),#788);
#784 = LINE('',#785,#786);
#785 = CARTESIAN_POINT('',(-0.,0.));
#786 = VECTOR('',#787,1.);
#787 = DIRECTION('',(-1.,0.));
#788 = ( GEOMETRIC_REPRESENTATION_CONTEXT(2) 
PARAMETRIC_REPRESENTATION_CONTEXT() REPRESENTATION_CONTEXT('2D SPACE',''
  ) );
#789 = FACE_BOUND('',#790,.T.);
#790 = EDGE_LOOP('',(#791));
#791 = ORIENTED_EDGE('',*,*,#792,.T.);
#792 = EDGE_CURVE('',#793,#793,#795,.T.);
#793 = VERTEX_POINT('',#794);
#794 = CARTESIAN_POINT('',(32.,0.,2.5));
#795 = SURFACE_CURVE('',#796,(#801,#812),.PCURVE_S1.);
#796 = CIRCLE('',#797,32.);
#797 = AXIS2_PLACEMENT_3D('',#798,#799,#800);
#798 = CARTESIAN_POINT('',(0.,0.,2.5));
#799 = DIRECTION('',(0.,0.,1.));
#800 = DIRECTION('',(1.,-0.,-0.));
#801 = PCURVE('',#428,#802);
#802 = DEFINITIONAL_REPRESENTATION('',(#803),#811);
#803 = ( BOUNDED_CURVE() B_SPLINE_CURVE(2,(#804,#805,#806,#807,#808,#809
,#810),.UNSPECIFIED.,.T.,.F.) B_SPLINE_CURVE_WITH_KNOTS((1,2,2,2,2,1),(
    -2.094395102393,0.,2.094395102393,4.188790204786,6.28318530718,
8.377580409573),.UNSPECIFIED.) CURVE() GEOMETRIC_REPRESENTATION_ITEM() 
RATIONAL_B_SPLINE_CURVE((1.,0.5,1.,0.5,1.,0.5,1.)) REPRESENTATION_ITEM(
  '') );
#804 = CARTESIAN_POINT('',(-32.,0.));
#805 = CARTESIAN_POINT('',(-32.,55.425625842204));
#806 = CARTESIAN_POINT('',(16.,27.712812921102));
#807 = CARTESIAN_POINT('',(64.,7.837739514543E-15));
#808 = CARTESIAN_POINT('',(16.,-27.7128129211));
#809 = CARTESIAN_POINT('',(-32.,-55.4256258422));
#810 = CARTESIAN_POINT('',(-32.,0.));
#811 = ( GEOMETRIC_REPRESENTATION_CONTEXT(2) 
PARAMETRIC_REPRESENTATION_CONTEXT() REPRESENTATION_CONTEXT('2D SPACE',''
  ) );
#812 = PCURVE('',#813,#818);
#813 = CYLINDRICAL_SURFACE('',#814,32.);
#814 = AXIS2_PLACEMENT_3D('',#815,#816,#817);
#815 = CARTESIAN_POINT('',(0.,0.,13.5));
#816 = DIRECTION('',(-0.,-0.,-1.));
#817 = DIRECTION('',(1.,-0.,-0.));
#818 = DEFINITIONAL_REPRESENTATION('',(#819),#823);
#819 = LINE('',#820,#821);
#820 = CARTESIAN_POINT('',(-0.,11.));
#821 = VECTOR('',#822,1.);
#822 = DIRECTION('',(-1.,0.));
#823 = ( GEOMETRIC_REPRESENTATION_CONTEXT(2) 
PARAMETRIC_REPRESENTATION_CONTEXT() REPRESENTATION_CONTEXT('2D SPACE',''
  ) );
#824 = ADVANCED_FACE('',(#825),#444,.T.);
#825 = FACE_BOUND('',#826,.T.);
#826 = EDGE_LOOP('',(#827,#858,#859,#885,#886,#909,#940,#941,#942,#968)
  );
#827 = ORIENTED_EDGE('',*,*,#828,.T.);
#828 = EDGE_CURVE('',#653,#569,#829,.T.);
#829 = SURFACE_CURVE('',#830,(#835,#842),.PCURVE_S1.);
#830 = CIRCLE('',#831,35.5);
#831 = AXIS2_PLACEMENT_3D('',#832,#833,#834);
#832 = CARTESIAN_POINT('',(0.,0.,2.5));
#833 = DIRECTION('',(0.,0.,1.));
#834 = DIRECTION('',(1.,-0.,-0.));
#835 = PCURVE('',#444,#836);
#836 = DEFINITIONAL_REPRESENTATION('',(#837),#841);
#837 = LINE('',#838,#839);
#838 = CARTESIAN_POINT('',(0.,0.));
#839 = VECTOR('',#840,1.);
#840 = DIRECTION('',(1.,0.));
#841 = ( GEOMETRIC_REPRESENTATION_CONTEXT(2) 
PARAMETRIC_REPRESENTATION_CONTEXT() REPRESENTATION_CONTEXT('2D SPACE',''
  ) );
#842 = PCURVE('',#843,#848);
#843 = PLANE('',#844);
#844 = AXIS2_PLACEMENT_3D('',#845,#846,#847);
#845 = CARTESIAN_POINT('',(-58.45671475545,-33.75,2.5));
#846 = DIRECTION('',(-0.,-0.,-1.));
#847 = DIRECTION('',(0.866025403784,0.5,0.));
#848 = DEFINITIONAL_REPRESENTATION('',(#849),#857);
#849 = ( BOUNDED_CURVE() B_SPLINE_CURVE(2,(#850,#851,#852,#853,#854,#855
,#856),.UNSPECIFIED.,.T.,.F.) B_SPLINE_CURVE_WITH_KNOTS((1,2,2,2,2,1),(
    -2.094395102393,0.,2.094395102393,4.188790204786,6.28318530718,
8.377580409573),.UNSPECIFIED.) CURVE() GEOMETRIC_REPRESENTATION_ITEM() 
RATIONAL_B_SPLINE_CURVE((1.,0.5,1.,0.5,1.,0.5,1.)) REPRESENTATION_ITEM(
  '') );
#850 = CARTESIAN_POINT('',(98.243901834348,17.75));
#851 = CARTESIAN_POINT('',(128.98780366869,-35.5));
#852 = CARTESIAN_POINT('',(67.5,-35.5));
#853 = CARTESIAN_POINT('',(6.012196331305,-35.5));
#854 = CARTESIAN_POINT('',(36.756098165652,17.75));
#855 = CARTESIAN_POINT('',(67.5,71.));
#856 = CARTESIAN_POINT('',(98.243901834348,17.75));
#857 = ( GEOMETRIC_REPRESENTATION_CONTEXT(2) 
PARAMETRIC_REPRESENTATION_CONTEXT() REPRESENTATION_CONTEXT('2D SPACE',''
  ) );
#858 = ORIENTED_EDGE('',*,*,#568,.T.);
#859 = ORIENTED_EDGE('',*,*,#860,.T.);
#860 = EDGE_CURVE('',#541,#457,#861,.T.);
#861 = SURFACE_CURVE('',#862,(#867,#874),.PCURVE_S1.);
#862 = CIRCLE('',#863,35.5);
#863 = AXIS2_PLACEMENT_3D('',#864,#865,#866);
#864 = CARTESIAN_POINT('',(0.,0.,2.5));
#865 = DIRECTION('',(0.,0.,1.));
#866 = DIRECTION('',(1.,-0.,-0.));
#867 = PCURVE('',#444,#868);
#868 = DEFINITIONAL_REPRESENTATION('',(#869),#873);
#869 = LINE('',#870,#871);
#870 = CARTESIAN_POINT('',(0.,0.));
#871 = VECTOR('',#872,1.);
#872 = DIRECTION('',(1.,0.));
#873 = ( GEOMETRIC_REPRESENTATION_CONTEXT(2) 
PARAMETRIC_REPRESENTATION_CONTEXT() REPRESENTATION_CONTEXT('2D SPACE',''
  ) );
#874 = PCURVE('',#843,#875);
#875 = DEFINITIONAL_REPRESENTATION('',(#876),#884);
#876 = ( BOUNDED_CURVE() B_SPLINE_CURVE(2,(#877,#878,#879,#880,#881,#882
,#883),.UNSPECIFIED.,.T.,.F.) B_SPLINE_CURVE_WITH_KNOTS((1,2,2,2,2,1),(
    -2.094395102393,0.,2.094395102393,4.188790204786,6.28318530718,
8.377580409573),.UNSPECIFIED.) CURVE() GEOMETRIC_REPRESENTATION_ITEM() 
RATIONAL_B_SPLINE_CURVE((1.,0.5,1.,0.5,1.,0.5,1.)) REPRESENTATION_ITEM(
  '') );
#877 = CARTESIAN_POINT('',(98.243901834348,17.75));
#878 = CARTESIAN_POINT('',(128.98780366869,-35.5));
#879 = CARTESIAN_POINT('',(67.5,-35.5));
#880 = CARTESIAN_POINT('',(6.012196331305,-35.5));
#881 = CARTESIAN_POINT('',(36.756098165652,17.75));
#882 = CARTESIAN_POINT('',(67.5,71.));
#883 = CARTESIAN_POINT('',(98.243901834348,17.75));
#884 = ( GEOMETRIC_REPRESENTATION_CONTEXT(2) 
PARAMETRIC_REPRESENTATION_CONTEXT() REPRESENTATION_CONTEXT('2D SPACE',''
  ) );
#885 = ORIENTED_EDGE('',*,*,#456,.T.);
#886 = ORIENTED_EDGE('',*,*,#887,.T.);
#887 = EDGE_CURVE('',#417,#888,#890,.T.);
#888 = VERTEX_POINT('',#889);
#889 = CARTESIAN_POINT('',(35.5,0.,12.3));
#890 = SEAM_CURVE('',#891,(#895,#902),.PCURVE_S1.);
#891 = LINE('',#892,#893);
#892 = CARTESIAN_POINT('',(35.5,0.,2.5));
#893 = VECTOR('',#894,1.);
#894 = DIRECTION('',(-0.,-0.,1.));
#895 = PCURVE('',#444,#896);
#896 = DEFINITIONAL_REPRESENTATION('',(#897),#901);
#897 = LINE('',#898,#899);
#898 = CARTESIAN_POINT('',(0.,0.));
#899 = VECTOR('',#900,1.);
#900 = DIRECTION('',(0.,1.));
#901 = ( GEOMETRIC_REPRESENTATION_CONTEXT(2) 
PARAMETRIC_REPRESENTATION_CONTEXT() REPRESENTATION_CONTEXT('2D SPACE',''
  ) );
#902 = PCURVE('',#444,#903);
#903 = DEFINITIONAL_REPRESENTATION('',(#904),#908);
#904 = LINE('',#905,#906);
#905 = CARTESIAN_POINT('',(6.28318530718,0.));
#906 = VECTOR('',#907,1.);
#907 = DIRECTION('',(0.,1.));
#908 = ( GEOMETRIC_REPRESENTATION_CONTEXT(2) 
PARAMETRIC_REPRESENTATION_CONTEXT() REPRESENTATION_CONTEXT('2D SPACE',''
  ) );
#909 = ORIENTED_EDGE('',*,*,#910,.F.);
#910 = EDGE_CURVE('',#888,#888,#911,.T.);
#911 = SURFACE_CURVE('',#912,(#917,#924),.PCURVE_S1.);
#912 = CIRCLE('',#913,35.5);
#913 = AXIS2_PLACEMENT_3D('',#914,#915,#916);
#914 = CARTESIAN_POINT('',(0.,0.,12.3));
#915 = DIRECTION('',(0.,0.,1.));
#916 = DIRECTION('',(1.,-0.,-0.));
#917 = PCURVE('',#444,#918);
#918 = DEFINITIONAL_REPRESENTATION('',(#919),#923);
#919 = LINE('',#920,#921);
#920 = CARTESIAN_POINT('',(0.,9.8));
#921 = VECTOR('',#922,1.);
#922 = DIRECTION('',(1.,0.));
#923 = ( GEOMETRIC_REPRESENTATION_CONTEXT(2) 
PARAMETRIC_REPRESENTATION_CONTEXT() REPRESENTATION_CONTEXT('2D SPACE',''
  ) );
#924 = PCURVE('',#925,#930);
#925 = PLANE('',#926);
#926 = AXIS2_PLACEMENT_3D('',#927,#928,#929);
#927 = CARTESIAN_POINT('',(0.,0.,12.3));
#928 = DIRECTION('',(-0.,-0.,-1.));
#929 = DIRECTION('',(-1.,0.,0.));
#930 = DEFINITIONAL_REPRESENTATION('',(#931),#939);
#931 = ( BOUNDED_CURVE() B_SPLINE_CURVE(2,(#932,#933,#934,#935,#936,#937
,#938),.UNSPECIFIED.,.T.,.F.) B_SPLINE_CURVE_WITH_KNOTS((1,2,2,2,2,1),(
    -2.094395102393,0.,2.094395102393,4.188790204786,6.28318530718,
8.377580409573),.UNSPECIFIED.) CURVE() GEOMETRIC_REPRESENTATION_ITEM() 
RATIONAL_B_SPLINE_CURVE((1.,0.5,1.,0.5,1.,0.5,1.)) REPRESENTATION_ITEM(
  '') );
#932 = CARTESIAN_POINT('',(-35.5,0.));
#933 = CARTESIAN_POINT('',(-35.5,61.487803668695));
#934 = CARTESIAN_POINT('',(17.75,30.743901834348));
#935 = CARTESIAN_POINT('',(71.,8.694992273946E-15));
#936 = CARTESIAN_POINT('',(17.75,-30.74390183434));
#937 = CARTESIAN_POINT('',(-35.5,-61.48780366869));
#938 = CARTESIAN_POINT('',(-35.5,0.));
#939 = ( GEOMETRIC_REPRESENTATION_CONTEXT(2) 
PARAMETRIC_REPRESENTATION_CONTEXT() REPRESENTATION_CONTEXT('2D SPACE',''
  ) );
#940 = ORIENTED_EDGE('',*,*,#887,.F.);
#941 = ORIENTED_EDGE('',*,*,#416,.T.);
#942 = ORIENTED_EDGE('',*,*,#943,.T.);
#943 = EDGE_CURVE('',#419,#681,#944,.T.);
#944 = SURFACE_CURVE('',#945,(#950,#957),.PCURVE_S1.);
#945 = CIRCLE('',#946,35.5);
#946 = AXIS2_PLACEMENT_3D('',#947,#948,#949);
#947 = CARTESIAN_POINT('',(0.,0.,2.5));
#948 = DIRECTION('',(0.,0.,1.));
#949 = DIRECTION('',(1.,-0.,-0.));
#950 = PCURVE('',#444,#951);
#951 = DEFINITIONAL_REPRESENTATION('',(#952),#956);
#952 = LINE('',#953,#954);
#953 = CARTESIAN_POINT('',(0.,0.));
#954 = VECTOR('',#955,1.);
#955 = DIRECTION('',(1.,0.));
#956 = ( GEOMETRIC_REPRESENTATION_CONTEXT(2) 
PARAMETRIC_REPRESENTATION_CONTEXT() REPRESENTATION_CONTEXT('2D SPACE',''
  ) );
#957 = PCURVE('',#843,#958);
#958 = DEFINITIONAL_REPRESENTATION('',(#959),#967);
#959 = ( BOUNDED_CURVE() B_SPLINE_CURVE(2,(#960,#961,#962,#963,#964,#965
,#966),.UNSPECIFIED.,.T.,.F.) B_SPLINE_CURVE_WITH_KNOTS((1,2,2,2,2,1),(
    -2.094395102393,0.,2.094395102393,4.188790204786,6.28318530718,
8.377580409573),.UNSPECIFIED.) CURVE() GEOMETRIC_REPRESENTATION_ITEM() 
RATIONAL_B_SPLINE_CURVE((1.,0.5,1.,0.5,1.,0.5,1.)) REPRESENTATION_ITEM(
  '') );
#960 = CARTESIAN_POINT('',(98.243901834348,17.75));
#961 = CARTESIAN_POINT('',(128.98780366869,-35.5));
#962 = CARTESIAN_POINT('',(67.5,-35.5));
#963 = CARTESIAN_POINT('',(6.012196331305,-35.5));
#964 = CARTESIAN_POINT('',(36.756098165652,17.75));
#965 = CARTESIAN_POINT('',(67.5,71.));
#966 = CARTESIAN_POINT('',(98.243901834348,17.75));
#967 = ( GEOMETRIC_REPRESENTATION_CONTEXT(2) 
PARAMETRIC_REPRESENTATION_CONTEXT() REPRESENTATION_CONTEXT('2D SPACE',''
  ) );
#968 = ORIENTED_EDGE('',*,*,#680,.T.);
#969 = ADVANCED_FACE('',(#970),#778,.F.);
#970 = FACE_BOUND('',#971,.T.);
#971 = EDGE_LOOP('',(#972,#973,#996,#1024,#1052));
#972 = ORIENTED_EDGE('',*,*,#764,.F.);
#973 = ORIENTED_EDGE('',*,*,#974,.T.);
#974 = EDGE_CURVE('',#737,#975,#977,.T.);
#975 = VERTEX_POINT('',#976);
#976 = CARTESIAN_POINT('',(3.,35.,0.));
#977 = SURFACE_CURVE('',#978,(#982,#989),.PCURVE_S1.);
#978 = LINE('',#979,#980);
#979 = CARTESIAN_POINT('',(3.,35.,2.5));
#980 = VECTOR('',#981,1.);
#981 = DIRECTION('',(-0.,-0.,-1.));
#982 = PCURVE('',#778,#983);
#983 = DEFINITIONAL_REPRESENTATION('',(#984),#988);
#984 = LINE('',#985,#986);
#985 = CARTESIAN_POINT('',(-0.,0.));
#986 = VECTOR('',#987,1.);
#987 = DIRECTION('',(-0.,-1.));
#988 = ( GEOMETRIC_REPRESENTATION_CONTEXT(2) 
PARAMETRIC_REPRESENTATION_CONTEXT() REPRESENTATION_CONTEXT('2D SPACE',''
  ) );
#989 = PCURVE('',#752,#990);
#990 = DEFINITIONAL_REPRESENTATION('',(#991),#995);
#991 = LINE('',#992,#993);
#992 = CARTESIAN_POINT('',(-6.,0.));
#993 = VECTOR('',#994,1.);
#994 = DIRECTION('',(-0.,-1.));
#995 = ( GEOMETRIC_REPRESENTATION_CONTEXT(2) 
PARAMETRIC_REPRESENTATION_CONTEXT() REPRESENTATION_CONTEXT('2D SPACE',''
  ) );
#996 = ORIENTED_EDGE('',*,*,#997,.T.);
#997 = EDGE_CURVE('',#975,#998,#1000,.T.);
#998 = VERTEX_POINT('',#999);
#999 = CARTESIAN_POINT('',(2.999999999999,99.454763586266,0.));
#1000 = SURFACE_CURVE('',#1001,(#1005,#1012),.PCURVE_S1.);
#1001 = LINE('',#1002,#1003);
#1002 = CARTESIAN_POINT('',(3.,35.,0.));
#1003 = VECTOR('',#1004,1.);
#1004 = DIRECTION('',(1.110223024625E-16,1.,-0.));
#1005 = PCURVE('',#778,#1006);
#1006 = DEFINITIONAL_REPRESENTATION('',(#1007),#1011);
#1007 = LINE('',#1008,#1009);
#1008 = CARTESIAN_POINT('',(-0.,-2.5));
#1009 = VECTOR('',#1010,1.);
#1010 = DIRECTION('',(-1.,0.));
#1011 = ( GEOMETRIC_REPRESENTATION_CONTEXT(2) 
PARAMETRIC_REPRESENTATION_CONTEXT() REPRESENTATION_CONTEXT('2D SPACE',''
  ) );
#1012 = PCURVE('',#1013,#1018);
#1013 = PLANE('',#1014);
#1014 = AXIS2_PLACEMENT_3D('',#1015,#1016,#1017);
#1015 = CARTESIAN_POINT('',(7.49400541622E-15,67.5,0.));
#1016 = DIRECTION('',(-0.,-0.,-1.));
#1017 = DIRECTION('',(-1.110223024625E-16,-1.,0.));
#1018 = DEFINITIONAL_REPRESENTATION('',(#1019),#1023);
#1019 = LINE('',#1020,#1021);
#1020 = CARTESIAN_POINT('',(32.5,-3.));
#1021 = VECTOR('',#1022,1.);
#1022 = DIRECTION('',(-1.,0.));
#1023 = ( GEOMETRIC_REPRESENTATION_CONTEXT(2) 
PARAMETRIC_REPRESENTATION_CONTEXT() REPRESENTATION_CONTEXT('2D SPACE',''
  ) );
#1024 = ORIENTED_EDGE('',*,*,#1025,.F.);
#1025 = EDGE_CURVE('',#1026,#998,#1028,.T.);
#1026 = VERTEX_POINT('',#1027);
#1027 = CARTESIAN_POINT('',(2.999999999999,99.454763586266,2.5));
#1028 = SURFACE_CURVE('',#1029,(#1033,#1040),.PCURVE_S1.);
#1029 = LINE('',#1030,#1031);
#1030 = CARTESIAN_POINT('',(3.,99.454763586266,2.5));
#1031 = VECTOR('',#1032,1.);
#1032 = DIRECTION('',(-0.,-0.,-1.));
#1033 = PCURVE('',#778,#1034);
#1034 = DEFINITIONAL_REPRESENTATION('',(#1035),#1039);
#1035 = LINE('',#1036,#1037);
#1036 = CARTESIAN_POINT('',(-64.45476358626,0.));
#1037 = VECTOR('',#1038,1.);
#1038 = DIRECTION('',(-0.,-1.));
#1039 = ( GEOMETRIC_REPRESENTATION_CONTEXT(2) 
PARAMETRIC_REPRESENTATION_CONTEXT() REPRESENTATION_CONTEXT('2D SPACE',''
  ) );
#1040 = PCURVE('',#1041,#1046);
#1041 = CYLINDRICAL_SURFACE('',#1042,99.5);
#1042 = AXIS2_PLACEMENT_3D('',#1043,#1044,#1045);
#1043 = CARTESIAN_POINT('',(0.,0.,2.5));
#1044 = DIRECTION('',(-0.,-0.,-1.));
#1045 = DIRECTION('',(1.,-0.,-0.));
#1046 = DEFINITIONAL_REPRESENTATION('',(#1047),#1051);
#1047 = LINE('',#1048,#1049);
#1048 = CARTESIAN_POINT('',(-7.823826310155,0.));
#1049 = VECTOR('',#1050,1.);
#1050 = DIRECTION('',(-0.,1.));
#1051 = ( GEOMETRIC_REPRESENTATION_CONTEXT(2) 
PARAMETRIC_REPRESENTATION_CONTEXT() REPRESENTATION_CONTEXT('2D SPACE',''
  ) );
#1052 = ORIENTED_EDGE('',*,*,#1053,.F.);
#1053 = EDGE_CURVE('',#419,#1026,#1054,.T.);
#1054 = SURFACE_CURVE('',#1055,(#1059,#1066),.PCURVE_S1.);
#1055 = LINE('',#1056,#1057);
#1056 = CARTESIAN_POINT('',(3.,35.,2.5));
#1057 = VECTOR('',#1058,1.);
#1058 = DIRECTION('',(1.110223024625E-16,1.,-0.));
#1059 = PCURVE('',#778,#1060);
#1060 = DEFINITIONAL_REPRESENTATION('',(#1061),#1065);
#1061 = LINE('',#1062,#1063);
#1062 = CARTESIAN_POINT('',(-0.,0.));
#1063 = VECTOR('',#1064,1.);
#1064 = DIRECTION('',(-1.,0.));
#1065 = ( GEOMETRIC_REPRESENTATION_CONTEXT(2) 
PARAMETRIC_REPRESENTATION_CONTEXT() REPRESENTATION_CONTEXT('2D SPACE',''
  ) );
#1066 = PCURVE('',#843,#1067);
#1067 = DEFINITIONAL_REPRESENTATION('',(#1068),#1072);
#1068 = LINE('',#1069,#1070);
#1069 = CARTESIAN_POINT('',(87.598076211353,-28.81088913245));
#1070 = VECTOR('',#1071,1.);
#1071 = DIRECTION('',(0.5,-0.866025403784));
#1072 = ( GEOMETRIC_REPRESENTATION_CONTEXT(2) 
PARAMETRIC_REPRESENTATION_CONTEXT() REPRESENTATION_CONTEXT('2D SPACE',''
  ) );
#1073 = ADVANCED_FACE('',(#1074),#752,.F.);
#1074 = FACE_BOUND('',#1075,.T.);
#1075 = EDGE_LOOP('',(#1076,#1099,#1120,#1121));
#1076 = ORIENTED_EDGE('',*,*,#1077,.T.);
#1077 = EDGE_CURVE('',#709,#1078,#1080,.T.);
#1078 = VERTEX_POINT('',#1079);
#1079 = CARTESIAN_POINT('',(-3.,35.,0.));
#1080 = SURFACE_CURVE('',#1081,(#1085,#1092),.PCURVE_S1.);
#1081 = LINE('',#1082,#1083);
#1082 = CARTESIAN_POINT('',(-3.,35.,2.5));
#1083 = VECTOR('',#1084,1.);
#1084 = DIRECTION('',(-0.,-0.,-1.));
#1085 = PCURVE('',#752,#1086);
#1086 = DEFINITIONAL_REPRESENTATION('',(#1087),#1091);
#1087 = LINE('',#1088,#1089);
#1088 = CARTESIAN_POINT('',(-0.,0.));
#1089 = VECTOR('',#1090,1.);
#1090 = DIRECTION('',(-0.,-1.));
#1091 = ( GEOMETRIC_REPRESENTATION_CONTEXT(2) 
PARAMETRIC_REPRESENTATION_CONTEXT() REPRESENTATION_CONTEXT('2D SPACE',''
  ) );
#1092 = PCURVE('',#724,#1093);
#1093 = DEFINITIONAL_REPRESENTATION('',(#1094),#1098);
#1094 = LINE('',#1095,#1096);
#1095 = CARTESIAN_POINT('',(-65.,0.));
#1096 = VECTOR('',#1097,1.);
#1097 = DIRECTION('',(-0.,-1.));
#1098 = ( GEOMETRIC_REPRESENTATION_CONTEXT(2) 
PARAMETRIC_REPRESENTATION_CONTEXT() REPRESENTATION_CONTEXT('2D SPACE',''
  ) );
#1099 = ORIENTED_EDGE('',*,*,#1100,.T.);
#1100 = EDGE_CURVE('',#1078,#975,#1101,.T.);
#1101 = SURFACE_CURVE('',#1102,(#1106,#1113),.PCURVE_S1.);
#1102 = LINE('',#1103,#1104);
#1103 = CARTESIAN_POINT('',(-3.,35.,0.));
#1104 = VECTOR('',#1105,1.);
#1105 = DIRECTION('',(1.,-1.110223024625E-16,-0.));
#1106 = PCURVE('',#752,#1107);
#1107 = DEFINITIONAL_REPRESENTATION('',(#1108),#1112);
#1108 = LINE('',#1109,#1110);
#1109 = CARTESIAN_POINT('',(-0.,-2.5));
#1110 = VECTOR('',#1111,1.);
#1111 = DIRECTION('',(-1.,0.));
#1112 = ( GEOMETRIC_REPRESENTATION_CONTEXT(2) 
PARAMETRIC_REPRESENTATION_CONTEXT() REPRESENTATION_CONTEXT('2D SPACE',''
  ) );
#1113 = PCURVE('',#1013,#1114);
#1114 = DEFINITIONAL_REPRESENTATION('',(#1115),#1119);
#1115 = LINE('',#1116,#1117);
#1116 = CARTESIAN_POINT('',(32.5,3.));
#1117 = VECTOR('',#1118,1.);
#1118 = DIRECTION('',(-0.,-1.));
#1119 = ( GEOMETRIC_REPRESENTATION_CONTEXT(2) 
PARAMETRIC_REPRESENTATION_CONTEXT() REPRESENTATION_CONTEXT('2D SPACE',''
  ) );
#1120 = ORIENTED_EDGE('',*,*,#974,.F.);
#1121 = ORIENTED_EDGE('',*,*,#736,.F.);
#1122 = ADVANCED_FACE('',(#1123),#724,.F.);
#1123 = FACE_BOUND('',#1124,.T.);
#1124 = EDGE_LOOP('',(#1125,#1148,#1176,#1197,#1198));
#1125 = ORIENTED_EDGE('',*,*,#1126,.F.);
#1126 = EDGE_CURVE('',#1127,#681,#1129,.T.);
#1127 = VERTEX_POINT('',#1128);
#1128 = CARTESIAN_POINT('',(-3.000000000001,99.454763586266,2.5));
#1129 = SURFACE_CURVE('',#1130,(#1134,#1141),.PCURVE_S1.);
#1130 = LINE('',#1131,#1132);
#1131 = CARTESIAN_POINT('',(-3.,100.,2.5));
#1132 = VECTOR('',#1133,1.);
#1133 = DIRECTION('',(-1.110223024625E-16,-1.,-0.));
#1134 = PCURVE('',#724,#1135);
#1135 = DEFINITIONAL_REPRESENTATION('',(#1136),#1140);
#1136 = LINE('',#1137,#1138);
#1137 = CARTESIAN_POINT('',(0.,-0.));
#1138 = VECTOR('',#1139,1.);
#1139 = DIRECTION('',(-1.,0.));
#1140 = ( GEOMETRIC_REPRESENTATION_CONTEXT(2) 
PARAMETRIC_REPRESENTATION_CONTEXT() REPRESENTATION_CONTEXT('2D SPACE',''
  ) );
#1141 = PCURVE('',#843,#1142);
#1142 = DEFINITIONAL_REPRESENTATION('',(#1143),#1147);
#1143 = LINE('',#1144,#1145);
#1144 = CARTESIAN_POINT('',(114.90192378864,-88.10254037844));
#1145 = VECTOR('',#1146,1.);
#1146 = DIRECTION('',(-0.5,0.866025403784));
#1147 = ( GEOMETRIC_REPRESENTATION_CONTEXT(2) 
PARAMETRIC_REPRESENTATION_CONTEXT() REPRESENTATION_CONTEXT('2D SPACE',''
  ) );
#1148 = ORIENTED_EDGE('',*,*,#1149,.T.);
#1149 = EDGE_CURVE('',#1127,#1150,#1152,.T.);
#1150 = VERTEX_POINT('',#1151);
#1151 = CARTESIAN_POINT('',(-3.000000000001,99.454763586266,0.));
#1152 = SURFACE_CURVE('',#1153,(#1157,#1164),.PCURVE_S1.);
#1153 = LINE('',#1154,#1155);
#1154 = CARTESIAN_POINT('',(-3.,99.454763586266,2.5));
#1155 = VECTOR('',#1156,1.);
#1156 = DIRECTION('',(-0.,-0.,-1.));
#1157 = PCURVE('',#724,#1158);
#1158 = DEFINITIONAL_REPRESENTATION('',(#1159),#1163);
#1159 = LINE('',#1160,#1161);
#1160 = CARTESIAN_POINT('',(-0.545236413734,0.));
#1161 = VECTOR('',#1162,1.);
#1162 = DIRECTION('',(-0.,-1.));
#1163 = ( GEOMETRIC_REPRESENTATION_CONTEXT(2) 
PARAMETRIC_REPRESENTATION_CONTEXT() REPRESENTATION_CONTEXT('2D SPACE',''
  ) );
#1164 = PCURVE('',#1165,#1170);
#1165 = CYLINDRICAL_SURFACE('',#1166,99.5);
#1166 = AXIS2_PLACEMENT_3D('',#1167,#1168,#1169);
#1167 = CARTESIAN_POINT('',(0.,0.,2.5));
#1168 = DIRECTION('',(-0.,-0.,-1.));
#1169 = DIRECTION('',(1.,-0.,-0.));
#1170 = DEFINITIONAL_REPRESENTATION('',(#1171),#1175);
#1171 = LINE('',#1172,#1173);
#1172 = CARTESIAN_POINT('',(-1.600951650614,0.));
#1173 = VECTOR('',#1174,1.);
#1174 = DIRECTION('',(-0.,1.));
#1175 = ( GEOMETRIC_REPRESENTATION_CONTEXT(2) 
PARAMETRIC_REPRESENTATION_CONTEXT() REPRESENTATION_CONTEXT('2D SPACE',''
  ) );
#1176 = ORIENTED_EDGE('',*,*,#1177,.T.);
#1177 = EDGE_CURVE('',#1150,#1078,#1178,.T.);
#1178 = SURFACE_CURVE('',#1179,(#1183,#1190),.PCURVE_S1.);
#1179 = LINE('',#1180,#1181);
#1180 = CARTESIAN_POINT('',(-3.,100.,0.));
#1181 = VECTOR('',#1182,1.);
#1182 = DIRECTION('',(-1.110223024625E-16,-1.,-0.));
#1183 = PCURVE('',#724,#1184);
#1184 = DEFINITIONAL_REPRESENTATION('',(#1185),#1189);
#1185 = LINE('',#1186,#1187);
#1186 = CARTESIAN_POINT('',(-0.,-2.5));
#1187 = VECTOR('',#1188,1.);
#1188 = DIRECTION('',(-1.,0.));
#1189 = ( GEOMETRIC_REPRESENTATION_CONTEXT(2) 
PARAMETRIC_REPRESENTATION_CONTEXT() REPRESENTATION_CONTEXT('2D SPACE',''
  ) );
#1190 = PCURVE('',#1013,#1191);
#1191 = DEFINITIONAL_REPRESENTATION('',(#1192),#1196);
#1192 = LINE('',#1193,#1194);
#1193 = CARTESIAN_POINT('',(-32.5,3.));
#1194 = VECTOR('',#1195,1.);
#1195 = DIRECTION('',(1.,-0.));
#1196 = ( GEOMETRIC_REPRESENTATION_CONTEXT(2) 
PARAMETRIC_REPRESENTATION_CONTEXT() REPRESENTATION_CONTEXT('2D SPACE',''
  ) );
#1197 = ORIENTED_EDGE('',*,*,#1077,.F.);
#1198 = ORIENTED_EDGE('',*,*,#708,.F.);
#1199 = ADVANCED_FACE('',(#1200),#668,.F.);
#1200 = FACE_BOUND('',#1201,.T.);
#1201 = EDGE_LOOP('',(#1202,#1203,#1226,#1249,#1272));
#1202 = ORIENTED_EDGE('',*,*,#652,.F.);
#1203 = ORIENTED_EDGE('',*,*,#1204,.T.);
#1204 = EDGE_CURVE('',#625,#1205,#1207,.T.);
#1205 = VERTEX_POINT('',#1206);
#1206 = CARTESIAN_POINT('',(-31.81088913245,-14.90192378864,0.));
#1207 = SURFACE_CURVE('',#1208,(#1212,#1219),.PCURVE_S1.);
#1208 = LINE('',#1209,#1210);
#1209 = CARTESIAN_POINT('',(-31.81088913245,-14.90192378864,2.5));
#1210 = VECTOR('',#1211,1.);
#1211 = DIRECTION('',(-0.,-0.,-1.));
#1212 = PCURVE('',#668,#1213);
#1213 = DEFINITIONAL_REPRESENTATION('',(#1214),#1218);
#1214 = LINE('',#1215,#1216);
#1215 = CARTESIAN_POINT('',(0.,-0.));
#1216 = VECTOR('',#1217,1.);
#1217 = DIRECTION('',(-0.,-1.));
#1218 = ( GEOMETRIC_REPRESENTATION_CONTEXT(2) 
PARAMETRIC_REPRESENTATION_CONTEXT() REPRESENTATION_CONTEXT('2D SPACE',''
  ) );
#1219 = PCURVE('',#640,#1220);
#1220 = DEFINITIONAL_REPRESENTATION('',(#1221),#1225);
#1221 = LINE('',#1222,#1223);
#1222 = CARTESIAN_POINT('',(-6.,0.));
#1223 = VECTOR('',#1224,1.);
#1224 = DIRECTION('',(-0.,-1.));
#1225 = ( GEOMETRIC_REPRESENTATION_CONTEXT(2) 
PARAMETRIC_REPRESENTATION_CONTEXT() REPRESENTATION_CONTEXT('2D SPACE',''
  ) );
#1226 = ORIENTED_EDGE('',*,*,#1227,.T.);
#1227 = EDGE_CURVE('',#1205,#1228,#1230,.T.);
#1228 = VERTEX_POINT('',#1229);
#1229 = CARTESIAN_POINT('',(-87.63035179308,-47.12930558178,0.));
#1230 = SURFACE_CURVE('',#1231,(#1235,#1242),.PCURVE_S1.);
#1231 = LINE('',#1232,#1233);
#1232 = CARTESIAN_POINT('',(-31.81088913245,-14.90192378864,0.));
#1233 = VECTOR('',#1234,1.);
#1234 = DIRECTION('',(-0.866025403784,-0.5,-0.));
#1235 = PCURVE('',#668,#1236);
#1236 = DEFINITIONAL_REPRESENTATION('',(#1237),#1241);
#1237 = LINE('',#1238,#1239);
#1238 = CARTESIAN_POINT('',(-0.,-2.5));
#1239 = VECTOR('',#1240,1.);
#1240 = DIRECTION('',(-1.,0.));
#1241 = ( GEOMETRIC_REPRESENTATION_CONTEXT(2) 
PARAMETRIC_REPRESENTATION_CONTEXT() REPRESENTATION_CONTEXT('2D SPACE',''
  ) );
#1242 = PCURVE('',#1013,#1243);
#1243 = DEFINITIONAL_REPRESENTATION('',(#1244),#1248);
#1244 = LINE('',#1245,#1246);
#1245 = CARTESIAN_POINT('',(82.401923788647,31.810889132455));
#1246 = VECTOR('',#1247,1.);
#1247 = DIRECTION('',(0.5,0.866025403784));
#1248 = ( GEOMETRIC_REPRESENTATION_CONTEXT(2) 
PARAMETRIC_REPRESENTATION_CONTEXT() REPRESENTATION_CONTEXT('2D SPACE',''
  ) );
#1249 = ORIENTED_EDGE('',*,*,#1250,.F.);
#1250 = EDGE_CURVE('',#1251,#1228,#1253,.T.);
#1251 = VERTEX_POINT('',#1252);
#1252 = CARTESIAN_POINT('',(-87.63035179308,-47.12930558178,2.5));
#1253 = SURFACE_CURVE('',#1254,(#1258,#1265),.PCURVE_S1.);
#1254 = LINE('',#1255,#1256);
#1255 = CARTESIAN_POINT('',(-87.63035179308,-47.12930558178,2.5));
#1256 = VECTOR('',#1257,1.);
#1257 = DIRECTION('',(-0.,-0.,-1.));
#1258 = PCURVE('',#668,#1259);
#1259 = DEFINITIONAL_REPRESENTATION('',(#1260),#1264);
#1260 = LINE('',#1261,#1262);
#1261 = CARTESIAN_POINT('',(-64.45476358626,0.));
#1262 = VECTOR('',#1263,1.);
#1263 = DIRECTION('',(-0.,-1.));
#1264 = ( GEOMETRIC_REPRESENTATION_CONTEXT(2) 
PARAMETRIC_REPRESENTATION_CONTEXT() REPRESENTATION_CONTEXT('2D SPACE',''
  ) );
#1265 = PCURVE('',#1165,#1266);
#1266 = DEFINITIONAL_REPRESENTATION('',(#1267),#1271);
#1267 = LINE('',#1268,#1269);
#1268 = CARTESIAN_POINT('',(-3.635036105369,0.));
#1269 = VECTOR('',#1270,1.);
#1270 = DIRECTION('',(-0.,1.));
#1271 = ( GEOMETRIC_REPRESENTATION_CONTEXT(2) 
PARAMETRIC_REPRESENTATION_CONTEXT() REPRESENTATION_CONTEXT('2D SPACE',''
  ) );
#1272 = ORIENTED_EDGE('',*,*,#1273,.F.);
#1273 = EDGE_CURVE('',#653,#1251,#1274,.T.);
#1274 = SURFACE_CURVE('',#1275,(#1279,#1286),.PCURVE_S1.);
#1275 = LINE('',#1276,#1277);
#1276 = CARTESIAN_POINT('',(-31.81088913245,-14.90192378864,2.5));
#1277 = VECTOR('',#1278,1.);
#1278 = DIRECTION('',(-0.866025403784,-0.5,-0.));
#1279 = PCURVE('',#668,#1280);
#1280 = DEFINITIONAL_REPRESENTATION('',(#1281),#1285);
#1281 = LINE('',#1282,#1283);
#1282 = CARTESIAN_POINT('',(0.,-0.));
#1283 = VECTOR('',#1284,1.);
#1284 = DIRECTION('',(-1.,0.));
#1285 = ( GEOMETRIC_REPRESENTATION_CONTEXT(2) 
PARAMETRIC_REPRESENTATION_CONTEXT() REPRESENTATION_CONTEXT('2D SPACE',''
  ) );
#1286 = PCURVE('',#843,#1287);
#1287 = DEFINITIONAL_REPRESENTATION('',(#1288),#1292);
#1288 = LINE('',#1289,#1290);
#1289 = CARTESIAN_POINT('',(32.5,-3.));
#1290 = VECTOR('',#1291,1.);
#1291 = DIRECTION('',(-1.,0.));
#1292 = ( GEOMETRIC_REPRESENTATION_CONTEXT(2) 
PARAMETRIC_REPRESENTATION_CONTEXT() REPRESENTATION_CONTEXT('2D SPACE',''
  ) );
#1293 = ADVANCED_FACE('',(#1294),#640,.F.);
#1294 = FACE_BOUND('',#1295,.T.);
#1295 = EDGE_LOOP('',(#1296,#1319,#1340,#1341));
#1296 = ORIENTED_EDGE('',*,*,#1297,.T.);
#1297 = EDGE_CURVE('',#597,#1298,#1300,.T.);
#1298 = VERTEX_POINT('',#1299);
#1299 = CARTESIAN_POINT('',(-28.81088913245,-20.09807621135,0.));
#1300 = SURFACE_CURVE('',#1301,(#1305,#1312),.PCURVE_S1.);
#1301 = LINE('',#1302,#1303);
#1302 = CARTESIAN_POINT('',(-28.81088913245,-20.09807621135,2.5));
#1303 = VECTOR('',#1304,1.);
#1304 = DIRECTION('',(-0.,-0.,-1.));
#1305 = PCURVE('',#640,#1306);
#1306 = DEFINITIONAL_REPRESENTATION('',(#1307),#1311);
#1307 = LINE('',#1308,#1309);
#1308 = CARTESIAN_POINT('',(-0.,0.));
#1309 = VECTOR('',#1310,1.);
#1310 = DIRECTION('',(-0.,-1.));
#1311 = ( GEOMETRIC_REPRESENTATION_CONTEXT(2) 
PARAMETRIC_REPRESENTATION_CONTEXT() REPRESENTATION_CONTEXT('2D SPACE',''
  ) );
#1312 = PCURVE('',#612,#1313);
#1313 = DEFINITIONAL_REPRESENTATION('',(#1314),#1318);
#1314 = LINE('',#1315,#1316);
#1315 = CARTESIAN_POINT('',(-65.,0.));
#1316 = VECTOR('',#1317,1.);
#1317 = DIRECTION('',(-0.,-1.));
#1318 = ( GEOMETRIC_REPRESENTATION_CONTEXT(2) 
PARAMETRIC_REPRESENTATION_CONTEXT() REPRESENTATION_CONTEXT('2D SPACE',''
  ) );
#1319 = ORIENTED_EDGE('',*,*,#1320,.T.);
#1320 = EDGE_CURVE('',#1298,#1205,#1321,.T.);
#1321 = SURFACE_CURVE('',#1322,(#1326,#1333),.PCURVE_S1.);
#1322 = LINE('',#1323,#1324);
#1323 = CARTESIAN_POINT('',(-28.81088913245,-20.09807621135,0.));
#1324 = VECTOR('',#1325,1.);
#1325 = DIRECTION('',(-0.5,0.866025403784,-0.));
#1326 = PCURVE('',#640,#1327);
#1327 = DEFINITIONAL_REPRESENTATION('',(#1328),#1332);
#1328 = LINE('',#1329,#1330);
#1329 = CARTESIAN_POINT('',(-0.,-2.5));
#1330 = VECTOR('',#1331,1.);
#1331 = DIRECTION('',(-1.,0.));
#1332 = ( GEOMETRIC_REPRESENTATION_CONTEXT(2) 
PARAMETRIC_REPRESENTATION_CONTEXT() REPRESENTATION_CONTEXT('2D SPACE',''
  ) );
#1333 = PCURVE('',#1013,#1334);
#1334 = DEFINITIONAL_REPRESENTATION('',(#1335),#1339);
#1335 = LINE('',#1336,#1337);
#1336 = CARTESIAN_POINT('',(87.598076211353,28.810889132455));
#1337 = VECTOR('',#1338,1.);
#1338 = DIRECTION('',(-0.866025403784,0.5));
#1339 = ( GEOMETRIC_REPRESENTATION_CONTEXT(2) 
PARAMETRIC_REPRESENTATION_CONTEXT() REPRESENTATION_CONTEXT('2D SPACE',''
  ) );
#1340 = ORIENTED_EDGE('',*,*,#1204,.F.);
#1341 = ORIENTED_EDGE('',*,*,#624,.F.);
#1342 = ADVANCED_FACE('',(#1343),#612,.F.);
#1343 = FACE_BOUND('',#1344,.T.);
#1344 = EDGE_LOOP('',(#1345,#1368,#1396,#1417,#1418));
#1345 = ORIENTED_EDGE('',*,*,#1346,.F.);
#1346 = EDGE_CURVE('',#1347,#569,#1349,.T.);
#1347 = VERTEX_POINT('',#1348);
#1348 = CARTESIAN_POINT('',(-84.63035179308,-52.32545800448,2.5));
#1349 = SURFACE_CURVE('',#1350,(#1354,#1361),.PCURVE_S1.);
#1350 = LINE('',#1351,#1352);
#1351 = CARTESIAN_POINT('',(-85.10254037844,-52.59807621135,2.5));
#1352 = VECTOR('',#1353,1.);
#1353 = DIRECTION('',(0.866025403784,0.5,-0.));
#1354 = PCURVE('',#612,#1355);
#1355 = DEFINITIONAL_REPRESENTATION('',(#1356),#1360);
#1356 = LINE('',#1357,#1358);
#1357 = CARTESIAN_POINT('',(-0.,0.));
#1358 = VECTOR('',#1359,1.);
#1359 = DIRECTION('',(-1.,0.));
#1360 = ( GEOMETRIC_REPRESENTATION_CONTEXT(2) 
PARAMETRIC_REPRESENTATION_CONTEXT() REPRESENTATION_CONTEXT('2D SPACE',''
  ) );
#1361 = PCURVE('',#843,#1362);
#1362 = DEFINITIONAL_REPRESENTATION('',(#1363),#1367);
#1363 = LINE('',#1364,#1365);
#1364 = CARTESIAN_POINT('',(-32.5,3.));
#1365 = VECTOR('',#1366,1.);
#1366 = DIRECTION('',(1.,-0.));
#1367 = ( GEOMETRIC_REPRESENTATION_CONTEXT(2) 
PARAMETRIC_REPRESENTATION_CONTEXT() REPRESENTATION_CONTEXT('2D SPACE',''
  ) );
#1368 = ORIENTED_EDGE('',*,*,#1369,.T.);
#1369 = EDGE_CURVE('',#1347,#1370,#1372,.T.);
#1370 = VERTEX_POINT('',#1371);
#1371 = CARTESIAN_POINT('',(-84.63035179308,-52.32545800448,0.));
#1372 = SURFACE_CURVE('',#1373,(#1377,#1384),.PCURVE_S1.);
#1373 = LINE('',#1374,#1375);
#1374 = CARTESIAN_POINT('',(-84.63035179308,-52.32545800448,2.5));
#1375 = VECTOR('',#1376,1.);
#1376 = DIRECTION('',(-0.,-0.,-1.));
#1377 = PCURVE('',#612,#1378);
#1378 = DEFINITIONAL_REPRESENTATION('',(#1379),#1383);
#1379 = LINE('',#1380,#1381);
#1380 = CARTESIAN_POINT('',(-0.545236413734,0.));
#1381 = VECTOR('',#1382,1.);
#1382 = DIRECTION('',(-0.,-1.));
#1383 = ( GEOMETRIC_REPRESENTATION_CONTEXT(2) 
PARAMETRIC_REPRESENTATION_CONTEXT() REPRESENTATION_CONTEXT('2D SPACE',''
  ) );
#1384 = PCURVE('',#1385,#1390);
#1385 = CYLINDRICAL_SURFACE('',#1386,99.5);
#1386 = AXIS2_PLACEMENT_3D('',#1387,#1388,#1389);
#1387 = CARTESIAN_POINT('',(0.,0.,2.5));
#1388 = DIRECTION('',(-0.,-0.,-1.));
#1389 = DIRECTION('',(1.,-0.,-0.));
#1390 = DEFINITIONAL_REPRESENTATION('',(#1391),#1395);
#1391 = LINE('',#1392,#1393);
#1392 = CARTESIAN_POINT('',(-3.695346753007,0.));
#1393 = VECTOR('',#1394,1.);
#1394 = DIRECTION('',(-0.,1.));
#1395 = ( GEOMETRIC_REPRESENTATION_CONTEXT(2) 
PARAMETRIC_REPRESENTATION_CONTEXT() REPRESENTATION_CONTEXT('2D SPACE',''
  ) );
#1396 = ORIENTED_EDGE('',*,*,#1397,.T.);
#1397 = EDGE_CURVE('',#1370,#1298,#1398,.T.);
#1398 = SURFACE_CURVE('',#1399,(#1403,#1410),.PCURVE_S1.);
#1399 = LINE('',#1400,#1401);
#1400 = CARTESIAN_POINT('',(-85.10254037844,-52.59807621135,0.));
#1401 = VECTOR('',#1402,1.);
#1402 = DIRECTION('',(0.866025403784,0.5,-0.));
#1403 = PCURVE('',#612,#1404);
#1404 = DEFINITIONAL_REPRESENTATION('',(#1405),#1409);
#1405 = LINE('',#1406,#1407);
#1406 = CARTESIAN_POINT('',(-0.,-2.5));
#1407 = VECTOR('',#1408,1.);
#1408 = DIRECTION('',(-1.,0.));
#1409 = ( GEOMETRIC_REPRESENTATION_CONTEXT(2) 
PARAMETRIC_REPRESENTATION_CONTEXT() REPRESENTATION_CONTEXT('2D SPACE',''
  ) );
#1410 = PCURVE('',#1013,#1411);
#1411 = DEFINITIONAL_REPRESENTATION('',(#1412),#1416);
#1412 = LINE('',#1413,#1414);
#1413 = CARTESIAN_POINT('',(120.09807621135,85.102540378444));
#1414 = VECTOR('',#1415,1.);
#1415 = DIRECTION('',(-0.5,-0.866025403784));
#1416 = ( GEOMETRIC_REPRESENTATION_CONTEXT(2) 
PARAMETRIC_REPRESENTATION_CONTEXT() REPRESENTATION_CONTEXT('2D SPACE',''
  ) );
#1417 = ORIENTED_EDGE('',*,*,#1297,.F.);
#1418 = ORIENTED_EDGE('',*,*,#596,.F.);
#1419 = ADVANCED_FACE('',(#1420),#556,.F.);
#1420 = FACE_BOUND('',#1421,.T.);
#1421 = EDGE_LOOP('',(#1422,#1423,#1446,#1469,#1492));
#1422 = ORIENTED_EDGE('',*,*,#540,.F.);
#1423 = ORIENTED_EDGE('',*,*,#1424,.T.);
#1424 = EDGE_CURVE('',#513,#1425,#1427,.T.);
#1425 = VERTEX_POINT('',#1426);
#1426 = CARTESIAN_POINT('',(28.810889132455,-20.09807621135,0.));
#1427 = SURFACE_CURVE('',#1428,(#1432,#1439),.PCURVE_S1.);
#1428 = LINE('',#1429,#1430);
#1429 = CARTESIAN_POINT('',(28.810889132455,-20.09807621135,2.5));
#1430 = VECTOR('',#1431,1.);
#1431 = DIRECTION('',(-0.,-0.,-1.));
#1432 = PCURVE('',#556,#1433);
#1433 = DEFINITIONAL_REPRESENTATION('',(#1434),#1438);
#1434 = LINE('',#1435,#1436);
#1435 = CARTESIAN_POINT('',(-0.,0.));
#1436 = VECTOR('',#1437,1.);
#1437 = DIRECTION('',(-0.,-1.));
#1438 = ( GEOMETRIC_REPRESENTATION_CONTEXT(2) 
PARAMETRIC_REPRESENTATION_CONTEXT() REPRESENTATION_CONTEXT('2D SPACE',''
  ) );
#1439 = PCURVE('',#528,#1440);
#1440 = DEFINITIONAL_REPRESENTATION('',(#1441),#1445);
#1441 = LINE('',#1442,#1443);
#1442 = CARTESIAN_POINT('',(-6.,0.));
#1443 = VECTOR('',#1444,1.);
#1444 = DIRECTION('',(-0.,-1.));
#1445 = ( GEOMETRIC_REPRESENTATION_CONTEXT(2) 
PARAMETRIC_REPRESENTATION_CONTEXT() REPRESENTATION_CONTEXT('2D SPACE',''
  ) );
#1446 = ORIENTED_EDGE('',*,*,#1447,.T.);
#1447 = EDGE_CURVE('',#1425,#1448,#1450,.T.);
#1448 = VERTEX_POINT('',#1449);
#1449 = CARTESIAN_POINT('',(84.630351793082,-52.32545800448,0.));
#1450 = SURFACE_CURVE('',#1451,(#1455,#1462),.PCURVE_S1.);
#1451 = LINE('',#1452,#1453);
#1452 = CARTESIAN_POINT('',(28.810889132455,-20.09807621135,0.));
#1453 = VECTOR('',#1454,1.);
#1454 = DIRECTION('',(0.866025403784,-0.5,-0.));
#1455 = PCURVE('',#556,#1456);
#1456 = DEFINITIONAL_REPRESENTATION('',(#1457),#1461);
#1457 = LINE('',#1458,#1459);
#1458 = CARTESIAN_POINT('',(-0.,-2.5));
#1459 = VECTOR('',#1460,1.);
#1460 = DIRECTION('',(-1.,0.));
#1461 = ( GEOMETRIC_REPRESENTATION_CONTEXT(2) 
PARAMETRIC_REPRESENTATION_CONTEXT() REPRESENTATION_CONTEXT('2D SPACE',''
  ) );
#1462 = PCURVE('',#1013,#1463);
#1463 = DEFINITIONAL_REPRESENTATION('',(#1464),#1468);
#1464 = LINE('',#1465,#1466);
#1465 = CARTESIAN_POINT('',(87.598076211353,-28.81088913245));
#1466 = VECTOR('',#1467,1.);
#1467 = DIRECTION('',(0.5,-0.866025403784));
#1468 = ( GEOMETRIC_REPRESENTATION_CONTEXT(2) 
PARAMETRIC_REPRESENTATION_CONTEXT() REPRESENTATION_CONTEXT('2D SPACE',''
  ) );
#1469 = ORIENTED_EDGE('',*,*,#1470,.F.);
#1470 = EDGE_CURVE('',#1471,#1448,#1473,.T.);
#1471 = VERTEX_POINT('',#1472);
#1472 = CARTESIAN_POINT('',(84.630351793082,-52.32545800448,2.5));
#1473 = SURFACE_CURVE('',#1474,(#1478,#1485),.PCURVE_S1.);
#1474 = LINE('',#1475,#1476);
#1475 = CARTESIAN_POINT('',(84.630351793082,-52.32545800448,2.5));
#1476 = VECTOR('',#1477,1.);
#1477 = DIRECTION('',(-0.,-0.,-1.));
#1478 = PCURVE('',#556,#1479);
#1479 = DEFINITIONAL_REPRESENTATION('',(#1480),#1484);
#1480 = LINE('',#1481,#1482);
#1481 = CARTESIAN_POINT('',(-64.45476358626,0.));
#1482 = VECTOR('',#1483,1.);
#1483 = DIRECTION('',(-0.,-1.));
#1484 = ( GEOMETRIC_REPRESENTATION_CONTEXT(2) 
PARAMETRIC_REPRESENTATION_CONTEXT() REPRESENTATION_CONTEXT('2D SPACE',''
  ) );
#1485 = PCURVE('',#1385,#1486);
#1486 = DEFINITIONAL_REPRESENTATION('',(#1487),#1491);
#1487 = LINE('',#1488,#1489);
#1488 = CARTESIAN_POINT('',(-5.729431207762,0.));
#1489 = VECTOR('',#1490,1.);
#1490 = DIRECTION('',(-0.,1.));
#1491 = ( GEOMETRIC_REPRESENTATION_CONTEXT(2) 
PARAMETRIC_REPRESENTATION_CONTEXT() REPRESENTATION_CONTEXT('2D SPACE',''
  ) );
#1492 = ORIENTED_EDGE('',*,*,#1493,.F.);
#1493 = EDGE_CURVE('',#541,#1471,#1494,.T.);
#1494 = SURFACE_CURVE('',#1495,(#1499,#1506),.PCURVE_S1.);
#1495 = LINE('',#1496,#1497);
#1496 = CARTESIAN_POINT('',(28.810889132455,-20.09807621135,2.5));
#1497 = VECTOR('',#1498,1.);
#1498 = DIRECTION('',(0.866025403784,-0.5,-0.));
#1499 = PCURVE('',#556,#1500);
#1500 = DEFINITIONAL_REPRESENTATION('',(#1501),#1505);
#1501 = LINE('',#1502,#1503);
#1502 = CARTESIAN_POINT('',(-0.,0.));
#1503 = VECTOR('',#1504,1.);
#1504 = DIRECTION('',(-1.,0.));
#1505 = ( GEOMETRIC_REPRESENTATION_CONTEXT(2) 
PARAMETRIC_REPRESENTATION_CONTEXT() REPRESENTATION_CONTEXT('2D SPACE',''
  ) );
#1506 = PCURVE('',#843,#1507);
#1507 = DEFINITIONAL_REPRESENTATION('',(#1508),#1512);
#1508 = LINE('',#1509,#1510);
#1509 = CARTESIAN_POINT('',(82.401923788647,31.810889132455));
#1510 = VECTOR('',#1511,1.);
#1511 = DIRECTION('',(0.5,0.866025403784));
#1512 = ( GEOMETRIC_REPRESENTATION_CONTEXT(2) 
PARAMETRIC_REPRESENTATION_CONTEXT() REPRESENTATION_CONTEXT('2D SPACE',''
  ) );
#1513 = ADVANCED_FACE('',(#1514),#528,.F.);
#1514 = FACE_BOUND('',#1515,.T.);
#1515 = EDGE_LOOP('',(#1516,#1539,#1560,#1561));
#1516 = ORIENTED_EDGE('',*,*,#1517,.T.);
#1517 = EDGE_CURVE('',#485,#1518,#1520,.T.);
#1518 = VERTEX_POINT('',#1519);
#1519 = CARTESIAN_POINT('',(31.810889132455,-14.90192378864,0.));
#1520 = SURFACE_CURVE('',#1521,(#1525,#1532),.PCURVE_S1.);
#1521 = LINE('',#1522,#1523);
#1522 = CARTESIAN_POINT('',(31.810889132455,-14.90192378864,2.5));
#1523 = VECTOR('',#1524,1.);
#1524 = DIRECTION('',(-0.,-0.,-1.));
#1525 = PCURVE('',#528,#1526);
#1526 = DEFINITIONAL_REPRESENTATION('',(#1527),#1531);
#1527 = LINE('',#1528,#1529);
#1528 = CARTESIAN_POINT('',(0.,-0.));
#1529 = VECTOR('',#1530,1.);
#1530 = DIRECTION('',(-0.,-1.));
#1531 = ( GEOMETRIC_REPRESENTATION_CONTEXT(2) 
PARAMETRIC_REPRESENTATION_CONTEXT() REPRESENTATION_CONTEXT('2D SPACE',''
  ) );
#1532 = PCURVE('',#500,#1533);
#1533 = DEFINITIONAL_REPRESENTATION('',(#1534),#1538);
#1534 = LINE('',#1535,#1536);
#1535 = CARTESIAN_POINT('',(-65.,0.));
#1536 = VECTOR('',#1537,1.);
#1537 = DIRECTION('',(-0.,-1.));
#1538 = ( GEOMETRIC_REPRESENTATION_CONTEXT(2) 
PARAMETRIC_REPRESENTATION_CONTEXT() REPRESENTATION_CONTEXT('2D SPACE',''
  ) );
#1539 = ORIENTED_EDGE('',*,*,#1540,.T.);
#1540 = EDGE_CURVE('',#1518,#1425,#1541,.T.);
#1541 = SURFACE_CURVE('',#1542,(#1546,#1553),.PCURVE_S1.);
#1542 = LINE('',#1543,#1544);
#1543 = CARTESIAN_POINT('',(31.810889132455,-14.90192378864,0.));
#1544 = VECTOR('',#1545,1.);
#1545 = DIRECTION('',(-0.5,-0.866025403784,-0.));
#1546 = PCURVE('',#528,#1547);
#1547 = DEFINITIONAL_REPRESENTATION('',(#1548),#1552);
#1548 = LINE('',#1549,#1550);
#1549 = CARTESIAN_POINT('',(-0.,-2.5));
#1550 = VECTOR('',#1551,1.);
#1551 = DIRECTION('',(-1.,0.));
#1552 = ( GEOMETRIC_REPRESENTATION_CONTEXT(2) 
PARAMETRIC_REPRESENTATION_CONTEXT() REPRESENTATION_CONTEXT('2D SPACE',''
  ) );
#1553 = PCURVE('',#1013,#1554);
#1554 = DEFINITIONAL_REPRESENTATION('',(#1555),#1559);
#1555 = LINE('',#1556,#1557);
#1556 = CARTESIAN_POINT('',(82.401923788647,-31.81088913245));
#1557 = VECTOR('',#1558,1.);
#1558 = DIRECTION('',(0.866025403784,0.5));
#1559 = ( GEOMETRIC_REPRESENTATION_CONTEXT(2) 
PARAMETRIC_REPRESENTATION_CONTEXT() REPRESENTATION_CONTEXT('2D SPACE',''
  ) );
#1560 = ORIENTED_EDGE('',*,*,#1424,.F.);
#1561 = ORIENTED_EDGE('',*,*,#512,.F.);
#1562 = ADVANCED_FACE('',(#1563),#500,.F.);
#1563 = FACE_BOUND('',#1564,.T.);
#1564 = EDGE_LOOP('',(#1565,#1588,#1611,#1632,#1633));
#1565 = ORIENTED_EDGE('',*,*,#1566,.F.);
#1566 = EDGE_CURVE('',#1567,#457,#1569,.T.);
#1567 = VERTEX_POINT('',#1568);
#1568 = CARTESIAN_POINT('',(87.630351793082,-47.12930558178,2.5));
#1569 = SURFACE_CURVE('',#1570,(#1574,#1581),.PCURVE_S1.);
#1570 = LINE('',#1571,#1572);
#1571 = CARTESIAN_POINT('',(88.102540378444,-47.40192378864,2.5));
#1572 = VECTOR('',#1573,1.);
#1573 = DIRECTION('',(-0.866025403784,0.5,-0.));
#1574 = PCURVE('',#500,#1575);
#1575 = DEFINITIONAL_REPRESENTATION('',(#1576),#1580);
#1576 = LINE('',#1577,#1578);
#1577 = CARTESIAN_POINT('',(-0.,0.));
#1578 = VECTOR('',#1579,1.);
#1579 = DIRECTION('',(-1.,0.));
#1580 = ( GEOMETRIC_REPRESENTATION_CONTEXT(2) 
PARAMETRIC_REPRESENTATION_CONTEXT() REPRESENTATION_CONTEXT('2D SPACE',''
  ) );
#1581 = PCURVE('',#843,#1582);
#1582 = DEFINITIONAL_REPRESENTATION('',(#1583),#1587);
#1583 = LINE('',#1584,#1585);
#1584 = CARTESIAN_POINT('',(120.09807621135,85.102540378444));
#1585 = VECTOR('',#1586,1.);
#1586 = DIRECTION('',(-0.5,-0.866025403784));
#1587 = ( GEOMETRIC_REPRESENTATION_CONTEXT(2) 
PARAMETRIC_REPRESENTATION_CONTEXT() REPRESENTATION_CONTEXT('2D SPACE',''
  ) );
#1588 = ORIENTED_EDGE('',*,*,#1589,.T.);
#1589 = EDGE_CURVE('',#1567,#1590,#1592,.T.);
#1590 = VERTEX_POINT('',#1591);
#1591 = CARTESIAN_POINT('',(87.630351793082,-47.12930558178,0.));
#1592 = SURFACE_CURVE('',#1593,(#1597,#1604),.PCURVE_S1.);
#1593 = LINE('',#1594,#1595);
#1594 = CARTESIAN_POINT('',(87.630351793082,-47.12930558178,2.5));
#1595 = VECTOR('',#1596,1.);
#1596 = DIRECTION('',(-0.,-0.,-1.));
#1597 = PCURVE('',#500,#1598);
#1598 = DEFINITIONAL_REPRESENTATION('',(#1599),#1603);
#1599 = LINE('',#1600,#1601);
#1600 = CARTESIAN_POINT('',(-0.545236413734,0.));
#1601 = VECTOR('',#1602,1.);
#1602 = DIRECTION('',(-0.,-1.));
#1603 = ( GEOMETRIC_REPRESENTATION_CONTEXT(2) 
PARAMETRIC_REPRESENTATION_CONTEXT() REPRESENTATION_CONTEXT('2D SPACE',''
  ) );
#1604 = PCURVE('',#1041,#1605);
#1605 = DEFINITIONAL_REPRESENTATION('',(#1606),#1610);
#1606 = LINE('',#1607,#1608);
#1607 = CARTESIAN_POINT('',(-5.789741855401,0.));
#1608 = VECTOR('',#1609,1.);
#1609 = DIRECTION('',(-0.,1.));
#1610 = ( GEOMETRIC_REPRESENTATION_CONTEXT(2) 
PARAMETRIC_REPRESENTATION_CONTEXT() REPRESENTATION_CONTEXT('2D SPACE',''
  ) );
#1611 = ORIENTED_EDGE('',*,*,#1612,.T.);
#1612 = EDGE_CURVE('',#1590,#1518,#1613,.T.);
#1613 = SURFACE_CURVE('',#1614,(#1618,#1625),.PCURVE_S1.);
#1614 = LINE('',#1615,#1616);
#1615 = CARTESIAN_POINT('',(88.102540378444,-47.40192378864,0.));
#1616 = VECTOR('',#1617,1.);
#1617 = DIRECTION('',(-0.866025403784,0.5,-0.));
#1618 = PCURVE('',#500,#1619);
#1619 = DEFINITIONAL_REPRESENTATION('',(#1620),#1624);
#1620 = LINE('',#1621,#1622);
#1621 = CARTESIAN_POINT('',(-0.,-2.5));
#1622 = VECTOR('',#1623,1.);
#1623 = DIRECTION('',(-1.,0.));
#1624 = ( GEOMETRIC_REPRESENTATION_CONTEXT(2) 
PARAMETRIC_REPRESENTATION_CONTEXT() REPRESENTATION_CONTEXT('2D SPACE',''
  ) );
#1625 = PCURVE('',#1013,#1626);
#1626 = DEFINITIONAL_REPRESENTATION('',(#1627),#1631);
#1627 = LINE('',#1628,#1629);
#1628 = CARTESIAN_POINT('',(114.90192378864,-88.10254037844));
#1629 = VECTOR('',#1630,1.);
#1630 = DIRECTION('',(-0.5,0.866025403784));
#1631 = ( GEOMETRIC_REPRESENTATION_CONTEXT(2) 
PARAMETRIC_REPRESENTATION_CONTEXT() REPRESENTATION_CONTEXT('2D SPACE',''
  ) );
#1632 = ORIENTED_EDGE('',*,*,#1517,.F.);
#1633 = ORIENTED_EDGE('',*,*,#484,.F.);
#1634 = ADVANCED_FACE('',(#1635),#813,.F.);
#1635 = FACE_BOUND('',#1636,.T.);
#1636 = EDGE_LOOP('',(#1637,#1670,#1691,#1692));
#1637 = ORIENTED_EDGE('',*,*,#1638,.T.);
#1638 = EDGE_CURVE('',#1639,#1639,#1641,.T.);
#1639 = VERTEX_POINT('',#1640);
#1640 = CARTESIAN_POINT('',(32.,0.,13.5));
#1641 = SURFACE_CURVE('',#1642,(#1647,#1654),.PCURVE_S1.);
#1642 = CIRCLE('',#1643,32.);
#1643 = AXIS2_PLACEMENT_3D('',#1644,#1645,#1646);
#1644 = CARTESIAN_POINT('',(0.,0.,13.5));
#1645 = DIRECTION('',(0.,0.,1.));
#1646 = DIRECTION('',(1.,-0.,-0.));
#1647 = PCURVE('',#813,#1648);
#1648 = DEFINITIONAL_REPRESENTATION('',(#1649),#1653);
#1649 = LINE('',#1650,#1651);
#1650 = CARTESIAN_POINT('',(-0.,0.));
#1651 = VECTOR('',#1652,1.);
#1652 = DIRECTION('',(-1.,0.));
#1653 = ( GEOMETRIC_REPRESENTATION_CONTEXT(2) 
PARAMETRIC_REPRESENTATION_CONTEXT() REPRESENTATION_CONTEXT('2D SPACE',''
  ) );
#1654 = PCURVE('',#1655,#1660);
#1655 = PLANE('',#1656);
#1656 = AXIS2_PLACEMENT_3D('',#1657,#1658,#1659);
#1657 = CARTESIAN_POINT('',(0.,0.,13.5));
#1658 = DIRECTION('',(-0.,-0.,-1.));
#1659 = DIRECTION('',(-1.,0.,0.));
#1660 = DEFINITIONAL_REPRESENTATION('',(#1661),#1669);
#1661 = ( BOUNDED_CURVE() B_SPLINE_CURVE(2,(#1662,#1663,#1664,#1665,
#1666,#1667,#1668),.UNSPECIFIED.,.T.,.F.) B_SPLINE_CURVE_WITH_KNOTS((1,2
    ,2,2,2,1),(-2.094395102393,0.,2.094395102393,4.188790204786,
6.28318530718,8.377580409573),.UNSPECIFIED.) CURVE() 
GEOMETRIC_REPRESENTATION_ITEM() RATIONAL_B_SPLINE_CURVE((1.,0.5,1.,0.5,
1.,0.5,1.)) REPRESENTATION_ITEM('') );
#1662 = CARTESIAN_POINT('',(-32.,0.));
#1663 = CARTESIAN_POINT('',(-32.,55.425625842204));
#1664 = CARTESIAN_POINT('',(16.,27.712812921102));
#1665 = CARTESIAN_POINT('',(64.,7.837739514543E-15));
#1666 = CARTESIAN_POINT('',(16.,-27.7128129211));
#1667 = CARTESIAN_POINT('',(-32.,-55.4256258422));
#1668 = CARTESIAN_POINT('',(-32.,0.));
#1669 = ( GEOMETRIC_REPRESENTATION_CONTEXT(2) 
PARAMETRIC_REPRESENTATION_CONTEXT() REPRESENTATION_CONTEXT('2D SPACE',''
  ) );
#1670 = ORIENTED_EDGE('',*,*,#1671,.T.);
#1671 = EDGE_CURVE('',#1639,#793,#1672,.T.);
#1672 = SEAM_CURVE('',#1673,(#1677,#1684),.PCURVE_S1.);
#1673 = LINE('',#1674,#1675);
#1674 = CARTESIAN_POINT('',(32.,0.,13.5));
#1675 = VECTOR('',#1676,1.);
#1676 = DIRECTION('',(-0.,-0.,-1.));
#1677 = PCURVE('',#813,#1678);
#1678 = DEFINITIONAL_REPRESENTATION('',(#1679),#1683);
#1679 = LINE('',#1680,#1681);
#1680 = CARTESIAN_POINT('',(-0.,0.));
#1681 = VECTOR('',#1682,1.);
#1682 = DIRECTION('',(-0.,1.));
#1683 = ( GEOMETRIC_REPRESENTATION_CONTEXT(2) 
PARAMETRIC_REPRESENTATION_CONTEXT() REPRESENTATION_CONTEXT('2D SPACE',''
  ) );
#1684 = PCURVE('',#813,#1685);
#1685 = DEFINITIONAL_REPRESENTATION('',(#1686),#1690);
#1686 = LINE('',#1687,#1688);
#1687 = CARTESIAN_POINT('',(-6.28318530718,0.));
#1688 = VECTOR('',#1689,1.);
#1689 = DIRECTION('',(-0.,1.));
#1690 = ( GEOMETRIC_REPRESENTATION_CONTEXT(2) 
PARAMETRIC_REPRESENTATION_CONTEXT() REPRESENTATION_CONTEXT('2D SPACE',''
  ) );
#1691 = ORIENTED_EDGE('',*,*,#792,.F.);
#1692 = ORIENTED_EDGE('',*,*,#1671,.F.);
#1693 = ADVANCED_FACE('',(#1694,#1729),#843,.F.);
#1694 = FACE_BOUND('',#1695,.T.);
#1695 = EDGE_LOOP('',(#1696));
#1696 = ORIENTED_EDGE('',*,*,#1697,.T.);
#1697 = EDGE_CURVE('',#1698,#1698,#1700,.T.);
#1698 = VERTEX_POINT('',#1699);
#1699 = CARTESIAN_POINT('',(105.75,0.,2.5));
#1700 = SURFACE_CURVE('',#1701,(#1706,#1717),.PCURVE_S1.);
#1701 = CIRCLE('',#1702,105.75);
#1702 = AXIS2_PLACEMENT_3D('',#1703,#1704,#1705);
#1703 = CARTESIAN_POINT('',(0.,0.,2.5));
#1704 = DIRECTION('',(0.,0.,1.));
#1705 = DIRECTION('',(1.,-0.,-0.));
#1706 = PCURVE('',#843,#1707);
#1707 = DEFINITIONAL_REPRESENTATION('',(#1708),#1716);
#1708 = ( BOUNDED_CURVE() B_SPLINE_CURVE(2,(#1709,#1710,#1711,#1712,
#1713,#1714,#1715),.UNSPECIFIED.,.T.,.F.) B_SPLINE_CURVE_WITH_KNOTS((1,2
    ,2,2,2,1),(-2.094395102393,0.,2.094395102393,4.188790204786,
6.28318530718,8.377580409573),.UNSPECIFIED.) CURVE() 
GEOMETRIC_REPRESENTATION_ITEM() RATIONAL_B_SPLINE_CURVE((1.,0.5,1.,0.5,
1.,0.5,1.)) REPRESENTATION_ITEM('') );
#1709 = CARTESIAN_POINT('',(159.0821864502,52.875));
#1710 = CARTESIAN_POINT('',(250.6643729004,-105.75));
#1711 = CARTESIAN_POINT('',(67.5,-105.75));
#1712 = CARTESIAN_POINT('',(-115.6643729004,-105.75));
#1713 = CARTESIAN_POINT('',(-24.0821864502,52.875));
#1714 = CARTESIAN_POINT('',(67.5,211.5));
#1715 = CARTESIAN_POINT('',(159.0821864502,52.875));
#1716 = ( GEOMETRIC_REPRESENTATION_CONTEXT(2) 
PARAMETRIC_REPRESENTATION_CONTEXT() REPRESENTATION_CONTEXT('2D SPACE',''
  ) );
#1717 = PCURVE('',#1718,#1723);
#1718 = CYLINDRICAL_SURFACE('',#1719,105.75);
#1719 = AXIS2_PLACEMENT_3D('',#1720,#1721,#1722);
#1720 = CARTESIAN_POINT('',(0.,0.,6.5));
#1721 = DIRECTION('',(-0.,-0.,-1.));
#1722 = DIRECTION('',(1.,-0.,-0.));
#1723 = DEFINITIONAL_REPRESENTATION('',(#1724),#1728);
#1724 = LINE('',#1725,#1726);
#1725 = CARTESIAN_POINT('',(-0.,4.));
#1726 = VECTOR('',#1727,1.);
#1727 = DIRECTION('',(-1.,0.));
#1728 = ( GEOMETRIC_REPRESENTATION_CONTEXT(2) 
PARAMETRIC_REPRESENTATION_CONTEXT() REPRESENTATION_CONTEXT('2D SPACE',''
  ) );
#1729 = FACE_BOUND('',#1730,.T.);
#1730 = EDGE_LOOP('',(#1731,#1732,#1733,#1759,#1760,#1761,#1762,#1788,
    #1789,#1790,#1791,#1817));
#1731 = ORIENTED_EDGE('',*,*,#828,.F.);
#1732 = ORIENTED_EDGE('',*,*,#1273,.T.);
#1733 = ORIENTED_EDGE('',*,*,#1734,.F.);
#1734 = EDGE_CURVE('',#1127,#1251,#1735,.T.);
#1735 = SURFACE_CURVE('',#1736,(#1741,#1752),.PCURVE_S1.);
#1736 = CIRCLE('',#1737,99.5);
#1737 = AXIS2_PLACEMENT_3D('',#1738,#1739,#1740);
#1738 = CARTESIAN_POINT('',(0.,0.,2.5));
#1739 = DIRECTION('',(0.,0.,1.));
#1740 = DIRECTION('',(1.,-0.,-0.));
#1741 = PCURVE('',#843,#1742);
#1742 = DEFINITIONAL_REPRESENTATION('',(#1743),#1751);
#1743 = ( BOUNDED_CURVE() B_SPLINE_CURVE(2,(#1744,#1745,#1746,#1747,
#1748,#1749,#1750),.UNSPECIFIED.,.T.,.F.) B_SPLINE_CURVE_WITH_KNOTS((1,2
    ,2,2,2,1),(-2.094395102393,0.,2.094395102393,4.188790204786,
6.28318530718,8.377580409573),.UNSPECIFIED.) CURVE() 
GEOMETRIC_REPRESENTATION_ITEM() RATIONAL_B_SPLINE_CURVE((1.,0.5,1.,0.5,
1.,0.5,1.)) REPRESENTATION_ITEM('') );
#1744 = CARTESIAN_POINT('',(153.66952767655,49.75));
#1745 = CARTESIAN_POINT('',(239.8390553531,-99.5));
#1746 = CARTESIAN_POINT('',(67.5,-99.5));
#1747 = CARTESIAN_POINT('',(-104.8390553531,-99.5));
#1748 = CARTESIAN_POINT('',(-18.66952767655,49.75));
#1749 = CARTESIAN_POINT('',(67.5,199.));
#1750 = CARTESIAN_POINT('',(153.66952767655,49.75));
#1751 = ( GEOMETRIC_REPRESENTATION_CONTEXT(2) 
PARAMETRIC_REPRESENTATION_CONTEXT() REPRESENTATION_CONTEXT('2D SPACE',''
  ) );
#1752 = PCURVE('',#1165,#1753);
#1753 = DEFINITIONAL_REPRESENTATION('',(#1754),#1758);
#1754 = LINE('',#1755,#1756);
#1755 = CARTESIAN_POINT('',(-0.,0.));
#1756 = VECTOR('',#1757,1.);
#1757 = DIRECTION('',(-1.,0.));
#1758 = ( GEOMETRIC_REPRESENTATION_CONTEXT(2) 
PARAMETRIC_REPRESENTATION_CONTEXT() REPRESENTATION_CONTEXT('2D SPACE',''
  ) );
#1759 = ORIENTED_EDGE('',*,*,#1126,.T.);
#1760 = ORIENTED_EDGE('',*,*,#943,.F.);
#1761 = ORIENTED_EDGE('',*,*,#1053,.T.);
#1762 = ORIENTED_EDGE('',*,*,#1763,.F.);
#1763 = EDGE_CURVE('',#1567,#1026,#1764,.T.);
#1764 = SURFACE_CURVE('',#1765,(#1770,#1781),.PCURVE_S1.);
#1765 = CIRCLE('',#1766,99.5);
#1766 = AXIS2_PLACEMENT_3D('',#1767,#1768,#1769);
#1767 = CARTESIAN_POINT('',(0.,0.,2.5));
#1768 = DIRECTION('',(0.,-0.,1.));
#1769 = DIRECTION('',(-0.850556299428,-0.525884000045,-0.));
#1770 = PCURVE('',#843,#1771);
#1771 = DEFINITIONAL_REPRESENTATION('',(#1772),#1780);
#1772 = ( BOUNDED_CURVE() B_SPLINE_CURVE(2,(#1773,#1774,#1775,#1776,
#1777,#1778,#1779),.UNSPECIFIED.,.T.,.F.) B_SPLINE_CURVE_WITH_KNOTS((1,2
    ,2,2,2,1),(-2.094395102393,0.,2.094395102393,4.188790204786,
6.28318530718,8.377580409573),.UNSPECIFIED.) CURVE() 
GEOMETRIC_REPRESENTATION_ITEM() RATIONAL_B_SPLINE_CURVE((1.,0.5,1.,0.5,
1.,0.5,1.)) REPRESENTATION_ITEM('') );
#1773 = CARTESIAN_POINT('',(-31.95476358626,2.999999999999));
#1774 = CARTESIAN_POINT('',(-26.75861116356,175.26070358616));
#1775 = CARTESIAN_POINT('',(119.82545800448,84.630351793082));
#1776 = CARTESIAN_POINT('',(266.40952717253,-5.999999999997));
#1777 = CARTESIAN_POINT('',(114.62930558178,-87.63035179308));
#1778 = CARTESIAN_POINT('',(-37.15091600897,-169.2607035861));
#1779 = CARTESIAN_POINT('',(-31.95476358626,2.999999999999));
#1780 = ( GEOMETRIC_REPRESENTATION_CONTEXT(2) 
PARAMETRIC_REPRESENTATION_CONTEXT() REPRESENTATION_CONTEXT('2D SPACE',''
  ) );
#1781 = PCURVE('',#1041,#1782);
#1782 = DEFINITIONAL_REPRESENTATION('',(#1783),#1787);
#1783 = LINE('',#1784,#1785);
#1784 = CARTESIAN_POINT('',(-3.695346753007,0.));
#1785 = VECTOR('',#1786,1.);
#1786 = DIRECTION('',(-1.,0.));
#1787 = ( GEOMETRIC_REPRESENTATION_CONTEXT(2) 
PARAMETRIC_REPRESENTATION_CONTEXT() REPRESENTATION_CONTEXT('2D SPACE',''
  ) );
#1788 = ORIENTED_EDGE('',*,*,#1566,.T.);
#1789 = ORIENTED_EDGE('',*,*,#860,.F.);
#1790 = ORIENTED_EDGE('',*,*,#1493,.T.);
#1791 = ORIENTED_EDGE('',*,*,#1792,.F.);
#1792 = EDGE_CURVE('',#1347,#1471,#1793,.T.);
#1793 = SURFACE_CURVE('',#1794,(#1799,#1810),.PCURVE_S1.);
#1794 = CIRCLE('',#1795,99.5);
#1795 = AXIS2_PLACEMENT_3D('',#1796,#1797,#1798);
#1796 = CARTESIAN_POINT('',(0.,0.,2.5));
#1797 = DIRECTION('',(0.,-0.,1.));
#1798 = DIRECTION('',(-0.850556299428,-0.525884000045,-0.));
#1799 = PCURVE('',#843,#1800);
#1800 = DEFINITIONAL_REPRESENTATION('',(#1801),#1809);
#1801 = ( BOUNDED_CURVE() B_SPLINE_CURVE(2,(#1802,#1803,#1804,#1805,
#1806,#1807,#1808),.UNSPECIFIED.,.T.,.F.) B_SPLINE_CURVE_WITH_KNOTS((1,2
    ,2,2,2,1),(-2.094395102393,0.,2.094395102393,4.188790204786,
6.28318530718,8.377580409573),.UNSPECIFIED.) CURVE() 
GEOMETRIC_REPRESENTATION_ITEM() RATIONAL_B_SPLINE_CURVE((1.,0.5,1.,0.5,
1.,0.5,1.)) REPRESENTATION_ITEM('') );
#1802 = CARTESIAN_POINT('',(-31.95476358626,2.999999999999));
#1803 = CARTESIAN_POINT('',(-26.75861116356,175.26070358616));
#1804 = CARTESIAN_POINT('',(119.82545800448,84.630351793082));
#1805 = CARTESIAN_POINT('',(266.40952717253,-5.999999999997));
#1806 = CARTESIAN_POINT('',(114.62930558178,-87.63035179308));
#1807 = CARTESIAN_POINT('',(-37.15091600897,-169.2607035861));
#1808 = CARTESIAN_POINT('',(-31.95476358626,2.999999999999));
#1809 = ( GEOMETRIC_REPRESENTATION_CONTEXT(2) 
PARAMETRIC_REPRESENTATION_CONTEXT() REPRESENTATION_CONTEXT('2D SPACE',''
  ) );
#1810 = PCURVE('',#1385,#1811);
#1811 = DEFINITIONAL_REPRESENTATION('',(#1812),#1816);
#1812 = LINE('',#1813,#1814);
#1813 = CARTESIAN_POINT('',(-3.695346753007,0.));
#1814 = VECTOR('',#1815,1.);
#1815 = DIRECTION('',(-1.,0.));
#1816 = ( GEOMETRIC_REPRESENTATION_CONTEXT(2) 
PARAMETRIC_REPRESENTATION_CONTEXT() REPRESENTATION_CONTEXT('2D SPACE',''
  ) );
#1817 = ORIENTED_EDGE('',*,*,#1346,.T.);
#1818 = ADVANCED_FACE('',(#1819,#1822),#925,.F.);
#1819 = FACE_BOUND('',#1820,.T.);
#1820 = EDGE_LOOP('',(#1821));
#1821 = ORIENTED_EDGE('',*,*,#910,.T.);
#1822 = FACE_BOUND('',#1823,.T.);
#1823 = EDGE_LOOP('',(#1824,#1859,#1887,#1915));
#1824 = ORIENTED_EDGE('',*,*,#1825,.F.);
#1825 = EDGE_CURVE('',#1826,#1828,#1830,.T.);
#1826 = VERTEX_POINT('',#1827);
#1827 = CARTESIAN_POINT('',(33.18493634166,1.,12.3));
#1828 = VERTEX_POINT('',#1829);
#1829 = CARTESIAN_POINT('',(33.18493634166,-1.,12.3));
#1830 = SURFACE_CURVE('',#1831,(#1836,#1847),.PCURVE_S1.);
#1831 = CIRCLE('',#1832,33.2);
#1832 = AXIS2_PLACEMENT_3D('',#1833,#1834,#1835);
#1833 = CARTESIAN_POINT('',(0.,0.,12.3));
#1834 = DIRECTION('',(0.,0.,1.));
#1835 = DIRECTION('',(1.,-0.,-0.));
#1836 = PCURVE('',#925,#1837);
#1837 = DEFINITIONAL_REPRESENTATION('',(#1838),#1846);
#1838 = ( BOUNDED_CURVE() B_SPLINE_CURVE(2,(#1839,#1840,#1841,#1842,
#1843,#1844,#1845),.UNSPECIFIED.,.T.,.F.) B_SPLINE_CURVE_WITH_KNOTS((1,2
    ,2,2,2,1),(-2.094395102393,0.,2.094395102393,4.188790204786,
6.28318530718,8.377580409573),.UNSPECIFIED.) CURVE() 
GEOMETRIC_REPRESENTATION_ITEM() RATIONAL_B_SPLINE_CURVE((1.,0.5,1.,0.5,
1.,0.5,1.)) REPRESENTATION_ITEM('') );
#1839 = CARTESIAN_POINT('',(-33.2,0.));
#1840 = CARTESIAN_POINT('',(-33.2,57.504086811287));
#1841 = CARTESIAN_POINT('',(16.6,28.752043405643));
#1842 = CARTESIAN_POINT('',(66.4,8.131654746338E-15));
#1843 = CARTESIAN_POINT('',(16.6,-28.75204340564));
#1844 = CARTESIAN_POINT('',(-33.2,-57.50408681128));
#1845 = CARTESIAN_POINT('',(-33.2,0.));
#1846 = ( GEOMETRIC_REPRESENTATION_CONTEXT(2) 
PARAMETRIC_REPRESENTATION_CONTEXT() REPRESENTATION_CONTEXT('2D SPACE',''
  ) );
#1847 = PCURVE('',#1848,#1853);
#1848 = CYLINDRICAL_SURFACE('',#1849,33.2);
#1849 = AXIS2_PLACEMENT_3D('',#1850,#1851,#1852);
#1850 = CARTESIAN_POINT('',(0.,0.,12.3));
#1851 = DIRECTION('',(-0.,-0.,1.));
#1852 = DIRECTION('',(1.,-0.,-0.));
#1853 = DEFINITIONAL_REPRESENTATION('',(#1854),#1858);
#1854 = LINE('',#1855,#1856);
#1855 = CARTESIAN_POINT('',(0.,0.));
#1856 = VECTOR('',#1857,1.);
#1857 = DIRECTION('',(1.,0.));
#1858 = ( GEOMETRIC_REPRESENTATION_CONTEXT(2) 
PARAMETRIC_REPRESENTATION_CONTEXT() REPRESENTATION_CONTEXT('2D SPACE',''
  ) );
#1859 = ORIENTED_EDGE('',*,*,#1860,.F.);
#1860 = EDGE_CURVE('',#1861,#1826,#1863,.T.);
#1861 = VERTEX_POINT('',#1862);
#1862 = CARTESIAN_POINT('',(33.4,1.,12.3));
#1863 = SURFACE_CURVE('',#1864,(#1868,#1875),.PCURVE_S1.);
#1864 = LINE('',#1865,#1866);
#1865 = CARTESIAN_POINT('',(33.4,1.,12.3));
#1866 = VECTOR('',#1867,1.);
#1867 = DIRECTION('',(-1.,-0.,-0.));
#1868 = PCURVE('',#925,#1869);
#1869 = DEFINITIONAL_REPRESENTATION('',(#1870),#1874);
#1870 = LINE('',#1871,#1872);
#1871 = CARTESIAN_POINT('',(-33.4,1.));
#1872 = VECTOR('',#1873,1.);
#1873 = DIRECTION('',(1.,-0.));
#1874 = ( GEOMETRIC_REPRESENTATION_CONTEXT(2) 
PARAMETRIC_REPRESENTATION_CONTEXT() REPRESENTATION_CONTEXT('2D SPACE',''
  ) );
#1875 = PCURVE('',#1876,#1881);
#1876 = PLANE('',#1877);
#1877 = AXIS2_PLACEMENT_3D('',#1878,#1879,#1880);
#1878 = CARTESIAN_POINT('',(33.4,1.,13.5));
#1879 = DIRECTION('',(-0.,-1.,-0.));
#1880 = DIRECTION('',(1.,0.,0.));
#1881 = DEFINITIONAL_REPRESENTATION('',(#1882),#1886);
#1882 = LINE('',#1883,#1884);
#1883 = CARTESIAN_POINT('',(-0.,-1.2));
#1884 = VECTOR('',#1885,1.);
#1885 = DIRECTION('',(-1.,0.));
#1886 = ( GEOMETRIC_REPRESENTATION_CONTEXT(2) 
PARAMETRIC_REPRESENTATION_CONTEXT() REPRESENTATION_CONTEXT('2D SPACE',''
  ) );
#1887 = ORIENTED_EDGE('',*,*,#1888,.F.);
#1888 = EDGE_CURVE('',#1889,#1861,#1891,.T.);
#1889 = VERTEX_POINT('',#1890);
#1890 = CARTESIAN_POINT('',(33.4,-1.,12.3));
#1891 = SURFACE_CURVE('',#1892,(#1896,#1903),.PCURVE_S1.);
#1892 = LINE('',#1893,#1894);
#1893 = CARTESIAN_POINT('',(33.4,-1.,12.3));
#1894 = VECTOR('',#1895,1.);
#1895 = DIRECTION('',(-0.,1.,-0.));
#1896 = PCURVE('',#925,#1897);
#1897 = DEFINITIONAL_REPRESENTATION('',(#1898),#1902);
#1898 = LINE('',#1899,#1900);
#1899 = CARTESIAN_POINT('',(-33.4,-1.));
#1900 = VECTOR('',#1901,1.);
#1901 = DIRECTION('',(-0.,1.));
#1902 = ( GEOMETRIC_REPRESENTATION_CONTEXT(2) 
PARAMETRIC_REPRESENTATION_CONTEXT() REPRESENTATION_CONTEXT('2D SPACE',''
  ) );
#1903 = PCURVE('',#1904,#1909);
#1904 = PLANE('',#1905);
#1905 = AXIS2_PLACEMENT_3D('',#1906,#1907,#1908);
#1906 = CARTESIAN_POINT('',(33.4,-1.,13.5));
#1907 = DIRECTION('',(-1.,-0.,-0.));
#1908 = DIRECTION('',(0.,-1.,0.));
#1909 = DEFINITIONAL_REPRESENTATION('',(#1910),#1914);
#1910 = LINE('',#1911,#1912);
#1911 = CARTESIAN_POINT('',(-0.,-1.2));
#1912 = VECTOR('',#1913,1.);
#1913 = DIRECTION('',(-1.,0.));
#1914 = ( GEOMETRIC_REPRESENTATION_CONTEXT(2) 
PARAMETRIC_REPRESENTATION_CONTEXT() REPRESENTATION_CONTEXT('2D SPACE',''
  ) );
#1915 = ORIENTED_EDGE('',*,*,#1916,.F.);
#1916 = EDGE_CURVE('',#1828,#1889,#1917,.T.);
#1917 = SURFACE_CURVE('',#1918,(#1922,#1929),.PCURVE_S1.);
#1918 = LINE('',#1919,#1920);
#1919 = CARTESIAN_POINT('',(32.4,-1.,12.3));
#1920 = VECTOR('',#1921,1.);
#1921 = DIRECTION('',(1.,-0.,-0.));
#1922 = PCURVE('',#925,#1923);
#1923 = DEFINITIONAL_REPRESENTATION('',(#1924),#1928);
#1924 = LINE('',#1925,#1926);
#1925 = CARTESIAN_POINT('',(-32.4,-1.));
#1926 = VECTOR('',#1927,1.);
#1927 = DIRECTION('',(-1.,0.));
#1928 = ( GEOMETRIC_REPRESENTATION_CONTEXT(2) 
PARAMETRIC_REPRESENTATION_CONTEXT() REPRESENTATION_CONTEXT('2D SPACE',''
  ) );
#1929 = PCURVE('',#1930,#1935);
#1930 = PLANE('',#1931);
#1931 = AXIS2_PLACEMENT_3D('',#1932,#1933,#1934);
#1932 = CARTESIAN_POINT('',(32.4,-1.,13.5));
#1933 = DIRECTION('',(-0.,1.,-0.));
#1934 = DIRECTION('',(-1.,0.,0.));
#1935 = DEFINITIONAL_REPRESENTATION('',(#1936),#1940);
#1936 = LINE('',#1937,#1938);
#1937 = CARTESIAN_POINT('',(-0.,-1.2));
#1938 = VECTOR('',#1939,1.);
#1939 = DIRECTION('',(-1.,0.));
#1940 = ( GEOMETRIC_REPRESENTATION_CONTEXT(2) 
PARAMETRIC_REPRESENTATION_CONTEXT() REPRESENTATION_CONTEXT('2D SPACE',''
  ) );
#1941 = ADVANCED_FACE('',(#1942),#1041,.F.);
#1942 = FACE_BOUND('',#1943,.T.);
#1943 = EDGE_LOOP('',(#1944,#1970,#1971,#1972));
#1944 = ORIENTED_EDGE('',*,*,#1945,.F.);
#1945 = EDGE_CURVE('',#1590,#998,#1946,.T.);
#1946 = SURFACE_CURVE('',#1947,(#1952,#1959),.PCURVE_S1.);
#1947 = CIRCLE('',#1948,99.5);
#1948 = AXIS2_PLACEMENT_3D('',#1949,#1950,#1951);
#1949 = CARTESIAN_POINT('',(0.,0.,0.));
#1950 = DIRECTION('',(0.,-0.,1.));
#1951 = DIRECTION('',(-0.850556299428,-0.525884000045,-0.));
#1952 = PCURVE('',#1041,#1953);
#1953 = DEFINITIONAL_REPRESENTATION('',(#1954),#1958);
#1954 = LINE('',#1955,#1956);
#1955 = CARTESIAN_POINT('',(-3.695346753007,2.5));
#1956 = VECTOR('',#1957,1.);
#1957 = DIRECTION('',(-1.,0.));
#1958 = ( GEOMETRIC_REPRESENTATION_CONTEXT(2) 
PARAMETRIC_REPRESENTATION_CONTEXT() REPRESENTATION_CONTEXT('2D SPACE',''
  ) );
#1959 = PCURVE('',#1013,#1960);
#1960 = DEFINITIONAL_REPRESENTATION('',(#1961),#1969);
#1961 = ( BOUNDED_CURVE() B_SPLINE_CURVE(2,(#1962,#1963,#1964,#1965,
#1966,#1967,#1968),.UNSPECIFIED.,.T.,.F.) B_SPLINE_CURVE_WITH_KNOTS((1,2
    ,2,2,2,1),(-2.094395102393,0.,2.094395102393,4.188790204786,
6.28318530718,8.377580409573),.UNSPECIFIED.) CURVE() 
GEOMETRIC_REPRESENTATION_ITEM() RATIONAL_B_SPLINE_CURVE((1.,0.5,1.,0.5,
1.,0.5,1.)) REPRESENTATION_ITEM('') );
#1962 = CARTESIAN_POINT('',(119.82545800448,84.630351793082));
#1963 = CARTESIAN_POINT('',(266.40952717253,-5.999999999997));
#1964 = CARTESIAN_POINT('',(114.62930558178,-87.63035179308));
#1965 = CARTESIAN_POINT('',(-37.15091600897,-169.2607035861));
#1966 = CARTESIAN_POINT('',(-31.95476358626,2.999999999999));
#1967 = CARTESIAN_POINT('',(-26.75861116356,175.26070358616));
#1968 = CARTESIAN_POINT('',(119.82545800448,84.630351793082));
#1969 = ( GEOMETRIC_REPRESENTATION_CONTEXT(2) 
PARAMETRIC_REPRESENTATION_CONTEXT() REPRESENTATION_CONTEXT('2D SPACE',''
  ) );
#1970 = ORIENTED_EDGE('',*,*,#1589,.F.);
#1971 = ORIENTED_EDGE('',*,*,#1763,.T.);
#1972 = ORIENTED_EDGE('',*,*,#1025,.T.);
#1973 = ADVANCED_FACE('',(#1974,#2009),#1013,.T.);
#1974 = FACE_BOUND('',#1975,.F.);
#1975 = EDGE_LOOP('',(#1976));
#1976 = ORIENTED_EDGE('',*,*,#1977,.T.);
#1977 = EDGE_CURVE('',#1978,#1978,#1980,.T.);
#1978 = VERTEX_POINT('',#1979);
#1979 = CARTESIAN_POINT('',(107.75,0.,0.));
#1980 = SURFACE_CURVE('',#1981,(#1986,#1997),.PCURVE_S1.);
#1981 = CIRCLE('',#1982,107.75);
#1982 = AXIS2_PLACEMENT_3D('',#1983,#1984,#1985);
#1983 = CARTESIAN_POINT('',(0.,0.,0.));
#1984 = DIRECTION('',(0.,0.,1.));
#1985 = DIRECTION('',(1.,-0.,-0.));
#1986 = PCURVE('',#1013,#1987);
#1987 = DEFINITIONAL_REPRESENTATION('',(#1988),#1996);
#1988 = ( BOUNDED_CURVE() B_SPLINE_CURVE(2,(#1989,#1990,#1991,#1992,
#1993,#1994,#1995),.UNSPECIFIED.,.T.,.F.) B_SPLINE_CURVE_WITH_KNOTS((1,2
    ,2,2,2,1),(-2.094395102393,0.,2.094395102393,4.188790204786,
6.28318530718,8.377580409573),.UNSPECIFIED.) CURVE() 
GEOMETRIC_REPRESENTATION_ITEM() RATIONAL_B_SPLINE_CURVE((1.,0.5,1.,0.5,
1.,0.5,1.)) REPRESENTATION_ITEM('') );
#1989 = CARTESIAN_POINT('',(67.5,-107.75));
#1990 = CARTESIAN_POINT('',(-119.1284745155,-107.75));
#1991 = CARTESIAN_POINT('',(-25.81423725777,53.875));
#1992 = CARTESIAN_POINT('',(67.5,215.5));
#1993 = CARTESIAN_POINT('',(160.81423725777,53.875));
#1994 = CARTESIAN_POINT('',(254.12847451554,-107.75));
#1995 = CARTESIAN_POINT('',(67.5,-107.75));
#1996 = ( GEOMETRIC_REPRESENTATION_CONTEXT(2) 
PARAMETRIC_REPRESENTATION_CONTEXT() REPRESENTATION_CONTEXT('2D SPACE',''
  ) );
#1997 = PCURVE('',#1998,#2003);
#1998 = CYLINDRICAL_SURFACE('',#1999,107.75);
#1999 = AXIS2_PLACEMENT_3D('',#2000,#2001,#2002);
#2000 = CARTESIAN_POINT('',(0.,0.,0.));
#2001 = DIRECTION('',(-0.,-0.,1.));
#2002 = DIRECTION('',(1.,-0.,-0.));
#2003 = DEFINITIONAL_REPRESENTATION('',(#2004),#2008);
#2004 = LINE('',#2005,#2006);
#2005 = CARTESIAN_POINT('',(0.,0.));
#2006 = VECTOR('',#2007,1.);
#2007 = DIRECTION('',(1.,0.));
#2008 = ( GEOMETRIC_REPRESENTATION_CONTEXT(2) 
PARAMETRIC_REPRESENTATION_CONTEXT() REPRESENTATION_CONTEXT('2D SPACE',''
  ) );
#2009 = FACE_BOUND('',#2010,.F.);
#2010 = EDGE_LOOP('',(#2011,#2037,#2038,#2039,#2040,#2041,#2042,#2043,
    #2044,#2070,#2071,#2072));
#2011 = ORIENTED_EDGE('',*,*,#2012,.F.);
#2012 = EDGE_CURVE('',#1150,#1228,#2013,.T.);
#2013 = SURFACE_CURVE('',#2014,(#2019,#2030),.PCURVE_S1.);
#2014 = CIRCLE('',#2015,99.5);
#2015 = AXIS2_PLACEMENT_3D('',#2016,#2017,#2018);
#2016 = CARTESIAN_POINT('',(0.,0.,0.));
#2017 = DIRECTION('',(0.,0.,1.));
#2018 = DIRECTION('',(1.,-0.,-0.));
#2019 = PCURVE('',#1013,#2020);
#2020 = DEFINITIONAL_REPRESENTATION('',(#2021),#2029);
#2021 = ( BOUNDED_CURVE() B_SPLINE_CURVE(2,(#2022,#2023,#2024,#2025,
#2026,#2027,#2028),.UNSPECIFIED.,.T.,.F.) B_SPLINE_CURVE_WITH_KNOTS((1,2
    ,2,2,2,1),(-2.094395102393,0.,2.094395102393,4.188790204786,
6.28318530718,8.377580409573),.UNSPECIFIED.) CURVE() 
GEOMETRIC_REPRESENTATION_ITEM() RATIONAL_B_SPLINE_CURVE((1.,0.5,1.,0.5,
1.,0.5,1.)) REPRESENTATION_ITEM('') );
#2022 = CARTESIAN_POINT('',(67.5,-99.5));
#2023 = CARTESIAN_POINT('',(-104.8390553531,-99.5));
#2024 = CARTESIAN_POINT('',(-18.66952767655,49.75));
#2025 = CARTESIAN_POINT('',(67.5,199.));
#2026 = CARTESIAN_POINT('',(153.66952767655,49.75));
#2027 = CARTESIAN_POINT('',(239.8390553531,-99.5));
#2028 = CARTESIAN_POINT('',(67.5,-99.5));
#2029 = ( GEOMETRIC_REPRESENTATION_CONTEXT(2) 
PARAMETRIC_REPRESENTATION_CONTEXT() REPRESENTATION_CONTEXT('2D SPACE',''
  ) );
#2030 = PCURVE('',#1165,#2031);
#2031 = DEFINITIONAL_REPRESENTATION('',(#2032),#2036);
#2032 = LINE('',#2033,#2034);
#2033 = CARTESIAN_POINT('',(-0.,2.5));
#2034 = VECTOR('',#2035,1.);
#2035 = DIRECTION('',(-1.,0.));
#2036 = ( GEOMETRIC_REPRESENTATION_CONTEXT(2) 
PARAMETRIC_REPRESENTATION_CONTEXT() REPRESENTATION_CONTEXT('2D SPACE',''
  ) );
#2037 = ORIENTED_EDGE('',*,*,#1177,.T.);
#2038 = ORIENTED_EDGE('',*,*,#1100,.T.);
#2039 = ORIENTED_EDGE('',*,*,#997,.T.);
#2040 = ORIENTED_EDGE('',*,*,#1945,.F.);
#2041 = ORIENTED_EDGE('',*,*,#1612,.T.);
#2042 = ORIENTED_EDGE('',*,*,#1540,.T.);
#2043 = ORIENTED_EDGE('',*,*,#1447,.T.);
#2044 = ORIENTED_EDGE('',*,*,#2045,.F.);
#2045 = EDGE_CURVE('',#1370,#1448,#2046,.T.);
#2046 = SURFACE_CURVE('',#2047,(#2052,#2063),.PCURVE_S1.);
#2047 = CIRCLE('',#2048,99.5);
#2048 = AXIS2_PLACEMENT_3D('',#2049,#2050,#2051);
#2049 = CARTESIAN_POINT('',(0.,0.,0.));
#2050 = DIRECTION('',(0.,-0.,1.));
#2051 = DIRECTION('',(-0.850556299428,-0.525884000045,-0.));
#2052 = PCURVE('',#1013,#2053);
#2053 = DEFINITIONAL_REPRESENTATION('',(#2054),#2062);
#2054 = ( BOUNDED_CURVE() B_SPLINE_CURVE(2,(#2055,#2056,#2057,#2058,
#2059,#2060,#2061),.UNSPECIFIED.,.T.,.F.) B_SPLINE_CURVE_WITH_KNOTS((1,2
    ,2,2,2,1),(-2.094395102393,0.,2.094395102393,4.188790204786,
6.28318530718,8.377580409573),.UNSPECIFIED.) CURVE() 
GEOMETRIC_REPRESENTATION_ITEM() RATIONAL_B_SPLINE_CURVE((1.,0.5,1.,0.5,
1.,0.5,1.)) REPRESENTATION_ITEM('') );
#2055 = CARTESIAN_POINT('',(119.82545800448,84.630351793082));
#2056 = CARTESIAN_POINT('',(266.40952717253,-5.999999999997));
#2057 = CARTESIAN_POINT('',(114.62930558178,-87.63035179308));
#2058 = CARTESIAN_POINT('',(-37.15091600897,-169.2607035861));
#2059 = CARTESIAN_POINT('',(-31.95476358626,2.999999999999));
#2060 = CARTESIAN_POINT('',(-26.75861116356,175.26070358616));
#2061 = CARTESIAN_POINT('',(119.82545800448,84.630351793082));
#2062 = ( GEOMETRIC_REPRESENTATION_CONTEXT(2) 
PARAMETRIC_REPRESENTATION_CONTEXT() REPRESENTATION_CONTEXT('2D SPACE',''
  ) );
#2063 = PCURVE('',#1385,#2064);
#2064 = DEFINITIONAL_REPRESENTATION('',(#2065),#2069);
#2065 = LINE('',#2066,#2067);
#2066 = CARTESIAN_POINT('',(-3.695346753007,2.5));
#2067 = VECTOR('',#2068,1.);
#2068 = DIRECTION('',(-1.,0.));
#2069 = ( GEOMETRIC_REPRESENTATION_CONTEXT(2) 
PARAMETRIC_REPRESENTATION_CONTEXT() REPRESENTATION_CONTEXT('2D SPACE',''
  ) );
#2070 = ORIENTED_EDGE('',*,*,#1397,.T.);
#2071 = ORIENTED_EDGE('',*,*,#1320,.T.);
#2072 = ORIENTED_EDGE('',*,*,#1227,.T.);
#2073 = ADVANCED_FACE('',(#2074),#1165,.F.);
#2074 = FACE_BOUND('',#2075,.T.);
#2075 = EDGE_LOOP('',(#2076,#2077,#2078,#2079));
#2076 = ORIENTED_EDGE('',*,*,#1149,.F.);
#2077 = ORIENTED_EDGE('',*,*,#1734,.T.);
#2078 = ORIENTED_EDGE('',*,*,#1250,.T.);
#2079 = ORIENTED_EDGE('',*,*,#2012,.F.);
#2080 = ADVANCED_FACE('',(#2081),#1385,.F.);
#2081 = FACE_BOUND('',#2082,.T.);
#2082 = EDGE_LOOP('',(#2083,#2084,#2085,#2086));
#2083 = ORIENTED_EDGE('',*,*,#2045,.F.);
#2084 = ORIENTED_EDGE('',*,*,#1369,.F.);
#2085 = ORIENTED_EDGE('',*,*,#1792,.T.);
#2086 = ORIENTED_EDGE('',*,*,#1470,.T.);
#2087 = ADVANCED_FACE('',(#2088,#2187),#1655,.F.);
#2088 = FACE_BOUND('',#2089,.T.);
#2089 = EDGE_LOOP('',(#2090,#2120,#2143,#2166));
#2090 = ORIENTED_EDGE('',*,*,#2091,.T.);
#2091 = EDGE_CURVE('',#2092,#2094,#2096,.T.);
#2092 = VERTEX_POINT('',#2093);
#2093 = CARTESIAN_POINT('',(33.18493634166,1.,13.5));
#2094 = VERTEX_POINT('',#2095);
#2095 = CARTESIAN_POINT('',(33.18493634166,-1.,13.5));
#2096 = SURFACE_CURVE('',#2097,(#2102,#2113),.PCURVE_S1.);
#2097 = CIRCLE('',#2098,33.2);
#2098 = AXIS2_PLACEMENT_3D('',#2099,#2100,#2101);
#2099 = CARTESIAN_POINT('',(0.,0.,13.5));
#2100 = DIRECTION('',(0.,0.,1.));
#2101 = DIRECTION('',(1.,-0.,-0.));
#2102 = PCURVE('',#1655,#2103);
#2103 = DEFINITIONAL_REPRESENTATION('',(#2104),#2112);
#2104 = ( BOUNDED_CURVE() B_SPLINE_CURVE(2,(#2105,#2106,#2107,#2108,
#2109,#2110,#2111),.UNSPECIFIED.,.T.,.F.) B_SPLINE_CURVE_WITH_KNOTS((1,2
    ,2,2,2,1),(-2.094395102393,0.,2.094395102393,4.188790204786,
6.28318530718,8.377580409573),.UNSPECIFIED.) CURVE() 
GEOMETRIC_REPRESENTATION_ITEM() RATIONAL_B_SPLINE_CURVE((1.,0.5,1.,0.5,
1.,0.5,1.)) REPRESENTATION_ITEM('') );
#2105 = CARTESIAN_POINT('',(-33.2,0.));
#2106 = CARTESIAN_POINT('',(-33.2,57.504086811287));
#2107 = CARTESIAN_POINT('',(16.6,28.752043405643));
#2108 = CARTESIAN_POINT('',(66.4,8.131654746338E-15));
#2109 = CARTESIAN_POINT('',(16.6,-28.75204340564));
#2110 = CARTESIAN_POINT('',(-33.2,-57.50408681128));
#2111 = CARTESIAN_POINT('',(-33.2,0.));
#2112 = ( GEOMETRIC_REPRESENTATION_CONTEXT(2) 
PARAMETRIC_REPRESENTATION_CONTEXT() REPRESENTATION_CONTEXT('2D SPACE',''
  ) );
#2113 = PCURVE('',#1848,#2114);
#2114 = DEFINITIONAL_REPRESENTATION('',(#2115),#2119);
#2115 = LINE('',#2116,#2117);
#2116 = CARTESIAN_POINT('',(0.,1.2));
#2117 = VECTOR('',#2118,1.);
#2118 = DIRECTION('',(1.,0.));
#2119 = ( GEOMETRIC_REPRESENTATION_CONTEXT(2) 
PARAMETRIC_REPRESENTATION_CONTEXT() REPRESENTATION_CONTEXT('2D SPACE',''
  ) );
#2120 = ORIENTED_EDGE('',*,*,#2121,.T.);
#2121 = EDGE_CURVE('',#2094,#2122,#2124,.T.);
#2122 = VERTEX_POINT('',#2123);
#2123 = CARTESIAN_POINT('',(33.4,-1.,13.5));
#2124 = SURFACE_CURVE('',#2125,(#2129,#2136),.PCURVE_S1.);
#2125 = LINE('',#2126,#2127);
#2126 = CARTESIAN_POINT('',(32.4,-1.,13.5));
#2127 = VECTOR('',#2128,1.);
#2128 = DIRECTION('',(1.,-0.,-0.));
#2129 = PCURVE('',#1655,#2130);
#2130 = DEFINITIONAL_REPRESENTATION('',(#2131),#2135);
#2131 = LINE('',#2132,#2133);
#2132 = CARTESIAN_POINT('',(-32.4,-1.));
#2133 = VECTOR('',#2134,1.);
#2134 = DIRECTION('',(-1.,0.));
#2135 = ( GEOMETRIC_REPRESENTATION_CONTEXT(2) 
PARAMETRIC_REPRESENTATION_CONTEXT() REPRESENTATION_CONTEXT('2D SPACE',''
  ) );
#2136 = PCURVE('',#1930,#2137);
#2137 = DEFINITIONAL_REPRESENTATION('',(#2138),#2142);
#2138 = LINE('',#2139,#2140);
#2139 = CARTESIAN_POINT('',(-0.,0.));
#2140 = VECTOR('',#2141,1.);
#2141 = DIRECTION('',(-1.,0.));
#2142 = ( GEOMETRIC_REPRESENTATION_CONTEXT(2) 
PARAMETRIC_REPRESENTATION_CONTEXT() REPRESENTATION_CONTEXT('2D SPACE',''
  ) );
#2143 = ORIENTED_EDGE('',*,*,#2144,.T.);
#2144 = EDGE_CURVE('',#2122,#2145,#2147,.T.);
#2145 = VERTEX_POINT('',#2146);
#2146 = CARTESIAN_POINT('',(33.4,1.,13.5));
#2147 = SURFACE_CURVE('',#2148,(#2152,#2159),.PCURVE_S1.);
#2148 = LINE('',#2149,#2150);
#2149 = CARTESIAN_POINT('',(33.4,-1.,13.5));
#2150 = VECTOR('',#2151,1.);
#2151 = DIRECTION('',(-0.,1.,-0.));
#2152 = PCURVE('',#1655,#2153);
#2153 = DEFINITIONAL_REPRESENTATION('',(#2154),#2158);
#2154 = LINE('',#2155,#2156);
#2155 = CARTESIAN_POINT('',(-33.4,-1.));
#2156 = VECTOR('',#2157,1.);
#2157 = DIRECTION('',(-0.,1.));
#2158 = ( GEOMETRIC_REPRESENTATION_CONTEXT(2) 
PARAMETRIC_REPRESENTATION_CONTEXT() REPRESENTATION_CONTEXT('2D SPACE',''
  ) );
#2159 = PCURVE('',#1904,#2160);
#2160 = DEFINITIONAL_REPRESENTATION('',(#2161),#2165);
#2161 = LINE('',#2162,#2163);
#2162 = CARTESIAN_POINT('',(-0.,0.));
#2163 = VECTOR('',#2164,1.);
#2164 = DIRECTION('',(-1.,0.));
#2165 = ( GEOMETRIC_REPRESENTATION_CONTEXT(2) 
PARAMETRIC_REPRESENTATION_CONTEXT() REPRESENTATION_CONTEXT('2D SPACE',''
  ) );
#2166 = ORIENTED_EDGE('',*,*,#2167,.T.);
#2167 = EDGE_CURVE('',#2145,#2092,#2168,.T.);
#2168 = SURFACE_CURVE('',#2169,(#2173,#2180),.PCURVE_S1.);
#2169 = LINE('',#2170,#2171);
#2170 = CARTESIAN_POINT('',(33.4,1.,13.5));
#2171 = VECTOR('',#2172,1.);
#2172 = DIRECTION('',(-1.,-0.,-0.));
#2173 = PCURVE('',#1655,#2174);
#2174 = DEFINITIONAL_REPRESENTATION('',(#2175),#2179);
#2175 = LINE('',#2176,#2177);
#2176 = CARTESIAN_POINT('',(-33.4,1.));
#2177 = VECTOR('',#2178,1.);
#2178 = DIRECTION('',(1.,-0.));
#2179 = ( GEOMETRIC_REPRESENTATION_CONTEXT(2) 
PARAMETRIC_REPRESENTATION_CONTEXT() REPRESENTATION_CONTEXT('2D SPACE',''
  ) );
#2180 = PCURVE('',#1876,#2181);
#2181 = DEFINITIONAL_REPRESENTATION('',(#2182),#2186);
#2182 = LINE('',#2183,#2184);
#2183 = CARTESIAN_POINT('',(0.,-0.));
#2184 = VECTOR('',#2185,1.);
#2185 = DIRECTION('',(-1.,0.));
#2186 = ( GEOMETRIC_REPRESENTATION_CONTEXT(2) 
PARAMETRIC_REPRESENTATION_CONTEXT() REPRESENTATION_CONTEXT('2D SPACE',''
  ) );
#2187 = FACE_BOUND('',#2188,.T.);
#2188 = EDGE_LOOP('',(#2189));
#2189 = ORIENTED_EDGE('',*,*,#1638,.F.);
#2190 = ADVANCED_FACE('',(#2191),#1718,.F.);
#2191 = FACE_BOUND('',#2192,.T.);
#2192 = EDGE_LOOP('',(#2193,#2226,#2247,#2248));
#2193 = ORIENTED_EDGE('',*,*,#2194,.T.);
#2194 = EDGE_CURVE('',#2195,#2195,#2197,.T.);
#2195 = VERTEX_POINT('',#2196);
#2196 = CARTESIAN_POINT('',(105.75,0.,6.5));
#2197 = SURFACE_CURVE('',#2198,(#2203,#2210),.PCURVE_S1.);
#2198 = CIRCLE('',#2199,105.75);
#2199 = AXIS2_PLACEMENT_3D('',#2200,#2201,#2202);
#2200 = CARTESIAN_POINT('',(0.,0.,6.5));
#2201 = DIRECTION('',(0.,0.,1.));
#2202 = DIRECTION('',(1.,-0.,-0.));
#2203 = PCURVE('',#1718,#2204);
#2204 = DEFINITIONAL_REPRESENTATION('',(#2205),#2209);
#2205 = LINE('',#2206,#2207);
#2206 = CARTESIAN_POINT('',(-0.,0.));
#2207 = VECTOR('',#2208,1.);
#2208 = DIRECTION('',(-1.,0.));
#2209 = ( GEOMETRIC_REPRESENTATION_CONTEXT(2) 
PARAMETRIC_REPRESENTATION_CONTEXT() REPRESENTATION_CONTEXT('2D SPACE',''
  ) );
#2210 = PCURVE('',#2211,#2216);
#2211 = PLANE('',#2212);
#2212 = AXIS2_PLACEMENT_3D('',#2213,#2214,#2215);
#2213 = CARTESIAN_POINT('',(0.,0.,6.5));
#2214 = DIRECTION('',(-0.,-0.,-1.));
#2215 = DIRECTION('',(-1.,0.,0.));
#2216 = DEFINITIONAL_REPRESENTATION('',(#2217),#2225);
#2217 = ( BOUNDED_CURVE() B_SPLINE_CURVE(2,(#2218,#2219,#2220,#2221,
#2222,#2223,#2224),.UNSPECIFIED.,.T.,.F.) B_SPLINE_CURVE_WITH_KNOTS((1,2
    ,2,2,2,1),(-2.094395102393,0.,2.094395102393,4.188790204786,
6.28318530718,8.377580409573),.UNSPECIFIED.) CURVE() 
GEOMETRIC_REPRESENTATION_ITEM() RATIONAL_B_SPLINE_CURVE((1.,0.5,1.,0.5,
1.,0.5,1.)) REPRESENTATION_ITEM('') );
#2218 = CARTESIAN_POINT('',(-105.75,0.));
#2219 = CARTESIAN_POINT('',(-105.75,183.1643729004));
#2220 = CARTESIAN_POINT('',(52.875,91.582186450204));
#2221 = CARTESIAN_POINT('',(211.5,2.590127980197E-14));
#2222 = CARTESIAN_POINT('',(52.875,-91.5821864502));
#2223 = CARTESIAN_POINT('',(-105.75,-183.1643729004));
#2224 = CARTESIAN_POINT('',(-105.75,0.));
#2225 = ( GEOMETRIC_REPRESENTATION_CONTEXT(2) 
PARAMETRIC_REPRESENTATION_CONTEXT() REPRESENTATION_CONTEXT('2D SPACE',''
  ) );
#2226 = ORIENTED_EDGE('',*,*,#2227,.T.);
#2227 = EDGE_CURVE('',#2195,#1698,#2228,.T.);
#2228 = SEAM_CURVE('',#2229,(#2233,#2240),.PCURVE_S1.);
#2229 = LINE('',#2230,#2231);
#2230 = CARTESIAN_POINT('',(105.75,0.,6.5));
#2231 = VECTOR('',#2232,1.);
#2232 = DIRECTION('',(-0.,-0.,-1.));
#2233 = PCURVE('',#1718,#2234);
#2234 = DEFINITIONAL_REPRESENTATION('',(#2235),#2239);
#2235 = LINE('',#2236,#2237);
#2236 = CARTESIAN_POINT('',(-0.,0.));
#2237 = VECTOR('',#2238,1.);
#2238 = DIRECTION('',(-0.,1.));
#2239 = ( GEOMETRIC_REPRESENTATION_CONTEXT(2) 
PARAMETRIC_REPRESENTATION_CONTEXT() REPRESENTATION_CONTEXT('2D SPACE',''
  ) );
#2240 = PCURVE('',#1718,#2241);
#2241 = DEFINITIONAL_REPRESENTATION('',(#2242),#2246);
#2242 = LINE('',#2243,#2244);
#2243 = CARTESIAN_POINT('',(-6.28318530718,0.));
#2244 = VECTOR('',#2245,1.);
#2245 = DIRECTION('',(-0.,1.));
#2246 = ( GEOMETRIC_REPRESENTATION_CONTEXT(2) 
PARAMETRIC_REPRESENTATION_CONTEXT() REPRESENTATION_CONTEXT('2D SPACE',''
  ) );
#2247 = ORIENTED_EDGE('',*,*,#1697,.F.);
#2248 = ORIENTED_EDGE('',*,*,#2227,.F.);
#2249 = ADVANCED_FACE('',(#2250),#1848,.T.);
#2250 = FACE_BOUND('',#2251,.T.);
#2251 = EDGE_LOOP('',(#2252,#2273,#2274,#2295));
#2252 = ORIENTED_EDGE('',*,*,#2253,.F.);
#2253 = EDGE_CURVE('',#1826,#2092,#2254,.T.);
#2254 = SURFACE_CURVE('',#2255,(#2259,#2266),.PCURVE_S1.);
#2255 = LINE('',#2256,#2257);
#2256 = CARTESIAN_POINT('',(33.18493634166,1.,12.3));
#2257 = VECTOR('',#2258,1.);
#2258 = DIRECTION('',(-0.,-0.,1.));
#2259 = PCURVE('',#1848,#2260);
#2260 = DEFINITIONAL_REPRESENTATION('',(#2261),#2265);
#2261 = LINE('',#2262,#2263);
#2262 = CARTESIAN_POINT('',(3.0125038223E-02,0.));
#2263 = VECTOR('',#2264,1.);
#2264 = DIRECTION('',(0.,1.));
#2265 = ( GEOMETRIC_REPRESENTATION_CONTEXT(2) 
PARAMETRIC_REPRESENTATION_CONTEXT() REPRESENTATION_CONTEXT('2D SPACE',''
  ) );
#2266 = PCURVE('',#1876,#2267);
#2267 = DEFINITIONAL_REPRESENTATION('',(#2268),#2272);
#2268 = LINE('',#2269,#2270);
#2269 = CARTESIAN_POINT('',(-0.21506365834,-1.2));
#2270 = VECTOR('',#2271,1.);
#2271 = DIRECTION('',(0.,1.));
#2272 = ( GEOMETRIC_REPRESENTATION_CONTEXT(2) 
PARAMETRIC_REPRESENTATION_CONTEXT() REPRESENTATION_CONTEXT('2D SPACE',''
  ) );
#2273 = ORIENTED_EDGE('',*,*,#1825,.T.);
#2274 = ORIENTED_EDGE('',*,*,#2275,.T.);
#2275 = EDGE_CURVE('',#1828,#2094,#2276,.T.);
#2276 = SURFACE_CURVE('',#2277,(#2281,#2288),.PCURVE_S1.);
#2277 = LINE('',#2278,#2279);
#2278 = CARTESIAN_POINT('',(33.18493634166,-1.,12.3));
#2279 = VECTOR('',#2280,1.);
#2280 = DIRECTION('',(-0.,-0.,1.));
#2281 = PCURVE('',#1848,#2282);
#2282 = DEFINITIONAL_REPRESENTATION('',(#2283),#2287);
#2283 = LINE('',#2284,#2285);
#2284 = CARTESIAN_POINT('',(6.253060268957,0.));
#2285 = VECTOR('',#2286,1.);
#2286 = DIRECTION('',(0.,1.));
#2287 = ( GEOMETRIC_REPRESENTATION_CONTEXT(2) 
PARAMETRIC_REPRESENTATION_CONTEXT() REPRESENTATION_CONTEXT('2D SPACE',''
  ) );
#2288 = PCURVE('',#1930,#2289);
#2289 = DEFINITIONAL_REPRESENTATION('',(#2290),#2294);
#2290 = LINE('',#2291,#2292);
#2291 = CARTESIAN_POINT('',(-0.78493634166,-1.2));
#2292 = VECTOR('',#2293,1.);
#2293 = DIRECTION('',(-0.,1.));
#2294 = ( GEOMETRIC_REPRESENTATION_CONTEXT(2) 
PARAMETRIC_REPRESENTATION_CONTEXT() REPRESENTATION_CONTEXT('2D SPACE',''
  ) );
#2295 = ORIENTED_EDGE('',*,*,#2091,.F.);
#2296 = ADVANCED_FACE('',(#2297),#1930,.F.);
#2297 = FACE_BOUND('',#2298,.T.);
#2298 = EDGE_LOOP('',(#2299,#2300,#2301,#2302));
#2299 = ORIENTED_EDGE('',*,*,#2121,.F.);
#2300 = ORIENTED_EDGE('',*,*,#2275,.F.);
#2301 = ORIENTED_EDGE('',*,*,#1916,.T.);
#2302 = ORIENTED_EDGE('',*,*,#2303,.F.);
#2303 = EDGE_CURVE('',#2122,#1889,#2304,.T.);
#2304 = SURFACE_CURVE('',#2305,(#2309,#2316),.PCURVE_S1.);
#2305 = LINE('',#2306,#2307);
#2306 = CARTESIAN_POINT('',(33.4,-1.,13.5));
#2307 = VECTOR('',#2308,1.);
#2308 = DIRECTION('',(-0.,-0.,-1.));
#2309 = PCURVE('',#1930,#2310);
#2310 = DEFINITIONAL_REPRESENTATION('',(#2311),#2315);
#2311 = LINE('',#2312,#2313);
#2312 = CARTESIAN_POINT('',(-1.,0.));
#2313 = VECTOR('',#2314,1.);
#2314 = DIRECTION('',(-0.,-1.));
#2315 = ( GEOMETRIC_REPRESENTATION_CONTEXT(2) 
PARAMETRIC_REPRESENTATION_CONTEXT() REPRESENTATION_CONTEXT('2D SPACE',''
  ) );
#2316 = PCURVE('',#1904,#2317);
#2317 = DEFINITIONAL_REPRESENTATION('',(#2318),#2322);
#2318 = LINE('',#2319,#2320);
#2319 = CARTESIAN_POINT('',(-0.,0.));
#2320 = VECTOR('',#2321,1.);
#2321 = DIRECTION('',(-0.,-1.));
#2322 = ( GEOMETRIC_REPRESENTATION_CONTEXT(2) 
PARAMETRIC_REPRESENTATION_CONTEXT() REPRESENTATION_CONTEXT('2D SPACE',''
  ) );
#2323 = ADVANCED_FACE('',(#2324),#1904,.F.);
#2324 = FACE_BOUND('',#2325,.T.);
#2325 = EDGE_LOOP('',(#2326,#2327,#2328,#2349));
#2326 = ORIENTED_EDGE('',*,*,#2303,.T.);
#2327 = ORIENTED_EDGE('',*,*,#1888,.T.);
#2328 = ORIENTED_EDGE('',*,*,#2329,.F.);
#2329 = EDGE_CURVE('',#2145,#1861,#2330,.T.);
#2330 = SURFACE_CURVE('',#2331,(#2335,#2342),.PCURVE_S1.);
#2331 = LINE('',#2332,#2333);
#2332 = CARTESIAN_POINT('',(33.4,1.,13.5));
#2333 = VECTOR('',#2334,1.);
#2334 = DIRECTION('',(-0.,-0.,-1.));
#2335 = PCURVE('',#1904,#2336);
#2336 = DEFINITIONAL_REPRESENTATION('',(#2337),#2341);
#2337 = LINE('',#2338,#2339);
#2338 = CARTESIAN_POINT('',(-2.,0.));
#2339 = VECTOR('',#2340,1.);
#2340 = DIRECTION('',(-0.,-1.));
#2341 = ( GEOMETRIC_REPRESENTATION_CONTEXT(2) 
PARAMETRIC_REPRESENTATION_CONTEXT() REPRESENTATION_CONTEXT('2D SPACE',''
  ) );
#2342 = PCURVE('',#1876,#2343);
#2343 = DEFINITIONAL_REPRESENTATION('',(#2344),#2348);
#2344 = LINE('',#2345,#2346);
#2345 = CARTESIAN_POINT('',(0.,-0.));
#2346 = VECTOR('',#2347,1.);
#2347 = DIRECTION('',(-0.,-1.));
#2348 = ( GEOMETRIC_REPRESENTATION_CONTEXT(2) 
PARAMETRIC_REPRESENTATION_CONTEXT() REPRESENTATION_CONTEXT('2D SPACE',''
  ) );
#2349 = ORIENTED_EDGE('',*,*,#2144,.F.);
#2350 = ADVANCED_FACE('',(#2351),#1876,.F.);
#2351 = FACE_BOUND('',#2352,.T.);
#2352 = EDGE_LOOP('',(#2353,#2354,#2355,#2356));
#2353 = ORIENTED_EDGE('',*,*,#2167,.F.);
#2354 = ORIENTED_EDGE('',*,*,#2329,.T.);
#2355 = ORIENTED_EDGE('',*,*,#1860,.T.);
#2356 = ORIENTED_EDGE('',*,*,#2253,.T.);
#2357 = ADVANCED_FACE('',(#2358),#1998,.T.);
#2358 = FACE_BOUND('',#2359,.T.);
#2359 = EDGE_LOOP('',(#2360,#2361,#2384,#2410));
#2360 = ORIENTED_EDGE('',*,*,#1977,.T.);
#2361 = ORIENTED_EDGE('',*,*,#2362,.T.);
#2362 = EDGE_CURVE('',#1978,#2363,#2365,.T.);
#2363 = VERTEX_POINT('',#2364);
#2364 = CARTESIAN_POINT('',(107.75,0.,6.5));
#2365 = SEAM_CURVE('',#2366,(#2370,#2377),.PCURVE_S1.);
#2366 = LINE('',#2367,#2368);
#2367 = CARTESIAN_POINT('',(107.75,0.,0.));
#2368 = VECTOR('',#2369,1.);
#2369 = DIRECTION('',(-0.,-0.,1.));
#2370 = PCURVE('',#1998,#2371);
#2371 = DEFINITIONAL_REPRESENTATION('',(#2372),#2376);
#2372 = LINE('',#2373,#2374);
#2373 = CARTESIAN_POINT('',(0.,0.));
#2374 = VECTOR('',#2375,1.);
#2375 = DIRECTION('',(0.,1.));
#2376 = ( GEOMETRIC_REPRESENTATION_CONTEXT(2) 
PARAMETRIC_REPRESENTATION_CONTEXT() REPRESENTATION_CONTEXT('2D SPACE',''
  ) );
#2377 = PCURVE('',#1998,#2378);
#2378 = DEFINITIONAL_REPRESENTATION('',(#2379),#2383);
#2379 = LINE('',#2380,#2381);
#2380 = CARTESIAN_POINT('',(6.28318530718,0.));
#2381 = VECTOR('',#2382,1.);
#2382 = DIRECTION('',(0.,1.));
#2383 = ( GEOMETRIC_REPRESENTATION_CONTEXT(2) 
PARAMETRIC_REPRESENTATION_CONTEXT() REPRESENTATION_CONTEXT('2D SPACE',''
  ) );
#2384 = ORIENTED_EDGE('',*,*,#2385,.F.);
#2385 = EDGE_CURVE('',#2363,#2363,#2386,.T.);
#2386 = SURFACE_CURVE('',#2387,(#2392,#2399),.PCURVE_S1.);
#2387 = CIRCLE('',#2388,107.75);
#2388 = AXIS2_PLACEMENT_3D('',#2389,#2390,#2391);
#2389 = CARTESIAN_POINT('',(0.,0.,6.5));
#2390 = DIRECTION('',(0.,0.,1.));
#2391 = DIRECTION('',(1.,-0.,-0.));
#2392 = PCURVE('',#1998,#2393);
#2393 = DEFINITIONAL_REPRESENTATION('',(#2394),#2398);
#2394 = LINE('',#2395,#2396);
#2395 = CARTESIAN_POINT('',(0.,6.5));
#2396 = VECTOR('',#2397,1.);
#2397 = DIRECTION('',(1.,0.));
#2398 = ( GEOMETRIC_REPRESENTATION_CONTEXT(2) 
PARAMETRIC_REPRESENTATION_CONTEXT() REPRESENTATION_CONTEXT('2D SPACE',''
  ) );
#2399 = PCURVE('',#2211,#2400);
#2400 = DEFINITIONAL_REPRESENTATION('',(#2401),#2409);
#2401 = ( BOUNDED_CURVE() B_SPLINE_CURVE(2,(#2402,#2403,#2404,#2405,
#2406,#2407,#2408),.UNSPECIFIED.,.T.,.F.) B_SPLINE_CURVE_WITH_KNOTS((1,2
    ,2,2,2,1),(-2.094395102393,0.,2.094395102393,4.188790204786,
6.28318530718,8.377580409573),.UNSPECIFIED.) CURVE() 
GEOMETRIC_REPRESENTATION_ITEM() RATIONAL_B_SPLINE_CURVE((1.,0.5,1.,0.5,
1.,0.5,1.)) REPRESENTATION_ITEM('') );
#2402 = CARTESIAN_POINT('',(-107.75,0.));
#2403 = CARTESIAN_POINT('',(-107.75,186.62847451554));
#2404 = CARTESIAN_POINT('',(53.875,93.314237257773));
#2405 = CARTESIAN_POINT('',(215.5,2.639113852163E-14));
#2406 = CARTESIAN_POINT('',(53.875,-93.31423725777));
#2407 = CARTESIAN_POINT('',(-107.75,-186.6284745155));
#2408 = CARTESIAN_POINT('',(-107.75,0.));
#2409 = ( GEOMETRIC_REPRESENTATION_CONTEXT(2) 
PARAMETRIC_REPRESENTATION_CONTEXT() REPRESENTATION_CONTEXT('2D SPACE',''
  ) );
#2410 = ORIENTED_EDGE('',*,*,#2362,.F.);
#2411 = ADVANCED_FACE('',(#2412,#2415),#2211,.F.);
#2412 = FACE_BOUND('',#2413,.T.);
#2413 = EDGE_LOOP('',(#2414));
#2414 = ORIENTED_EDGE('',*,*,#2385,.T.);
#2415 = FACE_BOUND('',#2416,.T.);
#2416 = EDGE_LOOP('',(#2417));
#2417 = ORIENTED_EDGE('',*,*,#2194,.F.);
#2418 = ( GEOMETRIC_REPRESENTATION_CONTEXT(3) 
GLOBAL_UNCERTAINTY_ASSIGNED_CONTEXT((#2422)) 
GLOBAL_UNIT_ASSIGNED_CONTEXT((#2419,#2420,#2421)) REPRESENTATION_CONTEXT
('Context #1','3D Context with UNIT and UNCERTAINTY') );
#2419 = ( LENGTH_UNIT() NAMED_UNIT(*) SI_UNIT(.MILLI.,.METRE.) );
#2420 = ( NAMED_UNIT(*) PLANE_ANGLE_UNIT() SI_UNIT($,.RADIAN.) );
#2421 = ( NAMED_UNIT(*) SI_UNIT($,.STERADIAN.) SOLID_ANGLE_UNIT() );
#2422 = UNCERTAINTY_MEASURE_WITH_UNIT(LENGTH_MEASURE(1.E-07),#2419,
  'distance_accuracy_value','confusion accuracy');
#2423 = CONTEXT_DEPENDENT_SHAPE_REPRESENTATION(#2424,#2426);
#2424 = ( REPRESENTATION_RELATIONSHIP('','',#409,#10) 
REPRESENTATION_RELATIONSHIP_WITH_TRANSFORMATION(#2425) 
SHAPE_REPRESENTATION_RELATIONSHIP() );
#2425 = ITEM_DEFINED_TRANSFORMATION('','',#11,#19);
#2426 = PRODUCT_DEFINITION_SHAPE('Placement','Placement of an item',
  #2427);
#2427 = NEXT_ASSEMBLY_USAGE_OCCURRENCE('2','','',#5,#404,$);
#2428 = PRODUCT_RELATED_PRODUCT_CATEGORY('part',$,(#406));
ENDSEC;
END-ISO-10303-21;
