ISO-10303-21;
HEADER;
FILE_DESCRIPTION(('Open CASCADE Model'),'2;1');
FILE_NAME('Open CASCADE Shape Model','2026-10-10T20:52:59',('Author'),(
    'Open CASCADE'),'Open CASCADE STEP processor 7.9','Open CASCADE 7.9'
  ,'Unknown');
FILE_SCHEMA(('AUTOMOTIVE_DESIGN { 1 0 10303 214 1 1 1 1 }'));
ENDSEC;
DATA;
#1 = APPLICATION_PROTOCOL_DEFINITION('international standard',
  'automotive_design',2000,#2);
#2 = APPLICATION_CONTEXT(
  'core data for automotive mechanical design processes');
#3 = SHAPE_DEFINITION_REPRESENTATION(#4,#10);
#4 = PRODUCT_DEFINITION_SHAPE('','',#5);
#5 = PRODUCT_DEFINITION('design','',#6,#9);
#6 = PRODUCT_DEFINITION_FORMATION('','',#7);
#7 = PRODUCT('Open CASCADE STEP translator 7.9 1',
  'Open CASCADE STEP translator 7.9 1','',(#8));
#8 = PRODUCT_CONTEXT('',#2,'mechanical');
#9 = PRODUCT_DEFINITION_CONTEXT('part definition',#2,'design');
#10 = ADVANCED_BREP_SHAPE_REPRESENTATION('',(#11,#15),#3612);
#11 = AXIS2_PLACEMENT_3D('',#12,#13,#14);
#12 = CARTESIAN_POINT('',(0.,0.,0.));
#13 = DIRECTION('',(0.,0.,1.));
#14 = DIRECTION('',(1.,0.,-0.));
#15 = MANIFOLD_SOLID_BREP('',#16);
#16 = CLOSED_SHELL('',(#17,#135,#325,#518,#2053,#2078,#2104,#2129,#2238,
    #2293,#2332,#2387,#2391,#2446,#2485,#2540,#2544,#2599,#2638,#2693,
    #2697,#2744,#2769,#2840,#2894,#3084,#3160,#3231,#3344,#3420,#3468,
    #3495,#3502,#3529,#3537,#3568,#3597));
#17 = ADVANCED_FACE('',(#18),#33,.T.);
#18 = FACE_BOUND('',#19,.F.);
#19 = EDGE_LOOP('',(#20,#56,#82,#111));
#20 = ORIENTED_EDGE('',*,*,#21,.F.);
#21 = EDGE_CURVE('',#22,#24,#26,.T.);
#22 = VERTEX_POINT('',#23);
#23 = CARTESIAN_POINT('',(28.489998244998,6.4,-7.5));
#24 = VERTEX_POINT('',#25);
#25 = CARTESIAN_POINT('',(28.489998244998,-6.4,-7.5));
#26 = SURFACE_CURVE('',#27,(#32,#44),.PCURVE_S1.);
#27 = CIRCLE('',#28,29.2);
#28 = AXIS2_PLACEMENT_3D('',#29,#30,#31);
#29 = CARTESIAN_POINT('',(0.,0.,-7.5));
#30 = DIRECTION('',(0.,0.,1.));
#31 = DIRECTION('',(1.,0.,0.));
#32 = PCURVE('',#33,#38);
#33 = CYLINDRICAL_SURFACE('',#34,29.2);
#34 = AXIS2_PLACEMENT_3D('',#35,#36,#37);
#35 = CARTESIAN_POINT('',(0.,0.,-7.5));
#36 = DIRECTION('',(-0.,-0.,-1.));
#37 = DIRECTION('',(1.,0.,0.));
#38 = DEFINITIONAL_REPRESENTATION('',(#39),#43);
#39 = LINE('',#40,#41);
#40 = CARTESIAN_POINT('',(-0.,0.));
#41 = VECTOR('',#42,1.);
#42 = DIRECTION('',(-1.,0.));
#43 = ( GEOMETRIC_REPRESENTATION_CONTEXT(2) 
PARAMETRIC_REPRESENTATION_CONTEXT() REPRESENTATION_CONTEXT('2D SPACE',''
  ) );
#44 = PCURVE('',#45,#50);
#45 = PLANE('',#46);
#46 = AXIS2_PLACEMENT_3D('',#47,#48,#49);
#47 = CARTESIAN_POINT('',(-1.49856452881E-15,1.805139506451E-15,-7.5));
#48 = DIRECTION('',(0.,0.,1.));
#49 = DIRECTION('',(1.,0.,-0.));
#50 = DEFINITIONAL_REPRESENTATION('',(#51),#55);
#51 = CIRCLE('',#52,29.2);
#52 = AXIS2_PLACEMENT_2D('',#53,#54);
#53 = CARTESIAN_POINT('',(1.49856452881E-15,-1.805139506451E-15));
#54 = DIRECTION('',(1.,0.));
#55 = ( GEOMETRIC_REPRESENTATION_CONTEXT(2) 
PARAMETRIC_REPRESENTATION_CONTEXT() REPRESENTATION_CONTEXT('2D SPACE',''
  ) );
#56 = ORIENTED_EDGE('',*,*,#57,.F.);
#57 = EDGE_CURVE('',#58,#22,#60,.T.);
#58 = VERTEX_POINT('',#59);
#59 = CARTESIAN_POINT('',(28.489998244998,6.4,-6.298360655738));
#60 = SURFACE_CURVE('',#61,(#65,#71),.PCURVE_S1.);
#61 = LINE('',#62,#63);
#62 = CARTESIAN_POINT('',(28.489998244998,6.4,-7.5));
#63 = VECTOR('',#64,1.);
#64 = DIRECTION('',(-0.,-0.,-1.));
#65 = PCURVE('',#33,#66);
#66 = DEFINITIONAL_REPRESENTATION('',(#67),#70);
#67 = B_SPLINE_CURVE_WITH_KNOTS('',1,(#68,#69),.UNSPECIFIED.,.F.,.F.,(2,
    2),(-1.201639944262,5.999999999062E-07),.PIECEWISE_BEZIER_KNOTS.);
#68 = CARTESIAN_POINT('',(-0.220971989781,-1.201639944262));
#69 = CARTESIAN_POINT('',(-0.220971989781,5.999999999062E-07));
#70 = ( GEOMETRIC_REPRESENTATION_CONTEXT(2) 
PARAMETRIC_REPRESENTATION_CONTEXT() REPRESENTATION_CONTEXT('2D SPACE',''
  ) );
#71 = PCURVE('',#72,#77);
#72 = PLANE('',#73);
#73 = AXIS2_PLACEMENT_3D('',#74,#75,#76);
#74 = CARTESIAN_POINT('',(33.8,6.4,-8.5));
#75 = DIRECTION('',(0.,-1.,0.));
#76 = DIRECTION('',(-1.,0.,0.));
#77 = DEFINITIONAL_REPRESENTATION('',(#78),#81);
#78 = B_SPLINE_CURVE_WITH_KNOTS('',1,(#79,#80),.UNSPECIFIED.,.F.,.F.,(2,
    2),(-1.201639944262,5.999999999062E-07),.PIECEWISE_BEZIER_KNOTS.);
#79 = CARTESIAN_POINT('',(5.310001755002,-2.201639944262));
#80 = CARTESIAN_POINT('',(5.310001755002,-0.9999994));
#81 = ( GEOMETRIC_REPRESENTATION_CONTEXT(2) 
PARAMETRIC_REPRESENTATION_CONTEXT() REPRESENTATION_CONTEXT('2D SPACE',''
  ) );
#82 = ORIENTED_EDGE('',*,*,#83,.F.);
#83 = EDGE_CURVE('',#84,#58,#86,.T.);
#84 = VERTEX_POINT('',#85);
#85 = CARTESIAN_POINT('',(28.489998244998,-6.4,-6.298360655738));
#86 = SURFACE_CURVE('',#87,(#92,#99),.PCURVE_S1.);
#87 = CIRCLE('',#88,29.2);
#88 = AXIS2_PLACEMENT_3D('',#89,#90,#91);
#89 = CARTESIAN_POINT('',(0.,0.,-6.298360655738));
#90 = DIRECTION('',(0.,-0.,-1.));
#91 = DIRECTION('',(0.,1.,-0.));
#92 = PCURVE('',#33,#93);
#93 = DEFINITIONAL_REPRESENTATION('',(#94),#98);
#94 = LINE('',#95,#96);
#95 = CARTESIAN_POINT('',(-7.853981633974,-1.201639344262));
#96 = VECTOR('',#97,1.);
#97 = DIRECTION('',(1.,-0.));
#98 = ( GEOMETRIC_REPRESENTATION_CONTEXT(2) 
PARAMETRIC_REPRESENTATION_CONTEXT() REPRESENTATION_CONTEXT('2D SPACE',''
  ) );
#99 = PCURVE('',#100,#105);
#100 = CONICAL_SURFACE('',#101,29.8,1.408307217578);
#101 = AXIS2_PLACEMENT_3D('',#102,#103,#104);
#102 = CARTESIAN_POINT('',(0.,0.,-6.2));
#103 = DIRECTION('',(0.,0.,1.));
#104 = DIRECTION('',(1.,0.,0.));
#105 = DEFINITIONAL_REPRESENTATION('',(#106),#110);
#106 = LINE('',#107,#108);
#107 = CARTESIAN_POINT('',(7.853981633974,-9.83606557377E-02));
#108 = VECTOR('',#109,1.);
#109 = DIRECTION('',(-1.,-0.));
#110 = ( GEOMETRIC_REPRESENTATION_CONTEXT(2) 
PARAMETRIC_REPRESENTATION_CONTEXT() REPRESENTATION_CONTEXT('2D SPACE',''
  ) );
#111 = ORIENTED_EDGE('',*,*,#112,.T.);
#112 = EDGE_CURVE('',#84,#24,#113,.T.);
#113 = SURFACE_CURVE('',#114,(#118,#124),.PCURVE_S1.);
#114 = LINE('',#115,#116);
#115 = CARTESIAN_POINT('',(28.489998244998,-6.4,-7.5));
#116 = VECTOR('',#117,1.);
#117 = DIRECTION('',(-0.,-0.,-1.));
#118 = PCURVE('',#33,#119);
#119 = DEFINITIONAL_REPRESENTATION('',(#120),#123);
#120 = B_SPLINE_CURVE_WITH_KNOTS('',1,(#121,#122),.UNSPECIFIED.,.F.,.F.,
  (2,2),(-1.201639944262,5.999999999062E-07),.PIECEWISE_BEZIER_KNOTS.);
#121 = CARTESIAN_POINT('',(-6.062213317399,-1.201639944262));
#122 = CARTESIAN_POINT('',(-6.062213317399,5.999999999062E-07));
#123 = ( GEOMETRIC_REPRESENTATION_CONTEXT(2) 
PARAMETRIC_REPRESENTATION_CONTEXT() REPRESENTATION_CONTEXT('2D SPACE',''
  ) );
#124 = PCURVE('',#125,#130);
#125 = PLANE('',#126);
#126 = AXIS2_PLACEMENT_3D('',#127,#128,#129);
#127 = CARTESIAN_POINT('',(27.8,-6.4,-8.5));
#128 = DIRECTION('',(0.,1.,0.));
#129 = DIRECTION('',(1.,0.,0.));
#130 = DEFINITIONAL_REPRESENTATION('',(#131),#134);
#131 = B_SPLINE_CURVE_WITH_KNOTS('',1,(#132,#133),.UNSPECIFIED.,.F.,.F.,
  (2,2),(-1.201639944262,5.999999999062E-07),.PIECEWISE_BEZIER_KNOTS.);
#132 = CARTESIAN_POINT('',(0.689998244998,-2.201639944262));
#133 = CARTESIAN_POINT('',(0.689998244998,-0.9999994));
#134 = ( GEOMETRIC_REPRESENTATION_CONTEXT(2) 
PARAMETRIC_REPRESENTATION_CONTEXT() REPRESENTATION_CONTEXT('2D SPACE',''
  ) );
#135 = ADVANCED_FACE('',(#136),#72,.T.);
#136 = FACE_BOUND('',#137,.T.);
#137 = EDGE_LOOP('',(#138,#166,#194,#222,#241,#242,#269,#295));
#138 = ORIENTED_EDGE('',*,*,#139,.F.);
#139 = EDGE_CURVE('',#140,#142,#144,.T.);
#140 = VERTEX_POINT('',#141);
#141 = CARTESIAN_POINT('',(28.489998244998,6.4,-1.8));
#142 = VERTEX_POINT('',#143);
#143 = CARTESIAN_POINT('',(28.489998244998,6.4,-5.308196721311));
#144 = SURFACE_CURVE('',#145,(#149,#155),.PCURVE_S1.);
#145 = LINE('',#146,#147);
#146 = CARTESIAN_POINT('',(28.489998244998,6.4,-7.5));
#147 = VECTOR('',#148,1.);
#148 = DIRECTION('',(-0.,-0.,-1.));
#149 = PCURVE('',#72,#150);
#150 = DEFINITIONAL_REPRESENTATION('',(#151),#154);
#151 = B_SPLINE_CURVE_WITH_KNOTS('',1,(#152,#153),.UNSPECIFIED.,.F.,.F.,
  (2,2),(-6.37,-2.191802678689),.PIECEWISE_BEZIER_KNOTS.);
#152 = CARTESIAN_POINT('',(5.310001755002,-7.37));
#153 = CARTESIAN_POINT('',(5.310001755002,-3.191802678689));
#154 = ( GEOMETRIC_REPRESENTATION_CONTEXT(2) 
PARAMETRIC_REPRESENTATION_CONTEXT() REPRESENTATION_CONTEXT('2D SPACE',''
  ) );
#155 = PCURVE('',#156,#161);
#156 = CYLINDRICAL_SURFACE('',#157,29.2);
#157 = AXIS2_PLACEMENT_3D('',#158,#159,#160);
#158 = CARTESIAN_POINT('',(0.,0.,-7.5));
#159 = DIRECTION('',(-0.,-0.,-1.));
#160 = DIRECTION('',(1.,0.,0.));
#161 = DEFINITIONAL_REPRESENTATION('',(#162),#165);
#162 = B_SPLINE_CURVE_WITH_KNOTS('',1,(#163,#164),.UNSPECIFIED.,.F.,.F.,
  (2,2),(-6.37,-2.191802678689),.PIECEWISE_BEZIER_KNOTS.);
#163 = CARTESIAN_POINT('',(-0.220971989781,-6.37));
#164 = CARTESIAN_POINT('',(-0.220971989781,-2.191802678689));
#165 = ( GEOMETRIC_REPRESENTATION_CONTEXT(2) 
PARAMETRIC_REPRESENTATION_CONTEXT() REPRESENTATION_CONTEXT('2D SPACE',''
  ) );
#166 = ORIENTED_EDGE('',*,*,#167,.T.);
#167 = EDGE_CURVE('',#140,#168,#170,.T.);
#168 = VERTEX_POINT('',#169);
#169 = CARTESIAN_POINT('',(27.8,6.4,-1.8));
#170 = SURFACE_CURVE('',#171,(#175,#182),.PCURVE_S1.);
#171 = LINE('',#172,#173);
#172 = CARTESIAN_POINT('',(33.8,6.4,-1.8));
#173 = VECTOR('',#174,1.);
#174 = DIRECTION('',(-1.,0.,0.));
#175 = PCURVE('',#72,#176);
#176 = DEFINITIONAL_REPRESENTATION('',(#177),#181);
#177 = LINE('',#178,#179);
#178 = CARTESIAN_POINT('',(0.,-6.7));
#179 = VECTOR('',#180,1.);
#180 = DIRECTION('',(1.,0.));
#181 = ( GEOMETRIC_REPRESENTATION_CONTEXT(2) 
PARAMETRIC_REPRESENTATION_CONTEXT() REPRESENTATION_CONTEXT('2D SPACE',''
  ) );
#182 = PCURVE('',#183,#188);
#183 = PLANE('',#184);
#184 = AXIS2_PLACEMENT_3D('',#185,#186,#187);
#185 = CARTESIAN_POINT('',(30.8,0.,-1.8));
#186 = DIRECTION('',(0.,0.,1.));
#187 = DIRECTION('',(1.,0.,-0.));
#188 = DEFINITIONAL_REPRESENTATION('',(#189),#193);
#189 = LINE('',#190,#191);
#190 = CARTESIAN_POINT('',(3.,6.4));
#191 = VECTOR('',#192,1.);
#192 = DIRECTION('',(-1.,0.));
#193 = ( GEOMETRIC_REPRESENTATION_CONTEXT(2) 
PARAMETRIC_REPRESENTATION_CONTEXT() REPRESENTATION_CONTEXT('2D SPACE',''
  ) );
#194 = ORIENTED_EDGE('',*,*,#195,.F.);
#195 = EDGE_CURVE('',#196,#168,#198,.T.);
#196 = VERTEX_POINT('',#197);
#197 = CARTESIAN_POINT('',(27.8,6.4,-7.5));
#198 = SURFACE_CURVE('',#199,(#203,#210),.PCURVE_S1.);
#199 = LINE('',#200,#201);
#200 = CARTESIAN_POINT('',(27.8,6.4,-8.5));
#201 = VECTOR('',#202,1.);
#202 = DIRECTION('',(0.,0.,1.));
#203 = PCURVE('',#72,#204);
#204 = DEFINITIONAL_REPRESENTATION('',(#205),#209);
#205 = LINE('',#206,#207);
#206 = CARTESIAN_POINT('',(6.,0.));
#207 = VECTOR('',#208,1.);
#208 = DIRECTION('',(0.,-1.));
#209 = ( GEOMETRIC_REPRESENTATION_CONTEXT(2) 
PARAMETRIC_REPRESENTATION_CONTEXT() REPRESENTATION_CONTEXT('2D SPACE',''
  ) );
#210 = PCURVE('',#211,#216);
#211 = PLANE('',#212);
#212 = AXIS2_PLACEMENT_3D('',#213,#214,#215);
#213 = CARTESIAN_POINT('',(27.8,6.4,-8.5));
#214 = DIRECTION('',(1.,0.,-0.));
#215 = DIRECTION('',(0.,-1.,0.));
#216 = DEFINITIONAL_REPRESENTATION('',(#217),#221);
#217 = LINE('',#218,#219);
#218 = CARTESIAN_POINT('',(0.,0.));
#219 = VECTOR('',#220,1.);
#220 = DIRECTION('',(0.,-1.));
#221 = ( GEOMETRIC_REPRESENTATION_CONTEXT(2) 
PARAMETRIC_REPRESENTATION_CONTEXT() REPRESENTATION_CONTEXT('2D SPACE',''
  ) );
#222 = ORIENTED_EDGE('',*,*,#223,.T.);
#223 = EDGE_CURVE('',#196,#22,#224,.T.);
#224 = SURFACE_CURVE('',#225,(#229,#235),.PCURVE_S1.);
#225 = LINE('',#226,#227);
#226 = CARTESIAN_POINT('',(16.9,6.4,-7.5));
#227 = VECTOR('',#228,1.);
#228 = DIRECTION('',(1.,0.,-0.));
#229 = PCURVE('',#72,#230);
#230 = DEFINITIONAL_REPRESENTATION('',(#231),#234);
#231 = B_SPLINE_CURVE_WITH_KNOTS('',1,(#232,#233),.UNSPECIFIED.,.F.,.F.,
  (2,2),(10.9,12.3),.PIECEWISE_BEZIER_KNOTS.);
#232 = CARTESIAN_POINT('',(6.,-1.));
#233 = CARTESIAN_POINT('',(4.6,-1.));
#234 = ( GEOMETRIC_REPRESENTATION_CONTEXT(2) 
PARAMETRIC_REPRESENTATION_CONTEXT() REPRESENTATION_CONTEXT('2D SPACE',''
  ) );
#235 = PCURVE('',#45,#236);
#236 = DEFINITIONAL_REPRESENTATION('',(#237),#240);
#237 = B_SPLINE_CURVE_WITH_KNOTS('',1,(#238,#239),.UNSPECIFIED.,.F.,.F.,
  (2,2),(10.9,12.3),.PIECEWISE_BEZIER_KNOTS.);
#238 = CARTESIAN_POINT('',(27.8,6.4));
#239 = CARTESIAN_POINT('',(29.2,6.4));
#240 = ( GEOMETRIC_REPRESENTATION_CONTEXT(2) 
PARAMETRIC_REPRESENTATION_CONTEXT() REPRESENTATION_CONTEXT('2D SPACE',''
  ) );
#241 = ORIENTED_EDGE('',*,*,#57,.F.);
#242 = ORIENTED_EDGE('',*,*,#243,.F.);
#243 = EDGE_CURVE('',#244,#58,#246,.T.);
#244 = VERTEX_POINT('',#245);
#245 = CARTESIAN_POINT('',(29.104638805524,6.4,-6.2));
#246 = SURFACE_CURVE('',#247,(#252,#259),.PCURVE_S1.);
#247 = HYPERBOLA('',#248,1.049180327869,6.4);
#248 = AXIS2_PLACEMENT_3D('',#249,#250,#251);
#249 = CARTESIAN_POINT('',(0.,6.4,-11.08524590163));
#250 = DIRECTION('',(0.,-1.,0.));
#251 = DIRECTION('',(-0.,0.,1.));
#252 = PCURVE('',#72,#253);
#253 = DEFINITIONAL_REPRESENTATION('',(#254),#258);
#254 = ( BOUNDED_CURVE() B_SPLINE_CURVE(2,(#255,#256,#257),
.UNSPECIFIED.,.F.,.F.) B_SPLINE_CURVE_WITH_KNOTS((3,3),(-2.2196218545,
-2.198785827482),.PIECEWISE_BEZIER_KNOTS.) CURVE() 
GEOMETRIC_REPRESENTATION_ITEM() RATIONAL_B_SPLINE_CURVE((1.,
1.000054267994,1.)) REPRESENTATION_ITEM('') );
#255 = CARTESIAN_POINT('',(4.695361194476,-2.3));
#256 = CARTESIAN_POINT('',(5.005806765724,-2.250294827704));
#257 = CARTESIAN_POINT('',(5.310001755002,-2.201639344262));
#258 = ( GEOMETRIC_REPRESENTATION_CONTEXT(2) 
PARAMETRIC_REPRESENTATION_CONTEXT() REPRESENTATION_CONTEXT('2D SPACE',''
  ) );
#259 = PCURVE('',#100,#260);
#260 = DEFINITIONAL_REPRESENTATION('',(#261),#268);
#261 = B_SPLINE_CURVE_WITH_KNOTS('',5,(#262,#263,#264,#265,#266,#267),
  .UNSPECIFIED.,.F.,.F.,(6,6),(-2.2196218545,-2.198785827482),
  .PIECEWISE_BEZIER_KNOTS.);
#262 = CARTESIAN_POINT('',(0.216451311991,0.));
#263 = CARTESIAN_POINT('',(0.217346282279,-1.988278821334E-02));
#264 = CARTESIAN_POINT('',(0.218245805691,-3.965953238855E-02));
#265 = CARTESIAN_POINT('',(0.219149911619,-5.933095185173E-02));
#266 = CARTESIAN_POINT('',(0.220058629693,-7.889775825635E-02));
#267 = CARTESIAN_POINT('',(0.220971989781,-9.83606557377E-02));
#268 = ( GEOMETRIC_REPRESENTATION_CONTEXT(2) 
PARAMETRIC_REPRESENTATION_CONTEXT() REPRESENTATION_CONTEXT('2D SPACE',''
  ) );
#269 = ORIENTED_EDGE('',*,*,#270,.F.);
#270 = EDGE_CURVE('',#271,#244,#273,.T.);
#271 = VERTEX_POINT('',#272);
#272 = CARTESIAN_POINT('',(29.104638805524,6.4,-5.8));
#273 = SURFACE_CURVE('',#274,(#278,#284),.PCURVE_S1.);
#274 = LINE('',#275,#276);
#275 = CARTESIAN_POINT('',(29.104638805524,6.4,-5.8));
#276 = VECTOR('',#277,1.);
#277 = DIRECTION('',(-0.,-0.,-1.));
#278 = PCURVE('',#72,#279);
#279 = DEFINITIONAL_REPRESENTATION('',(#280),#283);
#280 = B_SPLINE_CURVE_WITH_KNOTS('',1,(#281,#282),.UNSPECIFIED.,.F.,.F.,
  (2,2),(-5.999999999062E-07,0.4000006),.PIECEWISE_BEZIER_KNOTS.);
#281 = CARTESIAN_POINT('',(4.695361194476,-2.7000006));
#282 = CARTESIAN_POINT('',(4.695361194476,-2.2999994));
#283 = ( GEOMETRIC_REPRESENTATION_CONTEXT(2) 
PARAMETRIC_REPRESENTATION_CONTEXT() REPRESENTATION_CONTEXT('2D SPACE',''
  ) );
#284 = PCURVE('',#285,#290);
#285 = CYLINDRICAL_SURFACE('',#286,29.8);
#286 = AXIS2_PLACEMENT_3D('',#287,#288,#289);
#287 = CARTESIAN_POINT('',(0.,0.,-5.8));
#288 = DIRECTION('',(-0.,-0.,-1.));
#289 = DIRECTION('',(1.,0.,0.));
#290 = DEFINITIONAL_REPRESENTATION('',(#291),#294);
#291 = B_SPLINE_CURVE_WITH_KNOTS('',1,(#292,#293),.UNSPECIFIED.,.F.,.F.,
  (2,2),(-5.999999999062E-07,0.4000006),.PIECEWISE_BEZIER_KNOTS.);
#292 = CARTESIAN_POINT('',(-0.216451311991,-5.999999999062E-07));
#293 = CARTESIAN_POINT('',(-0.216451311991,0.4000006));
#294 = ( GEOMETRIC_REPRESENTATION_CONTEXT(2) 
PARAMETRIC_REPRESENTATION_CONTEXT() REPRESENTATION_CONTEXT('2D SPACE',''
  ) );
#295 = ORIENTED_EDGE('',*,*,#296,.F.);
#296 = EDGE_CURVE('',#142,#271,#297,.T.);
#297 = SURFACE_CURVE('',#298,(#303,#310),.PCURVE_S1.);
#298 = HYPERBOLA('',#299,5.245901639344,6.4);
#299 = AXIS2_PLACEMENT_3D('',#300,#301,#302);
#300 = CARTESIAN_POINT('',(0.,6.4,18.626229508197));
#301 = DIRECTION('',(0.,-1.,0.));
#302 = DIRECTION('',(0.,-0.,-1.));
#303 = PCURVE('',#72,#304);
#304 = DEFINITIONAL_REPRESENTATION('',(#305),#309);
#305 = ( BOUNDED_CURVE() B_SPLINE_CURVE(2,(#306,#307,#308),
.UNSPECIFIED.,.F.,.F.) B_SPLINE_CURVE_WITH_KNOTS((3,3),(2.198785827482,
2.2196218545),.PIECEWISE_BEZIER_KNOTS.) CURVE() 
GEOMETRIC_REPRESENTATION_ITEM() RATIONAL_B_SPLINE_CURVE((1.,
1.000054267994,1.)) REPRESENTATION_ITEM('') );
#306 = CARTESIAN_POINT('',(5.310001755002,-3.191803278689));
#307 = CARTESIAN_POINT('',(5.005806765724,-2.94852586148));
#308 = CARTESIAN_POINT('',(4.695361194476,-2.7));
#309 = ( GEOMETRIC_REPRESENTATION_CONTEXT(2) 
PARAMETRIC_REPRESENTATION_CONTEXT() REPRESENTATION_CONTEXT('2D SPACE',''
  ) );
#310 = PCURVE('',#311,#316);
#311 = CONICAL_SURFACE('',#312,29.19,0.884174755465);
#312 = AXIS2_PLACEMENT_3D('',#313,#314,#315);
#313 = CARTESIAN_POINT('',(0.,0.,-5.3));
#314 = DIRECTION('',(-0.,-0.,-1.));
#315 = DIRECTION('',(1.,0.,0.));
#316 = DEFINITIONAL_REPRESENTATION('',(#317),#324);
#317 = B_SPLINE_CURVE_WITH_KNOTS('',5,(#318,#319,#320,#321,#322,#323),
  .UNSPECIFIED.,.F.,.F.,(6,6),(2.198785827482,2.2196218545),
  .PIECEWISE_BEZIER_KNOTS.);
#318 = CARTESIAN_POINT('',(-0.220971989781,8.196721311473E-03));
#319 = CARTESIAN_POINT('',(-0.220058629693,0.105511208718));
#320 = CARTESIAN_POINT('',(-0.219149911619,0.203345240741));
#321 = CARTESIAN_POINT('',(-0.218245805691,0.301702338057));
#322 = CARTESIAN_POINT('',(-0.217346282279,0.400586058933));
#323 = CARTESIAN_POINT('',(-0.216451311991,0.5));
#324 = ( GEOMETRIC_REPRESENTATION_CONTEXT(2) 
PARAMETRIC_REPRESENTATION_CONTEXT() REPRESENTATION_CONTEXT('2D SPACE',''
  ) );
#325 = ADVANCED_FACE('',(#326),#183,.F.);
#326 = FACE_BOUND('',#327,.F.);
#327 = EDGE_LOOP('',(#328,#358,#381,#409,#435,#436,#459,#492));
#328 = ORIENTED_EDGE('',*,*,#329,.T.);
#329 = EDGE_CURVE('',#330,#332,#334,.T.);
#330 = VERTEX_POINT('',#331);
#331 = CARTESIAN_POINT('',(27.8,-5.296225070746,-1.8));
#332 = VERTEX_POINT('',#333);
#333 = CARTESIAN_POINT('',(27.8,-6.4,-1.8));
#334 = SURFACE_CURVE('',#335,(#339,#346),.PCURVE_S1.);
#335 = LINE('',#336,#337);
#336 = CARTESIAN_POINT('',(27.8,6.4,-1.8));
#337 = VECTOR('',#338,1.);
#338 = DIRECTION('',(0.,-1.,0.));
#339 = PCURVE('',#183,#340);
#340 = DEFINITIONAL_REPRESENTATION('',(#341),#345);
#341 = LINE('',#342,#343);
#342 = CARTESIAN_POINT('',(-3.,6.4));
#343 = VECTOR('',#344,1.);
#344 = DIRECTION('',(0.,-1.));
#345 = ( GEOMETRIC_REPRESENTATION_CONTEXT(2) 
PARAMETRIC_REPRESENTATION_CONTEXT() REPRESENTATION_CONTEXT('2D SPACE',''
  ) );
#346 = PCURVE('',#347,#352);
#347 = PLANE('',#348);
#348 = AXIS2_PLACEMENT_3D('',#349,#350,#351);
#349 = CARTESIAN_POINT('',(27.8,6.4,-8.5));
#350 = DIRECTION('',(1.,0.,-0.));
#351 = DIRECTION('',(0.,-1.,0.));
#352 = DEFINITIONAL_REPRESENTATION('',(#353),#357);
#353 = LINE('',#354,#355);
#354 = CARTESIAN_POINT('',(0.,-6.7));
#355 = VECTOR('',#356,1.);
#356 = DIRECTION('',(1.,0.));
#357 = ( GEOMETRIC_REPRESENTATION_CONTEXT(2) 
PARAMETRIC_REPRESENTATION_CONTEXT() REPRESENTATION_CONTEXT('2D SPACE',''
  ) );
#358 = ORIENTED_EDGE('',*,*,#359,.T.);
#359 = EDGE_CURVE('',#332,#360,#362,.T.);
#360 = VERTEX_POINT('',#361);
#361 = CARTESIAN_POINT('',(28.489998244998,-6.4,-1.8));
#362 = SURFACE_CURVE('',#363,(#367,#374),.PCURVE_S1.);
#363 = LINE('',#364,#365);
#364 = CARTESIAN_POINT('',(27.8,-6.4,-1.8));
#365 = VECTOR('',#366,1.);
#366 = DIRECTION('',(1.,0.,0.));
#367 = PCURVE('',#183,#368);
#368 = DEFINITIONAL_REPRESENTATION('',(#369),#373);
#369 = LINE('',#370,#371);
#370 = CARTESIAN_POINT('',(-3.,-6.4));
#371 = VECTOR('',#372,1.);
#372 = DIRECTION('',(1.,0.));
#373 = ( GEOMETRIC_REPRESENTATION_CONTEXT(2) 
PARAMETRIC_REPRESENTATION_CONTEXT() REPRESENTATION_CONTEXT('2D SPACE',''
  ) );
#374 = PCURVE('',#125,#375);
#375 = DEFINITIONAL_REPRESENTATION('',(#376),#380);
#376 = LINE('',#377,#378);
#377 = CARTESIAN_POINT('',(0.,-6.7));
#378 = VECTOR('',#379,1.);
#379 = DIRECTION('',(1.,0.));
#380 = ( GEOMETRIC_REPRESENTATION_CONTEXT(2) 
PARAMETRIC_REPRESENTATION_CONTEXT() REPRESENTATION_CONTEXT('2D SPACE',''
  ) );
#381 = ORIENTED_EDGE('',*,*,#382,.F.);
#382 = EDGE_CURVE('',#383,#360,#385,.T.);
#383 = VERTEX_POINT('',#384);
#384 = CARTESIAN_POINT('',(29.2,0.,-1.8));
#385 = SURFACE_CURVE('',#386,(#391,#402),.PCURVE_S1.);
#386 = CIRCLE('',#387,29.2);
#387 = AXIS2_PLACEMENT_3D('',#388,#389,#390);
#388 = CARTESIAN_POINT('',(0.,0.,-1.8));
#389 = DIRECTION('',(0.,0.,-1.));
#390 = DIRECTION('',(1.,0.,0.));
#391 = PCURVE('',#183,#392);
#392 = DEFINITIONAL_REPRESENTATION('',(#393),#401);
#393 = ( BOUNDED_CURVE() B_SPLINE_CURVE(2,(#394,#395,#396,#397,#398,#399
,#400),.UNSPECIFIED.,.T.,.F.) B_SPLINE_CURVE_WITH_KNOTS((1,2,2,2,2,1),(
    -2.094395102393,0.,2.094395102393,4.188790204786,6.28318530718,
8.377580409573),.UNSPECIFIED.) CURVE() GEOMETRIC_REPRESENTATION_ITEM() 
RATIONAL_B_SPLINE_CURVE((1.,0.5,1.,0.5,1.,0.5,1.)) REPRESENTATION_ITEM(
  '') );
#394 = CARTESIAN_POINT('',(-1.6,0.));
#395 = CARTESIAN_POINT('',(-1.6,-50.57588358101));
#396 = CARTESIAN_POINT('',(-45.4,-25.2879417905));
#397 = CARTESIAN_POINT('',(-89.2,-7.151937307021E-15));
#398 = CARTESIAN_POINT('',(-45.4,25.287941790506));
#399 = CARTESIAN_POINT('',(-1.6,50.575883581011));
#400 = CARTESIAN_POINT('',(-1.6,0.));
#401 = ( GEOMETRIC_REPRESENTATION_CONTEXT(2) 
PARAMETRIC_REPRESENTATION_CONTEXT() REPRESENTATION_CONTEXT('2D SPACE',''
  ) );
#402 = PCURVE('',#156,#403);
#403 = DEFINITIONAL_REPRESENTATION('',(#404),#408);
#404 = LINE('',#405,#406);
#405 = CARTESIAN_POINT('',(-6.28318530718,-5.7));
#406 = VECTOR('',#407,1.);
#407 = DIRECTION('',(1.,-0.));
#408 = ( GEOMETRIC_REPRESENTATION_CONTEXT(2) 
PARAMETRIC_REPRESENTATION_CONTEXT() REPRESENTATION_CONTEXT('2D SPACE',''
  ) );
#409 = ORIENTED_EDGE('',*,*,#410,.F.);
#410 = EDGE_CURVE('',#140,#383,#411,.T.);
#411 = SURFACE_CURVE('',#412,(#417,#428),.PCURVE_S1.);
#412 = CIRCLE('',#413,29.2);
#413 = AXIS2_PLACEMENT_3D('',#414,#415,#416);
#414 = CARTESIAN_POINT('',(0.,0.,-1.8));
#415 = DIRECTION('',(0.,0.,-1.));
#416 = DIRECTION('',(1.,0.,0.));
#417 = PCURVE('',#183,#418);
#418 = DEFINITIONAL_REPRESENTATION('',(#419),#427);
#419 = ( BOUNDED_CURVE() B_SPLINE_CURVE(2,(#420,#421,#422,#423,#424,#425
,#426),.UNSPECIFIED.,.T.,.F.) B_SPLINE_CURVE_WITH_KNOTS((1,2,2,2,2,1),(
    -2.094395102393,0.,2.094395102393,4.188790204786,6.28318530718,
8.377580409573),.UNSPECIFIED.) CURVE() GEOMETRIC_REPRESENTATION_ITEM() 
RATIONAL_B_SPLINE_CURVE((1.,0.5,1.,0.5,1.,0.5,1.)) REPRESENTATION_ITEM(
  '') );
#420 = CARTESIAN_POINT('',(-1.6,0.));
#421 = CARTESIAN_POINT('',(-1.6,-50.57588358101));
#422 = CARTESIAN_POINT('',(-45.4,-25.2879417905));
#423 = CARTESIAN_POINT('',(-89.2,-7.151937307021E-15));
#424 = CARTESIAN_POINT('',(-45.4,25.287941790506));
#425 = CARTESIAN_POINT('',(-1.6,50.575883581011));
#426 = CARTESIAN_POINT('',(-1.6,0.));
#427 = ( GEOMETRIC_REPRESENTATION_CONTEXT(2) 
PARAMETRIC_REPRESENTATION_CONTEXT() REPRESENTATION_CONTEXT('2D SPACE',''
  ) );
#428 = PCURVE('',#156,#429);
#429 = DEFINITIONAL_REPRESENTATION('',(#430),#434);
#430 = LINE('',#431,#432);
#431 = CARTESIAN_POINT('',(-6.28318530718,-5.7));
#432 = VECTOR('',#433,1.);
#433 = DIRECTION('',(1.,-0.));
#434 = ( GEOMETRIC_REPRESENTATION_CONTEXT(2) 
PARAMETRIC_REPRESENTATION_CONTEXT() REPRESENTATION_CONTEXT('2D SPACE',''
  ) );
#435 = ORIENTED_EDGE('',*,*,#167,.T.);
#436 = ORIENTED_EDGE('',*,*,#437,.T.);
#437 = EDGE_CURVE('',#168,#438,#440,.T.);
#438 = VERTEX_POINT('',#439);
#439 = CARTESIAN_POINT('',(27.8,5.296225070746,-1.8));
#440 = SURFACE_CURVE('',#441,(#445,#452),.PCURVE_S1.);
#441 = LINE('',#442,#443);
#442 = CARTESIAN_POINT('',(27.8,6.4,-1.8));
#443 = VECTOR('',#444,1.);
#444 = DIRECTION('',(0.,-1.,0.));
#445 = PCURVE('',#183,#446);
#446 = DEFINITIONAL_REPRESENTATION('',(#447),#451);
#447 = LINE('',#448,#449);
#448 = CARTESIAN_POINT('',(-3.,6.4));
#449 = VECTOR('',#450,1.);
#450 = DIRECTION('',(0.,-1.));
#451 = ( GEOMETRIC_REPRESENTATION_CONTEXT(2) 
PARAMETRIC_REPRESENTATION_CONTEXT() REPRESENTATION_CONTEXT('2D SPACE',''
  ) );
#452 = PCURVE('',#211,#453);
#453 = DEFINITIONAL_REPRESENTATION('',(#454),#458);
#454 = LINE('',#455,#456);
#455 = CARTESIAN_POINT('',(0.,-6.7));
#456 = VECTOR('',#457,1.);
#457 = DIRECTION('',(1.,0.));
#458 = ( GEOMETRIC_REPRESENTATION_CONTEXT(2) 
PARAMETRIC_REPRESENTATION_CONTEXT() REPRESENTATION_CONTEXT('2D SPACE',''
  ) );
#459 = ORIENTED_EDGE('',*,*,#460,.T.);
#460 = EDGE_CURVE('',#438,#461,#463,.T.);
#461 = VERTEX_POINT('',#462);
#462 = CARTESIAN_POINT('',(28.3,0.,-1.8));
#463 = SURFACE_CURVE('',#464,(#469,#480),.PCURVE_S1.);
#464 = CIRCLE('',#465,28.3);
#465 = AXIS2_PLACEMENT_3D('',#466,#467,#468);
#466 = CARTESIAN_POINT('',(0.,0.,-1.8));
#467 = DIRECTION('',(0.,0.,-1.));
#468 = DIRECTION('',(1.,0.,0.));
#469 = PCURVE('',#183,#470);
#470 = DEFINITIONAL_REPRESENTATION('',(#471),#479);
#471 = ( BOUNDED_CURVE() B_SPLINE_CURVE(2,(#472,#473,#474,#475,#476,#477
,#478),.UNSPECIFIED.,.T.,.F.) B_SPLINE_CURVE_WITH_KNOTS((1,2,2,2,2,1),(
    -2.094395102393,0.,2.094395102393,4.188790204786,6.28318530718,
8.377580409573),.UNSPECIFIED.) CURVE() GEOMETRIC_REPRESENTATION_ITEM() 
RATIONAL_B_SPLINE_CURVE((1.,0.5,1.,0.5,1.,0.5,1.)) REPRESENTATION_ITEM(
  '') );
#472 = CARTESIAN_POINT('',(-2.5,0.));
#473 = CARTESIAN_POINT('',(-2.5,-49.01703785419));
#474 = CARTESIAN_POINT('',(-44.95,-24.5085189271));
#475 = CARTESIAN_POINT('',(-87.4,-6.931500883174E-15));
#476 = CARTESIAN_POINT('',(-44.95,24.5085189271));
#477 = CARTESIAN_POINT('',(-2.5,49.017037854199));
#478 = CARTESIAN_POINT('',(-2.5,0.));
#479 = ( GEOMETRIC_REPRESENTATION_CONTEXT(2) 
PARAMETRIC_REPRESENTATION_CONTEXT() REPRESENTATION_CONTEXT('2D SPACE',''
  ) );
#480 = PCURVE('',#481,#486);
#481 = CYLINDRICAL_SURFACE('',#482,28.3);
#482 = AXIS2_PLACEMENT_3D('',#483,#484,#485);
#483 = CARTESIAN_POINT('',(0.,0.,-8.5));
#484 = DIRECTION('',(-0.,-0.,-1.));
#485 = DIRECTION('',(1.,0.,0.));
#486 = DEFINITIONAL_REPRESENTATION('',(#487),#491);
#487 = LINE('',#488,#489);
#488 = CARTESIAN_POINT('',(-6.28318530718,-6.7));
#489 = VECTOR('',#490,1.);
#490 = DIRECTION('',(1.,-0.));
#491 = ( GEOMETRIC_REPRESENTATION_CONTEXT(2) 
PARAMETRIC_REPRESENTATION_CONTEXT() REPRESENTATION_CONTEXT('2D SPACE',''
  ) );
#492 = ORIENTED_EDGE('',*,*,#493,.T.);
#493 = EDGE_CURVE('',#461,#330,#494,.T.);
#494 = SURFACE_CURVE('',#495,(#500,#511),.PCURVE_S1.);
#495 = CIRCLE('',#496,28.3);
#496 = AXIS2_PLACEMENT_3D('',#497,#498,#499);
#497 = CARTESIAN_POINT('',(0.,0.,-1.8));
#498 = DIRECTION('',(0.,0.,-1.));
#499 = DIRECTION('',(1.,0.,0.));
#500 = PCURVE('',#183,#501);
#501 = DEFINITIONAL_REPRESENTATION('',(#502),#510);
#502 = ( BOUNDED_CURVE() B_SPLINE_CURVE(2,(#503,#504,#505,#506,#507,#508
,#509),.UNSPECIFIED.,.T.,.F.) B_SPLINE_CURVE_WITH_KNOTS((1,2,2,2,2,1),(
    -2.094395102393,0.,2.094395102393,4.188790204786,6.28318530718,
8.377580409573),.UNSPECIFIED.) CURVE() GEOMETRIC_REPRESENTATION_ITEM() 
RATIONAL_B_SPLINE_CURVE((1.,0.5,1.,0.5,1.,0.5,1.)) REPRESENTATION_ITEM(
  '') );
#503 = CARTESIAN_POINT('',(-2.5,0.));
#504 = CARTESIAN_POINT('',(-2.5,-49.01703785419));
#505 = CARTESIAN_POINT('',(-44.95,-24.5085189271));
#506 = CARTESIAN_POINT('',(-87.4,-6.931500883174E-15));
#507 = CARTESIAN_POINT('',(-44.95,24.5085189271));
#508 = CARTESIAN_POINT('',(-2.5,49.017037854199));
#509 = CARTESIAN_POINT('',(-2.5,0.));
#510 = ( GEOMETRIC_REPRESENTATION_CONTEXT(2) 
PARAMETRIC_REPRESENTATION_CONTEXT() REPRESENTATION_CONTEXT('2D SPACE',''
  ) );
#511 = PCURVE('',#481,#512);
#512 = DEFINITIONAL_REPRESENTATION('',(#513),#517);
#513 = LINE('',#514,#515);
#514 = CARTESIAN_POINT('',(-6.28318530718,-6.7));
#515 = VECTOR('',#516,1.);
#516 = DIRECTION('',(1.,-0.));
#517 = ( GEOMETRIC_REPRESENTATION_CONTEXT(2) 
PARAMETRIC_REPRESENTATION_CONTEXT() REPRESENTATION_CONTEXT('2D SPACE',''
  ) );
#518 = ADVANCED_FACE('',(#519),#481,.F.);
#519 = FACE_BOUND('',#520,.T.);
#520 = EDGE_LOOP('',(#521,#522,#545,#572,#573,#574,#595,#623,#1066,#1094
    ,#1479,#1507,#2006,#2034));
#521 = ORIENTED_EDGE('',*,*,#460,.T.);
#522 = ORIENTED_EDGE('',*,*,#523,.T.);
#523 = EDGE_CURVE('',#461,#524,#526,.T.);
#524 = VERTEX_POINT('',#525);
#525 = CARTESIAN_POINT('',(28.3,0.,-0.8));
#526 = SEAM_CURVE('',#527,(#531,#538),.PCURVE_S1.);
#527 = LINE('',#528,#529);
#528 = CARTESIAN_POINT('',(28.3,0.,-8.5));
#529 = VECTOR('',#530,1.);
#530 = DIRECTION('',(0.,0.,1.));
#531 = PCURVE('',#481,#532);
#532 = DEFINITIONAL_REPRESENTATION('',(#533),#537);
#533 = LINE('',#534,#535);
#534 = CARTESIAN_POINT('',(-0.,0.));
#535 = VECTOR('',#536,1.);
#536 = DIRECTION('',(-0.,-1.));
#537 = ( GEOMETRIC_REPRESENTATION_CONTEXT(2) 
PARAMETRIC_REPRESENTATION_CONTEXT() REPRESENTATION_CONTEXT('2D SPACE',''
  ) );
#538 = PCURVE('',#481,#539);
#539 = DEFINITIONAL_REPRESENTATION('',(#540),#544);
#540 = LINE('',#541,#542);
#541 = CARTESIAN_POINT('',(-6.28318530718,0.));
#542 = VECTOR('',#543,1.);
#543 = DIRECTION('',(-0.,-1.));
#544 = ( GEOMETRIC_REPRESENTATION_CONTEXT(2) 
PARAMETRIC_REPRESENTATION_CONTEXT() REPRESENTATION_CONTEXT('2D SPACE',''
  ) );
#545 = ORIENTED_EDGE('',*,*,#546,.T.);
#546 = EDGE_CURVE('',#524,#524,#547,.T.);
#547 = SURFACE_CURVE('',#548,(#553,#560),.PCURVE_S1.);
#548 = CIRCLE('',#549,28.3);
#549 = AXIS2_PLACEMENT_3D('',#550,#551,#552);
#550 = CARTESIAN_POINT('',(0.,0.,-0.8));
#551 = DIRECTION('',(0.,0.,1.));
#552 = DIRECTION('',(1.,0.,0.));
#553 = PCURVE('',#481,#554);
#554 = DEFINITIONAL_REPRESENTATION('',(#555),#559);
#555 = LINE('',#556,#557);
#556 = CARTESIAN_POINT('',(-0.,-7.7));
#557 = VECTOR('',#558,1.);
#558 = DIRECTION('',(-1.,0.));
#559 = ( GEOMETRIC_REPRESENTATION_CONTEXT(2) 
PARAMETRIC_REPRESENTATION_CONTEXT() REPRESENTATION_CONTEXT('2D SPACE',''
  ) );
#560 = PCURVE('',#561,#566);
#561 = PLANE('',#562);
#562 = AXIS2_PLACEMENT_3D('',#563,#564,#565);
#563 = CARTESIAN_POINT('',(-7.731110289976E-16,3.909719107994E-16,-0.8)
  );
#564 = DIRECTION('',(0.,0.,1.));
#565 = DIRECTION('',(1.,0.,-0.));
#566 = DEFINITIONAL_REPRESENTATION('',(#567),#571);
#567 = CIRCLE('',#568,28.3);
#568 = AXIS2_PLACEMENT_2D('',#569,#570);
#569 = CARTESIAN_POINT('',(7.731110289976E-16,-3.909719107994E-16));
#570 = DIRECTION('',(1.,0.));
#571 = ( GEOMETRIC_REPRESENTATION_CONTEXT(2) 
PARAMETRIC_REPRESENTATION_CONTEXT() REPRESENTATION_CONTEXT('2D SPACE',''
  ) );
#572 = ORIENTED_EDGE('',*,*,#523,.F.);
#573 = ORIENTED_EDGE('',*,*,#493,.T.);
#574 = ORIENTED_EDGE('',*,*,#575,.T.);
#575 = EDGE_CURVE('',#330,#576,#578,.T.);
#576 = VERTEX_POINT('',#577);
#577 = CARTESIAN_POINT('',(27.8,-5.296225070746,-7.5));
#578 = SURFACE_CURVE('',#579,(#583,#589),.PCURVE_S1.);
#579 = LINE('',#580,#581);
#580 = CARTESIAN_POINT('',(27.8,-5.296225070746,-8.5));
#581 = VECTOR('',#582,1.);
#582 = DIRECTION('',(-0.,-0.,-1.));
#583 = PCURVE('',#481,#584);
#584 = DEFINITIONAL_REPRESENTATION('',(#585),#588);
#585 = B_SPLINE_CURVE_WITH_KNOTS('',1,(#586,#587),.UNSPECIFIED.,.F.,.F.,
  (2,2),(-7.37,-0.9999994),.PIECEWISE_BEZIER_KNOTS.);
#586 = CARTESIAN_POINT('',(-6.094929542366,-7.37));
#587 = CARTESIAN_POINT('',(-6.094929542366,-0.9999994));
#588 = ( GEOMETRIC_REPRESENTATION_CONTEXT(2) 
PARAMETRIC_REPRESENTATION_CONTEXT() REPRESENTATION_CONTEXT('2D SPACE',''
  ) );
#589 = PCURVE('',#347,#590);
#590 = DEFINITIONAL_REPRESENTATION('',(#591),#594);
#591 = B_SPLINE_CURVE_WITH_KNOTS('',1,(#592,#593),.UNSPECIFIED.,.F.,.F.,
  (2,2),(-7.37,-0.9999994),.PIECEWISE_BEZIER_KNOTS.);
#592 = CARTESIAN_POINT('',(11.696225070746,-7.37));
#593 = CARTESIAN_POINT('',(11.696225070746,-0.9999994));
#594 = ( GEOMETRIC_REPRESENTATION_CONTEXT(2) 
PARAMETRIC_REPRESENTATION_CONTEXT() REPRESENTATION_CONTEXT('2D SPACE',''
  ) );
#595 = ORIENTED_EDGE('',*,*,#596,.T.);
#596 = EDGE_CURVE('',#576,#597,#599,.T.);
#597 = VERTEX_POINT('',#598);
#598 = CARTESIAN_POINT('',(14.279934005945,-24.43304084198,-7.5));
#599 = SURFACE_CURVE('',#600,(#605,#612),.PCURVE_S1.);
#600 = CIRCLE('',#601,28.3);
#601 = AXIS2_PLACEMENT_3D('',#602,#603,#604);
#602 = CARTESIAN_POINT('',(0.,0.,-7.5));
#603 = DIRECTION('',(0.,0.,-1.));
#604 = DIRECTION('',(1.,0.,0.));
#605 = PCURVE('',#481,#606);
#606 = DEFINITIONAL_REPRESENTATION('',(#607),#611);
#607 = LINE('',#608,#609);
#608 = CARTESIAN_POINT('',(-6.28318530718,-1.));
#609 = VECTOR('',#610,1.);
#610 = DIRECTION('',(1.,-0.));
#611 = ( GEOMETRIC_REPRESENTATION_CONTEXT(2) 
PARAMETRIC_REPRESENTATION_CONTEXT() REPRESENTATION_CONTEXT('2D SPACE',''
  ) );
#612 = PCURVE('',#45,#613);
#613 = DEFINITIONAL_REPRESENTATION('',(#614),#622);
#614 = ( BOUNDED_CURVE() B_SPLINE_CURVE(2,(#615,#616,#617,#618,#619,#620
,#621),.UNSPECIFIED.,.T.,.F.) B_SPLINE_CURVE_WITH_KNOTS((1,2,2,2,2,1),(
    -2.094395102393,0.,2.094395102393,4.188790204786,6.28318530718,
8.377580409573),.UNSPECIFIED.) CURVE() GEOMETRIC_REPRESENTATION_ITEM() 
RATIONAL_B_SPLINE_CURVE((1.,0.5,1.,0.5,1.,0.5,1.)) REPRESENTATION_ITEM(
  '') );
#615 = CARTESIAN_POINT('',(28.3,-1.805139506451E-15));
#616 = CARTESIAN_POINT('',(28.3,-49.01703785419));
#617 = CARTESIAN_POINT('',(-14.15,-24.5085189271));
#618 = CARTESIAN_POINT('',(-56.6,-8.736640389625E-15));
#619 = CARTESIAN_POINT('',(-14.15,24.5085189271));
#620 = CARTESIAN_POINT('',(28.3,49.017037854199));
#621 = CARTESIAN_POINT('',(28.3,-1.805139506451E-15));
#622 = ( GEOMETRIC_REPRESENTATION_CONTEXT(2) 
PARAMETRIC_REPRESENTATION_CONTEXT() REPRESENTATION_CONTEXT('2D SPACE',''
  ) );
#623 = ORIENTED_EDGE('',*,*,#624,.T.);
#624 = EDGE_CURVE('',#597,#625,#627,.T.);
#625 = VERTEX_POINT('',#626);
#626 = CARTESIAN_POINT('',(14.019667057885,-24.5833060345,-7.5));
#627 = SURFACE_CURVE('',#628,(#739,#900),.PCURVE_S1.);
#628 = B_SPLINE_CURVE_WITH_KNOTS('',7,(#629,#630,#631,#632,#633,#634,
    #635,#636,#637,#638,#639,#640,#641,#642,#643,#644,#645,#646,#647,
    #648,#649,#650,#651,#652,#653,#654,#655,#656,#657,#658,#659,#660,
    #661,#662,#663,#664,#665,#666,#667,#668,#669,#670,#671,#672,#673,
    #674,#675,#676,#677,#678,#679,#680,#681,#682,#683,#684,#685,#686,
    #687,#688,#689,#690,#691,#692,#693,#694,#695,#696,#697,#698,#699,
    #700,#701,#702,#703,#704,#705,#706,#707,#708,#709,#710,#711,#712,
    #713,#714,#715,#716,#717,#718,#719,#720,#721,#722,#723,#724,#725,
    #726,#727,#728,#729,#730,#731,#732,#733,#734,#735,#736,#737,#738),
  .UNSPECIFIED.,.F.,.F.,(8,6,6,6,6,6,6,6,6,6,6,6,6,6,6,6,6,6,8),(0.,
    0.999944047301,3.966988670901,5.900962808275,12.719960076985,
    21.97820539705,24.95777335099,29.510714970453,37.655681334801,
    45.137285938032,46.595791367997,48.852277753103,51.094080806212,
    52.532645923943,54.518854068731,61.958384727721,68.894771397025,
    70.861374511937,74.692599830391),.UNSPECIFIED.);
#629 = CARTESIAN_POINT('',(14.279934005944,-24.43304084198,-7.5));
#630 = CARTESIAN_POINT('',(14.282583740232,-24.43149220008,
    -7.498468168316));
#631 = CARTESIAN_POINT('',(14.285261153256,-24.42992693174,
    -7.496874621613));
#632 = CARTESIAN_POINT('',(14.28796321269,-24.42834679165,
    -7.495218341128));
#633 = CARTESIAN_POINT('',(14.29068670742,-24.42675364246,
    -7.493498599863));
#634 = CARTESIAN_POINT('',(14.293428247548,-24.42514945482,
    -7.491714962581));
#635 = CARTESIAN_POINT('',(14.29618426439,-24.42353630737,
    -7.489867285808));
#636 = CARTESIAN_POINT('',(14.30716052892,-24.41710974091,
    -7.482283692969));
#637 = CARTESIAN_POINT('',(14.315463287547,-24.41224418099,
    -7.476050279761));
#638 = CARTESIAN_POINT('',(14.323763661471,-24.4073755091,
    -7.469259570831));
#639 = CARTESIAN_POINT('',(14.331969093036,-24.40255804891,
    -7.461933334341));
#640 = CARTESIAN_POINT('',(14.340000937278,-24.39783824986,
    -7.454106028388));
#641 = CARTESIAN_POINT('',(14.347798736971,-24.39325209006,
    -7.445817437718));
#642 = CARTESIAN_POINT('',(14.360219073438,-24.38594145212,
    -7.431422658503));
#643 = CARTESIAN_POINT('',(14.365002219519,-24.38312453425,
    -7.425561020667));
#644 = CARTESIAN_POINT('',(14.369655365542,-24.3803827213,
    -7.419527400859));
#645 = CARTESIAN_POINT('',(14.374168496315,-24.37772205889,
    -7.413331461149));
#646 = CARTESIAN_POINT('',(14.378533371851,-24.37514755751,
    -7.406982762752));
#647 = CARTESIAN_POINT('',(14.382743317845,-24.37266330889,
    -7.400490384716));
#648 = CARTESIAN_POINT('',(14.401071842856,-24.36184321262,
    -7.370493441469));
#649 = CARTESIAN_POINT('',(14.413343821728,-24.35458538789,
    -7.345464200917));
#650 = CARTESIAN_POINT('',(14.423402371882,-24.34862771677,
    -7.319108782209));
#651 = CARTESIAN_POINT('',(14.43112645687,-24.34404807646,
    -7.291784287873));
#652 = CARTESIAN_POINT('',(14.436464507393,-24.34088141102,
    -7.263824920859));
#653 = CARTESIAN_POINT('',(14.439400408368,-24.33913959474,
    -7.235522474336));
#654 = CARTESIAN_POINT('',(14.440626744499,-24.33841202503,
    -7.168581886338));
#655 = CARTESIAN_POINT('',(14.436874433821,-24.34063821114,
    -7.130182058299));
#656 = CARTESIAN_POINT('',(14.428760326497,-24.34545279005,
    -7.092375579864));
#657 = CARTESIAN_POINT('',(14.416260276208,-24.35286423095,
    -7.055803702047));
#658 = CARTESIAN_POINT('',(14.399459289902,-24.36280897238,
    -7.021391890548));
#659 = CARTESIAN_POINT('',(14.378857950619,-24.37497039753,
    -6.990214123049));
#660 = CARTESIAN_POINT('',(14.347915074498,-24.39318366749,
    -6.954306287603));
#661 = CARTESIAN_POINT('',(14.340100788589,-24.39777957343,
    -6.94599131801));
#662 = CARTESIAN_POINT('',(14.332050698856,-24.40251013745,
    -6.938139550849));
#663 = CARTESIAN_POINT('',(14.323825581885,-24.40733918891,
    -6.930791100654));
#664 = CARTESIAN_POINT('',(14.315504593818,-24.41221997478,
    -6.923980735378));
#665 = CARTESIAN_POINT('',(14.307180961361,-24.41709777778,
    -6.917730423974));
#666 = CARTESIAN_POINT('',(14.286375198651,-24.42927948281,
    -6.903355548747));
#667 = CARTESIAN_POINT('',(14.274003058184,-24.43651319083,
    -6.895973491167));
#668 = CARTESIAN_POINT('',(14.262250685727,-24.44337444717,
    -6.889971265985));
#669 = CARTESIAN_POINT('',(14.251382516561,-24.44971119974,
    -6.885157200907));
#670 = CARTESIAN_POINT('',(14.241411531735,-24.45551857357,
    -6.881281054957));
#671 = CARTESIAN_POINT('',(14.232288562851,-24.46082696552,
    -6.878152641717));
#672 = CARTESIAN_POINT('',(14.208965365243,-24.47438666679,
    -6.871072177267));
#673 = CARTESIAN_POINT('',(14.196395033142,-24.48168056257,
    -6.868404455809));
#674 = CARTESIAN_POINT('',(14.18536846112,-24.48807087331,-6.86663091472
    ));
#675 = CARTESIAN_POINT('',(14.17530915147,-24.49389425692,
    -6.865495892737));
#676 = CARTESIAN_POINT('',(14.165850254321,-24.4993647561,
    -6.864809463763));
#677 = CARTESIAN_POINT('',(14.15666341357,-24.504672946,-6.864506610164)
  );
#678 = CARTESIAN_POINT('',(14.138829353629,-24.51496689177,
    -6.864692546277));
#679 = CARTESIAN_POINT('',(14.130262078548,-24.51990735783,-6.8651184516
    ));
#680 = CARTESIAN_POINT('',(14.121373848786,-24.52502839795,
    -6.865890750077));
#681 = CARTESIAN_POINT('',(14.111890384042,-24.53048734663,
    -6.867080011812));
#682 = CARTESIAN_POINT('',(14.101503586728,-24.53646011798,
    -6.868848387877));
#683 = CARTESIAN_POINT('',(14.089738189089,-24.54321760783,
    -6.871441172866));
#684 = CARTESIAN_POINT('',(14.073256318675,-24.55266719107,
    -6.876427332651));
#685 = CARTESIAN_POINT('',(14.070492386281,-24.55425138527,
    -6.877300242949));
#686 = CARTESIAN_POINT('',(14.067649699078,-24.55588023012,
    -6.878237781718));
#687 = CARTESIAN_POINT('',(14.064724835638,-24.55755563542,
    -6.879245665541));
#688 = CARTESIAN_POINT('',(14.061714934778,-24.5592791844,
    -6.880330058149));
#689 = CARTESIAN_POINT('',(14.058617973198,-24.56105197561,
    -6.881497470136));
#690 = CARTESIAN_POINT('',(14.050505566564,-24.56569407841,
    -6.884699683163));
#691 = CARTESIAN_POINT('',(14.045366290025,-24.56863335631,
    -6.886860264361));
#692 = CARTESIAN_POINT('',(14.040013652658,-24.57169296186,
    -6.889260019389));
#693 = CARTESIAN_POINT('',(14.034453111842,-24.57486951046,
    -6.891924666631));
#694 = CARTESIAN_POINT('',(14.028699161713,-24.57815445714,
    -6.894878067816));
#695 = CARTESIAN_POINT('',(14.022777351698,-24.58153298437,
    -6.898138270113));
#696 = CARTESIAN_POINT('',(14.010714633537,-24.58841034604,
    -6.905265561405));
#697 = CARTESIAN_POINT('',(14.004573102485,-24.59190956907,
    -6.909129586644));
#698 = CARTESIAN_POINT('',(13.998338801222,-24.5954592302,
    -6.913314129956));
#699 = CARTESIAN_POINT('',(13.992052393838,-24.59903605757,
    -6.917820922256));
#700 = CARTESIAN_POINT('',(13.985755533226,-24.60261630839,
    -6.922645436105));
#701 = CARTESIAN_POINT('',(13.979488275135,-24.60617724124,
    -6.927777402445));
#702 = CARTESIAN_POINT('',(13.969306807871,-24.61195823683,
    -6.936681860203));
#703 = CARTESIAN_POINT('',(13.965353438272,-24.61420195109,
    -6.940283232156));
#704 = CARTESIAN_POINT('',(13.961435247013,-24.61642472234,
    -6.944002133333));
#705 = CARTESIAN_POINT('',(13.957560249447,-24.61862203658,
    -6.947834803715));
#706 = CARTESIAN_POINT('',(13.953735590897,-24.62078988415,
    -6.951777234725));
#707 = CARTESIAN_POINT('',(13.949967524843,-24.62292476934,
    -6.955825370814));
#708 = CARTESIAN_POINT('',(13.941144380495,-24.62792171386,
    -6.965705079542));
#709 = CARTESIAN_POINT('',(13.936145756615,-24.63075102139,
    -6.971628559463));
#710 = CARTESIAN_POINT('',(13.931279383531,-24.6335039287,
    -6.977735697146));
#711 = CARTESIAN_POINT('',(13.926556840866,-24.6361740359,
    -6.984016056953));
#712 = CARTESIAN_POINT('',(13.921987655256,-24.63875611788,
    -6.990459280006));
#713 = CARTESIAN_POINT('',(13.917579531805,-24.64124598502,
    -6.997055542926));
#714 = CARTESIAN_POINT('',(13.897453719711,-24.65260864224,
    -7.029043098775));
#715 = CARTESIAN_POINT('',(13.883927649411,-24.66022945608,
    -7.056292166765));
#716 = CARTESIAN_POINT('',(13.873056324006,-24.66634413645,
    -7.085103904152));
#717 = CARTESIAN_POINT('',(13.864999344753,-24.6708709074,
    -7.115005235118));
#718 = CARTESIAN_POINT('',(13.859808432616,-24.67378595206,
    -7.145573976175));
#719 = CARTESIAN_POINT('',(13.857496454978,-24.67508444695,
    -7.176461747728));
#720 = CARTESIAN_POINT('',(13.858643971951,-24.67443996653,
    -7.236197314235));
#721 = CARTESIAN_POINT('',(13.861721572794,-24.67271147416,
    -7.264926210045));
#722 = CARTESIAN_POINT('',(13.867308528617,-24.66957331452,
    -7.293296186174));
#723 = CARTESIAN_POINT('',(13.875385534312,-24.66503390107,
    -7.32100091935));
#724 = CARTESIAN_POINT('',(13.885892455356,-24.65912244404,
    -7.347688739439));
#725 = CARTESIAN_POINT('',(13.898691078887,-24.65191021956,
    -7.372984407951));
#726 = CARTESIAN_POINT('',(13.917763226702,-24.64114222538,
    -7.403218598051));
#727 = CARTESIAN_POINT('',(13.922140317412,-24.63866984394,
    -7.40975495259));
#728 = CARTESIAN_POINT('',(13.926675600873,-24.63610688454,
    -7.416140525702));
#729 = CARTESIAN_POINT('',(13.931361528097,-24.63345745274,
    -7.422365729591));
#730 = CARTESIAN_POINT('',(13.936188783758,-24.63072665836,
    -7.428420461551));
#731 = CARTESIAN_POINT('',(13.941146064115,-24.627920749,-7.434294544856
    ));
#732 = CARTESIAN_POINT('',(13.956104328146,-24.61944924287,
    -7.45105068697));
#733 = CARTESIAN_POINT('',(13.966444940123,-24.61358679673,-7.4614158947
    ));
#734 = CARTESIAN_POINT('',(13.977127772894,-24.60752340571,
    -7.470979896078));
#735 = CARTESIAN_POINT('',(13.987996920036,-24.60134667674,
    -7.479651793262));
#736 = CARTESIAN_POINT('',(13.998846286472,-24.59517340948,
    -7.487370225166));
#737 = CARTESIAN_POINT('',(14.009464022103,-24.58912474596,
    -7.494137601072));
#738 = CARTESIAN_POINT('',(14.019667057885,-24.5833060345,-7.5));
#739 = PCURVE('',#481,#740);
#740 = DEFINITIONAL_REPRESENTATION('',(#741),#899);
#741 = B_SPLINE_CURVE_WITH_KNOTS('',3,(#742,#743,#744,#745,#746,#747,
    #748,#749,#750,#751,#752,#753,#754,#755,#756,#757,#758,#759,#760,
    #761,#762,#763,#764,#765,#766,#767,#768,#769,#770,#771,#772,#773,
    #774,#775,#776,#777,#778,#779,#780,#781,#782,#783,#784,#785,#786,
    #787,#788,#789,#790,#791,#792,#793,#794,#795,#796,#797,#798,#799,
    #800,#801,#802,#803,#804,#805,#806,#807,#808,#809,#810,#811,#812,
    #813,#814,#815,#816,#817,#818,#819,#820,#821,#822,#823,#824,#825,
    #826,#827,#828,#829,#830,#831,#832,#833,#834,#835,#836,#837,#838,
    #839,#840,#841,#842,#843,#844,#845,#846,#847,#848,#849,#850,#851,
    #852,#853,#854,#855,#856,#857,#858,#859,#860,#861,#862,#863,#864,
    #865,#866,#867,#868,#869,#870,#871,#872,#873,#874,#875,#876,#877,
    #878,#879,#880,#881,#882,#883,#884,#885,#886,#887,#888,#889,#890,
    #891,#892,#893,#894,#895,#896,#897,#898),.UNSPECIFIED.,.F.,.F.,(4,1,
    1,1,1,1,1,1,1,1,1,1,1,1,1,1,1,1,1,1,1,1,1,1,1,1,1,1,1,1,1,1,1,1,1,1,
    1,1,1,1,1,1,1,1,1,1,1,1,1,1,1,1,1,1,1,1,1,1,1,1,1,1,1,1,1,1,1,1,1,1,
    1,1,1,1,1,1,1,1,1,1,1,1,1,1,1,1,1,1,1,1,1,1,1,1,1,1,1,1,1,1,1,1,1,1,
    1,1,1,1,1,1,1,1,1,1,1,1,1,1,1,1,1,1,1,1,1,1,1,1,1,1,1,1,1,1,1,1,1,1,
    1,1,1,1,1,1,1,1,1,1,1,1,1,1,1,1,4),(0.,0.485016882016,0.970033764031
    ,1.455050646047,1.940067528062,2.425084410078,2.910101292093,
    3.395118174109,3.880135056124,4.36515193814,4.850168820155,
    5.335185702171,5.820202584186,6.305219466202,6.790236348217,
    7.275253230233,7.760270112248,8.245286994264,8.730303876279,
    9.215320758295,9.70033764031,10.185354522326,10.670371404342,
    11.155388286357,11.640405168373,12.125422050388,12.610438932404,
    13.095455814419,13.580472696435,14.06548957845,14.550506460466,
    15.035523342481,15.520540224497,16.005557106512,16.490573988528,
    16.975590870543,17.460607752559,17.945624634574,18.43064151659,
    18.915658398605,19.400675280621,19.885692162637,20.370709044652,
    20.855725926668,21.340742808683,21.825759690699,22.310776572714,
    22.79579345473,23.280810336745,23.765827218761,24.250844100776,
    24.735860982792,25.220877864807,25.705894746823,26.190911628838,
    26.675928510854,27.160945392869,27.645962274885,28.1309791569,
    28.615996038916,29.101012920931,29.586029802947,30.071046684963,
    30.556063566978,31.041080448994,31.526097331009,32.011114213025,
    32.49613109504,32.981147977056,33.466164859071,33.951181741087,
    34.436198623102,34.921215505118,35.406232387133,35.891249269149,
    36.376266151164,36.86128303318,37.346299915195,37.831316797211,
    38.316333679226,38.801350561242,39.286367443258,39.771384325273,
    40.256401207289,40.741418089304,41.22643497132,41.711451853335,
    42.196468735351,42.681485617366,43.166502499382,43.651519381397,
    44.136536263413,44.621553145428,45.106570027444,45.591586909459,
    46.076603791475,46.56162067349,47.046637555506,47.531654437521,
    48.016671319537,48.501688201552,48.986705083568,49.471721965584,
    49.956738847599,50.441755729615,50.92677261163,51.411789493646,
    51.896806375661,52.381823257677,52.866840139692,53.351857021708,
    53.836873903723,54.321890785739,54.806907667754,55.29192454977,
    55.776941431785,56.261958313801,56.746975195816,57.231992077832,
    57.717008959847,58.202025841863,58.687042723879,59.172059605894,
    59.65707648791,60.142093369925,60.627110251941,61.112127133956,
    61.597144015972,62.082160897987,62.567177780003,63.052194662018,
    63.537211544034,64.022228426049,64.507245308065,64.99226219008,
    65.477279072096,65.962295954111,66.447312836127,66.932329718142,
    67.417346600158,67.902363482173,68.387380364189,68.872397246205,
    69.35741412822,69.842431010236,70.327447892251,70.812464774267,
    71.297481656282,71.782498538298,72.267515420313,72.752532302329,
    73.237549184344,73.72256606636,74.207582948375,74.692599830391),
  .QUASI_UNIFORM_KNOTS.);
#742 = CARTESIAN_POINT('',(-5.24129750505,-1.));
#743 = CARTESIAN_POINT('',(-5.241420215631,-1.001732496213));
#744 = CARTESIAN_POINT('',(-5.241669500584,-1.00540521048));
#745 = CARTESIAN_POINT('',(-5.24205152452,-1.011539748466));
#746 = CARTESIAN_POINT('',(-5.242438209141,-1.018307185225));
#747 = CARTESIAN_POINT('',(-5.242825911948,-1.025696994005));
#748 = CARTESIAN_POINT('',(-5.2432112911,-1.033692315537));
#749 = CARTESIAN_POINT('',(-5.243591250357,-1.04226820837));
#750 = CARTESIAN_POINT('',(-5.243963048151,-1.05139465673));
#751 = CARTESIAN_POINT('',(-5.244324323579,-1.061038418531));
#752 = CARTESIAN_POINT('',(-5.244673136505,-1.071166141626));
#753 = CARTESIAN_POINT('',(-5.245007973085,-1.081747425816));
#754 = CARTESIAN_POINT('',(-5.245327522097,-1.092750419768));
#755 = CARTESIAN_POINT('',(-5.245630728273,-1.104144890765));
#756 = CARTESIAN_POINT('',(-5.245916691488,-1.115900311673));
#757 = CARTESIAN_POINT('',(-5.246184661697,-1.12798637719));
#758 = CARTESIAN_POINT('',(-5.246434118198,-1.140378559382));
#759 = CARTESIAN_POINT('',(-5.246664570794,-1.153050671329));
#760 = CARTESIAN_POINT('',(-5.246875605234,-1.165976965297));
#761 = CARTESIAN_POINT('',(-5.247066865642,-1.179131770788));
#762 = CARTESIAN_POINT('',(-5.247238053376,-1.192489770063));
#763 = CARTESIAN_POINT('',(-5.247388921066,-1.206026083234));
#764 = CARTESIAN_POINT('',(-5.247519267571,-1.219716377821));
#765 = CARTESIAN_POINT('',(-5.247628932415,-1.233536971931));
#766 = CARTESIAN_POINT('',(-5.247717789908,-1.247464840413));
#767 = CARTESIAN_POINT('',(-5.247785743817,-1.261477918201));
#768 = CARTESIAN_POINT('',(-5.247832719134,-1.275554215542));
#769 = CARTESIAN_POINT('',(-5.2478586641,-1.289675292942));
#770 = CARTESIAN_POINT('',(-5.247863513543,-1.303813390651));
#771 = CARTESIAN_POINT('',(-5.247847323453,-1.31791687627));
#772 = CARTESIAN_POINT('',(-5.247810194966,-1.331979321055));
#773 = CARTESIAN_POINT('',(-5.247752198885,-1.345981975141));
#774 = CARTESIAN_POINT('',(-5.247673406938,-1.359907631464));
#775 = CARTESIAN_POINT('',(-5.247573896169,-1.373736893569));
#776 = CARTESIAN_POINT('',(-5.247453760621,-1.387449189888));
#777 = CARTESIAN_POINT('',(-5.247313121066,-1.401022548403));
#778 = CARTESIAN_POINT('',(-5.247152135182,-1.414433736244));
#779 = CARTESIAN_POINT('',(-5.246971007435,-1.427658334873));
#780 = CARTESIAN_POINT('',(-5.246769998777,-1.440670866485));
#781 = CARTESIAN_POINT('',(-5.246549436048,-1.453444941235));
#782 = CARTESIAN_POINT('',(-5.246309721015,-1.465953434013));
#783 = CARTESIAN_POINT('',(-5.246051338983,-1.478168689019));
#784 = CARTESIAN_POINT('',(-5.24577486693,-1.490062753236));
#785 = CARTESIAN_POINT('',(-5.245480980922,-1.501607638897));
#786 = CARTESIAN_POINT('',(-5.245170463501,-1.512775616272));
#787 = CARTESIAN_POINT('',(-5.244844208051,-1.523539534126));
#788 = CARTESIAN_POINT('',(-5.244503231009,-1.533873179947));
#789 = CARTESIAN_POINT('',(-5.244148651036,-1.543751636918));
#790 = CARTESIAN_POINT('',(-5.243782601991,-1.553129904165));
#791 = CARTESIAN_POINT('',(-5.243407152467,-1.561976678423));
#792 = CARTESIAN_POINT('',(-5.243024858688,-1.570259560882));
#793 = CARTESIAN_POINT('',(-5.242638615929,-1.577951151028));
#794 = CARTESIAN_POINT('',(-5.242251653594,-1.585029839551));
#795 = CARTESIAN_POINT('',(-5.241867378213,-1.591483267512));
#796 = CARTESIAN_POINT('',(-5.241489372477,-1.597307548416));
#797 = CARTESIAN_POINT('',(-5.241121317622,-1.602508250382));
#798 = CARTESIAN_POINT('',(-5.240765944175,-1.607112230123));
#799 = CARTESIAN_POINT('',(-5.24042523324,-1.611158315347));
#800 = CARTESIAN_POINT('',(-5.240100421671,-1.614693314832));
#801 = CARTESIAN_POINT('',(-5.23979210539,-1.617767636494));
#802 = CARTESIAN_POINT('',(-5.23950035765,-1.620432001769));
#803 = CARTESIAN_POINT('',(-5.239224813055,-1.622735300219));
#804 = CARTESIAN_POINT('',(-5.238964909619,-1.62472219781));
#805 = CARTESIAN_POINT('',(-5.238719459953,-1.626436431594));
#806 = CARTESIAN_POINT('',(-5.238486855338,-1.62791772155));
#807 = CARTESIAN_POINT('',(-5.238265781871,-1.629198109134));
#808 = CARTESIAN_POINT('',(-5.238054981732,-1.630304673247));
#809 = CARTESIAN_POINT('',(-5.237853308333,-1.63125992131));
#810 = CARTESIAN_POINT('',(-5.237659701854,-1.632082639815));
#811 = CARTESIAN_POINT('',(-5.237473185356,-1.632788472203));
#812 = CARTESIAN_POINT('',(-5.237292854777,-1.633390434164));
#813 = CARTESIAN_POINT('',(-5.237117870073,-1.63389932399));
#814 = CARTESIAN_POINT('',(-5.236947445724,-1.634324053261));
#815 = CARTESIAN_POINT('',(-5.236780841117,-1.634671904973));
#816 = CARTESIAN_POINT('',(-5.236617351115,-1.634948731243));
#817 = CARTESIAN_POINT('',(-5.236456295724,-1.635159100871));
#818 = CARTESIAN_POINT('',(-5.236297013493,-1.635306409304));
#819 = CARTESIAN_POINT('',(-5.236138841809,-1.635392956472));
#820 = CARTESIAN_POINT('',(-5.235981147456,-1.635420023938));
#821 = CARTESIAN_POINT('',(-5.235823171386,-1.635387885957));
#822 = CARTESIAN_POINT('',(-5.235664747981,-1.635296087586));
#823 = CARTESIAN_POINT('',(-5.235505212193,-1.635143297762));
#824 = CARTESIAN_POINT('',(-5.235343888676,-1.634927140159));
#825 = CARTESIAN_POINT('',(-5.23518009899,-1.634644147417));
#826 = CARTESIAN_POINT('',(-5.235013148729,-1.634289657644));
#827 = CARTESIAN_POINT('',(-5.234842319292,-1.633857698892));
#828 = CARTESIAN_POINT('',(-5.234666857914,-1.633340834772));
#829 = CARTESIAN_POINT('',(-5.234485967958,-1.632729963846));
#830 = CARTESIAN_POINT('',(-5.234298799145,-1.632014059944));
#831 = CARTESIAN_POINT('',(-5.234104438223,-1.631179843234));
#832 = CARTESIAN_POINT('',(-5.233901899653,-1.630211366449));
#833 = CARTESIAN_POINT('',(-5.233690118743,-1.629089519847));
#834 = CARTESIAN_POINT('',(-5.233467939174,-1.627791387126));
#835 = CARTESIAN_POINT('',(-5.233234125931,-1.626289650797));
#836 = CARTESIAN_POINT('',(-5.232987288927,-1.62455125171));
#837 = CARTESIAN_POINT('',(-5.232726146385,-1.62253821643));
#838 = CARTESIAN_POINT('',(-5.232449858548,-1.620210034328));
#839 = CARTESIAN_POINT('',(-5.232157497686,-1.617519425157));
#840 = CARTESIAN_POINT('',(-5.231848497546,-1.614415195612));
#841 = CARTESIAN_POINT('',(-5.231522867025,-1.610845627926));
#842 = CARTESIAN_POINT('',(-5.231181335006,-1.60676088297));
#843 = CARTESIAN_POINT('',(-5.230825281215,-1.602115677781));
#844 = CARTESIAN_POINT('',(-5.230456933261,-1.59687501915));
#845 = CARTESIAN_POINT('',(-5.230079166089,-1.591015538172));
#846 = CARTESIAN_POINT('',(-5.229695360833,-1.584528496572));
#847 = CARTESIAN_POINT('',(-5.229309012628,-1.577417108645));
#848 = CARTESIAN_POINT('',(-5.228923586737,-1.56969536448));
#849 = CARTESIAN_POINT('',(-5.22854242511,-1.561388578914));
#850 = CARTESIAN_POINT('',(-5.228168290505,-1.552522877443));
#851 = CARTESIAN_POINT('',(-5.22780364724,-1.543129285429));
#852 = CARTESIAN_POINT('',(-5.227450556715,-1.533239942611));
#853 = CARTESIAN_POINT('',(-5.227110723102,-1.522887007959));
#854 = CARTESIAN_POINT('',(-5.226785535176,-1.512101672362));
#855 = CARTESIAN_POINT('',(-5.226476149455,-1.500914883593));
#856 = CARTESIAN_POINT('',(-5.2261834991,-1.48935591733));
#857 = CARTESIAN_POINT('',(-5.225908404373,-1.477455449649));
#858 = CARTESIAN_POINT('',(-5.225651442979,-1.465238648967));
#859 = CARTESIAN_POINT('',(-5.22541314412,-1.452731865709));
#860 = CARTESIAN_POINT('',(-5.225193956492,-1.439961111121));
#861 = CARTESIAN_POINT('',(-5.224994263345,-1.426952230919));
#862 = CARTESIAN_POINT('',(-5.224814385467,-1.413730653041));
#863 = CARTESIAN_POINT('',(-5.22465458787,-1.400321276769));
#864 = CARTESIAN_POINT('',(-5.224515085881,-1.386748351907));
#865 = CARTESIAN_POINT('',(-5.224396051717,-1.373035383013));
#866 = CARTESIAN_POINT('',(-5.224297621163,-1.359205067025));
#867 = CARTESIAN_POINT('',(-5.224219900487,-1.345279192918));
#868 = CARTESIAN_POINT('',(-5.224162973052,-1.331278777553));
#869 = CARTESIAN_POINT('',(-5.224126907356,-1.317223409415));
#870 = CARTESIAN_POINT('',(-5.224111759738,-1.303133636314));
#871 = CARTESIAN_POINT('',(-5.224117596755,-1.289022078091));
#872 = CARTESIAN_POINT('',(-5.224144438358,-1.274931372904));
#873 = CARTESIAN_POINT('',(-5.224192225883,-1.260885225262));
#874 = CARTESIAN_POINT('',(-5.224260906048,-1.246903066808));
#875 = CARTESIAN_POINT('',(-5.224350404198,-1.233006521941));
#876 = CARTESIAN_POINT('',(-5.224460623729,-1.219217648598));
#877 = CARTESIAN_POINT('',(-5.224591438605,-1.2055593628));
#878 = CARTESIAN_POINT('',(-5.22474268788,-1.192055258019));
#879 = CARTESIAN_POINT('',(-5.224914169906,-1.178729565814));
#880 = CARTESIAN_POINT('',(-5.225105636829,-1.165607060113));
#881 = CARTESIAN_POINT('',(-5.225316789497,-1.152712948444));
#882 = CARTESIAN_POINT('',(-5.225547271927,-1.140072773773));
#883 = CARTESIAN_POINT('',(-5.22579666885,-1.12771218829));
#884 = CARTESIAN_POINT('',(-5.226064493334,-1.115657129353));
#885 = CARTESIAN_POINT('',(-5.226350213197,-1.103932414686));
#886 = CARTESIAN_POINT('',(-5.226653134623,-1.092566157468));
#887 = CARTESIAN_POINT('',(-5.226972305047,-1.081590928774));
#888 = CARTESIAN_POINT('',(-5.227306700596,-1.071035793269));
#889 = CARTESIAN_POINT('',(-5.227654966604,-1.060933836258));
#890 = CARTESIAN_POINT('',(-5.228015729097,-1.051311467509));
#891 = CARTESIAN_POINT('',(-5.228387215475,-1.042198941374));
#892 = CARTESIAN_POINT('',(-5.228766848772,-1.033635714518));
#893 = CARTESIAN_POINT('',(-5.22915181388,-1.025653258964));
#894 = CARTESIAN_POINT('',(-5.229538974672,-1.018276988744));
#895 = CARTESIAN_POINT('',(-5.229924999749,-1.011523083512));
#896 = CARTESIAN_POINT('',(-5.230306441886,-1.005398814896));
#897 = CARTESIAN_POINT('',(-5.2305554174,-1.001730817252));
#898 = CARTESIAN_POINT('',(-5.230678006916,-1.));
#899 = ( GEOMETRIC_REPRESENTATION_CONTEXT(2) 
PARAMETRIC_REPRESENTATION_CONTEXT() REPRESENTATION_CONTEXT('2D SPACE',''
  ) );
#900 = PCURVE('',#901,#906);
#901 = SPHERICAL_SURFACE('',#902,0.35);
#902 = AXIS2_PLACEMENT_3D('',#903,#904,#905);
#903 = CARTESIAN_POINT('',(14.1,-24.42191638672,-7.2));
#904 = DIRECTION('',(0.,0.,1.));
#905 = DIRECTION('',(1.,0.,0.));
#906 = DEFINITIONAL_REPRESENTATION('',(#907),#1065);
#907 = B_SPLINE_CURVE_WITH_KNOTS('',3,(#908,#909,#910,#911,#912,#913,
    #914,#915,#916,#917,#918,#919,#920,#921,#922,#923,#924,#925,#926,
    #927,#928,#929,#930,#931,#932,#933,#934,#935,#936,#937,#938,#939,
    #940,#941,#942,#943,#944,#945,#946,#947,#948,#949,#950,#951,#952,
    #953,#954,#955,#956,#957,#958,#959,#960,#961,#962,#963,#964,#965,
    #966,#967,#968,#969,#970,#971,#972,#973,#974,#975,#976,#977,#978,
    #979,#980,#981,#982,#983,#984,#985,#986,#987,#988,#989,#990,#991,
    #992,#993,#994,#995,#996,#997,#998,#999,#1000,#1001,#1002,#1003,
    #1004,#1005,#1006,#1007,#1008,#1009,#1010,#1011,#1012,#1013,#1014,
    #1015,#1016,#1017,#1018,#1019,#1020,#1021,#1022,#1023,#1024,#1025,
    #1026,#1027,#1028,#1029,#1030,#1031,#1032,#1033,#1034,#1035,#1036,
    #1037,#1038,#1039,#1040,#1041,#1042,#1043,#1044,#1045,#1046,#1047,
    #1048,#1049,#1050,#1051,#1052,#1053,#1054,#1055,#1056,#1057,#1058,
    #1059,#1060,#1061,#1062,#1063,#1064),.UNSPECIFIED.,.F.,.F.,(4,1,1,1,
    1,1,1,1,1,1,1,1,1,1,1,1,1,1,1,1,1,1,1,1,1,1,1,1,1,1,1,1,1,1,1,1,1,1,
    1,1,1,1,1,1,1,1,1,1,1,1,1,1,1,1,1,1,1,1,1,1,1,1,1,1,1,1,1,1,1,1,1,1,
    1,1,1,1,1,1,1,1,1,1,1,1,1,1,1,1,1,1,1,1,1,1,1,1,1,1,1,1,1,1,1,1,1,1,
    1,1,1,1,1,1,1,1,1,1,1,1,1,1,1,1,1,1,1,1,1,1,1,1,1,1,1,1,1,1,1,1,1,1,
    1,1,1,1,1,1,1,1,1,1,1,1,1,1,4),(0.,0.485016882016,0.970033764031,
    1.455050646047,1.940067528062,2.425084410078,2.910101292093,
    3.395118174109,3.880135056124,4.36515193814,4.850168820155,
    5.335185702171,5.820202584186,6.305219466202,6.790236348217,
    7.275253230233,7.760270112248,8.245286994264,8.730303876279,
    9.215320758295,9.70033764031,10.185354522326,10.670371404342,
    11.155388286357,11.640405168373,12.125422050388,12.610438932404,
    13.095455814419,13.580472696435,14.06548957845,14.550506460466,
    15.035523342481,15.520540224497,16.005557106512,16.490573988528,
    16.975590870543,17.460607752559,17.945624634574,18.43064151659,
    18.915658398605,19.400675280621,19.885692162637,20.370709044652,
    20.855725926668,21.340742808683,21.825759690699,22.310776572714,
    22.79579345473,23.280810336745,23.765827218761,24.250844100776,
    24.735860982792,25.220877864807,25.705894746823,26.190911628838,
    26.675928510854,27.160945392869,27.645962274885,28.1309791569,
    28.615996038916,29.101012920931,29.586029802947,30.071046684963,
    30.556063566978,31.041080448994,31.526097331009,32.011114213025,
    32.49613109504,32.981147977056,33.466164859071,33.951181741087,
    34.436198623102,34.921215505118,35.406232387133,35.891249269149,
    36.376266151164,36.86128303318,37.346299915195,37.831316797211,
    38.316333679226,38.801350561242,39.286367443258,39.771384325273,
    40.256401207289,40.741418089304,41.22643497132,41.711451853335,
    42.196468735351,42.681485617366,43.166502499382,43.651519381397,
    44.136536263413,44.621553145428,45.106570027444,45.591586909459,
    46.076603791475,46.56162067349,47.046637555506,47.531654437521,
    48.016671319537,48.501688201552,48.986705083568,49.471721965584,
    49.956738847599,50.441755729615,50.92677261163,51.411789493646,
    51.896806375661,52.381823257677,52.866840139692,53.351857021708,
    53.836873903723,54.321890785739,54.806907667754,55.29192454977,
    55.776941431785,56.261958313801,56.746975195816,57.231992077832,
    57.717008959847,58.202025841863,58.687042723879,59.172059605894,
    59.65707648791,60.142093369925,60.627110251941,61.112127133956,
    61.597144015972,62.082160897987,62.567177780003,63.052194662018,
    63.537211544034,64.022228426049,64.507245308065,64.99226219008,
    65.477279072096,65.962295954111,66.447312836127,66.932329718142,
    67.417346600158,67.902363482173,68.387380364189,68.872397246205,
    69.35741412822,69.842431010236,70.327447892251,70.812464774267,
    71.297481656282,71.782498538298,72.267515420313,72.752532302329,
    73.237549184344,73.72256606636,74.207582948375,74.692599830391),
  .QUASI_UNIFORM_KNOTS.);
#908 = CARTESIAN_POINT('',(6.221438703214,-1.029696800837));
#909 = CARTESIAN_POINT('',(6.232174245987,-1.020083570148));
#910 = CARTESIAN_POINT('',(6.252928668686,-1.000177755238));
#911 = CARTESIAN_POINT('',(6.281856718814,-0.968481571088));
#912 = CARTESIAN_POINT('',(6.30850115719,-0.935137556848));
#913 = CARTESIAN_POINT('',(6.332874469563,-0.900373729096));
#914 = CARTESIAN_POINT('',(6.355047677037,-0.864406511188));
#915 = CARTESIAN_POINT('',(6.375132312824,-0.827445399985));
#916 = CARTESIAN_POINT('',(6.393264977196,-0.78968151635));
#917 = CARTESIAN_POINT('',(6.409594946643,-0.751283401642));
#918 = CARTESIAN_POINT('',(6.42427603429,-0.712389992385));
#919 = CARTESIAN_POINT('',(6.437460185742,-0.673105383224));
#920 = CARTESIAN_POINT('',(6.449285826484,-0.633520846115));
#921 = CARTESIAN_POINT('',(6.459880131639,-0.593707008265));
#922 = CARTESIAN_POINT('',(6.469356030449,-0.553724134668));
#923 = CARTESIAN_POINT('',(6.477813695892,-0.513622372897));
#924 = CARTESIAN_POINT('',(6.485344274689,-0.473426097616));
#925 = CARTESIAN_POINT('',(6.49202520196,-0.433160640184));
#926 = CARTESIAN_POINT('',(6.497923516697,-0.392845981055));
#927 = CARTESIAN_POINT('',(6.503096775191,-0.352498821542));
#928 = CARTESIAN_POINT('',(6.507594302914,-0.312132350332));
#929 = CARTESIAN_POINT('',(6.51145809545,-0.271756571115));
#930 = CARTESIAN_POINT('',(6.514723589585,-0.23137845042));
#931 = CARTESIAN_POINT('',(6.517420276456,-0.191002013621));
#932 = CARTESIAN_POINT('',(6.519572182184,-0.150628641798));
#933 = CARTESIAN_POINT('',(6.521198247704,-0.110256449387));
#934 = CARTESIAN_POINT('',(6.522312535116,-6.988298541756E-02));
#935 = CARTESIAN_POINT('',(6.522924575867,-2.949542043021E-02));
#936 = CARTESIAN_POINT('',(6.523038706608,1.089265941722E-02));
#937 = CARTESIAN_POINT('',(6.522657341205,5.119958779728E-02));
#938 = CARTESIAN_POINT('',(6.521779226639,9.147230745868E-02));
#939 = CARTESIAN_POINT('',(6.520397637641,0.131722189163));
#940 = CARTESIAN_POINT('',(6.518500969124,0.171964771509));
#941 = CARTESIAN_POINT('',(6.516072580534,0.212209120817));
#942 = CARTESIAN_POINT('',(6.513090705181,0.252460653519));
#943 = CARTESIAN_POINT('',(6.50952820881,0.292720309888));
#944 = CARTESIAN_POINT('',(6.505352253292,0.332984660394));
#945 = CARTESIAN_POINT('',(6.500523844928,0.373245714181));
#946 = CARTESIAN_POINT('',(6.494997264113,0.413490756903));
#947 = CARTESIAN_POINT('',(6.48871936544,0.453702128015));
#948 = CARTESIAN_POINT('',(6.481628737367,0.493856959119));
#949 = CARTESIAN_POINT('',(6.47365470739,0.533926865605));
#950 = CARTESIAN_POINT('',(6.464716184531,0.573877588181));
#951 = CARTESIAN_POINT('',(6.454720310424,0.613668590108));
#952 = CARTESIAN_POINT('',(6.443560977473,0.653252571487));
#953 = CARTESIAN_POINT('',(6.431116972982,0.692575027261));
#954 = CARTESIAN_POINT('',(6.417250676627,0.731573356976));
#955 = CARTESIAN_POINT('',(6.401803966568,0.77017734467));
#956 = CARTESIAN_POINT('',(6.384640955002,0.80821731518));
#957 = CARTESIAN_POINT('',(6.365607296369,0.845548043953));
#958 = CARTESIAN_POINT('',(6.344560074504,0.881988043592));
#959 = CARTESIAN_POINT('',(6.321373405335,0.917338562772));
#960 = CARTESIAN_POINT('',(6.295954521289,0.951384859742));
#961 = CARTESIAN_POINT('',(6.268255542917,0.983911659858));
#962 = CARTESIAN_POINT('',(6.238298296975,1.014703409094));
#963 = CARTESIAN_POINT('',(6.206202350293,1.043553796572));
#964 = CARTESIAN_POINT('',(6.172115135773,1.070346242645));
#965 = CARTESIAN_POINT('',(6.136219415455,1.095028091542));
#966 = CARTESIAN_POINT('',(6.098722188397,1.117604822208));
#967 = CARTESIAN_POINT('',(6.05984622851,1.13812756799));
#968 = CARTESIAN_POINT('',(6.019822337726,1.156681319063));
#969 = CARTESIAN_POINT('',(5.97887539433,1.173375986875));
#970 = CARTESIAN_POINT('',(5.937238969214,1.188329796551));
#971 = CARTESIAN_POINT('',(5.895063215747,1.201691560834));
#972 = CARTESIAN_POINT('',(5.852406107504,1.213620380309));
#973 = CARTESIAN_POINT('',(5.809347913079,1.224246951202));
#974 = CARTESIAN_POINT('',(5.76595384908,1.233688795808));
#975 = CARTESIAN_POINT('',(5.722283888187,1.242048317551));
#976 = CARTESIAN_POINT('',(5.678390271348,1.249415219422));
#977 = CARTESIAN_POINT('',(5.634318524387,1.255867543262));
#978 = CARTESIAN_POINT('',(5.590107620358,1.261472885671));
#979 = CARTESIAN_POINT('',(5.545790348369,1.266289381572));
#980 = CARTESIAN_POINT('',(5.50139353735,1.270366566856));
#981 = CARTESIAN_POINT('',(5.456938172142,1.273746088087));
#982 = CARTESIAN_POINT('',(5.41243948546,1.27646226746));
#983 = CARTESIAN_POINT('',(5.367906733187,1.27854251245));
#984 = CARTESIAN_POINT('',(5.323344002802,1.280007603095));
#985 = CARTESIAN_POINT('',(5.278747365129,1.280871751587));
#986 = CARTESIAN_POINT('',(5.23411630485,1.281142861841));
#987 = CARTESIAN_POINT('',(5.189412959502,1.280821451512));
#988 = CARTESIAN_POINT('',(5.144768189191,1.279904732785));
#989 = CARTESIAN_POINT('',(5.100173058568,1.278385547355));
#990 = CARTESIAN_POINT('',(5.055620638544,1.276249325652));
#991 = CARTESIAN_POINT('',(5.011110968633,1.273474962595));
#992 = CARTESIAN_POINT('',(4.96665026734,1.270034473209));
#993 = CARTESIAN_POINT('',(4.922251359124,1.265892809224));
#994 = CARTESIAN_POINT('',(4.877933604796,1.261007450158));
#995 = CARTESIAN_POINT('',(4.833722932577,1.255327865861));
#996 = CARTESIAN_POINT('',(4.789651906186,1.248794822798));
#997 = CARTESIAN_POINT('',(4.745759930632,1.241339555661));
#998 = CARTESIAN_POINT('',(4.702093480199,1.232882778061));
#999 = CARTESIAN_POINT('',(4.658706685564,1.223333660314));
#1000 = CARTESIAN_POINT('',(4.615660774692,1.212588330477));
#1001 = CARTESIAN_POINT('',(4.573027560508,1.200529567992));
#1002 = CARTESIAN_POINT('',(4.530877059624,1.187021439478));
#1003 = CARTESIAN_POINT('',(4.489322993618,1.171922134732));
#1004 = CARTESIAN_POINT('',(4.448554256589,1.155106621363));
#1005 = CARTESIAN_POINT('',(4.40873434953,1.136437576417));
#1006 = CARTESIAN_POINT('',(4.370056892623,1.115791857604));
#1007 = CARTESIAN_POINT('',(4.332744459114,1.093079154553));
#1008 = CARTESIAN_POINT('',(4.297033455223,1.068256037066));
#1009 = CARTESIAN_POINT('',(4.263140106128,1.041327245132));
#1010 = CARTESIAN_POINT('',(4.231260778255,1.01236557361));
#1011 = CARTESIAN_POINT('',(4.201541535867,0.981502215825));
#1012 = CARTESIAN_POINT('',(4.174069677506,0.948921630175));
#1013 = CARTESIAN_POINT('',(4.148859531439,0.914832689395));
#1014 = CARTESIAN_POINT('',(4.125866840137,0.879456168686));
#1015 = CARTESIAN_POINT('',(4.105004583349,0.843019311146));
#1016 = CARTESIAN_POINT('',(4.086139668622,0.805710851599));
#1017 = CARTESIAN_POINT('',(4.069126946869,0.767704193576));
#1018 = CARTESIAN_POINT('',(4.053813993764,0.729145573484));
#1019 = CARTESIAN_POINT('',(4.040050642058,0.690155577493));
#1020 = CARTESIAN_POINT('',(4.027694316839,0.650830672643));
#1021 = CARTESIAN_POINT('',(4.016614431186,0.611250320565));
#1022 = CARTESIAN_POINT('',(4.006692374063,0.571475534814));
#1023 = CARTESIAN_POINT('',(3.997824082782,0.531562156369));
#1024 = CARTESIAN_POINT('',(3.989914382421,0.491539997178));
#1025 = CARTESIAN_POINT('',(3.982881807432,0.451437660418));
#1026 = CARTESIAN_POINT('',(3.97665565264,0.411278231453));
#1027 = CARTESIAN_POINT('',(3.971174952534,0.371080844952));
#1028 = CARTESIAN_POINT('',(3.966387237288,0.330860621523));
#1029 = CARTESIAN_POINT('',(3.962247602343,0.29062899162));
#1030 = CARTESIAN_POINT('',(3.958717914107,0.250393875269));
#1031 = CARTESIAN_POINT('',(3.955766171755,0.210159849968));
#1032 = CARTESIAN_POINT('',(3.953365996608,0.169928326785));
#1033 = CARTESIAN_POINT('',(3.951496242068,0.129697535923));
#1034 = CARTESIAN_POINT('',(3.950140702462,8.94631080871E-02));
#1035 = CARTESIAN_POINT('',(3.949287957274,4.92163158569E-02));
#1036 = CARTESIAN_POINT('',(3.948931189522,8.950943493888E-03));
#1037 = CARTESIAN_POINT('',(3.949068569491,-3.136213875799E-02));
#1038 = CARTESIAN_POINT('',(3.949701879158,-7.166659684322E-02));
#1039 = CARTESIAN_POINT('',(3.950835790633,-0.111960022526));
#1040 = CARTESIAN_POINT('',(3.952479948624,-0.152252016561));
#1041 = CARTESIAN_POINT('',(3.954648543833,-0.192545677177));
#1042 = CARTESIAN_POINT('',(3.957360600626,-0.232842512517));
#1043 = CARTESIAN_POINT('',(3.960640201112,-0.273141051331));
#1044 = CARTESIAN_POINT('',(3.964516860318,-0.313437113617));
#1045 = CARTESIAN_POINT('',(3.969026006363,-0.35372360745));
#1046 = CARTESIAN_POINT('',(3.974209591564,-0.393990412065));
#1047 = CARTESIAN_POINT('',(3.980116856048,-0.434224225784));
#1048 = CARTESIAN_POINT('',(3.98680523619,-0.474408286119));
#1049 = CARTESIAN_POINT('',(3.994341560013,-0.514522431132));
#1050 = CARTESIAN_POINT('',(4.00280313405,-0.554541688532));
#1051 = CARTESIAN_POINT('',(4.012280363582,-0.594440138748));
#1052 = CARTESIAN_POINT('',(4.022874977076,-0.634174830035));
#1053 = CARTESIAN_POINT('',(4.034697628672,-0.673678071815));
#1054 = CARTESIAN_POINT('',(4.047876022458,-0.712882994899));
#1055 = CARTESIAN_POINT('',(4.062545954459,-0.751693223233));
#1056 = CARTESIAN_POINT('',(4.078864308954,-0.790019810805));
#1057 = CARTESIAN_POINT('',(4.096993531923,-0.827738369763));
#1058 = CARTESIAN_POINT('',(4.117073269987,-0.864656273669));
#1059 = CARTESIAN_POINT('',(4.139234946489,-0.900575590365));
#1060 = CARTESIAN_POINT('',(4.163585557039,-0.935283809149));
#1061 = CARTESIAN_POINT('',(4.190193330785,-0.96856649891));
#1062 = CARTESIAN_POINT('',(4.219082236002,-1.000212272685));
#1063 = CARTESIAN_POINT('',(4.23981207105,-1.020092984558));
#1064 = CARTESIAN_POINT('',(4.250536808752,-1.029696800838));
#1065 = ( GEOMETRIC_REPRESENTATION_CONTEXT(2) 
PARAMETRIC_REPRESENTATION_CONTEXT() REPRESENTATION_CONTEXT('2D SPACE',''
  ) );
#1066 = ORIENTED_EDGE('',*,*,#1067,.T.);
#1067 = EDGE_CURVE('',#625,#1068,#1070,.T.);
#1068 = VERTEX_POINT('',#1069);
#1069 = CARTESIAN_POINT('',(-28.29960106383,-0.150265192523,-7.5));
#1070 = SURFACE_CURVE('',#1071,(#1076,#1083),.PCURVE_S1.);
#1071 = CIRCLE('',#1072,28.3);
#1072 = AXIS2_PLACEMENT_3D('',#1073,#1074,#1075);
#1073 = CARTESIAN_POINT('',(0.,0.,-7.5));
#1074 = DIRECTION('',(0.,0.,-1.));
#1075 = DIRECTION('',(1.,0.,0.));
#1076 = PCURVE('',#481,#1077);
#1077 = DEFINITIONAL_REPRESENTATION('',(#1078),#1082);
#1078 = LINE('',#1079,#1080);
#1079 = CARTESIAN_POINT('',(-6.28318530718,-1.));
#1080 = VECTOR('',#1081,1.);
#1081 = DIRECTION('',(1.,-0.));
#1082 = ( GEOMETRIC_REPRESENTATION_CONTEXT(2) 
PARAMETRIC_REPRESENTATION_CONTEXT() REPRESENTATION_CONTEXT('2D SPACE',''
  ) );
#1083 = PCURVE('',#45,#1084);
#1084 = DEFINITIONAL_REPRESENTATION('',(#1085),#1093);
#1085 = ( BOUNDED_CURVE() B_SPLINE_CURVE(2,(#1086,#1087,#1088,#1089,
#1090,#1091,#1092),.UNSPECIFIED.,.T.,.F.) B_SPLINE_CURVE_WITH_KNOTS((1,2
    ,2,2,2,1),(-2.094395102393,0.,2.094395102393,4.188790204786,
6.28318530718,8.377580409573),.UNSPECIFIED.) CURVE() 
GEOMETRIC_REPRESENTATION_ITEM() RATIONAL_B_SPLINE_CURVE((1.,0.5,1.,0.5,
1.,0.5,1.)) REPRESENTATION_ITEM('') );
#1086 = CARTESIAN_POINT('',(28.3,-1.805139506451E-15));
#1087 = CARTESIAN_POINT('',(28.3,-49.01703785419));
#1088 = CARTESIAN_POINT('',(-14.15,-24.5085189271));
#1089 = CARTESIAN_POINT('',(-56.6,-8.736640389625E-15));
#1090 = CARTESIAN_POINT('',(-14.15,24.5085189271));
#1091 = CARTESIAN_POINT('',(28.3,49.017037854199));
#1092 = CARTESIAN_POINT('',(28.3,-1.805139506451E-15));
#1093 = ( GEOMETRIC_REPRESENTATION_CONTEXT(2) 
PARAMETRIC_REPRESENTATION_CONTEXT() REPRESENTATION_CONTEXT('2D SPACE',''
  ) );
#1094 = ORIENTED_EDGE('',*,*,#1095,.F.);
#1095 = EDGE_CURVE('',#1096,#1068,#1098,.T.);
#1096 = VERTEX_POINT('',#1097);
#1097 = CARTESIAN_POINT('',(-28.29960106383,0.150265192523,-7.5));
#1098 = SURFACE_CURVE('',#1099,(#1222,#1348),.PCURVE_S1.);
#1099 = B_SPLINE_CURVE_WITH_KNOTS('',7,(#1100,#1101,#1102,#1103,#1104,
    #1105,#1106,#1107,#1108,#1109,#1110,#1111,#1112,#1113,#1114,#1115,
    #1116,#1117,#1118,#1119,#1120,#1121,#1122,#1123,#1124,#1125,#1126,
    #1127,#1128,#1129,#1130,#1131,#1132,#1133,#1134,#1135,#1136,#1137,
    #1138,#1139,#1140,#1141,#1142,#1143,#1144,#1145,#1146,#1147,#1148,
    #1149,#1150,#1151,#1152,#1153,#1154,#1155,#1156,#1157,#1158,#1159,
    #1160,#1161,#1162,#1163,#1164,#1165,#1166,#1167,#1168,#1169,#1170,
    #1171,#1172,#1173,#1174,#1175,#1176,#1177,#1178,#1179,#1180,#1181,
    #1182,#1183,#1184,#1185,#1186,#1187,#1188,#1189,#1190,#1191,#1192,
    #1193,#1194,#1195,#1196,#1197,#1198,#1199,#1200,#1201,#1202,#1203,
    #1204,#1205,#1206,#1207,#1208,#1209,#1210,#1211,#1212,#1213,#1214,
    #1215,#1216,#1217,#1218,#1219,#1220,#1221),.UNSPECIFIED.,.F.,.F.,(8,
    6,6,6,6,6,6,6,6,6,6,6,6,6,6,6,6,6,6,6,8),(0.,5.124403073638E-02,
    7.75476773982E-02,0.170322994688,0.269827986111,0.296393853548,
    0.315634903544,0.345619395797,0.375800280081,0.395308035103,
    0.495375752897,0.604316045623,0.623828012481,0.654015412991,
    0.684006379069,0.703251583319,0.72982318648,0.825973612766,
    0.922122770581,0.94869437237,1.),.UNSPECIFIED.);
#1100 = CARTESIAN_POINT('',(-28.29960107021,0.150263990403,-7.5000006));
#1101 = CARTESIAN_POINT('',(-28.29953870407,0.162009564364,
    -7.494138194795));
#1102 = CARTESIAN_POINT('',(-28.29946813207,0.174229284256,
    -7.487370789532));
#1103 = CARTESIAN_POINT('',(-28.29938965438,0.186711926136,
    -7.479652300612));
#1104 = CARTESIAN_POINT('',(-28.29930428398,0.199213440411,
    -7.47098031586));
#1105 = CARTESIAN_POINT('',(-28.29921391701,0.211496931597,
    -7.461416198175));
#1106 = CARTESIAN_POINT('',(-28.29912063696,0.223383568753,
    -7.451050849349));
#1107 = CARTESIAN_POINT('',(-28.29897804309,0.240573724457,
    -7.434294545522));
#1108 = CARTESIAN_POINT('',(-28.29892939169,0.246269809829,
    -7.428420462279));
#1109 = CARTESIAN_POINT('',(-28.29888070117,0.251815733032,
    -7.422365730382));
#1110 = CARTESIAN_POINT('',(-28.2988322128,0.257198580924,
    -7.416140526559));
#1111 = CARTESIAN_POINT('',(-28.29878415902,0.2624077313,-7.409754953512
    ));
#1112 = CARTESIAN_POINT('',(-28.2987367588,0.267434593753,
    -7.403218599041));
#1113 = CARTESIAN_POINT('',(-28.29852604144,0.289335551936,
    -7.372984413912));
#1114 = CARTESIAN_POINT('',(-28.29837269932,0.304025594866,
    -7.347688750999));
#1115 = CARTESIAN_POINT('',(-28.29823871077,0.316080582628,
    -7.321000936997));
#1116 = CARTESIAN_POINT('',(-28.2981314553,0.325345181398,-7.29329621017
    ));
#1117 = CARTESIAN_POINT('',(-28.29805570334,0.331752708027,
    -7.264926240438));
#1118 = CARTESIAN_POINT('',(-28.29801382119,0.335282237069,
    -7.236197350904));
#1119 = CARTESIAN_POINT('',(-28.29799819903,0.336598263746,
    -7.17646178435));
#1120 = CARTESIAN_POINT('',(-28.29802965826,0.333946787687,
    -7.145574006402));
#1121 = CARTESIAN_POINT('',(-28.29810061158,0.327993805,-7.115005258759)
  );
#1122 = CARTESIAN_POINT('',(-28.29820880257,0.318752870894,
    -7.085103921208));
#1123 = CARTESIAN_POINT('',(-28.29834899676,0.306280685467,
    -7.05629217752));
#1124 = CARTESIAN_POINT('',(-28.29851221356,0.290756355546,
    -7.029043103772));
#1125 = CARTESIAN_POINT('',(-28.29873476983,0.267645558777,
    -6.997055542924));
#1126 = CARTESIAN_POINT('',(-28.29878254336,0.262583078314,
    -6.990459280005));
#1127 = CARTESIAN_POINT('',(-28.29883098758,0.257335006512,
    -6.984016056952));
#1128 = CARTESIAN_POINT('',(-28.29887987824,0.251910110991,
    -6.977735697145));
#1129 = CARTESIAN_POINT('',(-28.29892897712,0.246319254623,
    -6.971628559461));
#1130 = CARTESIAN_POINT('',(-28.29897803687,0.240575665596,
    -6.96570507954));
#1131 = CARTESIAN_POINT('',(-28.29906212814,0.230436126188,
    -6.955825370812));
#1132 = CARTESIAN_POINT('',(-28.29909729636,0.226105442667,
    -6.951777234723));
#1133 = CARTESIAN_POINT('',(-28.29913221457,0.221709267415,
    -6.947834803713));
#1134 = CARTESIAN_POINT('',(-28.2991667834,0.217254763963,
    -6.944002133331));
#1135 = CARTESIAN_POINT('',(-28.29920090266,0.212750125171,
    -6.940283232154));
#1136 = CARTESIAN_POINT('',(-28.29923447391,0.208204549538,
    -6.936681860201));
#1137 = CARTESIAN_POINT('',(-28.2993187185,0.196496642443,
    -6.927777402443));
#1138 = CARTESIAN_POINT('',(-28.29936848924,0.189288571302,
    -6.922645436103));
#1139 = CARTESIAN_POINT('',(-28.29941633138,0.182045204635,
    -6.917820922255));
#1140 = CARTESIAN_POINT('',(-28.29946191171,0.174812602459,
    -6.913314129954));
#1141 = CARTESIAN_POINT('',(-28.29950496563,0.167638708627,
    -6.909129586642));
#1142 = CARTESIAN_POINT('',(-28.29954531511,0.160570375199,
    -6.905265561403));
#1143 = CARTESIAN_POINT('',(-28.29962070427,0.146685073999,
    -6.898138270111));
#1144 = CARTESIAN_POINT('',(-28.29965571888,0.139867372476,
    -6.894878067815));
#1145 = CARTESIAN_POINT('',(-28.29968784667,0.133241832152,
    -6.89192466663));
#1146 = CARTESIAN_POINT('',(-28.29971714529,0.126837988247,
    -6.889260019388));
#1147 = CARTESIAN_POINT('',(-28.29974376784,0.120672665531,
    -6.88686026436));
#1148 = CARTESIAN_POINT('',(-28.29976791678,0.114752282543,
    -6.884699683162));
#1149 = CARTESIAN_POINT('',(-28.29980394115,0.105405680914,
    -6.881497470135));
#1150 = CARTESIAN_POINT('',(-28.29981713972,0.101837237907,
    -6.880330058148));
#1151 = CARTESIAN_POINT('',(-28.29982945294,9.836881280614E-02,
    -6.87924566554));
#1152 = CARTESIAN_POINT('',(-28.29984094111,9.499810411662E-02,
    -6.878237781717));
#1153 = CARTESIAN_POINT('',(-28.2998516637,9.172184235986E-02,
    -6.877300242948));
#1154 = CARTESIAN_POINT('',(-28.29986167747,8.853610958897E-02,
    -6.87642733265));
#1155 = CARTESIAN_POINT('',(-28.29991903353,6.953759948754E-02,
    -6.871441172866));
#1156 = CARTESIAN_POINT('',(-28.29994957448,5.596972132573E-02,
    -6.868848387876));
#1157 = CARTESIAN_POINT('',(-28.29997040141,4.398810530952E-02,
    -6.867080011811));
#1158 = CARTESIAN_POINT('',(-28.29998454555,3.304570958601E-02,
    -6.865890750078));
#1159 = CARTESIAN_POINT('',(-28.2999937096,2.278775675695E-02,
    -6.865118451599));
#1160 = CARTESIAN_POINT('',(-28.29999877802,1.289804586427E-02,
    -6.864692546277));
#1161 = CARTESIAN_POINT('',(-28.30000098945,-7.693675980925E-03,
    -6.864506610164));
#1162 = CARTESIAN_POINT('',(-28.29999738252,-1.830380840175E-02,
    -6.864809463763));
#1163 = CARTESIAN_POINT('',(-28.29998923984,-2.923070321418E-02,
    -6.865495892739));
#1164 = CARTESIAN_POINT('',(-28.29997569652,-4.085401272348E-02,
    -6.866630914721));
#1165 = CARTESIAN_POINT('',(-28.29995481109,-5.359845958188E-02,
    -6.868404455811));
#1166 = CARTESIAN_POINT('',(-28.29992327811,-6.813163440248E-02,
    -6.871072177269));
#1167 = CARTESIAN_POINT('',(-28.29986167747,-8.853610959166E-02,
    -6.876427332651));
#1168 = CARTESIAN_POINT('',(-28.2998516637,-9.172184236252E-02,
    -6.877300242949));
#1169 = CARTESIAN_POINT('',(-28.29984094111,-9.49981041193E-02,
    -6.878237781718));
#1170 = CARTESIAN_POINT('',(-28.29982945294,-9.836881280886E-02,
    -6.87924566554));
#1171 = CARTESIAN_POINT('',(-28.29981713972,-0.10183723791,
    -6.880330058149));
#1172 = CARTESIAN_POINT('',(-28.29980394115,-0.105405680916,
    -6.881497470136));
#1173 = CARTESIAN_POINT('',(-28.29976791678,-0.114752282546,
    -6.884699683163));
#1174 = CARTESIAN_POINT('',(-28.29974376784,-0.120672665534,
    -6.886860264361));
#1175 = CARTESIAN_POINT('',(-28.29971714529,-0.12683798825,
    -6.889260019389));
#1176 = CARTESIAN_POINT('',(-28.29968784667,-0.133241832155,
    -6.891924666631));
#1177 = CARTESIAN_POINT('',(-28.29965571888,-0.139867372479,
    -6.894878067816));
#1178 = CARTESIAN_POINT('',(-28.29962070427,-0.146685074001,
    -6.898138270113));
#1179 = CARTESIAN_POINT('',(-28.29954531511,-0.160570375202,
    -6.905265561404));
#1180 = CARTESIAN_POINT('',(-28.29950496563,-0.167638708629,
    -6.909129586644));
#1181 = CARTESIAN_POINT('',(-28.29946191171,-0.174812602462,
    -6.913314129956));
#1182 = CARTESIAN_POINT('',(-28.29941633138,-0.182045204638,
    -6.917820922256));
#1183 = CARTESIAN_POINT('',(-28.29936848924,-0.189288571305,
    -6.922645436105));
#1184 = CARTESIAN_POINT('',(-28.2993187185,-0.196496642446,
    -6.927777402446));
#1185 = CARTESIAN_POINT('',(-28.29923447391,-0.20820454954,
    -6.936681860203));
#1186 = CARTESIAN_POINT('',(-28.29920090266,-0.212750125174,
    -6.940283232156));
#1187 = CARTESIAN_POINT('',(-28.2991667834,-0.217254763965,
    -6.944002133334));
#1188 = CARTESIAN_POINT('',(-28.29913221457,-0.221709267417,
    -6.947834803715));
#1189 = CARTESIAN_POINT('',(-28.29909729636,-0.226105442669,
    -6.951777234725));
#1190 = CARTESIAN_POINT('',(-28.29906212814,-0.230436126191,
    -6.955825370815));
#1191 = CARTESIAN_POINT('',(-28.29897803687,-0.240575665599,
    -6.965705079543));
#1192 = CARTESIAN_POINT('',(-28.29892897712,-0.246319254626,
    -6.971628559464));
#1193 = CARTESIAN_POINT('',(-28.29887987824,-0.251910110994,
    -6.977735697148));
#1194 = CARTESIAN_POINT('',(-28.29883098758,-0.257335006515,
    -6.984016056955));
#1195 = CARTESIAN_POINT('',(-28.29878254336,-0.262583078317,
    -6.990459280008));
#1196 = CARTESIAN_POINT('',(-28.29873476983,-0.267645558779,
    -6.997055542928));
#1197 = CARTESIAN_POINT('',(-28.2985181721,-0.290137605607,
    -7.028186694471));
#1198 = CARTESIAN_POINT('',(-28.29836014633,-0.305217903206,
    -7.054436925243));
#1199 = CARTESIAN_POINT('',(-28.29822323536,-0.317465823016,
    -7.082160068815));
#1200 = CARTESIAN_POINT('',(-28.29811554472,-0.326714852082,
    -7.110939547184));
#1201 = CARTESIAN_POINT('',(-28.29804213083,-0.332898238109,
    -7.140387898005));
#1202 = CARTESIAN_POINT('',(-28.29800531769,-0.335998570688,
    -7.170171159399));
#1203 = CARTESIAN_POINT('',(-28.29800532059,-0.335998326379,
    -7.229831189363));
#1204 = CARTESIAN_POINT('',(-28.29804213565,-0.332897831684,
    -7.259614037555));
#1205 = CARTESIAN_POINT('',(-28.29811555038,-0.326714365746,
    -7.289061965745));
#1206 = CARTESIAN_POINT('',(-28.29822324076,-0.317465340217,
    -7.317841023967));
#1207 = CARTESIAN_POINT('',(-28.29836015048,-0.30521750693,
    -7.345563764577));
#1208 = CARTESIAN_POINT('',(-28.29851817433,-0.29013737403,
    -7.371813626055));
#1209 = CARTESIAN_POINT('',(-28.29873476983,-0.267645558774,
    -7.402944457079));
#1210 = CARTESIAN_POINT('',(-28.29878254336,-0.262583078311,
    -7.409540719999));
#1211 = CARTESIAN_POINT('',(-28.29883098758,-0.25733500651,
    -7.415983943052));
#1212 = CARTESIAN_POINT('',(-28.29887987824,-0.251910110989,
    -7.422264302859));
#1213 = CARTESIAN_POINT('',(-28.29892897712,-0.246319254621,
    -7.428371440542));
#1214 = CARTESIAN_POINT('',(-28.29897803687,-0.240575665593,
    -7.434294920462));
#1215 = CARTESIAN_POINT('',(-28.29912097123,-0.223340958026,
    -7.451087980179));
#1216 = CARTESIAN_POINT('',(-28.29921418667,-0.211460269954,
    -7.461444740022));
#1217 = CARTESIAN_POINT('',(-28.29930448865,-0.19918349616,
    -7.471001116602));
#1218 = CARTESIAN_POINT('',(-28.29938979644,-0.186689345228,
    -7.479666274066));
#1219 = CARTESIAN_POINT('',(-28.29946821754,-0.17421448137,
    -7.487378985444));
#1220 = CARTESIAN_POINT('',(-28.29953874172,-0.162002472924,
    -7.494141734247));
#1221 = CARTESIAN_POINT('',(-28.29960107021,-0.150263990403,-7.5000006)
  );
#1222 = PCURVE('',#481,#1223);
#1223 = DEFINITIONAL_REPRESENTATION('',(#1224),#1347);
#1224 = B_SPLINE_CURVE_WITH_KNOTS('',7,(#1225,#1226,#1227,#1228,#1229,
    #1230,#1231,#1232,#1233,#1234,#1235,#1236,#1237,#1238,#1239,#1240,
    #1241,#1242,#1243,#1244,#1245,#1246,#1247,#1248,#1249,#1250,#1251,
    #1252,#1253,#1254,#1255,#1256,#1257,#1258,#1259,#1260,#1261,#1262,
    #1263,#1264,#1265,#1266,#1267,#1268,#1269,#1270,#1271,#1272,#1273,
    #1274,#1275,#1276,#1277,#1278,#1279,#1280,#1281,#1282,#1283,#1284,
    #1285,#1286,#1287,#1288,#1289,#1290,#1291,#1292,#1293,#1294,#1295,
    #1296,#1297,#1298,#1299,#1300,#1301,#1302,#1303,#1304,#1305,#1306,
    #1307,#1308,#1309,#1310,#1311,#1312,#1313,#1314,#1315,#1316,#1317,
    #1318,#1319,#1320,#1321,#1322,#1323,#1324,#1325,#1326,#1327,#1328,
    #1329,#1330,#1331,#1332,#1333,#1334,#1335,#1336,#1337,#1338,#1339,
    #1340,#1341,#1342,#1343,#1344,#1345,#1346),.UNSPECIFIED.,.F.,.F.,(8,
    6,6,6,6,6,6,6,6,6,6,6,6,6,6,6,6,6,6,6,8),(0.,5.124403073638E-02,
    7.75476773982E-02,0.170322994688,0.269827986111,0.296393853548,
    0.315634903544,0.345619395797,0.375800280081,0.395308035103,
    0.495375752897,0.604316045623,0.623828012481,0.654015412991,
    0.684006379069,0.703251583319,0.72982318648,0.825973612766,
    0.922122770581,0.94869437237,1.),.UNSPECIFIED.);
#1225 = CARTESIAN_POINT('',(-3.136282947001,-0.9999994));
#1226 = CARTESIAN_POINT('',(-3.135867903201,-1.005861805205));
#1227 = CARTESIAN_POINT('',(-3.135436103824,-1.012629210468));
#1228 = CARTESIAN_POINT('',(-3.13499501245,-1.020347699388));
#1229 = CARTESIAN_POINT('',(-3.134553252645,-1.02901968414));
#1230 = CARTESIAN_POINT('',(-3.134119195359,-1.038583801825));
#1231 = CARTESIAN_POINT('',(-3.133699159954,-1.048949150651));
#1232 = CARTESIAN_POINT('',(-3.13309171306,-1.065705454479));
#1233 = CARTESIAN_POINT('',(-3.132890430623,-1.071579537721));
#1234 = CARTESIAN_POINT('',(-3.132694454061,-1.077634269618));
#1235 = CARTESIAN_POINT('',(-3.132504239713,-1.083859473441));
#1236 = CARTESIAN_POINT('',(-3.13232016297,-1.090245046488));
#1237 = CARTESIAN_POINT('',(-3.132142527428,-1.096781400959));
#1238 = CARTESIAN_POINT('',(-3.131368606161,-1.127015586088));
#1239 = CARTESIAN_POINT('',(-3.130849495266,-1.152311249001));
#1240 = CARTESIAN_POINT('',(-3.130423497771,-1.178999063003));
#1241 = CARTESIAN_POINT('',(-3.130096104859,-1.20670378983));
#1242 = CARTESIAN_POINT('',(-3.129869674671,-1.235073759562));
#1243 = CARTESIAN_POINT('',(-3.12974494755,-1.263802649096));
#1244 = CARTESIAN_POINT('',(-3.129698441564,-1.32353821565));
#1245 = CARTESIAN_POINT('',(-3.129792139894,-1.354425993598));
#1246 = CARTESIAN_POINT('',(-3.130002507572,-1.384994741242));
#1247 = CARTESIAN_POINT('',(-3.130329064736,-1.414896078791));
#1248 = CARTESIAN_POINT('',(-3.130769805712,-1.44370782248));
#1249 = CARTESIAN_POINT('',(-3.131318398709,-1.470956896228));
#1250 = CARTESIAN_POINT('',(-3.132135072502,-1.502944457076));
#1251 = CARTESIAN_POINT('',(-3.1323139667,-1.509540719995));
#1252 = CARTESIAN_POINT('',(-3.132499418827,-1.515983943048));
#1253 = CARTESIAN_POINT('',(-3.132691119024,-1.522264302855));
#1254 = CARTESIAN_POINT('',(-3.132888683395,-1.528371440539));
#1255 = CARTESIAN_POINT('',(-3.133091644469,-1.53429492046));
#1256 = CARTESIAN_POINT('',(-3.133449944402,-1.544174629188));
#1257 = CARTESIAN_POINT('',(-3.133602977131,-1.548222765277));
#1258 = CARTESIAN_POINT('',(-3.133758323909,-1.552165196287));
#1259 = CARTESIAN_POINT('',(-3.133915731593,-1.555997866669));
#1260 = CARTESIAN_POINT('',(-3.13407491067,-1.559716767846));
#1261 = CARTESIAN_POINT('',(-3.134235536094,-1.563318139799));
#1262 = CARTESIAN_POINT('',(-3.134649253769,-1.572222597557));
#1263 = CARTESIAN_POINT('',(-3.13490396199,-1.577354563897));
#1264 = CARTESIAN_POINT('',(-3.135159916907,-1.582179077745));
#1265 = CARTESIAN_POINT('',(-3.135415490942,-1.586685870046));
#1266 = CARTESIAN_POINT('',(-3.135668989971,-1.590870413358));
#1267 = CARTESIAN_POINT('',(-3.135918758463,-1.594734438597));
#1268 = CARTESIAN_POINT('',(-3.13640941238,-1.601861729889));
#1269 = CARTESIAN_POINT('',(-3.136650323728,-1.605121932185));
#1270 = CARTESIAN_POINT('',(-3.136884444499,-1.60807533337));
#1271 = CARTESIAN_POINT('',(-3.137110731089,-1.610739980612));
#1272 = CARTESIAN_POINT('',(-3.137328589036,-1.61313973564));
#1273 = CARTESIAN_POINT('',(-3.137537791584,-1.615300316838));
#1274 = CARTESIAN_POINT('',(-3.137868062646,-1.618502529865));
#1275 = CARTESIAN_POINT('',(-3.137994156899,-1.619669941852));
#1276 = CARTESIAN_POINT('',(-3.13811671686,-1.62075433446));
#1277 = CARTESIAN_POINT('',(-3.138235823864,-1.621762218283));
#1278 = CARTESIAN_POINT('',(-3.138351593449,-1.622699757052));
#1279 = CARTESIAN_POINT('',(-3.138464164067,-1.62357266735));
#1280 = CARTESIAN_POINT('',(-3.139135492572,-1.628558827134));
#1281 = CARTESIAN_POINT('',(-3.139614923969,-1.631151612124));
#1282 = CARTESIAN_POINT('',(-3.140038303204,-1.632919988189));
#1283 = CARTESIAN_POINT('',(-3.140424960547,-1.634109249921));
#1284 = CARTESIAN_POINT('',(-3.140787432484,-1.634881548401));
#1285 = CARTESIAN_POINT('',(-3.14113689225,-1.635307453723));
#1286 = CARTESIAN_POINT('',(-3.141864514934,-1.635493389836));
#1287 = CARTESIAN_POINT('',(-3.142239431257,-1.635190536237));
#1288 = CARTESIAN_POINT('',(-3.142625540677,-1.634504107261));
#1289 = CARTESIAN_POINT('',(-3.143036258514,-1.633369085279));
#1290 = CARTESIAN_POINT('',(-3.143486592865,-1.631595544189));
#1291 = CARTESIAN_POINT('',(-3.144000133637,-1.628927822731));
#1292 = CARTESIAN_POINT('',(-3.144721143113,-1.623572667349));
#1293 = CARTESIAN_POINT('',(-3.14483371373,-1.622699757051));
#1294 = CARTESIAN_POINT('',(-3.144949483316,-1.621762218282));
#1295 = CARTESIAN_POINT('',(-3.145068590319,-1.62075433446));
#1296 = CARTESIAN_POINT('',(-3.14519115028,-1.619669941851));
#1297 = CARTESIAN_POINT('',(-3.145317244534,-1.618502529864));
#1298 = CARTESIAN_POINT('',(-3.145647515596,-1.615300316837));
#1299 = CARTESIAN_POINT('',(-3.145856718143,-1.613139735639));
#1300 = CARTESIAN_POINT('',(-3.14607457609,-1.610739980611));
#1301 = CARTESIAN_POINT('',(-3.146300862681,-1.608075333369));
#1302 = CARTESIAN_POINT('',(-3.146534983452,-1.605121932184));
#1303 = CARTESIAN_POINT('',(-3.146775894799,-1.601861729887));
#1304 = CARTESIAN_POINT('',(-3.147266548716,-1.594734438596));
#1305 = CARTESIAN_POINT('',(-3.147516317208,-1.590870413356));
#1306 = CARTESIAN_POINT('',(-3.147769816237,-1.586685870044));
#1307 = CARTESIAN_POINT('',(-3.148025390273,-1.582179077744));
#1308 = CARTESIAN_POINT('',(-3.14828134519,-1.577354563895));
#1309 = CARTESIAN_POINT('',(-3.148536053411,-1.572222597554));
#1310 = CARTESIAN_POINT('',(-3.148949771085,-1.563318139797));
#1311 = CARTESIAN_POINT('',(-3.14911039651,-1.559716767844));
#1312 = CARTESIAN_POINT('',(-3.149269575587,-1.555997866666));
#1313 = CARTESIAN_POINT('',(-3.149426983271,-1.552165196285));
#1314 = CARTESIAN_POINT('',(-3.149582330048,-1.548222765275));
#1315 = CARTESIAN_POINT('',(-3.149735362778,-1.544174629185));
#1316 = CARTESIAN_POINT('',(-3.150093662711,-1.534294920457));
#1317 = CARTESIAN_POINT('',(-3.150296623784,-1.528371440536));
#1318 = CARTESIAN_POINT('',(-3.150494188156,-1.522264302852));
#1319 = CARTESIAN_POINT('',(-3.150685888353,-1.515983943045));
#1320 = CARTESIAN_POINT('',(-3.15087134048,-1.509540719992));
#1321 = CARTESIAN_POINT('',(-3.151050234677,-1.502944457072));
#1322 = CARTESIAN_POINT('',(-3.151845043501,-1.471813305529));
#1323 = CARTESIAN_POINT('',(-3.152377945272,-1.445563074757));
#1324 = CARTESIAN_POINT('',(-3.152810760875,-1.417839931185));
#1325 = CARTESIAN_POINT('',(-3.153137603842,-1.389060452816));
#1326 = CARTESIAN_POINT('',(-3.153356113444,-1.359612101995));
#1327 = CARTESIAN_POINT('',(-3.153465673555,-1.329828840601));
#1328 = CARTESIAN_POINT('',(-3.153465664922,-1.270168810637));
#1329 = CARTESIAN_POINT('',(-3.153356099082,-1.240385962445));
#1330 = CARTESIAN_POINT('',(-3.153137586656,-1.210938034255));
#1331 = CARTESIAN_POINT('',(-3.152810743813,-1.182158976033));
#1332 = CARTESIAN_POINT('',(-3.152377931268,-1.154436235423));
#1333 = CARTESIAN_POINT('',(-3.151845035318,-1.128186373945));
#1334 = CARTESIAN_POINT('',(-3.151050234677,-1.097055542921));
#1335 = CARTESIAN_POINT('',(-3.15087134048,-1.090459280001));
#1336 = CARTESIAN_POINT('',(-3.150685888353,-1.084016056948));
#1337 = CARTESIAN_POINT('',(-3.150494188155,-1.077735697141));
#1338 = CARTESIAN_POINT('',(-3.150296623784,-1.071628559458));
#1339 = CARTESIAN_POINT('',(-3.150093662711,-1.065705079538));
#1340 = CARTESIAN_POINT('',(-3.1494846415,-1.048912019821));
#1341 = CARTESIAN_POINT('',(-3.149064816322,-1.038555259978));
#1342 = CARTESIAN_POINT('',(-3.14863099641,-1.028998883398));
#1343 = CARTESIAN_POINT('',(-3.148189496802,-1.020333725934));
#1344 = CARTESIAN_POINT('',(-3.147748680276,-1.012621014556));
#1345 = CARTESIAN_POINT('',(-3.147317153394,-1.005858265753));
#1346 = CARTESIAN_POINT('',(-3.146902360179,-0.9999994));
#1347 = ( GEOMETRIC_REPRESENTATION_CONTEXT(2) 
PARAMETRIC_REPRESENTATION_CONTEXT() REPRESENTATION_CONTEXT('2D SPACE',''
  ) );
#1348 = PCURVE('',#1349,#1354);
#1349 = SPHERICAL_SURFACE('',#1350,0.35);
#1350 = AXIS2_PLACEMENT_3D('',#1351,#1352,#1353);
#1351 = CARTESIAN_POINT('',(-28.2,3.453503973596E-15,-7.2));
#1352 = DIRECTION('',(0.,0.,1.));
#1353 = DIRECTION('',(1.,0.,0.));
#1354 = DEFINITIONAL_REPRESENTATION('',(#1355),#1478);
#1355 = B_SPLINE_CURVE_WITH_KNOTS('',7,(#1356,#1357,#1358,#1359,#1360,
    #1361,#1362,#1363,#1364,#1365,#1366,#1367,#1368,#1369,#1370,#1371,
    #1372,#1373,#1374,#1375,#1376,#1377,#1378,#1379,#1380,#1381,#1382,
    #1383,#1384,#1385,#1386,#1387,#1388,#1389,#1390,#1391,#1392,#1393,
    #1394,#1395,#1396,#1397,#1398,#1399,#1400,#1401,#1402,#1403,#1404,
    #1405,#1406,#1407,#1408,#1409,#1410,#1411,#1412,#1413,#1414,#1415,
    #1416,#1417,#1418,#1419,#1420,#1421,#1422,#1423,#1424,#1425,#1426,
    #1427,#1428,#1429,#1430,#1431,#1432,#1433,#1434,#1435,#1436,#1437,
    #1438,#1439,#1440,#1441,#1442,#1443,#1444,#1445,#1446,#1447,#1448,
    #1449,#1450,#1451,#1452,#1453,#1454,#1455,#1456,#1457,#1458,#1459,
    #1460,#1461,#1462,#1463,#1464,#1465,#1466,#1467,#1468,#1469,#1470,
    #1471,#1472,#1473,#1474,#1475,#1476,#1477),.UNSPECIFIED.,.F.,.F.,(8,
    6,6,6,6,6,6,6,6,6,6,6,6,6,6,6,6,6,6,6,8),(0.,5.124403073638E-02,
    7.75476773982E-02,0.170322994688,0.269827986111,0.296393853548,
    0.315634903544,0.345619395797,0.375800280081,0.395308035103,
    0.495375752897,0.604316045623,0.623828012481,0.654015412991,
    0.684006379069,0.703251583319,0.72982318648,0.825973612766,
    0.922122770581,0.94869437237,1.),.UNSPECIFIED.);
#1356 = CARTESIAN_POINT('',(2.156145419968,-1.029700129051));
#1357 = CARTESIAN_POINT('',(2.119860614304,-0.99718117577));
#1358 = CARTESIAN_POINT('',(2.0866658695,-0.961695554347));
#1359 = CARTESIAN_POINT('',(2.056997779618,-0.923603259135));
#1360 = CARTESIAN_POINT('',(2.03082113218,-0.883422756471));
#1361 = CARTESIAN_POINT('',(2.007825540687,-0.841719586324));
#1362 = CARTESIAN_POINT('',(1.987666680316,-0.798959455099));
#1363 = CARTESIAN_POINT('',(1.960925969589,-0.73319051797));
#1364 = CARTESIAN_POINT('',(1.952504952715,-0.710681482171));
#1365 = CARTESIAN_POINT('',(1.944683941124,-0.688009831433));
#1366 = CARTESIAN_POINT('',(1.937416949512,-0.665207623798));
#1367 = CARTESIAN_POINT('',(1.93066156384,-0.642300983937));
#1368 = CARTESIAN_POINT('',(1.924379252183,-0.619310154807));
#1369 = CARTESIAN_POINT('',(1.897924857674,-0.514912728625));
#1370 = CARTESIAN_POINT('',(1.882795870351,-0.432805851474));
#1371 = CARTESIAN_POINT('',(1.871579339866,-0.350429224172));
#1372 = CARTESIAN_POINT('',(1.863522510454,-0.268028923773));
#1373 = CARTESIAN_POINT('',(1.858144516917,-0.185708498363));
#1374 = CARTESIAN_POINT('',(1.855202836773,-0.1034408497));
#1375 = CARTESIAN_POINT('',(1.854106622413,6.727009923521E-02));
#1376 = CARTESIAN_POINT('',(1.85631610341,0.155348745813));
#1377 = CARTESIAN_POINT('',(1.861242463537,0.243451245237));
#1378 = CARTESIAN_POINT('',(1.869122475551,0.33168232261));
#1379 = CARTESIAN_POINT('',(1.880502221254,0.419957549906));
#1380 = CARTESIAN_POINT('',(1.896242997126,0.507980771056));
#1381 = CARTESIAN_POINT('',(1.924115544674,0.618345715738));
#1382 = CARTESIAN_POINT('',(1.930433742454,0.641531611948));
#1383 = CARTESIAN_POINT('',(1.9372318735,0.664632487404));
#1384 = CARTESIAN_POINT('',(1.944549360091,0.68762769813));
#1385 = CARTESIAN_POINT('',(1.952429640747,0.710490528376));
#1386 = CARTESIAN_POINT('',(1.960919850671,0.73318813614));
#1387 = CARTESIAN_POINT('',(1.976698109736,0.771972926576));
#1388 = CARTESIAN_POINT('',(1.983671866148,0.788156457509));
#1389 = CARTESIAN_POINT('',(1.991010525195,0.80421693082));
#1390 = CARTESIAN_POINT('',(1.998733345936,0.820136307671));
#1391 = CARTESIAN_POINT('',(2.006859221584,0.835894010378));
#1392 = CARTESIAN_POINT('',(2.015405808358,0.851467261736));
#1393 = CARTESIAN_POINT('',(2.038387166692,0.890774328404));
#1394 = CARTESIAN_POINT('',(2.053448678005,0.914215590569));
#1395 = CARTESIAN_POINT('',(2.069626377011,0.937051842358));
#1396 = CARTESIAN_POINT('',(2.086960208064,0.959174368708));
#1397 = CARTESIAN_POINT('',(2.105464725,0.980477363589));
#1398 = CARTESIAN_POINT('',(2.125116945,1.00086618563));
#1399 = CARTESIAN_POINT('',(2.166707219006,1.039792103985));
#1400 = CARTESIAN_POINT('',(2.188666878821,1.058323370944));
#1401 = CARTESIAN_POINT('',(2.211651232629,1.075780317343));
#1402 = CARTESIAN_POINT('',(2.23556508945,1.092131313851));
#1403 = CARTESIAN_POINT('',(2.260298793979,1.107381439953));
#1404 = CARTESIAN_POINT('',(2.285737003983,1.121561724819));
#1405 = CARTESIAN_POINT('',(2.328592551578,1.143222345935));
#1406 = CARTESIAN_POINT('',(2.345668100768,1.151300114969));
#1407 = CARTESIAN_POINT('',(2.362967135198,1.158965618413));
#1408 = CARTESIAN_POINT('',(2.38046447708,1.166235147296));
#1409 = CARTESIAN_POINT('',(2.398137227832,1.173126443126));
#1410 = CARTESIAN_POINT('',(2.415965245001,1.179657780482));
#1411 = CARTESIAN_POINT('',(2.526092611508,1.217595758538));
#1412 = CARTESIAN_POINT('',(2.621544087717,1.240223168569));
#1413 = CARTESIAN_POINT('',(2.718700068107,1.256548746287));
#1414 = CARTESIAN_POINT('',(2.816555612618,1.26810671565));
#1415 = CARTESIAN_POINT('',(2.914595451813,1.27576027756));
#1416 = CARTESIAN_POINT('',(3.012711998416,1.280017637314));
#1417 = CARTESIAN_POINT('',(3.218440192029,1.281876143316));
#1418 = CARTESIAN_POINT('',(3.325247170692,1.278846166068));
#1419 = CARTESIAN_POINT('',(3.432049644459,1.271971425041));
#1420 = CARTESIAN_POINT('',(3.538762277084,1.26072632005));
#1421 = CARTESIAN_POINT('',(3.644791166713,1.244134218314));
#1422 = CARTESIAN_POINT('',(3.748942833849,1.220403319356));
#1423 = CARTESIAN_POINT('',(3.867220062194,1.179657780476));
#1424 = CARTESIAN_POINT('',(3.885048079362,1.17312644312));
#1425 = CARTESIAN_POINT('',(3.902720830114,1.16623514729));
#1426 = CARTESIAN_POINT('',(3.920218171995,1.158965618407));
#1427 = CARTESIAN_POINT('',(3.937517206425,1.151300114963));
#1428 = CARTESIAN_POINT('',(3.954592755614,1.143222345929));
#1429 = CARTESIAN_POINT('',(3.997448303208,1.121561724812));
#1430 = CARTESIAN_POINT('',(4.022886513212,1.107381439946));
#1431 = CARTESIAN_POINT('',(4.04762021774,1.092131313844));
#1432 = CARTESIAN_POINT('',(4.071534074561,1.075780317336));
#1433 = CARTESIAN_POINT('',(4.094518428369,1.058323370936));
#1434 = CARTESIAN_POINT('',(4.116478088182,1.039792103977));
#1435 = CARTESIAN_POINT('',(4.158068362187,1.000866185622));
#1436 = CARTESIAN_POINT('',(4.177720582187,0.980477363581));
#1437 = CARTESIAN_POINT('',(4.196225099123,0.959174368699));
#1438 = CARTESIAN_POINT('',(4.213558930175,0.937051842349));
#1439 = CARTESIAN_POINT('',(4.229736629181,0.91421559056));
#1440 = CARTESIAN_POINT('',(4.244798140493,0.890774328395));
#1441 = CARTESIAN_POINT('',(4.267779498827,0.851467261727));
#1442 = CARTESIAN_POINT('',(4.276326085601,0.835894010369));
#1443 = CARTESIAN_POINT('',(4.284451961248,0.820136307661));
#1444 = CARTESIAN_POINT('',(4.29217478199,0.80421693081));
#1445 = CARTESIAN_POINT('',(4.299513441036,0.788156457499));
#1446 = CARTESIAN_POINT('',(4.306487197448,0.771972926566));
#1447 = CARTESIAN_POINT('',(4.322265456512,0.733188136129));
#1448 = CARTESIAN_POINT('',(4.330755666436,0.710490528365));
#1449 = CARTESIAN_POINT('',(4.338635947092,0.687627698118));
#1450 = CARTESIAN_POINT('',(4.345953433683,0.664632487392));
#1451 = CARTESIAN_POINT('',(4.35275156473,0.641531611935));
#1452 = CARTESIAN_POINT('',(4.359069762509,0.618345715725));
#1453 = CARTESIAN_POINT('',(4.386196072817,0.510935593575));
#1454 = CARTESIAN_POINT('',(4.401600383361,0.425959009592));
#1455 = CARTESIAN_POINT('',(4.412883806745,0.340716620118));
#1456 = CARTESIAN_POINT('',(4.420847125208,0.255469171242));
#1457 = CARTESIAN_POINT('',(4.425998393202,0.170320358851));
#1458 = CARTESIAN_POINT('',(4.428579142044,8.522525886073E-02));
#1459 = CARTESIAN_POINT('',(4.428578938631,-8.523196961045E-02));
#1460 = CARTESIAN_POINT('',(4.425998054739,-0.170325955406));
#1461 = CARTESIAN_POINT('',(4.420846706344,-0.255473652753));
#1462 = CARTESIAN_POINT('',(4.412883362016,-0.340719980223));
#1463 = CARTESIAN_POINT('',(4.401599978562,-0.425961242635));
#1464 = CARTESIAN_POINT('',(4.386195793528,-0.510936699466));
#1465 = CARTESIAN_POINT('',(4.359069762502,-0.618345715751));
#1466 = CARTESIAN_POINT('',(4.352751564722,-0.64153161196));
#1467 = CARTESIAN_POINT('',(4.345953433675,-0.664632487416));
#1468 = CARTESIAN_POINT('',(4.338635947084,-0.687627698141));
#1469 = CARTESIAN_POINT('',(4.330755666429,-0.710490528387));
#1470 = CARTESIAN_POINT('',(4.322265456504,-0.733188136151));
#1471 = CARTESIAN_POINT('',(4.29544632104,-0.799112681078));
#1472 = CARTESIAN_POINT('',(4.275291128443,-0.841844051481));
#1473 = CARTESIAN_POINT('',(4.252301500144,-0.883519054171));
#1474 = CARTESIAN_POINT('',(4.226133973338,-0.92367219814));
#1475 = CARTESIAN_POINT('',(4.196479195835,-0.961738534546));
#1476 = CARTESIAN_POINT('',(4.163302785772,-0.997200809223));
#1477 = CARTESIAN_POINT('',(4.127039887212,-1.029700129051));
#1478 = ( GEOMETRIC_REPRESENTATION_CONTEXT(2) 
PARAMETRIC_REPRESENTATION_CONTEXT() REPRESENTATION_CONTEXT('2D SPACE',''
  ) );
#1479 = ORIENTED_EDGE('',*,*,#1480,.T.);
#1480 = EDGE_CURVE('',#1096,#1481,#1483,.T.);
#1481 = VERTEX_POINT('',#1482);
#1482 = CARTESIAN_POINT('',(14.019667057885,24.583306034503,-7.5));
#1483 = SURFACE_CURVE('',#1484,(#1489,#1496),.PCURVE_S1.);
#1484 = CIRCLE('',#1485,28.3);
#1485 = AXIS2_PLACEMENT_3D('',#1486,#1487,#1488);
#1486 = CARTESIAN_POINT('',(0.,0.,-7.5));
#1487 = DIRECTION('',(0.,0.,-1.));
#1488 = DIRECTION('',(1.,0.,0.));
#1489 = PCURVE('',#481,#1490);
#1490 = DEFINITIONAL_REPRESENTATION('',(#1491),#1495);
#1491 = LINE('',#1492,#1493);
#1492 = CARTESIAN_POINT('',(-6.28318530718,-1.));
#1493 = VECTOR('',#1494,1.);
#1494 = DIRECTION('',(1.,-0.));
#1495 = ( GEOMETRIC_REPRESENTATION_CONTEXT(2) 
PARAMETRIC_REPRESENTATION_CONTEXT() REPRESENTATION_CONTEXT('2D SPACE',''
  ) );
#1496 = PCURVE('',#45,#1497);
#1497 = DEFINITIONAL_REPRESENTATION('',(#1498),#1506);
#1498 = ( BOUNDED_CURVE() B_SPLINE_CURVE(2,(#1499,#1500,#1501,#1502,
#1503,#1504,#1505),.UNSPECIFIED.,.T.,.F.) B_SPLINE_CURVE_WITH_KNOTS((1,2
    ,2,2,2,1),(-2.094395102393,0.,2.094395102393,4.188790204786,
6.28318530718,8.377580409573),.UNSPECIFIED.) CURVE() 
GEOMETRIC_REPRESENTATION_ITEM() RATIONAL_B_SPLINE_CURVE((1.,0.5,1.,0.5,
1.,0.5,1.)) REPRESENTATION_ITEM('') );
#1499 = CARTESIAN_POINT('',(28.3,-1.805139506451E-15));
#1500 = CARTESIAN_POINT('',(28.3,-49.01703785419));
#1501 = CARTESIAN_POINT('',(-14.15,-24.5085189271));
#1502 = CARTESIAN_POINT('',(-56.6,-8.736640389625E-15));
#1503 = CARTESIAN_POINT('',(-14.15,24.5085189271));
#1504 = CARTESIAN_POINT('',(28.3,49.017037854199));
#1505 = CARTESIAN_POINT('',(28.3,-1.805139506451E-15));
#1506 = ( GEOMETRIC_REPRESENTATION_CONTEXT(2) 
PARAMETRIC_REPRESENTATION_CONTEXT() REPRESENTATION_CONTEXT('2D SPACE',''
  ) );
#1507 = ORIENTED_EDGE('',*,*,#1508,.T.);
#1508 = EDGE_CURVE('',#1481,#1509,#1511,.T.);
#1509 = VERTEX_POINT('',#1510);
#1510 = CARTESIAN_POINT('',(14.279934005945,24.43304084198,-7.5));
#1511 = SURFACE_CURVE('',#1512,(#1635,#1818),.PCURVE_S1.);
#1512 = B_SPLINE_CURVE_WITH_KNOTS('',7,(#1513,#1514,#1515,#1516,#1517,
    #1518,#1519,#1520,#1521,#1522,#1523,#1524,#1525,#1526,#1527,#1528,
    #1529,#1530,#1531,#1532,#1533,#1534,#1535,#1536,#1537,#1538,#1539,
    #1540,#1541,#1542,#1543,#1544,#1545,#1546,#1547,#1548,#1549,#1550,
    #1551,#1552,#1553,#1554,#1555,#1556,#1557,#1558,#1559,#1560,#1561,
    #1562,#1563,#1564,#1565,#1566,#1567,#1568,#1569,#1570,#1571,#1572,
    #1573,#1574,#1575,#1576,#1577,#1578,#1579,#1580,#1581,#1582,#1583,
    #1584,#1585,#1586,#1587,#1588,#1589,#1590,#1591,#1592,#1593,#1594,
    #1595,#1596,#1597,#1598,#1599,#1600,#1601,#1602,#1603,#1604,#1605,
    #1606,#1607,#1608,#1609,#1610,#1611,#1612,#1613,#1614,#1615,#1616,
    #1617,#1618,#1619,#1620,#1621,#1622,#1623,#1624,#1625,#1626,#1627,
    #1628,#1629,#1630,#1631,#1632,#1633,#1634),.UNSPECIFIED.,.F.,.F.,(8,
    6,6,6,6,6,6,6,6,6,6,6,6,6,6,6,6,6,6,6,8),(0.,7.695731016454E-02,
    0.116318833971,0.260415255472,0.406543294358,0.445908182959,
    0.474609607867,0.519517261871,0.56538419899,0.594061836476,
    0.762464794399,0.90877574007,0.983252099666,0.999998872427,
    1.059526207633,1.098362534145,1.241669758407,1.382969454121,
    1.422024691771,1.481765131976,1.501883221304),.UNSPECIFIED.);
#1513 = CARTESIAN_POINT('',(14.019667057886,24.583306034503,-7.5));
#1514 = CARTESIAN_POINT('',(14.009485463688,24.589112517999,
    -7.494149920849));
#1515 = CARTESIAN_POINT('',(13.998890916181,24.595147985018,
    -7.487398668572));
#1516 = CARTESIAN_POINT('',(13.988065188595,24.601307832139,
    -7.479700366629));
#1517 = CARTESIAN_POINT('',(13.977218738861,24.607471711567,
    -7.47105248619));
#1518 = CARTESIAN_POINT('',(13.966556607677,24.613523415746,
    -7.461515814878));
#1519 = CARTESIAN_POINT('',(13.956234124796,24.619375656117,
    -7.451180687608));
#1520 = CARTESIAN_POINT('',(13.941317085066,24.62782393122,
    -7.43449382645));
#1521 = CARTESIAN_POINT('',(13.936384162889,24.630616100305,
    -7.428658587458));
#1522 = CARTESIAN_POINT('',(13.931579480114,24.633334178409,
    -7.422644482826));
#1523 = CARTESIAN_POINT('',(13.926914200584,24.635971994211,
    -7.416461523195));
#1524 = CARTESIAN_POINT('',(13.922397534006,24.638524494702,
    -7.410119647683));
#1525 = CARTESIAN_POINT('',(13.918036951995,24.640987615153,
    -7.403628291662));
#1526 = CARTESIAN_POINT('',(13.898468172857,24.652036305394,
    -7.372715999037));
#1527 = CARTESIAN_POINT('',(13.885287879192,24.65946325657,
    -7.346575634675));
#1528 = CARTESIAN_POINT('',(13.874554891616,24.665501270396,
    -7.318958793055));
#1529 = CARTESIAN_POINT('',(13.86641857599,24.670073467369,
    -7.290280044388));
#1530 = CARTESIAN_POINT('',(13.860939981294,24.673150468809,
    -7.260924946108));
#1531 = CARTESIAN_POINT('',(13.858135981037,24.674725269962,
    -7.231225488392));
#1532 = CARTESIAN_POINT('',(13.857906957549,24.674853895685,
    -7.171289568954));
#1533 = CARTESIAN_POINT('',(13.860558703527,24.673364604705,
    -7.14114926855));
#1534 = CARTESIAN_POINT('',(13.865961898723,24.670330089056,
    -7.111343073501));
#1535 = CARTESIAN_POINT('',(13.874100842597,24.665756694712,
    -7.08221577789));
#1536 = CARTESIAN_POINT('',(13.884914022581,24.65967391453,
    -7.054168799306));
#1537 = CARTESIAN_POINT('',(13.898247387377,24.652160957983,
    -7.027634454956));
#1538 = CARTESIAN_POINT('',(13.918031302019,24.640990806433,
    -6.996380179955));
#1539 = CARTESIAN_POINT('',(13.922391850065,24.638527706491,
    -6.989888450168));
#1540 = CARTESIAN_POINT('',(13.926908499378,24.635975217142,
    -6.983546201982));
#1541 = CARTESIAN_POINT('',(13.931573778719,24.633337402882,
    -6.977362871416));
#1542 = CARTESIAN_POINT('',(13.936378478792,24.630619316467,
    -6.971348398305));
#1543 = CARTESIAN_POINT('',(13.941311436161,24.627827128965,
    -6.965512794093));
#1544 = CARTESIAN_POINT('',(13.950039789357,24.622883823104,
    -6.955748350808));
#1545 = CARTESIAN_POINT('',(13.953781192581,24.620764030479,
    -6.951731388816));
#1546 = CARTESIAN_POINT('',(13.957578290332,24.618611796791,
    -6.947818641314));
#1547 = CARTESIAN_POINT('',(13.961424958861,24.616430545356,
    -6.944014074209));
#1548 = CARTESIAN_POINT('',(13.965314208137,24.614224198713,
    -6.940321607278));
#1549 = CARTESIAN_POINT('',(13.969238202802,24.611997169404,
    -6.93674491979));
#1550 = CARTESIAN_POINT('',(13.97936877213,24.606245126916,
    -6.927877226387));
#1551 = CARTESIAN_POINT('',(13.985614655362,24.602696380095,
    -6.922757116861));
#1552 = CARTESIAN_POINT('',(13.991890496856,24.599128130567,
    -6.917942251096));
#1553 = CARTESIAN_POINT('',(13.998156695688,24.595562860269,
    -6.913442849697));
#1554 = CARTESIAN_POINT('',(14.004372026756,24.592024066522,
    -6.909263500078));
#1555 = CARTESIAN_POINT('',(14.010496181568,24.588534815765,
    -6.905402626209));
#1556 = CARTESIAN_POINT('',(14.022616521177,24.581624755025,
    -6.898225443835));
#1557 = CARTESIAN_POINT('',(14.028609581551,24.578205625068,
    -6.894921462764));
#1558 = CARTESIAN_POINT('',(14.034431281288,24.574882018468,
    -6.891931660334));
#1559 = CARTESIAN_POINT('',(14.040055101785,24.571669313808,
    -6.889237402023));
#1560 = CARTESIAN_POINT('',(14.045466084049,24.568576331192,
    -6.886813954428));
#1561 = CARTESIAN_POINT('',(14.050658698051,24.565606506242,
    -6.884634666099));
#1562 = CARTESIAN_POINT('',(14.058745892728,24.560978742157,
    -6.881449988319));
#1563 = CARTESIAN_POINT('',(14.061772919297,24.559245965635,
    -6.880310460898));
#1564 = CARTESIAN_POINT('',(14.064716678668,24.557560286586,
    -6.879250247376));
#1565 = CARTESIAN_POINT('',(14.067579073764,24.555920671512,
    -6.87826325704));
#1566 = CARTESIAN_POINT('',(14.070362774173,24.554325643396,
    -6.877343717482));
#1567 = CARTESIAN_POINT('',(14.073070966753,24.552773423753,
    -6.876486264891));
#1568 = CARTESIAN_POINT('',(14.091187240826,24.542387018079,
    -6.870986860927));
#1569 = CARTESIAN_POINT('',(14.104103049243,24.534967013408,
    -6.868283767922));
#1570 = CARTESIAN_POINT('',(14.115395003645,24.528471831638,
    -6.866501219279));
#1571 = CARTESIAN_POINT('',(14.125684387835,24.522546700872,
    -6.865381506864));
#1572 = CARTESIAN_POINT('',(14.135363580719,24.516967438032,
    -6.864722601692));
#1573 = CARTESIAN_POINT('',(14.144783245502,24.511532577387,
    -6.864461952642));
#1574 = CARTESIAN_POINT('',(14.162683624936,24.501193540273,
    -6.864771309823));
#1575 = CARTESIAN_POINT('',(14.171065016885,24.496348155505,
    -6.865236167554));
#1576 = CARTESIAN_POINT('',(14.179775814156,24.49130799509,
    -6.866037572786));
#1577 = CARTESIAN_POINT('',(14.189074423584,24.485922840399,
    -6.867247446861));
#1578 = CARTESIAN_POINT('',(14.199250650834,24.480023475938,
    -6.869021163468));
#1579 = CARTESIAN_POINT('',(14.210748492371,24.473350154123,
    -6.871600102294));
#1580 = CARTESIAN_POINT('',(14.230978924348,24.461588279695,
    -6.877762054897));
#1581 = CARTESIAN_POINT('',(14.2382937862,24.457332484225,
    -6.880229344134));
#1582 = CARTESIAN_POINT('',(14.246154450394,24.452755614182,
    -6.883170849662));
#1583 = CARTESIAN_POINT('',(14.254598337176,24.44783493489,
    -6.886689922647));
#1584 = CARTESIAN_POINT('',(14.263635388543,24.442563415239,
    -6.890910269228));
#1585 = CARTESIAN_POINT('',(14.273187157161,24.436985487492,
    -6.89595194177));
#1586 = CARTESIAN_POINT('',(14.285305470847,24.429900823486,
    -6.90317255997));
#1587 = CARTESIAN_POINT('',(14.287547500697,24.428589760697,
    -6.904541299813));
#1588 = CARTESIAN_POINT('',(14.2898050437,24.427269302332,
    -6.905953689072));
#1589 = CARTESIAN_POINT('',(14.292076190518,24.425940557174,
    -6.907410060252));
#1590 = CARTESIAN_POINT('',(14.294358955146,24.424604680538,
    -6.908910605311));
#1591 = CARTESIAN_POINT('',(14.296651274912,24.423262874264,
    -6.910455375662));
#1592 = CARTESIAN_POINT('',(14.307125548448,24.417130221863,
    -6.91769213873));
#1593 = CARTESIAN_POINT('',(14.315392572402,24.412285621214,
    -6.923896637396));
#1594 = CARTESIAN_POINT('',(14.323657650099,24.407437690996,
    -6.930653724975));
#1595 = CARTESIAN_POINT('',(14.331829362381,24.402640085168,
    -6.937941973894));
#1596 = CARTESIAN_POINT('',(14.339829935603,24.397938735715,
    -6.94572745205));
#1597 = CARTESIAN_POINT('',(14.347599458721,24.393369291525,
    -6.953970935315));
#1598 = CARTESIAN_POINT('',(14.359983005554,24.38608046135,
    -6.96829160605));
#1599 = CARTESIAN_POINT('',(14.364755518308,24.383269868849,
    -6.974126218199));
#1600 = CARTESIAN_POINT('',(14.369399280132,24.380533650234,
    -6.980132007485));
#1601 = CARTESIAN_POINT('',(14.373904316428,24.377877825386,
    -6.986299401132));
#1602 = CARTESIAN_POINT('',(14.378262414839,24.375307386734,
    -6.992618923575));
#1603 = CARTESIAN_POINT('',(14.382466918905,24.372826413798,
    -6.999081574808));
#1604 = CARTESIAN_POINT('',(14.401440918987,24.361625561041,
    -7.03002467821));
#1605 = CARTESIAN_POINT('',(14.414196865239,24.354081003332,
    -7.056193809103));
#1606 = CARTESIAN_POINT('',(14.424529121676,24.347960339133,
    -7.083792174767));
#1607 = CARTESIAN_POINT('',(14.43230844088,24.343347234301,
    -7.112405850853));
#1608 = CARTESIAN_POINT('',(14.437487914158,24.340274263691,
    -7.141664906354));
#1609 = CARTESIAN_POINT('',(14.440054702894,24.338751409718,
    -7.171256372224));
#1610 = CARTESIAN_POINT('',(14.439915816,24.33883381005,-7.230163833868)
  );
#1611 = CARTESIAN_POINT('',(14.437283701931,24.340395420034,
    -7.259365577734));
#1612 = CARTESIAN_POINT('',(14.432100327034,24.343470622979,
    -7.28824473617));
#1613 = CARTESIAN_POINT('',(14.424380381109,24.348048384414,
    -7.316482559134));
#1614 = CARTESIAN_POINT('',(14.414177316574,24.354092364818,
    -7.343714782865));
#1615 = CARTESIAN_POINT('',(14.401620423639,24.361519249409,
    -7.369553097388));
#1616 = CARTESIAN_POINT('',(14.382871327645,24.372587769897,
    -7.400292379452));
#1617 = CARTESIAN_POINT('',(14.378649695441,24.375078944271,
    -7.40681260405));
#1618 = CARTESIAN_POINT('',(14.37427183999,24.377661129254,-7.413188266)
  );
#1619 = CARTESIAN_POINT('',(14.369744488987,24.38033019984,
    -7.419410188194));
#1620 = CARTESIAN_POINT('',(14.365075954008,24.383081101516,
    -7.425468705087));
#1621 = CARTESIAN_POINT('',(14.360276343702,24.385907731851,
    -7.431354049455));
#1622 = CARTESIAN_POINT('',(14.347834142278,24.393231266929,
    -7.445779799429));
#1623 = CARTESIAN_POINT('',(14.340031315247,24.397820398694,
    -7.454076422748));
#1624 = CARTESIAN_POINT('',(14.331993925904,24.402543469335,
    -7.461911157107));
#1625 = CARTESIAN_POINT('',(14.323782521404,24.407364446561,
    -7.469244135931));
#1626 = CARTESIAN_POINT('',(14.315475884718,24.412236798841,
    -7.476040821861));
#1627 = CARTESIAN_POINT('',(14.307166763688,24.417106090476,
    -7.482279385316));
#1628 = CARTESIAN_POINT('',(14.296184287358,24.423536293927,
    -7.48986726994));
#1629 = CARTESIAN_POINT('',(14.293428268976,24.425149442286,
    -7.491714948095));
#1630 = CARTESIAN_POINT('',(14.290686719528,24.426753635383,
    -7.493498592194));
#1631 = CARTESIAN_POINT('',(14.287963217811,24.428346788665,
    -7.495218338534));
#1632 = CARTESIAN_POINT('',(14.285261157216,24.429926929438,
    -7.496874619816));
#1633 = CARTESIAN_POINT('',(14.282583745732,24.431492196867,
    -7.498468165138));
#1634 = CARTESIAN_POINT('',(14.279934005945,24.43304084198,-7.5));
#1635 = PCURVE('',#481,#1636);
#1636 = DEFINITIONAL_REPRESENTATION('',(#1637),#1817);
#1637 = B_SPLINE_CURVE_WITH_KNOTS('',3,(#1638,#1639,#1640,#1641,#1642,
    #1643,#1644,#1645,#1646,#1647,#1648,#1649,#1650,#1651,#1652,#1653,
    #1654,#1655,#1656,#1657,#1658,#1659,#1660,#1661,#1662,#1663,#1664,
    #1665,#1666,#1667,#1668,#1669,#1670,#1671,#1672,#1673,#1674,#1675,
    #1676,#1677,#1678,#1679,#1680,#1681,#1682,#1683,#1684,#1685,#1686,
    #1687,#1688,#1689,#1690,#1691,#1692,#1693,#1694,#1695,#1696,#1697,
    #1698,#1699,#1700,#1701,#1702,#1703,#1704,#1705,#1706,#1707,#1708,
    #1709,#1710,#1711,#1712,#1713,#1714,#1715,#1716,#1717,#1718,#1719,
    #1720,#1721,#1722,#1723,#1724,#1725,#1726,#1727,#1728,#1729,#1730,
    #1731,#1732,#1733,#1734,#1735,#1736,#1737,#1738,#1739,#1740,#1741,
    #1742,#1743,#1744,#1745,#1746,#1747,#1748,#1749,#1750,#1751,#1752,
    #1753,#1754,#1755,#1756,#1757,#1758,#1759,#1760,#1761,#1762,#1763,
    #1764,#1765,#1766,#1767,#1768,#1769,#1770,#1771,#1772,#1773,#1774,
    #1775,#1776,#1777,#1778,#1779,#1780,#1781,#1782,#1783,#1784,#1785,
    #1786,#1787,#1788,#1789,#1790,#1791,#1792,#1793,#1794,#1795,#1796,
    #1797,#1798,#1799,#1800,#1801,#1802,#1803,#1804,#1805,#1806,#1807,
    #1808,#1809,#1810,#1811,#1812,#1813,#1814,#1815,#1816),
  .UNSPECIFIED.,.F.,.F.,(4,1,1,1,1,1,1,1,1,1,1,1,1,1,1,1,1,1,1,1,1,1,1,1
    ,1,1,1,1,1,1,1,1,1,1,1,1,1,1,1,1,1,1,1,1,1,1,1,1,1,1,1,1,1,1,1,1,1,1
    ,1,1,1,1,1,1,1,1,1,1,1,1,1,1,1,1,1,1,1,1,1,1,1,1,1,1,1,1,1,1,1,1,1,1
    ,1,1,1,1,1,1,1,1,1,1,1,1,1,1,1,1,1,1,1,1,1,1,1,1,1,1,1,1,1,1,1,1,1,1
    ,1,1,1,1,1,1,1,1,1,1,1,1,1,1,1,1,1,1,1,1,1,1,1,1,1,1,1,1,1,1,1,1,1,1
    ,1,1,1,1,1,1,1,1,1,1,1,1,1,1,1,1,4),(0.,8.533427393774E-03,
    1.706685478755E-02,2.560028218132E-02,3.413370957509E-02,
    4.266713696887E-02,5.120056436264E-02,5.973399175642E-02,
    6.826741915019E-02,7.680084654396E-02,8.533427393774E-02,
    9.386770133151E-02,0.102401128725,0.110934556119,0.119467983513,
    0.128001410907,0.1365348383,0.145068265694,0.153601693088,
    0.162135120482,0.170668547875,0.179201975269,0.187735402663,
    0.196268830057,0.204802257451,0.213335684844,0.221869112238,
    0.230402539632,0.238935967026,0.247469394419,0.256002821813,
    0.264536249207,0.273069676601,0.281603103995,0.290136531388,
    0.298669958782,0.307203386176,0.31573681357,0.324270240963,
    0.332803668357,0.341337095751,0.349870523145,0.358403950538,
    0.366937377932,0.375470805326,0.38400423272,0.392537660114,
    0.401071087507,0.409604514901,0.418137942295,0.426671369689,
    0.435204797082,0.443738224476,0.45227165187,0.460805079264,
    0.469338506658,0.477871934051,0.486405361445,0.494938788839,
    0.503472216233,0.512005643626,0.52053907102,0.529072498414,
    0.537605925808,0.546139353202,0.554672780595,0.563206207989,
    0.571739635383,0.580273062777,0.58880649017,0.597339917564,
    0.605873344958,0.614406772352,0.622940199745,0.631473627139,
    0.640007054533,0.648540481927,0.657073909321,0.665607336714,
    0.674140764108,0.682674191502,0.691207618896,0.699741046289,
    0.708274473683,0.716807901077,0.725341328471,0.733874755865,
    0.742408183258,0.750941610652,0.759475038046,0.76800846544,
    0.776541892833,0.785075320227,0.793608747621,0.802142175015,
    0.810675602409,0.819209029802,0.827742457196,0.83627588459,
    0.844809311984,0.853342739377,0.861876166771,0.870409594165,
    0.878943021559,0.887476448952,0.896009876346,0.90454330374,
    0.913076731134,0.921610158528,0.930143585921,0.938677013315,
    0.947210440709,0.955743868103,0.964277295496,0.97281072289,
    0.981344150284,0.989877577678,0.998411005072,1.006944432465,
    1.015477859859,1.024011287253,1.032544714647,1.04107814204,
    1.049611569434,1.058144996828,1.066678424222,1.075211851615,
    1.083745279009,1.092278706403,1.100812133797,1.109345561191,
    1.117878988584,1.126412415978,1.134945843372,1.143479270766,
    1.152012698159,1.160546125553,1.169079552947,1.177612980341,
    1.186146407735,1.194679835128,1.203213262522,1.211746689916,
    1.22028011731,1.228813544703,1.237346972097,1.245880399491,
    1.254413826885,1.262947254279,1.271480681672,1.280014109066,
    1.28854753646,1.297080963854,1.305614391247,1.314147818641,
    1.322681246035,1.331214673429,1.339748100822,1.348281528216,
    1.35681495561,1.365348383004,1.373881810398,1.382415237791,
    1.390948665185,1.399482092579,1.408015519973,1.416548947366,
    1.42508237476,1.433615802154,1.442149229548,1.450682656942,
    1.459216084335,1.467749511729,1.476282939123,1.484816366517,
    1.49334979391,1.501883221304),.QUASI_UNIFORM_KNOTS.);
#1638 = CARTESIAN_POINT('',(-1.052507300264,-1.));
#1639 = CARTESIAN_POINT('',(-1.052614452409,-1.001513093184));
#1640 = CARTESIAN_POINT('',(-1.05283165373,-1.004696331937));
#1641 = CARTESIAN_POINT('',(-1.053163876672,-1.00994591409));
#1642 = CARTESIAN_POINT('',(-1.053500265315,-1.015676232635));
#1643 = CARTESIAN_POINT('',(-1.053838512329,-1.021884740707));
#1644 = CARTESIAN_POINT('',(-1.054176352314,-1.028563441774));
#1645 = CARTESIAN_POINT('',(-1.054511609839,-1.035698677573));
#1646 = CARTESIAN_POINT('',(-1.054842245538,-1.043271966961));
#1647 = CARTESIAN_POINT('',(-1.055166415433,-1.05126146083));
#1648 = CARTESIAN_POINT('',(-1.055482423014,-1.059640999263));
#1649 = CARTESIAN_POINT('',(-1.055789015028,-1.068388880427));
#1650 = CARTESIAN_POINT('',(-1.056085314797,-1.077489518526));
#1651 = CARTESIAN_POINT('',(-1.05637034841,-1.086920441594));
#1652 = CARTESIAN_POINT('',(-1.0566433466,-1.096661113945));
#1653 = CARTESIAN_POINT('',(-1.056903675549,-1.106692319186));
#1654 = CARTESIAN_POINT('',(-1.057150705438,-1.116991261853));
#1655 = CARTESIAN_POINT('',(-1.057384031961,-1.127541104667));
#1656 = CARTESIAN_POINT('',(-1.057603285352,-1.138324650767));
#1657 = CARTESIAN_POINT('',(-1.057808139157,-1.149324674605));
#1658 = CARTESIAN_POINT('',(-1.05799830529,-1.160523946599));
#1659 = CARTESIAN_POINT('',(-1.058173532558,-1.171905330337));
#1660 = CARTESIAN_POINT('',(-1.058333604061,-1.183451850898));
#1661 = CARTESIAN_POINT('',(-1.058478334709,-1.195146761497));
#1662 = CARTESIAN_POINT('',(-1.058607568554,-1.206973601324));
#1663 = CARTESIAN_POINT('',(-1.058721176019,-1.218916246125));
#1664 = CARTESIAN_POINT('',(-1.058819051027,-1.23095895276));
#1665 = CARTESIAN_POINT('',(-1.058901108051,-1.243086391455));
#1666 = CARTESIAN_POINT('',(-1.05896727905,-1.255283689951));
#1667 = CARTESIAN_POINT('',(-1.059017510524,-1.267536399248));
#1668 = CARTESIAN_POINT('',(-1.059051759806,-1.279830718211));
#1669 = CARTESIAN_POINT('',(-1.059069994044,-1.292152718537));
#1670 = CARTESIAN_POINT('',(-1.059072178958,-1.304491267073));
#1671 = CARTESIAN_POINT('',(-1.059058310268,-1.316817305807));
#1672 = CARTESIAN_POINT('',(-1.059028421225,-1.329119406403));
#1673 = CARTESIAN_POINT('',(-1.058982542122,-1.341383822765));
#1674 = CARTESIAN_POINT('',(-1.058920712673,-1.353596815027));
#1675 = CARTESIAN_POINT('',(-1.058842982692,-1.365744032628));
#1676 = CARTESIAN_POINT('',(-1.058749415863,-1.377810694227));
#1677 = CARTESIAN_POINT('',(-1.058640092628,-1.389781562978));
#1678 = CARTESIAN_POINT('',(-1.058515113249,-1.401640985541));
#1679 = CARTESIAN_POINT('',(-1.058374600733,-1.413372923024));
#1680 = CARTESIAN_POINT('',(-1.058218703697,-1.424960992919));
#1681 = CARTESIAN_POINT('',(-1.058047599128,-1.436388517829));
#1682 = CARTESIAN_POINT('',(-1.057861495096,-1.447638578915));
#1683 = CARTESIAN_POINT('',(-1.057660633085,-1.458694086782));
#1684 = CARTESIAN_POINT('',(-1.057445291241,-1.469537821243));
#1685 = CARTESIAN_POINT('',(-1.057215783542,-1.480152621676));
#1686 = CARTESIAN_POINT('',(-1.056972473519,-1.49052104989));
#1687 = CARTESIAN_POINT('',(-1.056715732927,-1.500627056381));
#1688 = CARTESIAN_POINT('',(-1.056446150857,-1.510448473593));
#1689 = CARTESIAN_POINT('',(-1.056164347433,-1.519965587032));
#1690 = CARTESIAN_POINT('',(-1.055871062357,-1.529157920734));
#1691 = CARTESIAN_POINT('',(-1.055567177861,-1.538004422302));
#1692 = CARTESIAN_POINT('',(-1.055253725694,-1.546484067733));
#1693 = CARTESIAN_POINT('',(-1.054931953548,-1.554574981748));
#1694 = CARTESIAN_POINT('',(-1.054603316178,-1.562255854818));
#1695 = CARTESIAN_POINT('',(-1.054269511202,-1.569506131539));
#1696 = CARTESIAN_POINT('',(-1.053932392597,-1.576308634545));
#1697 = CARTESIAN_POINT('',(-1.053594190441,-1.582645815611));
#1698 = CARTESIAN_POINT('',(-1.053257215374,-1.588506805455));
#1699 = CARTESIAN_POINT('',(-1.052923808246,-1.593887037827));
#1700 = CARTESIAN_POINT('',(-1.052596309817,-1.598788319714));
#1701 = CARTESIAN_POINT('',(-1.052276839283,-1.603220978602));
#1702 = CARTESIAN_POINT('',(-1.051967241645,-1.60720277723));
#1703 = CARTESIAN_POINT('',(-1.051668897339,-1.610758680988));
#1704 = CARTESIAN_POINT('',(-1.0513827189,-1.613919155384));
#1705 = CARTESIAN_POINT('',(-1.051109214279,-1.616717667649));
#1706 = CARTESIAN_POINT('',(-1.050848526594,-1.619188292119));
#1707 = CARTESIAN_POINT('',(-1.050600330718,-1.6213663271));
#1708 = CARTESIAN_POINT('',(-1.050364161299,-1.623284266001));
#1709 = CARTESIAN_POINT('',(-1.050139310899,-1.624972696219));
#1710 = CARTESIAN_POINT('',(-1.049925321582,-1.626456938529));
#1711 = CARTESIAN_POINT('',(-1.049721179055,-1.627762899156));
#1712 = CARTESIAN_POINT('',(-1.049525978754,-1.628912389528));
#1713 = CARTESIAN_POINT('',(-1.049338867827,-1.629924129476));
#1714 = CARTESIAN_POINT('',(-1.04915905585,-1.63081406725));
#1715 = CARTESIAN_POINT('',(-1.048985806815,-1.631595808091));
#1716 = CARTESIAN_POINT('',(-1.048818435855,-1.632280944585));
#1717 = CARTESIAN_POINT('',(-1.048656304467,-1.632879349574));
#1718 = CARTESIAN_POINT('',(-1.048498815942,-1.633399420696));
#1719 = CARTESIAN_POINT('',(-1.04834541058,-1.633848284856));
#1720 = CARTESIAN_POINT('',(-1.048195560852,-1.634231965756));
#1721 = CARTESIAN_POINT('',(-1.048048766496,-1.634555519031));
#1722 = CARTESIAN_POINT('',(-1.047904549591,-1.634823139125));
#1723 = CARTESIAN_POINT('',(-1.04776244965,-1.635038242156));
#1724 = CARTESIAN_POINT('',(-1.047622018721,-1.635203529041));
#1725 = CARTESIAN_POINT('',(-1.047482816672,-1.635321032981));
#1726 = CARTESIAN_POINT('',(-1.047344406155,-1.635392155961));
#1727 = CARTESIAN_POINT('',(-1.047206349315,-1.635417696983));
#1728 = CARTESIAN_POINT('',(-1.047068198605,-1.63539788189));
#1729 = CARTESIAN_POINT('',(-1.046929510444,-1.635332377978));
#1730 = CARTESIAN_POINT('',(-1.046790223313,-1.635220525822));
#1731 = CARTESIAN_POINT('',(-1.046649809689,-1.63506101105));
#1732 = CARTESIAN_POINT('',(-1.046507831575,-1.634851911118));
#1733 = CARTESIAN_POINT('',(-1.046363821204,-1.634590632807));
#1734 = CARTESIAN_POINT('',(-1.046217307373,-1.634273863095));
#1735 = CARTESIAN_POINT('',(-1.046067802379,-1.63389750274));
#1736 = CARTESIAN_POINT('',(-1.04591479925,-1.633456585019));
#1737 = CARTESIAN_POINT('',(-1.045757766091,-1.632945173187));
#1738 = CARTESIAN_POINT('',(-1.045596141203,-1.632356232585));
#1739 = CARTESIAN_POINT('',(-1.04542932812,-1.63168147279));
#1740 = CARTESIAN_POINT('',(-1.045256690905,-1.630911154988));
#1741 = CARTESIAN_POINT('',(-1.045077549858,-1.63003386109));
#1742 = CARTESIAN_POINT('',(-1.044891177224,-1.629036216008));
#1743 = CARTESIAN_POINT('',(-1.044696795021,-1.627902573551));
#1744 = CARTESIAN_POINT('',(-1.044493567553,-1.626614605361));
#1745 = CARTESIAN_POINT('',(-1.044280616791,-1.625150997412));
#1746 = CARTESIAN_POINT('',(-1.044056955936,-1.623486469206));
#1747 = CARTESIAN_POINT('',(-1.043821837026,-1.621593784474));
#1748 = CARTESIAN_POINT('',(-1.043574677474,-1.61944344113));
#1749 = CARTESIAN_POINT('',(-1.04331503144,-1.617003382815));
#1750 = CARTESIAN_POINT('',(-1.043042672703,-1.614239758676));
#1751 = CARTESIAN_POINT('',(-1.042757653626,-1.611117861644));
#1752 = CARTESIAN_POINT('',(-1.042460376283,-1.607603570804));
#1753 = CARTESIAN_POINT('',(-1.042151663333,-1.603665341611));
#1754 = CARTESIAN_POINT('',(-1.041832808306,-1.599276508613));
#1755 = CARTESIAN_POINT('',(-1.041505665066,-1.594419063527));
#1756 = CARTESIAN_POINT('',(-1.041172369439,-1.589082307756));
#1757 = CARTESIAN_POINT('',(-1.040835250944,-1.583263482533));
#1758 = CARTESIAN_POINT('',(-1.040496742135,-1.576967945441));
#1759 = CARTESIAN_POINT('',(-1.040159113378,-1.570205436608));
#1760 = CARTESIAN_POINT('',(-1.039824508848,-1.562990623482));
#1761 = CARTESIAN_POINT('',(-1.039494884604,-1.555341772077));
#1762 = CARTESIAN_POINT('',(-1.039171984729,-1.547279727025));
#1763 = CARTESIAN_POINT('',(-1.038857327173,-1.538826825109));
#1764 = CARTESIAN_POINT('',(-1.03855218146,-1.530005151287));
#1765 = CARTESIAN_POINT('',(-1.038257563219,-1.520834878591));
#1766 = CARTESIAN_POINT('',(-1.037974373223,-1.511337171351));
#1767 = CARTESIAN_POINT('',(-1.037703369351,-1.501532768594));
#1768 = CARTESIAN_POINT('',(-1.037445172135,-1.491441096388));
#1769 = CARTESIAN_POINT('',(-1.037200345631,-1.481082759359));
#1770 = CARTESIAN_POINT('',(-1.036969313696,-1.470475496523));
#1771 = CARTESIAN_POINT('',(-1.036752449176,-1.45963695569));
#1772 = CARTESIAN_POINT('',(-1.036550079632,-1.448584786273));
#1773 = CARTESIAN_POINT('',(-1.036362489861,-1.437336497801));
#1774 = CARTESIAN_POINT('',(-1.036189925353,-1.425909393968));
#1775 = CARTESIAN_POINT('',(-1.036032595582,-1.414320498678));
#1776 = CARTESIAN_POINT('',(-1.035890677404,-1.402586495974));
#1777 = CARTESIAN_POINT('',(-1.03576431849,-1.390723677316));
#1778 = CARTESIAN_POINT('',(-1.035653640794,-1.378747897951));
#1779 = CARTESIAN_POINT('',(-1.035558744066,-1.366674539422));
#1780 = CARTESIAN_POINT('',(-1.03547970936,-1.354518485828));
#1781 = CARTESIAN_POINT('',(-1.03541660264,-1.342294083797));
#1782 = CARTESIAN_POINT('',(-1.035369478128,-1.330015196208));
#1783 = CARTESIAN_POINT('',(-1.035338382646,-1.31769493709));
#1784 = CARTESIAN_POINT('',(-1.035323356245,-1.305346625419));
#1785 = CARTESIAN_POINT('',(-1.035324446703,-1.292980217005));
#1786 = CARTESIAN_POINT('',(-1.035341663166,-1.280628366703));
#1787 = CARTESIAN_POINT('',(-1.035374973436,-1.268302611364));
#1788 = CARTESIAN_POINT('',(-1.035424347296,-1.256017218319));
#1789 = CARTESIAN_POINT('',(-1.035489743139,-1.2437863033));
#1790 = CARTESIAN_POINT('',(-1.035571107787,-1.231624592707));
#1791 = CARTESIAN_POINT('',(-1.035668372823,-1.21954720095));
#1792 = CARTESIAN_POINT('',(-1.035781451918,-1.207569663253));
#1793 = CARTESIAN_POINT('',(-1.035910237976,-1.195707891478));
#1794 = CARTESIAN_POINT('',(-1.036054600408,-1.183978142106));
#1795 = CARTESIAN_POINT('',(-1.036214382506,-1.172396971984));
#1796 = CARTESIAN_POINT('',(-1.036389398875,-1.160981190072));
#1797 = CARTESIAN_POINT('',(-1.036579433133,-1.149747796373));
#1798 = CARTESIAN_POINT('',(-1.036784235224,-1.138713934894));
#1799 = CARTESIAN_POINT('',(-1.037003520766,-1.127896761742));
#1800 = CARTESIAN_POINT('',(-1.03723696354,-1.117313596944));
#1801 = CARTESIAN_POINT('',(-1.037484214329,-1.106980984211));
#1802 = CARTESIAN_POINT('',(-1.037744822253,-1.096917792991));
#1803 = CARTESIAN_POINT('',(-1.038018175764,-1.087146036168));
#1804 = CARTESIAN_POINT('',(-1.038303642033,-1.077685007564));
#1805 = CARTESIAN_POINT('',(-1.038600435229,-1.068555751823));
#1806 = CARTESIAN_POINT('',(-1.038907632204,-1.059779393554));
#1807 = CARTESIAN_POINT('',(-1.039224185128,-1.051376234169));
#1808 = CARTESIAN_POINT('',(-1.039548769046,-1.043368849159));
#1809 = CARTESIAN_POINT('',(-1.039879823926,-1.035779438124));
#1810 = CARTESIAN_POINT('',(-1.040215560817,-1.028628598347));
#1811 = CARTESIAN_POINT('',(-1.040553983071,-1.021934104499));
#1812 = CARTESIAN_POINT('',(-1.040892909682,-1.015709991786));
#1813 = CARTESIAN_POINT('',(-1.041230044201,-1.009965026765));
#1814 = CARTESIAN_POINT('',(-1.041562912379,-1.004704255528));
#1815 = CARTESIAN_POINT('',(-1.041780485273,-1.001515402315));
#1816 = CARTESIAN_POINT('',(-1.041887802129,-1.));
#1817 = ( GEOMETRIC_REPRESENTATION_CONTEXT(2) 
PARAMETRIC_REPRESENTATION_CONTEXT() REPRESENTATION_CONTEXT('2D SPACE',''
  ) );
#1818 = PCURVE('',#1819,#1824);
#1819 = SPHERICAL_SURFACE('',#1820,0.35);
#1820 = AXIS2_PLACEMENT_3D('',#1821,#1822,#1823);
#1821 = CARTESIAN_POINT('',(14.1,24.421916386721,-7.2));
#1822 = DIRECTION('',(0.,0.,1.));
#1823 = DIRECTION('',(1.,0.,0.));
#1824 = DEFINITIONAL_REPRESENTATION('',(#1825),#2005);
#1825 = B_SPLINE_CURVE_WITH_KNOTS('',3,(#1826,#1827,#1828,#1829,#1830,
    #1831,#1832,#1833,#1834,#1835,#1836,#1837,#1838,#1839,#1840,#1841,
    #1842,#1843,#1844,#1845,#1846,#1847,#1848,#1849,#1850,#1851,#1852,
    #1853,#1854,#1855,#1856,#1857,#1858,#1859,#1860,#1861,#1862,#1863,
    #1864,#1865,#1866,#1867,#1868,#1869,#1870,#1871,#1872,#1873,#1874,
    #1875,#1876,#1877,#1878,#1879,#1880,#1881,#1882,#1883,#1884,#1885,
    #1886,#1887,#1888,#1889,#1890,#1891,#1892,#1893,#1894,#1895,#1896,
    #1897,#1898,#1899,#1900,#1901,#1902,#1903,#1904,#1905,#1906,#1907,
    #1908,#1909,#1910,#1911,#1912,#1913,#1914,#1915,#1916,#1917,#1918,
    #1919,#1920,#1921,#1922,#1923,#1924,#1925,#1926,#1927,#1928,#1929,
    #1930,#1931,#1932,#1933,#1934,#1935,#1936,#1937,#1938,#1939,#1940,
    #1941,#1942,#1943,#1944,#1945,#1946,#1947,#1948,#1949,#1950,#1951,
    #1952,#1953,#1954,#1955,#1956,#1957,#1958,#1959,#1960,#1961,#1962,
    #1963,#1964,#1965,#1966,#1967,#1968,#1969,#1970,#1971,#1972,#1973,
    #1974,#1975,#1976,#1977,#1978,#1979,#1980,#1981,#1982,#1983,#1984,
    #1985,#1986,#1987,#1988,#1989,#1990,#1991,#1992,#1993,#1994,#1995,
    #1996,#1997,#1998,#1999,#2000,#2001,#2002,#2003,#2004),
  .UNSPECIFIED.,.F.,.F.,(4,1,1,1,1,1,1,1,1,1,1,1,1,1,1,1,1,1,1,1,1,1,1,1
    ,1,1,1,1,1,1,1,1,1,1,1,1,1,1,1,1,1,1,1,1,1,1,1,1,1,1,1,1,1,1,1,1,1,1
    ,1,1,1,1,1,1,1,1,1,1,1,1,1,1,1,1,1,1,1,1,1,1,1,1,1,1,1,1,1,1,1,1,1,1
    ,1,1,1,1,1,1,1,1,1,1,1,1,1,1,1,1,1,1,1,1,1,1,1,1,1,1,1,1,1,1,1,1,1,1
    ,1,1,1,1,1,1,1,1,1,1,1,1,1,1,1,1,1,1,1,1,1,1,1,1,1,1,1,1,1,1,1,1,1,1
    ,1,1,1,1,1,1,1,1,1,1,1,1,1,1,1,1,4),(0.,8.533427393774E-03,
    1.706685478755E-02,2.560028218132E-02,3.413370957509E-02,
    4.266713696887E-02,5.120056436264E-02,5.973399175642E-02,
    6.826741915019E-02,7.680084654396E-02,8.533427393774E-02,
    9.386770133151E-02,0.102401128725,0.110934556119,0.119467983513,
    0.128001410907,0.1365348383,0.145068265694,0.153601693088,
    0.162135120482,0.170668547875,0.179201975269,0.187735402663,
    0.196268830057,0.204802257451,0.213335684844,0.221869112238,
    0.230402539632,0.238935967026,0.247469394419,0.256002821813,
    0.264536249207,0.273069676601,0.281603103995,0.290136531388,
    0.298669958782,0.307203386176,0.31573681357,0.324270240963,
    0.332803668357,0.341337095751,0.349870523145,0.358403950538,
    0.366937377932,0.375470805326,0.38400423272,0.392537660114,
    0.401071087507,0.409604514901,0.418137942295,0.426671369689,
    0.435204797082,0.443738224476,0.45227165187,0.460805079264,
    0.469338506658,0.477871934051,0.486405361445,0.494938788839,
    0.503472216233,0.512005643626,0.52053907102,0.529072498414,
    0.537605925808,0.546139353202,0.554672780595,0.563206207989,
    0.571739635383,0.580273062777,0.58880649017,0.597339917564,
    0.605873344958,0.614406772352,0.622940199745,0.631473627139,
    0.640007054533,0.648540481927,0.657073909321,0.665607336714,
    0.674140764108,0.682674191502,0.691207618896,0.699741046289,
    0.708274473683,0.716807901077,0.725341328471,0.733874755865,
    0.742408183258,0.750941610652,0.759475038046,0.76800846544,
    0.776541892833,0.785075320227,0.793608747621,0.802142175015,
    0.810675602409,0.819209029802,0.827742457196,0.83627588459,
    0.844809311984,0.853342739377,0.861876166771,0.870409594165,
    0.878943021559,0.887476448952,0.896009876346,0.90454330374,
    0.913076731134,0.921610158528,0.930143585921,0.938677013315,
    0.947210440709,0.955743868103,0.964277295496,0.97281072289,
    0.981344150284,0.989877577678,0.998411005072,1.006944432465,
    1.015477859859,1.024011287253,1.032544714647,1.04107814204,
    1.049611569434,1.058144996828,1.066678424222,1.075211851615,
    1.083745279009,1.092278706403,1.100812133797,1.109345561191,
    1.117878988584,1.126412415978,1.134945843372,1.143479270766,
    1.152012698159,1.160546125553,1.169079552947,1.177612980341,
    1.186146407735,1.194679835128,1.203213262522,1.211746689916,
    1.22028011731,1.228813544703,1.237346972097,1.245880399491,
    1.254413826885,1.262947254279,1.271480681672,1.280014109066,
    1.28854753646,1.297080963854,1.305614391247,1.314147818641,
    1.322681246035,1.331214673429,1.339748100822,1.348281528216,
    1.35681495561,1.365348383004,1.373881810398,1.382415237791,
    1.390948665185,1.399482092579,1.408015519973,1.416548947366,
    1.42508237476,1.433615802154,1.442149229548,1.450682656942,
    1.459216084335,1.467749511729,1.476282939123,1.484816366517,
    1.49334979391,1.501883221304),.QUASI_UNIFORM_KNOTS.);
#1826 = CARTESIAN_POINT('',(8.315833805607,-1.029696800838));
#1827 = CARTESIAN_POINT('',(8.325205992976,-1.021302020645));
#1828 = CARTESIAN_POINT('',(8.343404927684,-1.003999326329));
#1829 = CARTESIAN_POINT('',(8.369025714158,-0.976633277926));
#1830 = CARTESIAN_POINT('',(8.392910210076,-0.947978174329));
#1831 = CARTESIAN_POINT('',(8.415060568645,-0.918172518249));
#1832 = CARTESIAN_POINT('',(8.435508177243,-0.887358805253));
#1833 = CARTESIAN_POINT('',(8.454311721468,-0.855680406387));
#1834 = CARTESIAN_POINT('',(8.471547896018,-0.823277326449));
#1835 = CARTESIAN_POINT('',(8.487306391312,-0.790280396126));
#1836 = CARTESIAN_POINT('',(8.501681100887,-0.756816293243));
#1837 = CARTESIAN_POINT('',(8.514778401409,-0.72297511905));
#1838 = CARTESIAN_POINT('',(8.526707831531,-0.688810793167));
#1839 = CARTESIAN_POINT('',(8.537561720962,-0.654393054097));
#1840 = CARTESIAN_POINT('',(8.54742846816,-0.619774500014));
#1841 = CARTESIAN_POINT('',(8.55638932476,-0.58499585014));
#1842 = CARTESIAN_POINT('',(8.564514800407,-0.550103800713));
#1843 = CARTESIAN_POINT('',(8.571872791957,-0.515119641921));
#1844 = CARTESIAN_POINT('',(8.578522687458,-0.480062704098));
#1845 = CARTESIAN_POINT('',(8.584516802939,-0.444949565475));
#1846 = CARTESIAN_POINT('',(8.589901087404,-0.409794503987));
#1847 = CARTESIAN_POINT('',(8.594715866303,-0.374609581954));
#1848 = CARTESIAN_POINT('',(8.598996437426,-0.339404800006));
#1849 = CARTESIAN_POINT('',(8.602773586623,-0.304188207235));
#1850 = CARTESIAN_POINT('',(8.60607402017,-0.268966000572));
#1851 = CARTESIAN_POINT('',(8.608920727195,-0.233742608276));
#1852 = CARTESIAN_POINT('',(8.61133327879,-0.198520756304));
#1853 = CARTESIAN_POINT('',(8.613328070826,-0.163301536724));
#1854 = CARTESIAN_POINT('',(8.61491851374,-0.128084410194));
#1855 = CARTESIAN_POINT('',(8.616115178823,-9.286740159857E-02));
#1856 = CARTESIAN_POINT('',(8.616925881574,-5.76465259402E-02));
#1857 = CARTESIAN_POINT('',(8.617355785061,-2.241804203289E-02));
#1858 = CARTESIAN_POINT('',(8.617407218604,1.282988829137E-02));
#1859 = CARTESIAN_POINT('',(8.61708045641,4.805800655546E-02));
#1860 = CARTESIAN_POINT('',(8.616373899194,8.327733108241E-02));
#1861 = CARTESIAN_POINT('',(8.61528309348,0.118492143726));
#1862 = CARTESIAN_POINT('',(8.613800951825,0.153706634265));
#1863 = CARTESIAN_POINT('',(8.611917653129,0.188923102969));
#1864 = CARTESIAN_POINT('',(8.609620572607,0.224142414501));
#1865 = CARTESIAN_POINT('',(8.606894146862,0.259363836917));
#1866 = CARTESIAN_POINT('',(8.603719696979,0.294585032657));
#1867 = CARTESIAN_POINT('',(8.600075199552,0.329801995125));
#1868 = CARTESIAN_POINT('',(8.595935003101,0.365008984077));
#1869 = CARTESIAN_POINT('',(8.59126948256,0.40019844709));
#1870 = CARTESIAN_POINT('',(8.586044628,0.435360917269));
#1871 = CARTESIAN_POINT('',(8.580221545792,0.470484930323));
#1872 = CARTESIAN_POINT('',(8.573755909035,0.505556787179));
#1873 = CARTESIAN_POINT('',(8.566597166718,0.540560800721));
#1874 = CARTESIAN_POINT('',(8.55868816014,0.575477629308));
#1875 = CARTESIAN_POINT('',(8.54996265332,0.610289627243));
#1876 = CARTESIAN_POINT('',(8.540351593239,0.644953826986));
#1877 = CARTESIAN_POINT('',(8.529776332292,0.679429611145));
#1878 = CARTESIAN_POINT('',(8.518150803861,0.713666662593));
#1879 = CARTESIAN_POINT('',(8.505382185162,0.747603657873));
#1880 = CARTESIAN_POINT('',(8.491371300937,0.781168497542));
#1881 = CARTESIAN_POINT('',(8.476016631879,0.814272365026));
#1882 = CARTESIAN_POINT('',(8.459216425954,0.846812359774));
#1883 = CARTESIAN_POINT('',(8.440874796278,0.878669330818));
#1884 = CARTESIAN_POINT('',(8.420902694187,0.909717046756));
#1885 = CARTESIAN_POINT('',(8.399239860227,0.939803116064));
#1886 = CARTESIAN_POINT('',(8.375849883148,0.968778498388));
#1887 = CARTESIAN_POINT('',(8.350727759839,0.996500098603));
#1888 = CARTESIAN_POINT('',(8.323910863332,1.02283372997));
#1889 = CARTESIAN_POINT('',(8.295472841402,1.047671407726));
#1890 = CARTESIAN_POINT('',(8.265525570227,1.070933718432));
#1891 = CARTESIAN_POINT('',(8.234202279695,1.092581072365));
#1892 = CARTESIAN_POINT('',(8.201649461533,1.112611313649));
#1893 = CARTESIAN_POINT('',(8.168022906225,1.131052203241));
#1894 = CARTESIAN_POINT('',(8.133480559617,1.147955559112));
#1895 = CARTESIAN_POINT('',(8.098151056195,1.163401794532));
#1896 = CARTESIAN_POINT('',(8.062162262099,1.177476068995));
#1897 = CARTESIAN_POINT('',(8.025613884608,1.19027325074));
#1898 = CARTESIAN_POINT('',(7.98865167319,1.201870094268));
#1899 = CARTESIAN_POINT('',(7.95132489382,1.212369282099));
#1900 = CARTESIAN_POINT('',(7.913684156906,1.221860076494));
#1901 = CARTESIAN_POINT('',(7.875774519499,1.230422923218));
#1902 = CARTESIAN_POINT('',(7.837637196888,1.238129363146));
#1903 = CARTESIAN_POINT('',(7.799309130426,1.245043084312));
#1904 = CARTESIAN_POINT('',(7.760823244887,1.251220565138));
#1905 = CARTESIAN_POINT('',(7.722208586951,1.256711733379));
#1906 = CARTESIAN_POINT('',(7.683490516004,1.26156053291));
#1907 = CARTESIAN_POINT('',(7.644690863825,1.265805430358));
#1908 = CARTESIAN_POINT('',(7.605828058893,1.269479854125));
#1909 = CARTESIAN_POINT('',(7.566917203051,1.27261256775));
#1910 = CARTESIAN_POINT('',(7.527970103098,1.275227976664));
#1911 = CARTESIAN_POINT('',(7.488995272978,1.277346368027));
#1912 = CARTESIAN_POINT('',(7.449997916825,1.278984085183));
#1913 = CARTESIAN_POINT('',(7.410979966361,1.280153634141));
#1914 = CARTESIAN_POINT('',(7.371940042469,1.28086374011));
#1915 = CARTESIAN_POINT('',(7.33287399254,1.281119301382));
#1916 = CARTESIAN_POINT('',(7.293773746696,1.280921459095));
#1917 = CARTESIAN_POINT('',(7.25463308667,1.280266997316));
#1918 = CARTESIAN_POINT('',(7.2155546735,1.279152789997));
#1919 = CARTESIAN_POINT('',(7.176511311025,1.277571081985));
#1920 = CARTESIAN_POINT('',(7.137504953796,1.275510184884));
#1921 = CARTESIAN_POINT('',(7.098534409669,1.272954381478));
#1922 = CARTESIAN_POINT('',(7.05960427742,1.269883872439));
#1923 = CARTESIAN_POINT('',(7.020722677602,1.266274635748));
#1924 = CARTESIAN_POINT('',(6.981901895524,1.262098226788));
#1925 = CARTESIAN_POINT('',(6.943158213839,1.257321508588));
#1926 = CARTESIAN_POINT('',(6.904511980402,1.251906315008));
#1927 = CARTESIAN_POINT('',(6.865987665236,1.245809049422));
#1928 = CARTESIAN_POINT('',(6.827613980399,1.238980220695));
#1929 = CARTESIAN_POINT('',(6.78942405673,1.231363929302));
#1930 = CARTESIAN_POINT('',(6.751455574497,1.222897276125));
#1931 = CARTESIAN_POINT('',(6.713751120547,1.213509814465));
#1932 = CARTESIAN_POINT('',(6.67635756068,1.203122605765));
#1933 = CARTESIAN_POINT('',(6.639328720196,1.191648516874));
#1934 = CARTESIAN_POINT('',(6.60271510718,1.17898762616));
#1935 = CARTESIAN_POINT('',(6.566617741331,1.165046596932));
#1936 = CARTESIAN_POINT('',(6.531161183852,1.149737169055));
#1937 = CARTESIAN_POINT('',(6.49647897882,1.132975475127));
#1938 = CARTESIAN_POINT('',(6.462714471262,1.114688221033));
#1939 = CARTESIAN_POINT('',(6.430015788086,1.094818052641));
#1940 = CARTESIAN_POINT('',(6.398531447886,1.073330199491));
#1941 = CARTESIAN_POINT('',(6.368405311241,1.05021984692));
#1942 = CARTESIAN_POINT('',(6.339770530696,1.025518638198));
#1943 = CARTESIAN_POINT('',(6.312747845466,0.999305649501));
#1944 = CARTESIAN_POINT('',(6.287418235026,0.971689144741));
#1945 = CARTESIAN_POINT('',(6.263822908821,0.942801215212));
#1946 = CARTESIAN_POINT('',(6.24196578935,0.912791814034));
#1947 = CARTESIAN_POINT('',(6.221808731204,0.881806238305));
#1948 = CARTESIAN_POINT('',(6.20328777337,0.849987272999));
#1949 = CARTESIAN_POINT('',(6.186319959258,0.817469151214));
#1950 = CARTESIAN_POINT('',(6.170810814175,0.784374513293));
#1951 = CARTESIAN_POINT('',(6.156660072857,0.750812049359));
#1952 = CARTESIAN_POINT('',(6.143765272687,0.716872508992));
#1953 = CARTESIAN_POINT('',(6.132024847603,0.682625676365));
#1954 = CARTESIAN_POINT('',(6.121345190019,0.648134234277));
#1955 = CARTESIAN_POINT('',(6.111639431483,0.613450098933));
#1956 = CARTESIAN_POINT('',(6.102827579182,0.578613356445));
#1957 = CARTESIAN_POINT('',(6.094838642125,0.543662258019));
#1958 = CARTESIAN_POINT('',(6.087607060086,0.50862064005));
#1959 = CARTESIAN_POINT('',(6.08107494247,0.47350868174));
#1960 = CARTESIAN_POINT('',(6.075191249153,0.438343729321));
#1961 = CARTESIAN_POINT('',(6.069911035609,0.403140364733));
#1962 = CARTESIAN_POINT('',(6.065194810739,0.367910639521));
#1963 = CARTESIAN_POINT('',(6.061007981325,0.332664231553));
#1964 = CARTESIAN_POINT('',(6.057320377969,0.297408593131));
#1965 = CARTESIAN_POINT('',(6.054105853053,0.262149074498));
#1966 = CARTESIAN_POINT('',(6.051341943793,0.226889030645));
#1967 = CARTESIAN_POINT('',(6.049009594389,0.191629905228));
#1968 = CARTESIAN_POINT('',(6.047092931832,0.156371315414));
#1969 = CARTESIAN_POINT('',(6.045579093678,0.121111053491));
#1970 = CARTESIAN_POINT('',(6.044458097129,8.584532141203E-02));
#1971 = CARTESIAN_POINT('',(6.043722777593,5.056802010279E-02));
#1972 = CARTESIAN_POINT('',(6.043368685147,1.527349179621E-02));
#1973 = CARTESIAN_POINT('',(6.043394354322,-2.005369769868E-02));
#1974 = CARTESIAN_POINT('',(6.043800188492,-5.536430447731E-02));
#1975 = CARTESIAN_POINT('',(6.044588404148,-9.066933710219E-02));
#1976 = CARTESIAN_POINT('',(6.04576408842,-0.125971899735));
#1977 = CARTESIAN_POINT('',(6.047334966275,-0.161275415068));
#1978 = CARTESIAN_POINT('',(6.04931152218,-0.196581401122));
#1979 = CARTESIAN_POINT('',(6.051707083214,-0.231890036709));
#1980 = CARTESIAN_POINT('',(6.054537970511,-0.267199968264));
#1981 = CARTESIAN_POINT('',(6.05782369356,-0.302508307654));
#1982 = CARTESIAN_POINT('',(6.061587198769,-0.337810565018));
#1983 = CARTESIAN_POINT('',(6.065855176014,-0.3731005856));
#1984 = CARTESIAN_POINT('',(6.070658429008,-0.40837046466));
#1985 = CARTESIAN_POINT('',(6.076032323422,-0.443610467943));
#1986 = CARTESIAN_POINT('',(6.082017302242,-0.478808864773));
#1987 = CARTESIAN_POINT('',(6.0886595588,-0.513952006764));
#1988 = CARTESIAN_POINT('',(6.096011591255,-0.549023399012));
#1989 = CARTESIAN_POINT('',(6.104133742515,-0.584006425475));
#1990 = CARTESIAN_POINT('',(6.113092691401,-0.618873312489));
#1991 = CARTESIAN_POINT('',(6.122959881092,-0.653580302742));
#1992 = CARTESIAN_POINT('',(6.133817110607,-0.688086832951));
#1993 = CARTESIAN_POINT('',(6.145752637627,-0.722338675364));
#1994 = CARTESIAN_POINT('',(6.158861744255,-0.756271731386));
#1995 = CARTESIAN_POINT('',(6.173247314252,-0.789813803439));
#1996 = CARTESIAN_POINT('',(6.189011749357,-0.822869659402));
#1997 = CARTESIAN_POINT('',(6.206255221103,-0.855327957242));
#1998 = CARTESIAN_POINT('',(6.225071116238,-0.887063341338));
#1999 = CARTESIAN_POINT('',(6.245540138465,-0.917939471009));
#2000 = CARTESIAN_POINT('',(6.267722855745,-0.947811907869));
#2001 = CARTESIAN_POINT('',(6.291651199168,-0.976534937455));
#2002 = CARTESIAN_POINT('',(6.317316409362,-1.003956431605));
#2003 = CARTESIAN_POINT('',(6.335545242076,-1.02128914786));
#2004 = CARTESIAN_POINT('',(6.344931911145,-1.029696800837));
#2005 = ( GEOMETRIC_REPRESENTATION_CONTEXT(2) 
PARAMETRIC_REPRESENTATION_CONTEXT() REPRESENTATION_CONTEXT('2D SPACE',''
  ) );
#2006 = ORIENTED_EDGE('',*,*,#2007,.T.);
#2007 = EDGE_CURVE('',#1509,#2008,#2010,.T.);
#2008 = VERTEX_POINT('',#2009);
#2009 = CARTESIAN_POINT('',(27.8,5.296225070746,-7.5));
#2010 = SURFACE_CURVE('',#2011,(#2016,#2023),.PCURVE_S1.);
#2011 = CIRCLE('',#2012,28.3);
#2012 = AXIS2_PLACEMENT_3D('',#2013,#2014,#2015);
#2013 = CARTESIAN_POINT('',(0.,0.,-7.5));
#2014 = DIRECTION('',(0.,0.,-1.));
#2015 = DIRECTION('',(1.,0.,0.));
#2016 = PCURVE('',#481,#2017);
#2017 = DEFINITIONAL_REPRESENTATION('',(#2018),#2022);
#2018 = LINE('',#2019,#2020);
#2019 = CARTESIAN_POINT('',(-6.28318530718,-1.));
#2020 = VECTOR('',#2021,1.);
#2021 = DIRECTION('',(1.,-0.));
#2022 = ( GEOMETRIC_REPRESENTATION_CONTEXT(2) 
PARAMETRIC_REPRESENTATION_CONTEXT() REPRESENTATION_CONTEXT('2D SPACE',''
  ) );
#2023 = PCURVE('',#45,#2024);
#2024 = DEFINITIONAL_REPRESENTATION('',(#2025),#2033);
#2025 = ( BOUNDED_CURVE() B_SPLINE_CURVE(2,(#2026,#2027,#2028,#2029,
#2030,#2031,#2032),.UNSPECIFIED.,.T.,.F.) B_SPLINE_CURVE_WITH_KNOTS((1,2
    ,2,2,2,1),(-2.094395102393,0.,2.094395102393,4.188790204786,
6.28318530718,8.377580409573),.UNSPECIFIED.) CURVE() 
GEOMETRIC_REPRESENTATION_ITEM() RATIONAL_B_SPLINE_CURVE((1.,0.5,1.,0.5,
1.,0.5,1.)) REPRESENTATION_ITEM('') );
#2026 = CARTESIAN_POINT('',(28.3,-1.805139506451E-15));
#2027 = CARTESIAN_POINT('',(28.3,-49.01703785419));
#2028 = CARTESIAN_POINT('',(-14.15,-24.5085189271));
#2029 = CARTESIAN_POINT('',(-56.6,-8.736640389625E-15));
#2030 = CARTESIAN_POINT('',(-14.15,24.5085189271));
#2031 = CARTESIAN_POINT('',(28.3,49.017037854199));
#2032 = CARTESIAN_POINT('',(28.3,-1.805139506451E-15));
#2033 = ( GEOMETRIC_REPRESENTATION_CONTEXT(2) 
PARAMETRIC_REPRESENTATION_CONTEXT() REPRESENTATION_CONTEXT('2D SPACE',''
  ) );
#2034 = ORIENTED_EDGE('',*,*,#2035,.F.);
#2035 = EDGE_CURVE('',#438,#2008,#2036,.T.);
#2036 = SURFACE_CURVE('',#2037,(#2041,#2047),.PCURVE_S1.);
#2037 = LINE('',#2038,#2039);
#2038 = CARTESIAN_POINT('',(27.8,5.296225070746,-8.5));
#2039 = VECTOR('',#2040,1.);
#2040 = DIRECTION('',(-0.,-0.,-1.));
#2041 = PCURVE('',#481,#2042);
#2042 = DEFINITIONAL_REPRESENTATION('',(#2043),#2046);
#2043 = B_SPLINE_CURVE_WITH_KNOTS('',1,(#2044,#2045),.UNSPECIFIED.,.F.,
  .F.,(2,2),(-7.37,-0.9999994),.PIECEWISE_BEZIER_KNOTS.);
#2044 = CARTESIAN_POINT('',(-0.188255764814,-7.37));
#2045 = CARTESIAN_POINT('',(-0.188255764814,-0.9999994));
#2046 = ( GEOMETRIC_REPRESENTATION_CONTEXT(2) 
PARAMETRIC_REPRESENTATION_CONTEXT() REPRESENTATION_CONTEXT('2D SPACE',''
  ) );
#2047 = PCURVE('',#211,#2048);
#2048 = DEFINITIONAL_REPRESENTATION('',(#2049),#2052);
#2049 = B_SPLINE_CURVE_WITH_KNOTS('',1,(#2050,#2051),.UNSPECIFIED.,.F.,
  .F.,(2,2),(-7.37,-0.9999994),.PIECEWISE_BEZIER_KNOTS.);
#2050 = CARTESIAN_POINT('',(1.103774929254,-7.37));
#2051 = CARTESIAN_POINT('',(1.103774929254,-0.9999994));
#2052 = ( GEOMETRIC_REPRESENTATION_CONTEXT(2) 
PARAMETRIC_REPRESENTATION_CONTEXT() REPRESENTATION_CONTEXT('2D SPACE',''
  ) );
#2053 = ADVANCED_FACE('',(#2054),#1819,.F.);
#2054 = FACE_BOUND('',#2055,.F.);
#2055 = EDGE_LOOP('',(#2056,#2057));
#2056 = ORIENTED_EDGE('',*,*,#1508,.T.);
#2057 = ORIENTED_EDGE('',*,*,#2058,.T.);
#2058 = EDGE_CURVE('',#1509,#1481,#2059,.T.);
#2059 = SURFACE_CURVE('',#2060,(#2065,#2071),.PCURVE_S1.);
#2060 = CIRCLE('',#2061,0.180277563773);
#2061 = AXIS2_PLACEMENT_3D('',#2062,#2063,#2064);
#2062 = CARTESIAN_POINT('',(14.1,24.421916386721,-7.5));
#2063 = DIRECTION('',(0.,0.,1.));
#2064 = DIRECTION('',(1.,0.,-0.));
#2065 = PCURVE('',#1819,#2066);
#2066 = DEFINITIONAL_REPRESENTATION('',(#2067),#2070);
#2067 = B_SPLINE_CURVE_WITH_KNOTS('',1,(#2068,#2069),.UNSPECIFIED.,.F.,
  .F.,(2,2),(6.174660396525E-02,2.032648498427),
  .PIECEWISE_BEZIER_KNOTS.);
#2068 = CARTESIAN_POINT('',(6.344931911145,-1.029696800838));
#2069 = CARTESIAN_POINT('',(8.315833805607,-1.029696800838));
#2070 = ( GEOMETRIC_REPRESENTATION_CONTEXT(2) 
PARAMETRIC_REPRESENTATION_CONTEXT() REPRESENTATION_CONTEXT('2D SPACE',''
  ) );
#2071 = PCURVE('',#45,#2072);
#2072 = DEFINITIONAL_REPRESENTATION('',(#2073),#2077);
#2073 = CIRCLE('',#2074,0.180277563773);
#2074 = AXIS2_PLACEMENT_2D('',#2075,#2076);
#2075 = CARTESIAN_POINT('',(14.1,24.421916386721));
#2076 = DIRECTION('',(1.,0.));
#2077 = ( GEOMETRIC_REPRESENTATION_CONTEXT(2) 
PARAMETRIC_REPRESENTATION_CONTEXT() REPRESENTATION_CONTEXT('2D SPACE',''
  ) );
#2078 = ADVANCED_FACE('',(#2079),#1349,.F.);
#2079 = FACE_BOUND('',#2080,.F.);
#2080 = EDGE_LOOP('',(#2081,#2082));
#2081 = ORIENTED_EDGE('',*,*,#1095,.F.);
#2082 = ORIENTED_EDGE('',*,*,#2083,.T.);
#2083 = EDGE_CURVE('',#1096,#1068,#2084,.T.);
#2084 = SURFACE_CURVE('',#2085,(#2090,#2097),.PCURVE_S1.);
#2085 = CIRCLE('',#2086,0.180277563773);
#2086 = AXIS2_PLACEMENT_3D('',#2087,#2088,#2089);
#2087 = CARTESIAN_POINT('',(-28.2,3.453503973596E-15,-7.5));
#2088 = DIRECTION('',(0.,0.,1.));
#2089 = DIRECTION('',(1.,0.,-0.));
#2090 = PCURVE('',#1349,#2091);
#2091 = DEFINITIONAL_REPRESENTATION('',(#2092),#2096);
#2092 = LINE('',#2093,#2094);
#2093 = CARTESIAN_POINT('',(0.,-1.029696800838));
#2094 = VECTOR('',#2095,1.);
#2095 = DIRECTION('',(1.,0.));
#2096 = ( GEOMETRIC_REPRESENTATION_CONTEXT(2) 
PARAMETRIC_REPRESENTATION_CONTEXT() REPRESENTATION_CONTEXT('2D SPACE',''
  ) );
#2097 = PCURVE('',#45,#2098);
#2098 = DEFINITIONAL_REPRESENTATION('',(#2099),#2103);
#2099 = CIRCLE('',#2100,0.180277563773);
#2100 = AXIS2_PLACEMENT_2D('',#2101,#2102);
#2101 = CARTESIAN_POINT('',(-28.2,1.648364467145E-15));
#2102 = DIRECTION('',(1.,0.));
#2103 = ( GEOMETRIC_REPRESENTATION_CONTEXT(2) 
PARAMETRIC_REPRESENTATION_CONTEXT() REPRESENTATION_CONTEXT('2D SPACE',''
  ) );
#2104 = ADVANCED_FACE('',(#2105),#901,.F.);
#2105 = FACE_BOUND('',#2106,.F.);
#2106 = EDGE_LOOP('',(#2107,#2108));
#2107 = ORIENTED_EDGE('',*,*,#624,.T.);
#2108 = ORIENTED_EDGE('',*,*,#2109,.T.);
#2109 = EDGE_CURVE('',#625,#597,#2110,.T.);
#2110 = SURFACE_CURVE('',#2111,(#2116,#2122),.PCURVE_S1.);
#2111 = CIRCLE('',#2112,0.180277563773);
#2112 = AXIS2_PLACEMENT_3D('',#2113,#2114,#2115);
#2113 = CARTESIAN_POINT('',(14.1,-24.42191638672,-7.5));
#2114 = DIRECTION('',(0.,0.,1.));
#2115 = DIRECTION('',(1.,0.,-0.));
#2116 = PCURVE('',#901,#2117);
#2117 = DEFINITIONAL_REPRESENTATION('',(#2118),#2121);
#2118 = B_SPLINE_CURVE_WITH_KNOTS('',1,(#2119,#2120),.UNSPECIFIED.,.F.,
  .F.,(2,2),(4.250536808752,6.221438703214),.PIECEWISE_BEZIER_KNOTS.);
#2119 = CARTESIAN_POINT('',(4.250536808752,-1.029696800838));
#2120 = CARTESIAN_POINT('',(6.221438703214,-1.029696800838));
#2121 = ( GEOMETRIC_REPRESENTATION_CONTEXT(2) 
PARAMETRIC_REPRESENTATION_CONTEXT() REPRESENTATION_CONTEXT('2D SPACE',''
  ) );
#2122 = PCURVE('',#45,#2123);
#2123 = DEFINITIONAL_REPRESENTATION('',(#2124),#2128);
#2124 = CIRCLE('',#2125,0.180277563773);
#2125 = AXIS2_PLACEMENT_2D('',#2126,#2127);
#2126 = CARTESIAN_POINT('',(14.1,-24.42191638672));
#2127 = DIRECTION('',(1.,0.));
#2128 = ( GEOMETRIC_REPRESENTATION_CONTEXT(2) 
PARAMETRIC_REPRESENTATION_CONTEXT() REPRESENTATION_CONTEXT('2D SPACE',''
  ) );
#2129 = ADVANCED_FACE('',(#2130,#2133,#2168,#2203),#561,.F.);
#2130 = FACE_BOUND('',#2131,.F.);
#2131 = EDGE_LOOP('',(#2132));
#2132 = ORIENTED_EDGE('',*,*,#546,.T.);
#2133 = FACE_BOUND('',#2134,.F.);
#2134 = EDGE_LOOP('',(#2135));
#2135 = ORIENTED_EDGE('',*,*,#2136,.T.);
#2136 = EDGE_CURVE('',#2137,#2137,#2139,.T.);
#2137 = VERTEX_POINT('',#2138);
#2138 = CARTESIAN_POINT('',(-6.955715669137,-24.05613109211,-0.8));
#2139 = SURFACE_CURVE('',#2140,(#2145,#2156),.PCURVE_S1.);
#2140 = CIRCLE('',#2141,1.8);
#2141 = AXIS2_PLACEMENT_3D('',#2142,#2143,#2144);
#2142 = CARTESIAN_POINT('',(-8.755715669137,-24.05613109211,-0.8));
#2143 = DIRECTION('',(0.,0.,-1.));
#2144 = DIRECTION('',(1.,0.,0.));
#2145 = PCURVE('',#561,#2146);
#2146 = DEFINITIONAL_REPRESENTATION('',(#2147),#2155);
#2147 = ( BOUNDED_CURVE() B_SPLINE_CURVE(2,(#2148,#2149,#2150,#2151,
#2152,#2153,#2154),.UNSPECIFIED.,.T.,.F.) B_SPLINE_CURVE_WITH_KNOTS((1,2
    ,2,2,2,1),(-2.094395102393,0.,2.094395102393,4.188790204786,
6.28318530718,8.377580409573),.UNSPECIFIED.) CURVE() 
GEOMETRIC_REPRESENTATION_ITEM() RATIONAL_B_SPLINE_CURVE((1.,0.5,1.,0.5,
1.,0.5,1.)) REPRESENTATION_ITEM('') );
#2148 = CARTESIAN_POINT('',(-6.955715669137,-24.05613109211));
#2149 = CARTESIAN_POINT('',(-6.955715669137,-27.17382254574));
#2150 = CARTESIAN_POINT('',(-9.655715669137,-25.61497681893));
#2151 = CARTESIAN_POINT('',(-12.35571566913,-24.05613109211));
#2152 = CARTESIAN_POINT('',(-9.655715669137,-22.4972853653));
#2153 = CARTESIAN_POINT('',(-6.955715669137,-20.93843963849));
#2154 = CARTESIAN_POINT('',(-6.955715669137,-24.05613109211));
#2155 = ( GEOMETRIC_REPRESENTATION_CONTEXT(2) 
PARAMETRIC_REPRESENTATION_CONTEXT() REPRESENTATION_CONTEXT('2D SPACE',''
  ) );
#2156 = PCURVE('',#2157,#2162);
#2157 = CYLINDRICAL_SURFACE('',#2158,1.8);
#2158 = AXIS2_PLACEMENT_3D('',#2159,#2160,#2161);
#2159 = CARTESIAN_POINT('',(-8.755715669137,-24.05613109211,-1.8));
#2160 = DIRECTION('',(-0.,-0.,-1.));
#2161 = DIRECTION('',(1.,0.,0.));
#2162 = DEFINITIONAL_REPRESENTATION('',(#2163),#2167);
#2163 = LINE('',#2164,#2165);
#2164 = CARTESIAN_POINT('',(-6.28318530718,-1.));
#2165 = VECTOR('',#2166,1.);
#2166 = DIRECTION('',(1.,-0.));
#2167 = ( GEOMETRIC_REPRESENTATION_CONTEXT(2) 
PARAMETRIC_REPRESENTATION_CONTEXT() REPRESENTATION_CONTEXT('2D SPACE',''
  ) );
#2168 = FACE_BOUND('',#2169,.F.);
#2169 = EDGE_LOOP('',(#2170));
#2170 = ORIENTED_EDGE('',*,*,#2171,.T.);
#2171 = EDGE_CURVE('',#2172,#2172,#2174,.T.);
#2172 = VERTEX_POINT('',#2173);
#2173 = CARTESIAN_POINT('',(-20.37025033688,12.8,-0.8));
#2174 = SURFACE_CURVE('',#2175,(#2180,#2191),.PCURVE_S1.);
#2175 = CIRCLE('',#2176,1.8);
#2176 = AXIS2_PLACEMENT_3D('',#2177,#2178,#2179);
#2177 = CARTESIAN_POINT('',(-22.17025033688,12.8,-0.8));
#2178 = DIRECTION('',(0.,0.,-1.));
#2179 = DIRECTION('',(1.,0.,0.));
#2180 = PCURVE('',#561,#2181);
#2181 = DEFINITIONAL_REPRESENTATION('',(#2182),#2190);
#2182 = ( BOUNDED_CURVE() B_SPLINE_CURVE(2,(#2183,#2184,#2185,#2186,
#2187,#2188,#2189),.UNSPECIFIED.,.T.,.F.) B_SPLINE_CURVE_WITH_KNOTS((1,2
    ,2,2,2,1),(-2.094395102393,0.,2.094395102393,4.188790204786,
6.28318530718,8.377580409573),.UNSPECIFIED.) CURVE() 
GEOMETRIC_REPRESENTATION_ITEM() RATIONAL_B_SPLINE_CURVE((1.,0.5,1.,0.5,
1.,0.5,1.)) REPRESENTATION_ITEM('') );
#2183 = CARTESIAN_POINT('',(-20.37025033688,12.8));
#2184 = CARTESIAN_POINT('',(-20.37025033688,9.682308546376));
#2185 = CARTESIAN_POINT('',(-23.07025033688,11.241154273188));
#2186 = CARTESIAN_POINT('',(-25.77025033688,12.8));
#2187 = CARTESIAN_POINT('',(-23.07025033688,14.358845726812));
#2188 = CARTESIAN_POINT('',(-20.37025033688,15.917691453624));
#2189 = CARTESIAN_POINT('',(-20.37025033688,12.8));
#2190 = ( GEOMETRIC_REPRESENTATION_CONTEXT(2) 
PARAMETRIC_REPRESENTATION_CONTEXT() REPRESENTATION_CONTEXT('2D SPACE',''
  ) );
#2191 = PCURVE('',#2192,#2197);
#2192 = CYLINDRICAL_SURFACE('',#2193,1.8);
#2193 = AXIS2_PLACEMENT_3D('',#2194,#2195,#2196);
#2194 = CARTESIAN_POINT('',(-22.17025033688,12.8,-1.8));
#2195 = DIRECTION('',(-0.,-0.,-1.));
#2196 = DIRECTION('',(1.,0.,0.));
#2197 = DEFINITIONAL_REPRESENTATION('',(#2198),#2202);
#2198 = LINE('',#2199,#2200);
#2199 = CARTESIAN_POINT('',(-6.28318530718,-1.));
#2200 = VECTOR('',#2201,1.);
#2201 = DIRECTION('',(1.,-0.));
#2202 = ( GEOMETRIC_REPRESENTATION_CONTEXT(2) 
PARAMETRIC_REPRESENTATION_CONTEXT() REPRESENTATION_CONTEXT('2D SPACE',''
  ) );
#2203 = FACE_BOUND('',#2204,.F.);
#2204 = EDGE_LOOP('',(#2205));
#2205 = ORIENTED_EDGE('',*,*,#2206,.T.);
#2206 = EDGE_CURVE('',#2207,#2207,#2209,.T.);
#2207 = VERTEX_POINT('',#2208);
#2208 = CARTESIAN_POINT('',(23.970250336882,12.8,-0.8));
#2209 = SURFACE_CURVE('',#2210,(#2215,#2226),.PCURVE_S1.);
#2210 = CIRCLE('',#2211,1.8);
#2211 = AXIS2_PLACEMENT_3D('',#2212,#2213,#2214);
#2212 = CARTESIAN_POINT('',(22.170250336882,12.8,-0.8));
#2213 = DIRECTION('',(0.,0.,-1.));
#2214 = DIRECTION('',(1.,0.,0.));
#2215 = PCURVE('',#561,#2216);
#2216 = DEFINITIONAL_REPRESENTATION('',(#2217),#2225);
#2217 = ( BOUNDED_CURVE() B_SPLINE_CURVE(2,(#2218,#2219,#2220,#2221,
#2222,#2223,#2224),.UNSPECIFIED.,.T.,.F.) B_SPLINE_CURVE_WITH_KNOTS((1,2
    ,2,2,2,1),(-2.094395102393,0.,2.094395102393,4.188790204786,
6.28318530718,8.377580409573),.UNSPECIFIED.) CURVE() 
GEOMETRIC_REPRESENTATION_ITEM() RATIONAL_B_SPLINE_CURVE((1.,0.5,1.,0.5,
1.,0.5,1.)) REPRESENTATION_ITEM('') );
#2218 = CARTESIAN_POINT('',(23.970250336882,12.8));
#2219 = CARTESIAN_POINT('',(23.970250336882,9.682308546376));
#2220 = CARTESIAN_POINT('',(21.270250336882,11.241154273188));
#2221 = CARTESIAN_POINT('',(18.570250336882,12.8));
#2222 = CARTESIAN_POINT('',(21.270250336882,14.358845726812));
#2223 = CARTESIAN_POINT('',(23.970250336882,15.917691453624));
#2224 = CARTESIAN_POINT('',(23.970250336882,12.8));
#2225 = ( GEOMETRIC_REPRESENTATION_CONTEXT(2) 
PARAMETRIC_REPRESENTATION_CONTEXT() REPRESENTATION_CONTEXT('2D SPACE',''
  ) );
#2226 = PCURVE('',#2227,#2232);
#2227 = CYLINDRICAL_SURFACE('',#2228,1.8);
#2228 = AXIS2_PLACEMENT_3D('',#2229,#2230,#2231);
#2229 = CARTESIAN_POINT('',(22.170250336882,12.8,-1.8));
#2230 = DIRECTION('',(-0.,-0.,-1.));
#2231 = DIRECTION('',(1.,0.,0.));
#2232 = DEFINITIONAL_REPRESENTATION('',(#2233),#2237);
#2233 = LINE('',#2234,#2235);
#2234 = CARTESIAN_POINT('',(-6.28318530718,-1.));
#2235 = VECTOR('',#2236,1.);
#2236 = DIRECTION('',(1.,-0.));
#2237 = ( GEOMETRIC_REPRESENTATION_CONTEXT(2) 
PARAMETRIC_REPRESENTATION_CONTEXT() REPRESENTATION_CONTEXT('2D SPACE',''
  ) );
#2238 = ADVANCED_FACE('',(#2239),#2227,.T.);
#2239 = FACE_BOUND('',#2240,.F.);
#2240 = EDGE_LOOP('',(#2241,#2270,#2291,#2292));
#2241 = ORIENTED_EDGE('',*,*,#2242,.F.);
#2242 = EDGE_CURVE('',#2243,#2243,#2245,.T.);
#2243 = VERTEX_POINT('',#2244);
#2244 = CARTESIAN_POINT('',(23.970250336882,12.8,-1.8));
#2245 = SURFACE_CURVE('',#2246,(#2251,#2258),.PCURVE_S1.);
#2246 = CIRCLE('',#2247,1.8);
#2247 = AXIS2_PLACEMENT_3D('',#2248,#2249,#2250);
#2248 = CARTESIAN_POINT('',(22.170250336882,12.8,-1.8));
#2249 = DIRECTION('',(0.,0.,1.));
#2250 = DIRECTION('',(1.,0.,0.));
#2251 = PCURVE('',#2227,#2252);
#2252 = DEFINITIONAL_REPRESENTATION('',(#2253),#2257);
#2253 = LINE('',#2254,#2255);
#2254 = CARTESIAN_POINT('',(-0.,0.));
#2255 = VECTOR('',#2256,1.);
#2256 = DIRECTION('',(-1.,0.));
#2257 = ( GEOMETRIC_REPRESENTATION_CONTEXT(2) 
PARAMETRIC_REPRESENTATION_CONTEXT() REPRESENTATION_CONTEXT('2D SPACE',''
  ) );
#2258 = PCURVE('',#2259,#2264);
#2259 = PLANE('',#2260);
#2260 = AXIS2_PLACEMENT_3D('',#2261,#2262,#2263);
#2261 = CARTESIAN_POINT('',(22.170250336882,12.8,-1.8));
#2262 = DIRECTION('',(0.,0.,1.));
#2263 = DIRECTION('',(1.,0.,-0.));
#2264 = DEFINITIONAL_REPRESENTATION('',(#2265),#2269);
#2265 = CIRCLE('',#2266,1.8);
#2266 = AXIS2_PLACEMENT_2D('',#2267,#2268);
#2267 = CARTESIAN_POINT('',(0.,1.7763568394E-15));
#2268 = DIRECTION('',(1.,0.));
#2269 = ( GEOMETRIC_REPRESENTATION_CONTEXT(2) 
PARAMETRIC_REPRESENTATION_CONTEXT() REPRESENTATION_CONTEXT('2D SPACE',''
  ) );
#2270 = ORIENTED_EDGE('',*,*,#2271,.T.);
#2271 = EDGE_CURVE('',#2243,#2207,#2272,.T.);
#2272 = SEAM_CURVE('',#2273,(#2277,#2284),.PCURVE_S1.);
#2273 = LINE('',#2274,#2275);
#2274 = CARTESIAN_POINT('',(23.970250336882,12.8,-1.8));
#2275 = VECTOR('',#2276,1.);
#2276 = DIRECTION('',(0.,0.,1.));
#2277 = PCURVE('',#2227,#2278);
#2278 = DEFINITIONAL_REPRESENTATION('',(#2279),#2283);
#2279 = LINE('',#2280,#2281);
#2280 = CARTESIAN_POINT('',(-6.28318530718,0.));
#2281 = VECTOR('',#2282,1.);
#2282 = DIRECTION('',(-0.,-1.));
#2283 = ( GEOMETRIC_REPRESENTATION_CONTEXT(2) 
PARAMETRIC_REPRESENTATION_CONTEXT() REPRESENTATION_CONTEXT('2D SPACE',''
  ) );
#2284 = PCURVE('',#2227,#2285);
#2285 = DEFINITIONAL_REPRESENTATION('',(#2286),#2290);
#2286 = LINE('',#2287,#2288);
#2287 = CARTESIAN_POINT('',(-0.,0.));
#2288 = VECTOR('',#2289,1.);
#2289 = DIRECTION('',(-0.,-1.));
#2290 = ( GEOMETRIC_REPRESENTATION_CONTEXT(2) 
PARAMETRIC_REPRESENTATION_CONTEXT() REPRESENTATION_CONTEXT('2D SPACE',''
  ) );
#2291 = ORIENTED_EDGE('',*,*,#2206,.F.);
#2292 = ORIENTED_EDGE('',*,*,#2271,.F.);
#2293 = ADVANCED_FACE('',(#2294,#2297),#2259,.F.);
#2294 = FACE_BOUND('',#2295,.F.);
#2295 = EDGE_LOOP('',(#2296));
#2296 = ORIENTED_EDGE('',*,*,#2242,.T.);
#2297 = FACE_BOUND('',#2298,.F.);
#2298 = EDGE_LOOP('',(#2299));
#2299 = ORIENTED_EDGE('',*,*,#2300,.T.);
#2300 = EDGE_CURVE('',#2301,#2301,#2303,.T.);
#2301 = VERTEX_POINT('',#2302);
#2302 = CARTESIAN_POINT('',(23.120250336882,12.8,-1.8));
#2303 = SURFACE_CURVE('',#2304,(#2309,#2320),.PCURVE_S1.);
#2304 = CIRCLE('',#2305,0.95);
#2305 = AXIS2_PLACEMENT_3D('',#2306,#2307,#2308);
#2306 = CARTESIAN_POINT('',(22.170250336882,12.8,-1.8));
#2307 = DIRECTION('',(0.,0.,-1.));
#2308 = DIRECTION('',(1.,0.,0.));
#2309 = PCURVE('',#2259,#2310);
#2310 = DEFINITIONAL_REPRESENTATION('',(#2311),#2319);
#2311 = ( BOUNDED_CURVE() B_SPLINE_CURVE(2,(#2312,#2313,#2314,#2315,
#2316,#2317,#2318),.UNSPECIFIED.,.T.,.F.) B_SPLINE_CURVE_WITH_KNOTS((1,2
    ,2,2,2,1),(-2.094395102393,0.,2.094395102393,4.188790204786,
6.28318530718,8.377580409573),.UNSPECIFIED.) CURVE() 
GEOMETRIC_REPRESENTATION_ITEM() RATIONAL_B_SPLINE_CURVE((1.,0.5,1.,0.5,
1.,0.5,1.)) REPRESENTATION_ITEM('') );
#2312 = CARTESIAN_POINT('',(0.95,1.7763568394E-15));
#2313 = CARTESIAN_POINT('',(0.95,-1.64544826719));
#2314 = CARTESIAN_POINT('',(-0.475,-0.822724133595));
#2315 = CARTESIAN_POINT('',(-1.9,1.543673947562E-15));
#2316 = CARTESIAN_POINT('',(-0.475,0.822724133595));
#2317 = CARTESIAN_POINT('',(0.95,1.64544826719));
#2318 = CARTESIAN_POINT('',(0.95,1.7763568394E-15));
#2319 = ( GEOMETRIC_REPRESENTATION_CONTEXT(2) 
PARAMETRIC_REPRESENTATION_CONTEXT() REPRESENTATION_CONTEXT('2D SPACE',''
  ) );
#2320 = PCURVE('',#2321,#2326);
#2321 = CYLINDRICAL_SURFACE('',#2322,0.95);
#2322 = AXIS2_PLACEMENT_3D('',#2323,#2324,#2325);
#2323 = CARTESIAN_POINT('',(22.170250336882,12.8,-3.2));
#2324 = DIRECTION('',(-0.,-0.,-1.));
#2325 = DIRECTION('',(1.,0.,0.));
#2326 = DEFINITIONAL_REPRESENTATION('',(#2327),#2331);
#2327 = LINE('',#2328,#2329);
#2328 = CARTESIAN_POINT('',(-6.28318530718,-1.4));
#2329 = VECTOR('',#2330,1.);
#2330 = DIRECTION('',(1.,-0.));
#2331 = ( GEOMETRIC_REPRESENTATION_CONTEXT(2) 
PARAMETRIC_REPRESENTATION_CONTEXT() REPRESENTATION_CONTEXT('2D SPACE',''
  ) );
#2332 = ADVANCED_FACE('',(#2333),#2321,.T.);
#2333 = FACE_BOUND('',#2334,.F.);
#2334 = EDGE_LOOP('',(#2335,#2364,#2385,#2386));
#2335 = ORIENTED_EDGE('',*,*,#2336,.F.);
#2336 = EDGE_CURVE('',#2337,#2337,#2339,.T.);
#2337 = VERTEX_POINT('',#2338);
#2338 = CARTESIAN_POINT('',(23.120250336882,12.8,-3.2));
#2339 = SURFACE_CURVE('',#2340,(#2345,#2352),.PCURVE_S1.);
#2340 = CIRCLE('',#2341,0.95);
#2341 = AXIS2_PLACEMENT_3D('',#2342,#2343,#2344);
#2342 = CARTESIAN_POINT('',(22.170250336882,12.8,-3.2));
#2343 = DIRECTION('',(0.,0.,1.));
#2344 = DIRECTION('',(1.,0.,0.));
#2345 = PCURVE('',#2321,#2346);
#2346 = DEFINITIONAL_REPRESENTATION('',(#2347),#2351);
#2347 = LINE('',#2348,#2349);
#2348 = CARTESIAN_POINT('',(-0.,0.));
#2349 = VECTOR('',#2350,1.);
#2350 = DIRECTION('',(-1.,0.));
#2351 = ( GEOMETRIC_REPRESENTATION_CONTEXT(2) 
PARAMETRIC_REPRESENTATION_CONTEXT() REPRESENTATION_CONTEXT('2D SPACE',''
  ) );
#2352 = PCURVE('',#2353,#2358);
#2353 = PLANE('',#2354);
#2354 = AXIS2_PLACEMENT_3D('',#2355,#2356,#2357);
#2355 = CARTESIAN_POINT('',(22.170250336882,12.8,-3.2));
#2356 = DIRECTION('',(0.,0.,1.));
#2357 = DIRECTION('',(1.,0.,-0.));
#2358 = DEFINITIONAL_REPRESENTATION('',(#2359),#2363);
#2359 = CIRCLE('',#2360,0.95);
#2360 = AXIS2_PLACEMENT_2D('',#2361,#2362);
#2361 = CARTESIAN_POINT('',(0.,-1.7763568394E-15));
#2362 = DIRECTION('',(1.,0.));
#2363 = ( GEOMETRIC_REPRESENTATION_CONTEXT(2) 
PARAMETRIC_REPRESENTATION_CONTEXT() REPRESENTATION_CONTEXT('2D SPACE',''
  ) );
#2364 = ORIENTED_EDGE('',*,*,#2365,.T.);
#2365 = EDGE_CURVE('',#2337,#2301,#2366,.T.);
#2366 = SEAM_CURVE('',#2367,(#2371,#2378),.PCURVE_S1.);
#2367 = LINE('',#2368,#2369);
#2368 = CARTESIAN_POINT('',(23.120250336882,12.8,-3.2));
#2369 = VECTOR('',#2370,1.);
#2370 = DIRECTION('',(0.,0.,1.));
#2371 = PCURVE('',#2321,#2372);
#2372 = DEFINITIONAL_REPRESENTATION('',(#2373),#2377);
#2373 = LINE('',#2374,#2375);
#2374 = CARTESIAN_POINT('',(-6.28318530718,0.));
#2375 = VECTOR('',#2376,1.);
#2376 = DIRECTION('',(-0.,-1.));
#2377 = ( GEOMETRIC_REPRESENTATION_CONTEXT(2) 
PARAMETRIC_REPRESENTATION_CONTEXT() REPRESENTATION_CONTEXT('2D SPACE',''
  ) );
#2378 = PCURVE('',#2321,#2379);
#2379 = DEFINITIONAL_REPRESENTATION('',(#2380),#2384);
#2380 = LINE('',#2381,#2382);
#2381 = CARTESIAN_POINT('',(-0.,0.));
#2382 = VECTOR('',#2383,1.);
#2383 = DIRECTION('',(-0.,-1.));
#2384 = ( GEOMETRIC_REPRESENTATION_CONTEXT(2) 
PARAMETRIC_REPRESENTATION_CONTEXT() REPRESENTATION_CONTEXT('2D SPACE',''
  ) );
#2385 = ORIENTED_EDGE('',*,*,#2300,.F.);
#2386 = ORIENTED_EDGE('',*,*,#2365,.F.);
#2387 = ADVANCED_FACE('',(#2388),#2353,.F.);
#2388 = FACE_BOUND('',#2389,.F.);
#2389 = EDGE_LOOP('',(#2390));
#2390 = ORIENTED_EDGE('',*,*,#2336,.T.);
#2391 = ADVANCED_FACE('',(#2392),#2192,.T.);
#2392 = FACE_BOUND('',#2393,.F.);
#2393 = EDGE_LOOP('',(#2394,#2423,#2444,#2445));
#2394 = ORIENTED_EDGE('',*,*,#2395,.F.);
#2395 = EDGE_CURVE('',#2396,#2396,#2398,.T.);
#2396 = VERTEX_POINT('',#2397);
#2397 = CARTESIAN_POINT('',(-20.37025033688,12.8,-1.8));
#2398 = SURFACE_CURVE('',#2399,(#2404,#2411),.PCURVE_S1.);
#2399 = CIRCLE('',#2400,1.8);
#2400 = AXIS2_PLACEMENT_3D('',#2401,#2402,#2403);
#2401 = CARTESIAN_POINT('',(-22.17025033688,12.8,-1.8));
#2402 = DIRECTION('',(0.,0.,1.));
#2403 = DIRECTION('',(1.,0.,0.));
#2404 = PCURVE('',#2192,#2405);
#2405 = DEFINITIONAL_REPRESENTATION('',(#2406),#2410);
#2406 = LINE('',#2407,#2408);
#2407 = CARTESIAN_POINT('',(-0.,0.));
#2408 = VECTOR('',#2409,1.);
#2409 = DIRECTION('',(-1.,0.));
#2410 = ( GEOMETRIC_REPRESENTATION_CONTEXT(2) 
PARAMETRIC_REPRESENTATION_CONTEXT() REPRESENTATION_CONTEXT('2D SPACE',''
  ) );
#2411 = PCURVE('',#2412,#2417);
#2412 = PLANE('',#2413);
#2413 = AXIS2_PLACEMENT_3D('',#2414,#2415,#2416);
#2414 = CARTESIAN_POINT('',(-22.17025033688,12.8,-1.8));
#2415 = DIRECTION('',(0.,0.,1.));
#2416 = DIRECTION('',(1.,0.,-0.));
#2417 = DEFINITIONAL_REPRESENTATION('',(#2418),#2422);
#2418 = CIRCLE('',#2419,1.8);
#2419 = AXIS2_PLACEMENT_2D('',#2420,#2421);
#2420 = CARTESIAN_POINT('',(0.,1.7763568394E-15));
#2421 = DIRECTION('',(1.,0.));
#2422 = ( GEOMETRIC_REPRESENTATION_CONTEXT(2) 
PARAMETRIC_REPRESENTATION_CONTEXT() REPRESENTATION_CONTEXT('2D SPACE',''
  ) );
#2423 = ORIENTED_EDGE('',*,*,#2424,.T.);
#2424 = EDGE_CURVE('',#2396,#2172,#2425,.T.);
#2425 = SEAM_CURVE('',#2426,(#2430,#2437),.PCURVE_S1.);
#2426 = LINE('',#2427,#2428);
#2427 = CARTESIAN_POINT('',(-20.37025033688,12.8,-1.8));
#2428 = VECTOR('',#2429,1.);
#2429 = DIRECTION('',(0.,0.,1.));
#2430 = PCURVE('',#2192,#2431);
#2431 = DEFINITIONAL_REPRESENTATION('',(#2432),#2436);
#2432 = LINE('',#2433,#2434);
#2433 = CARTESIAN_POINT('',(-6.28318530718,0.));
#2434 = VECTOR('',#2435,1.);
#2435 = DIRECTION('',(-0.,-1.));
#2436 = ( GEOMETRIC_REPRESENTATION_CONTEXT(2) 
PARAMETRIC_REPRESENTATION_CONTEXT() REPRESENTATION_CONTEXT('2D SPACE',''
  ) );
#2437 = PCURVE('',#2192,#2438);
#2438 = DEFINITIONAL_REPRESENTATION('',(#2439),#2443);
#2439 = LINE('',#2440,#2441);
#2440 = CARTESIAN_POINT('',(-0.,0.));
#2441 = VECTOR('',#2442,1.);
#2442 = DIRECTION('',(-0.,-1.));
#2443 = ( GEOMETRIC_REPRESENTATION_CONTEXT(2) 
PARAMETRIC_REPRESENTATION_CONTEXT() REPRESENTATION_CONTEXT('2D SPACE',''
  ) );
#2444 = ORIENTED_EDGE('',*,*,#2171,.F.);
#2445 = ORIENTED_EDGE('',*,*,#2424,.F.);
#2446 = ADVANCED_FACE('',(#2447,#2450),#2412,.F.);
#2447 = FACE_BOUND('',#2448,.F.);
#2448 = EDGE_LOOP('',(#2449));
#2449 = ORIENTED_EDGE('',*,*,#2395,.T.);
#2450 = FACE_BOUND('',#2451,.F.);
#2451 = EDGE_LOOP('',(#2452));
#2452 = ORIENTED_EDGE('',*,*,#2453,.T.);
#2453 = EDGE_CURVE('',#2454,#2454,#2456,.T.);
#2454 = VERTEX_POINT('',#2455);
#2455 = CARTESIAN_POINT('',(-21.22025033688,12.8,-1.8));
#2456 = SURFACE_CURVE('',#2457,(#2462,#2473),.PCURVE_S1.);
#2457 = CIRCLE('',#2458,0.95);
#2458 = AXIS2_PLACEMENT_3D('',#2459,#2460,#2461);
#2459 = CARTESIAN_POINT('',(-22.17025033688,12.8,-1.8));
#2460 = DIRECTION('',(0.,0.,-1.));
#2461 = DIRECTION('',(1.,0.,0.));
#2462 = PCURVE('',#2412,#2463);
#2463 = DEFINITIONAL_REPRESENTATION('',(#2464),#2472);
#2464 = ( BOUNDED_CURVE() B_SPLINE_CURVE(2,(#2465,#2466,#2467,#2468,
#2469,#2470,#2471),.UNSPECIFIED.,.T.,.F.) B_SPLINE_CURVE_WITH_KNOTS((1,2
    ,2,2,2,1),(-2.094395102393,0.,2.094395102393,4.188790204786,
6.28318530718,8.377580409573),.UNSPECIFIED.) CURVE() 
GEOMETRIC_REPRESENTATION_ITEM() RATIONAL_B_SPLINE_CURVE((1.,0.5,1.,0.5,
1.,0.5,1.)) REPRESENTATION_ITEM('') );
#2465 = CARTESIAN_POINT('',(0.95,1.7763568394E-15));
#2466 = CARTESIAN_POINT('',(0.95,-1.64544826719));
#2467 = CARTESIAN_POINT('',(-0.475,-0.822724133595));
#2468 = CARTESIAN_POINT('',(-1.9,1.543673947562E-15));
#2469 = CARTESIAN_POINT('',(-0.475,0.822724133595));
#2470 = CARTESIAN_POINT('',(0.95,1.64544826719));
#2471 = CARTESIAN_POINT('',(0.95,1.7763568394E-15));
#2472 = ( GEOMETRIC_REPRESENTATION_CONTEXT(2) 
PARAMETRIC_REPRESENTATION_CONTEXT() REPRESENTATION_CONTEXT('2D SPACE',''
  ) );
#2473 = PCURVE('',#2474,#2479);
#2474 = CYLINDRICAL_SURFACE('',#2475,0.95);
#2475 = AXIS2_PLACEMENT_3D('',#2476,#2477,#2478);
#2476 = CARTESIAN_POINT('',(-22.17025033688,12.8,-3.2));
#2477 = DIRECTION('',(-0.,-0.,-1.));
#2478 = DIRECTION('',(1.,0.,0.));
#2479 = DEFINITIONAL_REPRESENTATION('',(#2480),#2484);
#2480 = LINE('',#2481,#2482);
#2481 = CARTESIAN_POINT('',(-6.28318530718,-1.4));
#2482 = VECTOR('',#2483,1.);
#2483 = DIRECTION('',(1.,-0.));
#2484 = ( GEOMETRIC_REPRESENTATION_CONTEXT(2) 
PARAMETRIC_REPRESENTATION_CONTEXT() REPRESENTATION_CONTEXT('2D SPACE',''
  ) );
#2485 = ADVANCED_FACE('',(#2486),#2474,.T.);
#2486 = FACE_BOUND('',#2487,.F.);
#2487 = EDGE_LOOP('',(#2488,#2517,#2538,#2539));
#2488 = ORIENTED_EDGE('',*,*,#2489,.F.);
#2489 = EDGE_CURVE('',#2490,#2490,#2492,.T.);
#2490 = VERTEX_POINT('',#2491);
#2491 = CARTESIAN_POINT('',(-21.22025033688,12.8,-3.2));
#2492 = SURFACE_CURVE('',#2493,(#2498,#2505),.PCURVE_S1.);
#2493 = CIRCLE('',#2494,0.95);
#2494 = AXIS2_PLACEMENT_3D('',#2495,#2496,#2497);
#2495 = CARTESIAN_POINT('',(-22.17025033688,12.8,-3.2));
#2496 = DIRECTION('',(0.,0.,1.));
#2497 = DIRECTION('',(1.,0.,0.));
#2498 = PCURVE('',#2474,#2499);
#2499 = DEFINITIONAL_REPRESENTATION('',(#2500),#2504);
#2500 = LINE('',#2501,#2502);
#2501 = CARTESIAN_POINT('',(-0.,0.));
#2502 = VECTOR('',#2503,1.);
#2503 = DIRECTION('',(-1.,0.));
#2504 = ( GEOMETRIC_REPRESENTATION_CONTEXT(2) 
PARAMETRIC_REPRESENTATION_CONTEXT() REPRESENTATION_CONTEXT('2D SPACE',''
  ) );
#2505 = PCURVE('',#2506,#2511);
#2506 = PLANE('',#2507);
#2507 = AXIS2_PLACEMENT_3D('',#2508,#2509,#2510);
#2508 = CARTESIAN_POINT('',(-22.17025033688,12.8,-3.2));
#2509 = DIRECTION('',(0.,0.,1.));
#2510 = DIRECTION('',(1.,0.,-0.));
#2511 = DEFINITIONAL_REPRESENTATION('',(#2512),#2516);
#2512 = CIRCLE('',#2513,0.95);
#2513 = AXIS2_PLACEMENT_2D('',#2514,#2515);
#2514 = CARTESIAN_POINT('',(0.,-1.7763568394E-15));
#2515 = DIRECTION('',(1.,0.));
#2516 = ( GEOMETRIC_REPRESENTATION_CONTEXT(2) 
PARAMETRIC_REPRESENTATION_CONTEXT() REPRESENTATION_CONTEXT('2D SPACE',''
  ) );
#2517 = ORIENTED_EDGE('',*,*,#2518,.T.);
#2518 = EDGE_CURVE('',#2490,#2454,#2519,.T.);
#2519 = SEAM_CURVE('',#2520,(#2524,#2531),.PCURVE_S1.);
#2520 = LINE('',#2521,#2522);
#2521 = CARTESIAN_POINT('',(-21.22025033688,12.8,-3.2));
#2522 = VECTOR('',#2523,1.);
#2523 = DIRECTION('',(0.,0.,1.));
#2524 = PCURVE('',#2474,#2525);
#2525 = DEFINITIONAL_REPRESENTATION('',(#2526),#2530);
#2526 = LINE('',#2527,#2528);
#2527 = CARTESIAN_POINT('',(-6.28318530718,0.));
#2528 = VECTOR('',#2529,1.);
#2529 = DIRECTION('',(-0.,-1.));
#2530 = ( GEOMETRIC_REPRESENTATION_CONTEXT(2) 
PARAMETRIC_REPRESENTATION_CONTEXT() REPRESENTATION_CONTEXT('2D SPACE',''
  ) );
#2531 = PCURVE('',#2474,#2532);
#2532 = DEFINITIONAL_REPRESENTATION('',(#2533),#2537);
#2533 = LINE('',#2534,#2535);
#2534 = CARTESIAN_POINT('',(-0.,0.));
#2535 = VECTOR('',#2536,1.);
#2536 = DIRECTION('',(-0.,-1.));
#2537 = ( GEOMETRIC_REPRESENTATION_CONTEXT(2) 
PARAMETRIC_REPRESENTATION_CONTEXT() REPRESENTATION_CONTEXT('2D SPACE',''
  ) );
#2538 = ORIENTED_EDGE('',*,*,#2453,.F.);
#2539 = ORIENTED_EDGE('',*,*,#2518,.F.);
#2540 = ADVANCED_FACE('',(#2541),#2506,.F.);
#2541 = FACE_BOUND('',#2542,.F.);
#2542 = EDGE_LOOP('',(#2543));
#2543 = ORIENTED_EDGE('',*,*,#2489,.T.);
#2544 = ADVANCED_FACE('',(#2545),#2157,.T.);
#2545 = FACE_BOUND('',#2546,.F.);
#2546 = EDGE_LOOP('',(#2547,#2576,#2597,#2598));
#2547 = ORIENTED_EDGE('',*,*,#2548,.F.);
#2548 = EDGE_CURVE('',#2549,#2549,#2551,.T.);
#2549 = VERTEX_POINT('',#2550);
#2550 = CARTESIAN_POINT('',(-6.955715669137,-24.05613109211,-1.8));
#2551 = SURFACE_CURVE('',#2552,(#2557,#2564),.PCURVE_S1.);
#2552 = CIRCLE('',#2553,1.8);
#2553 = AXIS2_PLACEMENT_3D('',#2554,#2555,#2556);
#2554 = CARTESIAN_POINT('',(-8.755715669137,-24.05613109211,-1.8));
#2555 = DIRECTION('',(0.,0.,1.));
#2556 = DIRECTION('',(1.,0.,0.));
#2557 = PCURVE('',#2157,#2558);
#2558 = DEFINITIONAL_REPRESENTATION('',(#2559),#2563);
#2559 = LINE('',#2560,#2561);
#2560 = CARTESIAN_POINT('',(-0.,0.));
#2561 = VECTOR('',#2562,1.);
#2562 = DIRECTION('',(-1.,0.));
#2563 = ( GEOMETRIC_REPRESENTATION_CONTEXT(2) 
PARAMETRIC_REPRESENTATION_CONTEXT() REPRESENTATION_CONTEXT('2D SPACE',''
  ) );
#2564 = PCURVE('',#2565,#2570);
#2565 = PLANE('',#2566);
#2566 = AXIS2_PLACEMENT_3D('',#2567,#2568,#2569);
#2567 = CARTESIAN_POINT('',(-8.755715669137,-24.05613109211,-1.8));
#2568 = DIRECTION('',(0.,0.,1.));
#2569 = DIRECTION('',(1.,0.,-0.));
#2570 = DEFINITIONAL_REPRESENTATION('',(#2571),#2575);
#2571 = CIRCLE('',#2572,1.8);
#2572 = AXIS2_PLACEMENT_2D('',#2573,#2574);
#2573 = CARTESIAN_POINT('',(0.,3.552713678801E-15));
#2574 = DIRECTION('',(1.,0.));
#2575 = ( GEOMETRIC_REPRESENTATION_CONTEXT(2) 
PARAMETRIC_REPRESENTATION_CONTEXT() REPRESENTATION_CONTEXT('2D SPACE',''
  ) );
#2576 = ORIENTED_EDGE('',*,*,#2577,.T.);
#2577 = EDGE_CURVE('',#2549,#2137,#2578,.T.);
#2578 = SEAM_CURVE('',#2579,(#2583,#2590),.PCURVE_S1.);
#2579 = LINE('',#2580,#2581);
#2580 = CARTESIAN_POINT('',(-6.955715669137,-24.05613109211,-1.8));
#2581 = VECTOR('',#2582,1.);
#2582 = DIRECTION('',(0.,0.,1.));
#2583 = PCURVE('',#2157,#2584);
#2584 = DEFINITIONAL_REPRESENTATION('',(#2585),#2589);
#2585 = LINE('',#2586,#2587);
#2586 = CARTESIAN_POINT('',(-6.28318530718,0.));
#2587 = VECTOR('',#2588,1.);
#2588 = DIRECTION('',(-0.,-1.));
#2589 = ( GEOMETRIC_REPRESENTATION_CONTEXT(2) 
PARAMETRIC_REPRESENTATION_CONTEXT() REPRESENTATION_CONTEXT('2D SPACE',''
  ) );
#2590 = PCURVE('',#2157,#2591);
#2591 = DEFINITIONAL_REPRESENTATION('',(#2592),#2596);
#2592 = LINE('',#2593,#2594);
#2593 = CARTESIAN_POINT('',(-0.,0.));
#2594 = VECTOR('',#2595,1.);
#2595 = DIRECTION('',(-0.,-1.));
#2596 = ( GEOMETRIC_REPRESENTATION_CONTEXT(2) 
PARAMETRIC_REPRESENTATION_CONTEXT() REPRESENTATION_CONTEXT('2D SPACE',''
  ) );
#2597 = ORIENTED_EDGE('',*,*,#2136,.F.);
#2598 = ORIENTED_EDGE('',*,*,#2577,.F.);
#2599 = ADVANCED_FACE('',(#2600,#2603),#2565,.F.);
#2600 = FACE_BOUND('',#2601,.F.);
#2601 = EDGE_LOOP('',(#2602));
#2602 = ORIENTED_EDGE('',*,*,#2548,.T.);
#2603 = FACE_BOUND('',#2604,.F.);
#2604 = EDGE_LOOP('',(#2605));
#2605 = ORIENTED_EDGE('',*,*,#2606,.T.);
#2606 = EDGE_CURVE('',#2607,#2607,#2609,.T.);
#2607 = VERTEX_POINT('',#2608);
#2608 = CARTESIAN_POINT('',(-7.805715669137,-24.05613109211,-1.8));
#2609 = SURFACE_CURVE('',#2610,(#2615,#2626),.PCURVE_S1.);
#2610 = CIRCLE('',#2611,0.95);
#2611 = AXIS2_PLACEMENT_3D('',#2612,#2613,#2614);
#2612 = CARTESIAN_POINT('',(-8.755715669137,-24.05613109211,-1.8));
#2613 = DIRECTION('',(0.,0.,-1.));
#2614 = DIRECTION('',(1.,0.,0.));
#2615 = PCURVE('',#2565,#2616);
#2616 = DEFINITIONAL_REPRESENTATION('',(#2617),#2625);
#2617 = ( BOUNDED_CURVE() B_SPLINE_CURVE(2,(#2618,#2619,#2620,#2621,
#2622,#2623,#2624),.UNSPECIFIED.,.T.,.F.) B_SPLINE_CURVE_WITH_KNOTS((1,2
    ,2,2,2,1),(-2.094395102393,0.,2.094395102393,4.188790204786,
6.28318530718,8.377580409573),.UNSPECIFIED.) CURVE() 
GEOMETRIC_REPRESENTATION_ITEM() RATIONAL_B_SPLINE_CURVE((1.,0.5,1.,0.5,
1.,0.5,1.)) REPRESENTATION_ITEM('') );
#2618 = CARTESIAN_POINT('',(0.95,3.552713678801E-15));
#2619 = CARTESIAN_POINT('',(0.95,-1.64544826719));
#2620 = CARTESIAN_POINT('',(-0.475,-0.822724133595));
#2621 = CARTESIAN_POINT('',(-1.9,3.320030786963E-15));
#2622 = CARTESIAN_POINT('',(-0.475,0.822724133595));
#2623 = CARTESIAN_POINT('',(0.95,1.64544826719));
#2624 = CARTESIAN_POINT('',(0.95,3.552713678801E-15));
#2625 = ( GEOMETRIC_REPRESENTATION_CONTEXT(2) 
PARAMETRIC_REPRESENTATION_CONTEXT() REPRESENTATION_CONTEXT('2D SPACE',''
  ) );
#2626 = PCURVE('',#2627,#2632);
#2627 = CYLINDRICAL_SURFACE('',#2628,0.95);
#2628 = AXIS2_PLACEMENT_3D('',#2629,#2630,#2631);
#2629 = CARTESIAN_POINT('',(-8.755715669137,-24.05613109211,-3.2));
#2630 = DIRECTION('',(-0.,-0.,-1.));
#2631 = DIRECTION('',(1.,0.,0.));
#2632 = DEFINITIONAL_REPRESENTATION('',(#2633),#2637);
#2633 = LINE('',#2634,#2635);
#2634 = CARTESIAN_POINT('',(-6.28318530718,-1.4));
#2635 = VECTOR('',#2636,1.);
#2636 = DIRECTION('',(1.,-0.));
#2637 = ( GEOMETRIC_REPRESENTATION_CONTEXT(2) 
PARAMETRIC_REPRESENTATION_CONTEXT() REPRESENTATION_CONTEXT('2D SPACE',''
  ) );
#2638 = ADVANCED_FACE('',(#2639),#2627,.T.);
#2639 = FACE_BOUND('',#2640,.F.);
#2640 = EDGE_LOOP('',(#2641,#2670,#2691,#2692));
#2641 = ORIENTED_EDGE('',*,*,#2642,.F.);
#2642 = EDGE_CURVE('',#2643,#2643,#2645,.T.);
#2643 = VERTEX_POINT('',#2644);
#2644 = CARTESIAN_POINT('',(-7.805715669137,-24.05613109211,-3.2));
#2645 = SURFACE_CURVE('',#2646,(#2651,#2658),.PCURVE_S1.);
#2646 = CIRCLE('',#2647,0.95);
#2647 = AXIS2_PLACEMENT_3D('',#2648,#2649,#2650);
#2648 = CARTESIAN_POINT('',(-8.755715669137,-24.05613109211,-3.2));
#2649 = DIRECTION('',(0.,0.,1.));
#2650 = DIRECTION('',(1.,0.,0.));
#2651 = PCURVE('',#2627,#2652);
#2652 = DEFINITIONAL_REPRESENTATION('',(#2653),#2657);
#2653 = LINE('',#2654,#2655);
#2654 = CARTESIAN_POINT('',(-0.,0.));
#2655 = VECTOR('',#2656,1.);
#2656 = DIRECTION('',(-1.,0.));
#2657 = ( GEOMETRIC_REPRESENTATION_CONTEXT(2) 
PARAMETRIC_REPRESENTATION_CONTEXT() REPRESENTATION_CONTEXT('2D SPACE',''
  ) );
#2658 = PCURVE('',#2659,#2664);
#2659 = PLANE('',#2660);
#2660 = AXIS2_PLACEMENT_3D('',#2661,#2662,#2663);
#2661 = CARTESIAN_POINT('',(-8.755715669137,-24.05613109211,-3.2));
#2662 = DIRECTION('',(0.,0.,1.));
#2663 = DIRECTION('',(1.,0.,-0.));
#2664 = DEFINITIONAL_REPRESENTATION('',(#2665),#2669);
#2665 = CIRCLE('',#2666,0.95);
#2666 = AXIS2_PLACEMENT_2D('',#2667,#2668);
#2667 = CARTESIAN_POINT('',(0.,3.552713678801E-15));
#2668 = DIRECTION('',(1.,0.));
#2669 = ( GEOMETRIC_REPRESENTATION_CONTEXT(2) 
PARAMETRIC_REPRESENTATION_CONTEXT() REPRESENTATION_CONTEXT('2D SPACE',''
  ) );
#2670 = ORIENTED_EDGE('',*,*,#2671,.T.);
#2671 = EDGE_CURVE('',#2643,#2607,#2672,.T.);
#2672 = SEAM_CURVE('',#2673,(#2677,#2684),.PCURVE_S1.);
#2673 = LINE('',#2674,#2675);
#2674 = CARTESIAN_POINT('',(-7.805715669137,-24.05613109211,-3.2));
#2675 = VECTOR('',#2676,1.);
#2676 = DIRECTION('',(0.,0.,1.));
#2677 = PCURVE('',#2627,#2678);
#2678 = DEFINITIONAL_REPRESENTATION('',(#2679),#2683);
#2679 = LINE('',#2680,#2681);
#2680 = CARTESIAN_POINT('',(-6.28318530718,0.));
#2681 = VECTOR('',#2682,1.);
#2682 = DIRECTION('',(-0.,-1.));
#2683 = ( GEOMETRIC_REPRESENTATION_CONTEXT(2) 
PARAMETRIC_REPRESENTATION_CONTEXT() REPRESENTATION_CONTEXT('2D SPACE',''
  ) );
#2684 = PCURVE('',#2627,#2685);
#2685 = DEFINITIONAL_REPRESENTATION('',(#2686),#2690);
#2686 = LINE('',#2687,#2688);
#2687 = CARTESIAN_POINT('',(-0.,0.));
#2688 = VECTOR('',#2689,1.);
#2689 = DIRECTION('',(-0.,-1.));
#2690 = ( GEOMETRIC_REPRESENTATION_CONTEXT(2) 
PARAMETRIC_REPRESENTATION_CONTEXT() REPRESENTATION_CONTEXT('2D SPACE',''
  ) );
#2691 = ORIENTED_EDGE('',*,*,#2606,.F.);
#2692 = ORIENTED_EDGE('',*,*,#2671,.F.);
#2693 = ADVANCED_FACE('',(#2694),#2659,.F.);
#2694 = FACE_BOUND('',#2695,.F.);
#2695 = EDGE_LOOP('',(#2696));
#2696 = ORIENTED_EDGE('',*,*,#2642,.T.);
#2697 = ADVANCED_FACE('',(#2698),#347,.T.);
#2698 = FACE_BOUND('',#2699,.T.);
#2699 = EDGE_LOOP('',(#2700,#2723,#2742,#2743));
#2700 = ORIENTED_EDGE('',*,*,#2701,.F.);
#2701 = EDGE_CURVE('',#2702,#332,#2704,.T.);
#2702 = VERTEX_POINT('',#2703);
#2703 = CARTESIAN_POINT('',(27.8,-6.4,-7.5));
#2704 = SURFACE_CURVE('',#2705,(#2709,#2716),.PCURVE_S1.);
#2705 = LINE('',#2706,#2707);
#2706 = CARTESIAN_POINT('',(27.8,-6.4,-8.5));
#2707 = VECTOR('',#2708,1.);
#2708 = DIRECTION('',(0.,0.,1.));
#2709 = PCURVE('',#347,#2710);
#2710 = DEFINITIONAL_REPRESENTATION('',(#2711),#2715);
#2711 = LINE('',#2712,#2713);
#2712 = CARTESIAN_POINT('',(12.8,0.));
#2713 = VECTOR('',#2714,1.);
#2714 = DIRECTION('',(0.,-1.));
#2715 = ( GEOMETRIC_REPRESENTATION_CONTEXT(2) 
PARAMETRIC_REPRESENTATION_CONTEXT() REPRESENTATION_CONTEXT('2D SPACE',''
  ) );
#2716 = PCURVE('',#125,#2717);
#2717 = DEFINITIONAL_REPRESENTATION('',(#2718),#2722);
#2718 = LINE('',#2719,#2720);
#2719 = CARTESIAN_POINT('',(0.,0.));
#2720 = VECTOR('',#2721,1.);
#2721 = DIRECTION('',(0.,-1.));
#2722 = ( GEOMETRIC_REPRESENTATION_CONTEXT(2) 
PARAMETRIC_REPRESENTATION_CONTEXT() REPRESENTATION_CONTEXT('2D SPACE',''
  ) );
#2723 = ORIENTED_EDGE('',*,*,#2724,.T.);
#2724 = EDGE_CURVE('',#2702,#576,#2725,.T.);
#2725 = SURFACE_CURVE('',#2726,(#2730,#2736),.PCURVE_S1.);
#2726 = LINE('',#2727,#2728);
#2727 = CARTESIAN_POINT('',(27.8,3.2,-7.5));
#2728 = VECTOR('',#2729,1.);
#2729 = DIRECTION('',(-0.,1.,0.));
#2730 = PCURVE('',#347,#2731);
#2731 = DEFINITIONAL_REPRESENTATION('',(#2732),#2735);
#2732 = B_SPLINE_CURVE_WITH_KNOTS('',1,(#2733,#2734),.UNSPECIFIED.,.F.,
  .F.,(2,2),(-9.6,3.2),.PIECEWISE_BEZIER_KNOTS.);
#2733 = CARTESIAN_POINT('',(12.8,-1.));
#2734 = CARTESIAN_POINT('',(0.,-1.));
#2735 = ( GEOMETRIC_REPRESENTATION_CONTEXT(2) 
PARAMETRIC_REPRESENTATION_CONTEXT() REPRESENTATION_CONTEXT('2D SPACE',''
  ) );
#2736 = PCURVE('',#45,#2737);
#2737 = DEFINITIONAL_REPRESENTATION('',(#2738),#2741);
#2738 = B_SPLINE_CURVE_WITH_KNOTS('',1,(#2739,#2740),.UNSPECIFIED.,.F.,
  .F.,(2,2),(-9.6,3.2),.PIECEWISE_BEZIER_KNOTS.);
#2739 = CARTESIAN_POINT('',(27.8,-6.4));
#2740 = CARTESIAN_POINT('',(27.8,6.4));
#2741 = ( GEOMETRIC_REPRESENTATION_CONTEXT(2) 
PARAMETRIC_REPRESENTATION_CONTEXT() REPRESENTATION_CONTEXT('2D SPACE',''
  ) );
#2742 = ORIENTED_EDGE('',*,*,#575,.F.);
#2743 = ORIENTED_EDGE('',*,*,#329,.T.);
#2744 = ADVANCED_FACE('',(#2745),#211,.T.);
#2745 = FACE_BOUND('',#2746,.T.);
#2746 = EDGE_LOOP('',(#2747,#2766,#2767,#2768));
#2747 = ORIENTED_EDGE('',*,*,#2748,.T.);
#2748 = EDGE_CURVE('',#2008,#196,#2749,.T.);
#2749 = SURFACE_CURVE('',#2750,(#2754,#2760),.PCURVE_S1.);
#2750 = LINE('',#2751,#2752);
#2751 = CARTESIAN_POINT('',(27.8,3.2,-7.5));
#2752 = VECTOR('',#2753,1.);
#2753 = DIRECTION('',(-0.,1.,0.));
#2754 = PCURVE('',#211,#2755);
#2755 = DEFINITIONAL_REPRESENTATION('',(#2756),#2759);
#2756 = B_SPLINE_CURVE_WITH_KNOTS('',1,(#2757,#2758),.UNSPECIFIED.,.F.,
  .F.,(2,2),(-9.6,3.2),.PIECEWISE_BEZIER_KNOTS.);
#2757 = CARTESIAN_POINT('',(12.8,-1.));
#2758 = CARTESIAN_POINT('',(0.,-1.));
#2759 = ( GEOMETRIC_REPRESENTATION_CONTEXT(2) 
PARAMETRIC_REPRESENTATION_CONTEXT() REPRESENTATION_CONTEXT('2D SPACE',''
  ) );
#2760 = PCURVE('',#45,#2761);
#2761 = DEFINITIONAL_REPRESENTATION('',(#2762),#2765);
#2762 = B_SPLINE_CURVE_WITH_KNOTS('',1,(#2763,#2764),.UNSPECIFIED.,.F.,
  .F.,(2,2),(-9.6,3.2),.PIECEWISE_BEZIER_KNOTS.);
#2763 = CARTESIAN_POINT('',(27.8,-6.4));
#2764 = CARTESIAN_POINT('',(27.8,6.4));
#2765 = ( GEOMETRIC_REPRESENTATION_CONTEXT(2) 
PARAMETRIC_REPRESENTATION_CONTEXT() REPRESENTATION_CONTEXT('2D SPACE',''
  ) );
#2766 = ORIENTED_EDGE('',*,*,#195,.T.);
#2767 = ORIENTED_EDGE('',*,*,#437,.T.);
#2768 = ORIENTED_EDGE('',*,*,#2035,.T.);
#2769 = ADVANCED_FACE('',(#2770),#285,.T.);
#2770 = FACE_BOUND('',#2771,.F.);
#2771 = EDGE_LOOP('',(#2772,#2773,#2797,#2818));
#2772 = ORIENTED_EDGE('',*,*,#270,.F.);
#2773 = ORIENTED_EDGE('',*,*,#2774,.T.);
#2774 = EDGE_CURVE('',#271,#2775,#2777,.T.);
#2775 = VERTEX_POINT('',#2776);
#2776 = CARTESIAN_POINT('',(29.104638805524,-6.4,-5.8));
#2777 = SURFACE_CURVE('',#2778,(#2783,#2790),.PCURVE_S1.);
#2778 = CIRCLE('',#2779,29.8);
#2779 = AXIS2_PLACEMENT_3D('',#2780,#2781,#2782);
#2780 = CARTESIAN_POINT('',(0.,0.,-5.8));
#2781 = DIRECTION('',(0.,0.,1.));
#2782 = DIRECTION('',(1.,0.,0.));
#2783 = PCURVE('',#285,#2784);
#2784 = DEFINITIONAL_REPRESENTATION('',(#2785),#2789);
#2785 = LINE('',#2786,#2787);
#2786 = CARTESIAN_POINT('',(-0.,0.));
#2787 = VECTOR('',#2788,1.);
#2788 = DIRECTION('',(-1.,0.));
#2789 = ( GEOMETRIC_REPRESENTATION_CONTEXT(2) 
PARAMETRIC_REPRESENTATION_CONTEXT() REPRESENTATION_CONTEXT('2D SPACE',''
  ) );
#2790 = PCURVE('',#311,#2791);
#2791 = DEFINITIONAL_REPRESENTATION('',(#2792),#2796);
#2792 = LINE('',#2793,#2794);
#2793 = CARTESIAN_POINT('',(-0.,0.5));
#2794 = VECTOR('',#2795,1.);
#2795 = DIRECTION('',(-1.,0.));
#2796 = ( GEOMETRIC_REPRESENTATION_CONTEXT(2) 
PARAMETRIC_REPRESENTATION_CONTEXT() REPRESENTATION_CONTEXT('2D SPACE',''
  ) );
#2797 = ORIENTED_EDGE('',*,*,#2798,.T.);
#2798 = EDGE_CURVE('',#2775,#2799,#2801,.T.);
#2799 = VERTEX_POINT('',#2800);
#2800 = CARTESIAN_POINT('',(29.104638805524,-6.4,-6.2));
#2801 = SURFACE_CURVE('',#2802,(#2806,#2812),.PCURVE_S1.);
#2802 = LINE('',#2803,#2804);
#2803 = CARTESIAN_POINT('',(29.104638805524,-6.4,-5.8));
#2804 = VECTOR('',#2805,1.);
#2805 = DIRECTION('',(-0.,-0.,-1.));
#2806 = PCURVE('',#285,#2807);
#2807 = DEFINITIONAL_REPRESENTATION('',(#2808),#2811);
#2808 = B_SPLINE_CURVE_WITH_KNOTS('',1,(#2809,#2810),.UNSPECIFIED.,.F.,
  .F.,(2,2),(-5.999999999062E-07,0.4000006),.PIECEWISE_BEZIER_KNOTS.);
#2809 = CARTESIAN_POINT('',(-6.066733995189,-5.999999999062E-07));
#2810 = CARTESIAN_POINT('',(-6.066733995189,0.4000006));
#2811 = ( GEOMETRIC_REPRESENTATION_CONTEXT(2) 
PARAMETRIC_REPRESENTATION_CONTEXT() REPRESENTATION_CONTEXT('2D SPACE',''
  ) );
#2812 = PCURVE('',#125,#2813);
#2813 = DEFINITIONAL_REPRESENTATION('',(#2814),#2817);
#2814 = B_SPLINE_CURVE_WITH_KNOTS('',1,(#2815,#2816),.UNSPECIFIED.,.F.,
  .F.,(2,2),(-5.999999999062E-07,0.4000006),.PIECEWISE_BEZIER_KNOTS.);
#2815 = CARTESIAN_POINT('',(1.304638805524,-2.7000006));
#2816 = CARTESIAN_POINT('',(1.304638805524,-2.2999994));
#2817 = ( GEOMETRIC_REPRESENTATION_CONTEXT(2) 
PARAMETRIC_REPRESENTATION_CONTEXT() REPRESENTATION_CONTEXT('2D SPACE',''
  ) );
#2818 = ORIENTED_EDGE('',*,*,#2819,.F.);
#2819 = EDGE_CURVE('',#244,#2799,#2820,.T.);
#2820 = SURFACE_CURVE('',#2821,(#2826,#2833),.PCURVE_S1.);
#2821 = CIRCLE('',#2822,29.8);
#2822 = AXIS2_PLACEMENT_3D('',#2823,#2824,#2825);
#2823 = CARTESIAN_POINT('',(0.,0.,-6.2));
#2824 = DIRECTION('',(0.,0.,1.));
#2825 = DIRECTION('',(1.,0.,0.));
#2826 = PCURVE('',#285,#2827);
#2827 = DEFINITIONAL_REPRESENTATION('',(#2828),#2832);
#2828 = LINE('',#2829,#2830);
#2829 = CARTESIAN_POINT('',(-0.,0.4));
#2830 = VECTOR('',#2831,1.);
#2831 = DIRECTION('',(-1.,0.));
#2832 = ( GEOMETRIC_REPRESENTATION_CONTEXT(2) 
PARAMETRIC_REPRESENTATION_CONTEXT() REPRESENTATION_CONTEXT('2D SPACE',''
  ) );
#2833 = PCURVE('',#100,#2834);
#2834 = DEFINITIONAL_REPRESENTATION('',(#2835),#2839);
#2835 = LINE('',#2836,#2837);
#2836 = CARTESIAN_POINT('',(0.,-0.));
#2837 = VECTOR('',#2838,1.);
#2838 = DIRECTION('',(1.,-0.));
#2839 = ( GEOMETRIC_REPRESENTATION_CONTEXT(2) 
PARAMETRIC_REPRESENTATION_CONTEXT() REPRESENTATION_CONTEXT('2D SPACE',''
  ) );
#2840 = ADVANCED_FACE('',(#2841),#311,.T.);
#2841 = FACE_BOUND('',#2842,.F.);
#2842 = EDGE_LOOP('',(#2843,#2867,#2892,#2893));
#2843 = ORIENTED_EDGE('',*,*,#2844,.F.);
#2844 = EDGE_CURVE('',#2845,#142,#2847,.T.);
#2845 = VERTEX_POINT('',#2846);
#2846 = CARTESIAN_POINT('',(28.489998244998,-6.4,-5.308196721311));
#2847 = SURFACE_CURVE('',#2848,(#2853,#2860),.PCURVE_S1.);
#2848 = CIRCLE('',#2849,29.2);
#2849 = AXIS2_PLACEMENT_3D('',#2850,#2851,#2852);
#2850 = CARTESIAN_POINT('',(0.,0.,-5.308196721311));
#2851 = DIRECTION('',(0.,-0.,-1.));
#2852 = DIRECTION('',(0.,1.,-0.));
#2853 = PCURVE('',#311,#2854);
#2854 = DEFINITIONAL_REPRESENTATION('',(#2855),#2859);
#2855 = LINE('',#2856,#2857);
#2856 = CARTESIAN_POINT('',(-7.853981633974,8.196721311475E-03));
#2857 = VECTOR('',#2858,1.);
#2858 = DIRECTION('',(1.,-0.));
#2859 = ( GEOMETRIC_REPRESENTATION_CONTEXT(2) 
PARAMETRIC_REPRESENTATION_CONTEXT() REPRESENTATION_CONTEXT('2D SPACE',''
  ) );
#2860 = PCURVE('',#156,#2861);
#2861 = DEFINITIONAL_REPRESENTATION('',(#2862),#2866);
#2862 = LINE('',#2863,#2864);
#2863 = CARTESIAN_POINT('',(-7.853981633974,-2.191803278689));
#2864 = VECTOR('',#2865,1.);
#2865 = DIRECTION('',(1.,-0.));
#2866 = ( GEOMETRIC_REPRESENTATION_CONTEXT(2) 
PARAMETRIC_REPRESENTATION_CONTEXT() REPRESENTATION_CONTEXT('2D SPACE',''
  ) );
#2867 = ORIENTED_EDGE('',*,*,#2868,.F.);
#2868 = EDGE_CURVE('',#2775,#2845,#2869,.T.);
#2869 = SURFACE_CURVE('',#2870,(#2875,#2885),.PCURVE_S1.);
#2870 = HYPERBOLA('',#2871,5.245901639344,6.4);
#2871 = AXIS2_PLACEMENT_3D('',#2872,#2873,#2874);
#2872 = CARTESIAN_POINT('',(0.,-6.4,18.626229508197));
#2873 = DIRECTION('',(0.,1.,0.));
#2874 = DIRECTION('',(0.,0.,-1.));
#2875 = PCURVE('',#311,#2876);
#2876 = DEFINITIONAL_REPRESENTATION('',(#2877),#2884);
#2877 = B_SPLINE_CURVE_WITH_KNOTS('',5,(#2878,#2879,#2880,#2881,#2882,
    #2883),.UNSPECIFIED.,.F.,.F.,(6,6),(-2.2196218545,-2.198785827482),
  .PIECEWISE_BEZIER_KNOTS.);
#2878 = CARTESIAN_POINT('',(-6.066733995189,0.5));
#2879 = CARTESIAN_POINT('',(-6.065839024901,0.400586058933));
#2880 = CARTESIAN_POINT('',(-6.064939501489,0.301702338057));
#2881 = CARTESIAN_POINT('',(-6.064035395561,0.203345240741));
#2882 = CARTESIAN_POINT('',(-6.063126677487,0.105511208718));
#2883 = CARTESIAN_POINT('',(-6.062213317399,8.196721311473E-03));
#2884 = ( GEOMETRIC_REPRESENTATION_CONTEXT(2) 
PARAMETRIC_REPRESENTATION_CONTEXT() REPRESENTATION_CONTEXT('2D SPACE',''
  ) );
#2885 = PCURVE('',#125,#2886);
#2886 = DEFINITIONAL_REPRESENTATION('',(#2887),#2891);
#2887 = ( BOUNDED_CURVE() B_SPLINE_CURVE(2,(#2888,#2889,#2890),
.UNSPECIFIED.,.F.,.F.) B_SPLINE_CURVE_WITH_KNOTS((3,3),(-2.2196218545,
-2.198785827482),.PIECEWISE_BEZIER_KNOTS.) CURVE() 
GEOMETRIC_REPRESENTATION_ITEM() RATIONAL_B_SPLINE_CURVE((1.,
1.000054267994,1.)) REPRESENTATION_ITEM('') );
#2888 = CARTESIAN_POINT('',(1.304638805524,-2.7));
#2889 = CARTESIAN_POINT('',(0.994193234276,-2.94852586148));
#2890 = CARTESIAN_POINT('',(0.689998244998,-3.191803278689));
#2891 = ( GEOMETRIC_REPRESENTATION_CONTEXT(2) 
PARAMETRIC_REPRESENTATION_CONTEXT() REPRESENTATION_CONTEXT('2D SPACE',''
  ) );
#2892 = ORIENTED_EDGE('',*,*,#2774,.F.);
#2893 = ORIENTED_EDGE('',*,*,#296,.F.);
#2894 = ADVANCED_FACE('',(#2895),#156,.T.);
#2895 = FACE_BOUND('',#2896,.F.);
#2896 = EDGE_LOOP('',(#2897,#2898,#2917,#2918,#2919,#2920,#2943,#2976,
    #3002,#3031,#3057,#3083));
#2897 = ORIENTED_EDGE('',*,*,#382,.T.);
#2898 = ORIENTED_EDGE('',*,*,#2899,.T.);
#2899 = EDGE_CURVE('',#360,#2845,#2900,.T.);
#2900 = SURFACE_CURVE('',#2901,(#2905,#2911),.PCURVE_S1.);
#2901 = LINE('',#2902,#2903);
#2902 = CARTESIAN_POINT('',(28.489998244998,-6.4,-7.5));
#2903 = VECTOR('',#2904,1.);
#2904 = DIRECTION('',(-0.,-0.,-1.));
#2905 = PCURVE('',#156,#2906);
#2906 = DEFINITIONAL_REPRESENTATION('',(#2907),#2910);
#2907 = B_SPLINE_CURVE_WITH_KNOTS('',1,(#2908,#2909),.UNSPECIFIED.,.F.,
  .F.,(2,2),(-6.37,-2.191802678689),.PIECEWISE_BEZIER_KNOTS.);
#2908 = CARTESIAN_POINT('',(-6.062213317399,-6.37));
#2909 = CARTESIAN_POINT('',(-6.062213317399,-2.191802678689));
#2910 = ( GEOMETRIC_REPRESENTATION_CONTEXT(2) 
PARAMETRIC_REPRESENTATION_CONTEXT() REPRESENTATION_CONTEXT('2D SPACE',''
  ) );
#2911 = PCURVE('',#125,#2912);
#2912 = DEFINITIONAL_REPRESENTATION('',(#2913),#2916);
#2913 = B_SPLINE_CURVE_WITH_KNOTS('',1,(#2914,#2915),.UNSPECIFIED.,.F.,
  .F.,(2,2),(-6.37,-2.191802678689),.PIECEWISE_BEZIER_KNOTS.);
#2914 = CARTESIAN_POINT('',(0.689998244998,-7.37));
#2915 = CARTESIAN_POINT('',(0.689998244998,-3.191802678689));
#2916 = ( GEOMETRIC_REPRESENTATION_CONTEXT(2) 
PARAMETRIC_REPRESENTATION_CONTEXT() REPRESENTATION_CONTEXT('2D SPACE',''
  ) );
#2917 = ORIENTED_EDGE('',*,*,#2844,.T.);
#2918 = ORIENTED_EDGE('',*,*,#139,.F.);
#2919 = ORIENTED_EDGE('',*,*,#410,.T.);
#2920 = ORIENTED_EDGE('',*,*,#2921,.T.);
#2921 = EDGE_CURVE('',#383,#2922,#2924,.T.);
#2922 = VERTEX_POINT('',#2923);
#2923 = CARTESIAN_POINT('',(29.2,0.,-1.5));
#2924 = SEAM_CURVE('',#2925,(#2929,#2936),.PCURVE_S1.);
#2925 = LINE('',#2926,#2927);
#2926 = CARTESIAN_POINT('',(29.2,0.,-7.5));
#2927 = VECTOR('',#2928,1.);
#2928 = DIRECTION('',(0.,0.,1.));
#2929 = PCURVE('',#156,#2930);
#2930 = DEFINITIONAL_REPRESENTATION('',(#2931),#2935);
#2931 = LINE('',#2932,#2933);
#2932 = CARTESIAN_POINT('',(-6.28318530718,0.));
#2933 = VECTOR('',#2934,1.);
#2934 = DIRECTION('',(-0.,-1.));
#2935 = ( GEOMETRIC_REPRESENTATION_CONTEXT(2) 
PARAMETRIC_REPRESENTATION_CONTEXT() REPRESENTATION_CONTEXT('2D SPACE',''
  ) );
#2936 = PCURVE('',#156,#2937);
#2937 = DEFINITIONAL_REPRESENTATION('',(#2938),#2942);
#2938 = LINE('',#2939,#2940);
#2939 = CARTESIAN_POINT('',(-0.,0.));
#2940 = VECTOR('',#2941,1.);
#2941 = DIRECTION('',(-0.,-1.));
#2942 = ( GEOMETRIC_REPRESENTATION_CONTEXT(2) 
PARAMETRIC_REPRESENTATION_CONTEXT() REPRESENTATION_CONTEXT('2D SPACE',''
  ) );
#2943 = ORIENTED_EDGE('',*,*,#2944,.F.);
#2944 = EDGE_CURVE('',#2945,#2922,#2947,.T.);
#2945 = VERTEX_POINT('',#2946);
#2946 = CARTESIAN_POINT('',(29.161447152019,1.5,-1.5));
#2947 = SURFACE_CURVE('',#2948,(#2953,#2960),.PCURVE_S1.);
#2948 = CIRCLE('',#2949,29.2);
#2949 = AXIS2_PLACEMENT_3D('',#2950,#2951,#2952);
#2950 = CARTESIAN_POINT('',(0.,0.,-1.5));
#2951 = DIRECTION('',(0.,0.,-1.));
#2952 = DIRECTION('',(1.,0.,0.));
#2953 = PCURVE('',#156,#2954);
#2954 = DEFINITIONAL_REPRESENTATION('',(#2955),#2959);
#2955 = LINE('',#2956,#2957);
#2956 = CARTESIAN_POINT('',(-6.28318530718,-6.));
#2957 = VECTOR('',#2958,1.);
#2958 = DIRECTION('',(1.,-0.));
#2959 = ( GEOMETRIC_REPRESENTATION_CONTEXT(2) 
PARAMETRIC_REPRESENTATION_CONTEXT() REPRESENTATION_CONTEXT('2D SPACE',''
  ) );
#2960 = PCURVE('',#2961,#2966);
#2961 = PLANE('',#2962);
#2962 = AXIS2_PLACEMENT_3D('',#2963,#2964,#2965);
#2963 = CARTESIAN_POINT('',(29.45,0.,-1.5));
#2964 = DIRECTION('',(0.,0.,1.));
#2965 = DIRECTION('',(1.,0.,-0.));
#2966 = DEFINITIONAL_REPRESENTATION('',(#2967),#2975);
#2967 = ( BOUNDED_CURVE() B_SPLINE_CURVE(2,(#2968,#2969,#2970,#2971,
#2972,#2973,#2974),.UNSPECIFIED.,.T.,.F.) B_SPLINE_CURVE_WITH_KNOTS((1,2
    ,2,2,2,1),(-2.094395102393,0.,2.094395102393,4.188790204786,
6.28318530718,8.377580409573),.UNSPECIFIED.) CURVE() 
GEOMETRIC_REPRESENTATION_ITEM() RATIONAL_B_SPLINE_CURVE((1.,0.5,1.,0.5,
1.,0.5,1.)) REPRESENTATION_ITEM('') );
#2968 = CARTESIAN_POINT('',(-0.25,0.));
#2969 = CARTESIAN_POINT('',(-0.25,-50.57588358101));
#2970 = CARTESIAN_POINT('',(-44.05,-25.2879417905));
#2971 = CARTESIAN_POINT('',(-87.85,-7.151937307021E-15));
#2972 = CARTESIAN_POINT('',(-44.05,25.287941790506));
#2973 = CARTESIAN_POINT('',(-0.25,50.575883581011));
#2974 = CARTESIAN_POINT('',(-0.25,0.));
#2975 = ( GEOMETRIC_REPRESENTATION_CONTEXT(2) 
PARAMETRIC_REPRESENTATION_CONTEXT() REPRESENTATION_CONTEXT('2D SPACE',''
  ) );
#2976 = ORIENTED_EDGE('',*,*,#2977,.F.);
#2977 = EDGE_CURVE('',#2978,#2945,#2980,.T.);
#2978 = VERTEX_POINT('',#2979);
#2979 = CARTESIAN_POINT('',(29.161447152019,1.5,0.));
#2980 = SURFACE_CURVE('',#2981,(#2985,#2991),.PCURVE_S1.);
#2981 = LINE('',#2982,#2983);
#2982 = CARTESIAN_POINT('',(29.161447152019,1.5,-7.5));
#2983 = VECTOR('',#2984,1.);
#2984 = DIRECTION('',(-0.,-0.,-1.));
#2985 = PCURVE('',#156,#2986);
#2986 = DEFINITIONAL_REPRESENTATION('',(#2987),#2990);
#2987 = B_SPLINE_CURVE_WITH_KNOTS('',1,(#2988,#2989),.UNSPECIFIED.,.F.,
  .F.,(2,2),(-7.5000006,-5.85),.PIECEWISE_BEZIER_KNOTS.);
#2988 = CARTESIAN_POINT('',(-5.139248288849E-02,-7.5000006));
#2989 = CARTESIAN_POINT('',(-5.139248288849E-02,-5.85));
#2990 = ( GEOMETRIC_REPRESENTATION_CONTEXT(2) 
PARAMETRIC_REPRESENTATION_CONTEXT() REPRESENTATION_CONTEXT('2D SPACE',''
  ) );
#2991 = PCURVE('',#2992,#2997);
#2992 = PLANE('',#2993);
#2993 = AXIS2_PLACEMENT_3D('',#2994,#2995,#2996);
#2994 = CARTESIAN_POINT('',(30.1,1.5,-1.5));
#2995 = DIRECTION('',(0.,-1.,0.));
#2996 = DIRECTION('',(-1.,0.,0.));
#2997 = DEFINITIONAL_REPRESENTATION('',(#2998),#3001);
#2998 = B_SPLINE_CURVE_WITH_KNOTS('',1,(#2999,#3000),.UNSPECIFIED.,.F.,
  .F.,(2,2),(-7.5000006,-5.85),.PIECEWISE_BEZIER_KNOTS.);
#2999 = CARTESIAN_POINT('',(0.938552847981,-1.5000006));
#3000 = CARTESIAN_POINT('',(0.938552847981,0.15));
#3001 = ( GEOMETRIC_REPRESENTATION_CONTEXT(2) 
PARAMETRIC_REPRESENTATION_CONTEXT() REPRESENTATION_CONTEXT('2D SPACE',''
  ) );
#3002 = ORIENTED_EDGE('',*,*,#3003,.T.);
#3003 = EDGE_CURVE('',#2978,#3004,#3006,.T.);
#3004 = VERTEX_POINT('',#3005);
#3005 = CARTESIAN_POINT('',(29.161447152019,-1.5,0.));
#3006 = SURFACE_CURVE('',#3007,(#3012,#3019),.PCURVE_S1.);
#3007 = CIRCLE('',#3008,29.2);
#3008 = AXIS2_PLACEMENT_3D('',#3009,#3010,#3011);
#3009 = CARTESIAN_POINT('',(0.,0.,0.));
#3010 = DIRECTION('',(0.,0.,1.));
#3011 = DIRECTION('',(1.,0.,0.));
#3012 = PCURVE('',#156,#3013);
#3013 = DEFINITIONAL_REPRESENTATION('',(#3014),#3018);
#3014 = LINE('',#3015,#3016);
#3015 = CARTESIAN_POINT('',(-0.,-7.5));
#3016 = VECTOR('',#3017,1.);
#3017 = DIRECTION('',(-1.,0.));
#3018 = ( GEOMETRIC_REPRESENTATION_CONTEXT(2) 
PARAMETRIC_REPRESENTATION_CONTEXT() REPRESENTATION_CONTEXT('2D SPACE',''
  ) );
#3019 = PCURVE('',#3020,#3025);
#3020 = PLANE('',#3021);
#3021 = AXIS2_PLACEMENT_3D('',#3022,#3023,#3024);
#3022 = CARTESIAN_POINT('',(-1.49856452881E-15,1.805139506451E-15,0.));
#3023 = DIRECTION('',(0.,0.,1.));
#3024 = DIRECTION('',(1.,0.,-0.));
#3025 = DEFINITIONAL_REPRESENTATION('',(#3026),#3030);
#3026 = CIRCLE('',#3027,29.2);
#3027 = AXIS2_PLACEMENT_2D('',#3028,#3029);
#3028 = CARTESIAN_POINT('',(1.49856452881E-15,-1.805139506451E-15));
#3029 = DIRECTION('',(1.,0.));
#3030 = ( GEOMETRIC_REPRESENTATION_CONTEXT(2) 
PARAMETRIC_REPRESENTATION_CONTEXT() REPRESENTATION_CONTEXT('2D SPACE',''
  ) );
#3031 = ORIENTED_EDGE('',*,*,#3032,.T.);
#3032 = EDGE_CURVE('',#3004,#3033,#3035,.T.);
#3033 = VERTEX_POINT('',#3034);
#3034 = CARTESIAN_POINT('',(29.161447152019,-1.5,-1.5));
#3035 = SURFACE_CURVE('',#3036,(#3040,#3046),.PCURVE_S1.);
#3036 = LINE('',#3037,#3038);
#3037 = CARTESIAN_POINT('',(29.161447152019,-1.5,-7.5));
#3038 = VECTOR('',#3039,1.);
#3039 = DIRECTION('',(-0.,-0.,-1.));
#3040 = PCURVE('',#156,#3041);
#3041 = DEFINITIONAL_REPRESENTATION('',(#3042),#3045);
#3042 = B_SPLINE_CURVE_WITH_KNOTS('',1,(#3043,#3044),.UNSPECIFIED.,.F.,
  .F.,(2,2),(-7.5000006,-5.85),.PIECEWISE_BEZIER_KNOTS.);
#3043 = CARTESIAN_POINT('',(-6.231792824291,-7.5000006));
#3044 = CARTESIAN_POINT('',(-6.231792824291,-5.85));
#3045 = ( GEOMETRIC_REPRESENTATION_CONTEXT(2) 
PARAMETRIC_REPRESENTATION_CONTEXT() REPRESENTATION_CONTEXT('2D SPACE',''
  ) );
#3046 = PCURVE('',#3047,#3052);
#3047 = PLANE('',#3048);
#3048 = AXIS2_PLACEMENT_3D('',#3049,#3050,#3051);
#3049 = CARTESIAN_POINT('',(28.8,-1.5,-1.5));
#3050 = DIRECTION('',(0.,1.,0.));
#3051 = DIRECTION('',(1.,0.,0.));
#3052 = DEFINITIONAL_REPRESENTATION('',(#3053),#3056);
#3053 = B_SPLINE_CURVE_WITH_KNOTS('',1,(#3054,#3055),.UNSPECIFIED.,.F.,
  .F.,(2,2),(-7.5000006,-5.85),.PIECEWISE_BEZIER_KNOTS.);
#3054 = CARTESIAN_POINT('',(0.361447152019,-1.5000006));
#3055 = CARTESIAN_POINT('',(0.361447152019,0.15));
#3056 = ( GEOMETRIC_REPRESENTATION_CONTEXT(2) 
PARAMETRIC_REPRESENTATION_CONTEXT() REPRESENTATION_CONTEXT('2D SPACE',''
  ) );
#3057 = ORIENTED_EDGE('',*,*,#3058,.F.);
#3058 = EDGE_CURVE('',#2922,#3033,#3059,.T.);
#3059 = SURFACE_CURVE('',#3060,(#3065,#3072),.PCURVE_S1.);
#3060 = CIRCLE('',#3061,29.2);
#3061 = AXIS2_PLACEMENT_3D('',#3062,#3063,#3064);
#3062 = CARTESIAN_POINT('',(0.,0.,-1.5));
#3063 = DIRECTION('',(0.,0.,-1.));
#3064 = DIRECTION('',(1.,0.,0.));
#3065 = PCURVE('',#156,#3066);
#3066 = DEFINITIONAL_REPRESENTATION('',(#3067),#3071);
#3067 = LINE('',#3068,#3069);
#3068 = CARTESIAN_POINT('',(-6.28318530718,-6.));
#3069 = VECTOR('',#3070,1.);
#3070 = DIRECTION('',(1.,-0.));
#3071 = ( GEOMETRIC_REPRESENTATION_CONTEXT(2) 
PARAMETRIC_REPRESENTATION_CONTEXT() REPRESENTATION_CONTEXT('2D SPACE',''
  ) );
#3072 = PCURVE('',#2961,#3073);
#3073 = DEFINITIONAL_REPRESENTATION('',(#3074),#3082);
#3074 = ( BOUNDED_CURVE() B_SPLINE_CURVE(2,(#3075,#3076,#3077,#3078,
#3079,#3080,#3081),.UNSPECIFIED.,.T.,.F.) B_SPLINE_CURVE_WITH_KNOTS((1,2
    ,2,2,2,1),(-2.094395102393,0.,2.094395102393,4.188790204786,
6.28318530718,8.377580409573),.UNSPECIFIED.) CURVE() 
GEOMETRIC_REPRESENTATION_ITEM() RATIONAL_B_SPLINE_CURVE((1.,0.5,1.,0.5,
1.,0.5,1.)) REPRESENTATION_ITEM('') );
#3075 = CARTESIAN_POINT('',(-0.25,0.));
#3076 = CARTESIAN_POINT('',(-0.25,-50.57588358101));
#3077 = CARTESIAN_POINT('',(-44.05,-25.2879417905));
#3078 = CARTESIAN_POINT('',(-87.85,-7.151937307021E-15));
#3079 = CARTESIAN_POINT('',(-44.05,25.287941790506));
#3080 = CARTESIAN_POINT('',(-0.25,50.575883581011));
#3081 = CARTESIAN_POINT('',(-0.25,0.));
#3082 = ( GEOMETRIC_REPRESENTATION_CONTEXT(2) 
PARAMETRIC_REPRESENTATION_CONTEXT() REPRESENTATION_CONTEXT('2D SPACE',''
  ) );
#3083 = ORIENTED_EDGE('',*,*,#2921,.F.);
#3084 = ADVANCED_FACE('',(#3085),#2992,.F.);
#3085 = FACE_BOUND('',#3086,.F.);
#3086 = EDGE_LOOP('',(#3087,#3110,#3138,#3159));
#3087 = ORIENTED_EDGE('',*,*,#3088,.F.);
#3088 = EDGE_CURVE('',#3089,#2945,#3091,.T.);
#3089 = VERTEX_POINT('',#3090);
#3090 = CARTESIAN_POINT('',(30.1,1.5,-1.5));
#3091 = SURFACE_CURVE('',#3092,(#3096,#3103),.PCURVE_S1.);
#3092 = LINE('',#3093,#3094);
#3093 = CARTESIAN_POINT('',(30.1,1.5,-1.5));
#3094 = VECTOR('',#3095,1.);
#3095 = DIRECTION('',(-1.,0.,0.));
#3096 = PCURVE('',#2992,#3097);
#3097 = DEFINITIONAL_REPRESENTATION('',(#3098),#3102);
#3098 = LINE('',#3099,#3100);
#3099 = CARTESIAN_POINT('',(0.,-0.));
#3100 = VECTOR('',#3101,1.);
#3101 = DIRECTION('',(1.,0.));
#3102 = ( GEOMETRIC_REPRESENTATION_CONTEXT(2) 
PARAMETRIC_REPRESENTATION_CONTEXT() REPRESENTATION_CONTEXT('2D SPACE',''
  ) );
#3103 = PCURVE('',#2961,#3104);
#3104 = DEFINITIONAL_REPRESENTATION('',(#3105),#3109);
#3105 = LINE('',#3106,#3107);
#3106 = CARTESIAN_POINT('',(0.65,1.5));
#3107 = VECTOR('',#3108,1.);
#3108 = DIRECTION('',(-1.,0.));
#3109 = ( GEOMETRIC_REPRESENTATION_CONTEXT(2) 
PARAMETRIC_REPRESENTATION_CONTEXT() REPRESENTATION_CONTEXT('2D SPACE',''
  ) );
#3110 = ORIENTED_EDGE('',*,*,#3111,.T.);
#3111 = EDGE_CURVE('',#3089,#3112,#3114,.T.);
#3112 = VERTEX_POINT('',#3113);
#3113 = CARTESIAN_POINT('',(30.1,1.5,0.));
#3114 = SURFACE_CURVE('',#3115,(#3119,#3126),.PCURVE_S1.);
#3115 = LINE('',#3116,#3117);
#3116 = CARTESIAN_POINT('',(30.1,1.5,-1.5));
#3117 = VECTOR('',#3118,1.);
#3118 = DIRECTION('',(0.,0.,1.));
#3119 = PCURVE('',#2992,#3120);
#3120 = DEFINITIONAL_REPRESENTATION('',(#3121),#3125);
#3121 = LINE('',#3122,#3123);
#3122 = CARTESIAN_POINT('',(0.,-0.));
#3123 = VECTOR('',#3124,1.);
#3124 = DIRECTION('',(0.,-1.));
#3125 = ( GEOMETRIC_REPRESENTATION_CONTEXT(2) 
PARAMETRIC_REPRESENTATION_CONTEXT() REPRESENTATION_CONTEXT('2D SPACE',''
  ) );
#3126 = PCURVE('',#3127,#3132);
#3127 = PLANE('',#3128);
#3128 = AXIS2_PLACEMENT_3D('',#3129,#3130,#3131);
#3129 = CARTESIAN_POINT('',(30.1,-1.5,-1.5));
#3130 = DIRECTION('',(-1.,0.,0.));
#3131 = DIRECTION('',(0.,1.,0.));
#3132 = DEFINITIONAL_REPRESENTATION('',(#3133),#3137);
#3133 = LINE('',#3134,#3135);
#3134 = CARTESIAN_POINT('',(3.,0.));
#3135 = VECTOR('',#3136,1.);
#3136 = DIRECTION('',(0.,-1.));
#3137 = ( GEOMETRIC_REPRESENTATION_CONTEXT(2) 
PARAMETRIC_REPRESENTATION_CONTEXT() REPRESENTATION_CONTEXT('2D SPACE',''
  ) );
#3138 = ORIENTED_EDGE('',*,*,#3139,.T.);
#3139 = EDGE_CURVE('',#3112,#2978,#3140,.T.);
#3140 = SURFACE_CURVE('',#3141,(#3145,#3152),.PCURVE_S1.);
#3141 = LINE('',#3142,#3143);
#3142 = CARTESIAN_POINT('',(30.1,1.5,0.));
#3143 = VECTOR('',#3144,1.);
#3144 = DIRECTION('',(-1.,0.,0.));
#3145 = PCURVE('',#2992,#3146);
#3146 = DEFINITIONAL_REPRESENTATION('',(#3147),#3151);
#3147 = LINE('',#3148,#3149);
#3148 = CARTESIAN_POINT('',(0.,-1.5));
#3149 = VECTOR('',#3150,1.);
#3150 = DIRECTION('',(1.,0.));
#3151 = ( GEOMETRIC_REPRESENTATION_CONTEXT(2) 
PARAMETRIC_REPRESENTATION_CONTEXT() REPRESENTATION_CONTEXT('2D SPACE',''
  ) );
#3152 = PCURVE('',#3020,#3153);
#3153 = DEFINITIONAL_REPRESENTATION('',(#3154),#3158);
#3154 = LINE('',#3155,#3156);
#3155 = CARTESIAN_POINT('',(30.1,1.5));
#3156 = VECTOR('',#3157,1.);
#3157 = DIRECTION('',(-1.,0.));
#3158 = ( GEOMETRIC_REPRESENTATION_CONTEXT(2) 
PARAMETRIC_REPRESENTATION_CONTEXT() REPRESENTATION_CONTEXT('2D SPACE',''
  ) );
#3159 = ORIENTED_EDGE('',*,*,#2977,.T.);
#3160 = ADVANCED_FACE('',(#3161),#3127,.F.);
#3161 = FACE_BOUND('',#3162,.F.);
#3162 = EDGE_LOOP('',(#3163,#3188,#3209,#3210));
#3163 = ORIENTED_EDGE('',*,*,#3164,.T.);
#3164 = EDGE_CURVE('',#3165,#3167,#3169,.T.);
#3165 = VERTEX_POINT('',#3166);
#3166 = CARTESIAN_POINT('',(30.1,-1.5,-1.5));
#3167 = VERTEX_POINT('',#3168);
#3168 = CARTESIAN_POINT('',(30.1,-1.5,0.));
#3169 = SURFACE_CURVE('',#3170,(#3174,#3181),.PCURVE_S1.);
#3170 = LINE('',#3171,#3172);
#3171 = CARTESIAN_POINT('',(30.1,-1.5,-1.5));
#3172 = VECTOR('',#3173,1.);
#3173 = DIRECTION('',(0.,0.,1.));
#3174 = PCURVE('',#3127,#3175);
#3175 = DEFINITIONAL_REPRESENTATION('',(#3176),#3180);
#3176 = LINE('',#3177,#3178);
#3177 = CARTESIAN_POINT('',(0.,0.));
#3178 = VECTOR('',#3179,1.);
#3179 = DIRECTION('',(0.,-1.));
#3180 = ( GEOMETRIC_REPRESENTATION_CONTEXT(2) 
PARAMETRIC_REPRESENTATION_CONTEXT() REPRESENTATION_CONTEXT('2D SPACE',''
  ) );
#3181 = PCURVE('',#3047,#3182);
#3182 = DEFINITIONAL_REPRESENTATION('',(#3183),#3187);
#3183 = LINE('',#3184,#3185);
#3184 = CARTESIAN_POINT('',(1.3,0.));
#3185 = VECTOR('',#3186,1.);
#3186 = DIRECTION('',(0.,-1.));
#3187 = ( GEOMETRIC_REPRESENTATION_CONTEXT(2) 
PARAMETRIC_REPRESENTATION_CONTEXT() REPRESENTATION_CONTEXT('2D SPACE',''
  ) );
#3188 = ORIENTED_EDGE('',*,*,#3189,.T.);
#3189 = EDGE_CURVE('',#3167,#3112,#3190,.T.);
#3190 = SURFACE_CURVE('',#3191,(#3195,#3202),.PCURVE_S1.);
#3191 = LINE('',#3192,#3193);
#3192 = CARTESIAN_POINT('',(30.1,-1.5,0.));
#3193 = VECTOR('',#3194,1.);
#3194 = DIRECTION('',(0.,1.,0.));
#3195 = PCURVE('',#3127,#3196);
#3196 = DEFINITIONAL_REPRESENTATION('',(#3197),#3201);
#3197 = LINE('',#3198,#3199);
#3198 = CARTESIAN_POINT('',(0.,-1.5));
#3199 = VECTOR('',#3200,1.);
#3200 = DIRECTION('',(1.,0.));
#3201 = ( GEOMETRIC_REPRESENTATION_CONTEXT(2) 
PARAMETRIC_REPRESENTATION_CONTEXT() REPRESENTATION_CONTEXT('2D SPACE',''
  ) );
#3202 = PCURVE('',#3020,#3203);
#3203 = DEFINITIONAL_REPRESENTATION('',(#3204),#3208);
#3204 = LINE('',#3205,#3206);
#3205 = CARTESIAN_POINT('',(30.1,-1.5));
#3206 = VECTOR('',#3207,1.);
#3207 = DIRECTION('',(0.,1.));
#3208 = ( GEOMETRIC_REPRESENTATION_CONTEXT(2) 
PARAMETRIC_REPRESENTATION_CONTEXT() REPRESENTATION_CONTEXT('2D SPACE',''
  ) );
#3209 = ORIENTED_EDGE('',*,*,#3111,.F.);
#3210 = ORIENTED_EDGE('',*,*,#3211,.F.);
#3211 = EDGE_CURVE('',#3165,#3089,#3212,.T.);
#3212 = SURFACE_CURVE('',#3213,(#3217,#3224),.PCURVE_S1.);
#3213 = LINE('',#3214,#3215);
#3214 = CARTESIAN_POINT('',(30.1,-1.5,-1.5));
#3215 = VECTOR('',#3216,1.);
#3216 = DIRECTION('',(0.,1.,0.));
#3217 = PCURVE('',#3127,#3218);
#3218 = DEFINITIONAL_REPRESENTATION('',(#3219),#3223);
#3219 = LINE('',#3220,#3221);
#3220 = CARTESIAN_POINT('',(0.,0.));
#3221 = VECTOR('',#3222,1.);
#3222 = DIRECTION('',(1.,0.));
#3223 = ( GEOMETRIC_REPRESENTATION_CONTEXT(2) 
PARAMETRIC_REPRESENTATION_CONTEXT() REPRESENTATION_CONTEXT('2D SPACE',''
  ) );
#3224 = PCURVE('',#2961,#3225);
#3225 = DEFINITIONAL_REPRESENTATION('',(#3226),#3230);
#3226 = LINE('',#3227,#3228);
#3227 = CARTESIAN_POINT('',(0.65,-1.5));
#3228 = VECTOR('',#3229,1.);
#3229 = DIRECTION('',(0.,1.));
#3230 = ( GEOMETRIC_REPRESENTATION_CONTEXT(2) 
PARAMETRIC_REPRESENTATION_CONTEXT() REPRESENTATION_CONTEXT('2D SPACE',''
  ) );
#3231 = ADVANCED_FACE('',(#3232,#3258),#3020,.T.);
#3232 = FACE_BOUND('',#3233,.T.);
#3233 = EDGE_LOOP('',(#3234,#3235,#3256,#3257));
#3234 = ORIENTED_EDGE('',*,*,#3003,.T.);
#3235 = ORIENTED_EDGE('',*,*,#3236,.T.);
#3236 = EDGE_CURVE('',#3004,#3167,#3237,.T.);
#3237 = SURFACE_CURVE('',#3238,(#3242,#3249),.PCURVE_S1.);
#3238 = LINE('',#3239,#3240);
#3239 = CARTESIAN_POINT('',(28.8,-1.5,0.));
#3240 = VECTOR('',#3241,1.);
#3241 = DIRECTION('',(1.,0.,0.));
#3242 = PCURVE('',#3020,#3243);
#3243 = DEFINITIONAL_REPRESENTATION('',(#3244),#3248);
#3244 = LINE('',#3245,#3246);
#3245 = CARTESIAN_POINT('',(28.8,-1.5));
#3246 = VECTOR('',#3247,1.);
#3247 = DIRECTION('',(1.,0.));
#3248 = ( GEOMETRIC_REPRESENTATION_CONTEXT(2) 
PARAMETRIC_REPRESENTATION_CONTEXT() REPRESENTATION_CONTEXT('2D SPACE',''
  ) );
#3249 = PCURVE('',#3047,#3250);
#3250 = DEFINITIONAL_REPRESENTATION('',(#3251),#3255);
#3251 = LINE('',#3252,#3253);
#3252 = CARTESIAN_POINT('',(0.,-1.5));
#3253 = VECTOR('',#3254,1.);
#3254 = DIRECTION('',(1.,0.));
#3255 = ( GEOMETRIC_REPRESENTATION_CONTEXT(2) 
PARAMETRIC_REPRESENTATION_CONTEXT() REPRESENTATION_CONTEXT('2D SPACE',''
  ) );
#3256 = ORIENTED_EDGE('',*,*,#3189,.T.);
#3257 = ORIENTED_EDGE('',*,*,#3139,.T.);
#3258 = FACE_BOUND('',#3259,.T.);
#3259 = EDGE_LOOP('',(#3260,#3290,#3318));
#3260 = ORIENTED_EDGE('',*,*,#3261,.F.);
#3261 = EDGE_CURVE('',#3262,#3264,#3266,.T.);
#3262 = VERTEX_POINT('',#3263);
#3263 = CARTESIAN_POINT('',(20.,-2.,0.));
#3264 = VERTEX_POINT('',#3265);
#3265 = CARTESIAN_POINT('',(24.,0.,0.));
#3266 = SURFACE_CURVE('',#3267,(#3271,#3278),.PCURVE_S1.);
#3267 = LINE('',#3268,#3269);
#3268 = CARTESIAN_POINT('',(20.,-2.,0.));
#3269 = VECTOR('',#3270,1.);
#3270 = DIRECTION('',(0.894427191,0.4472135955,0.));
#3271 = PCURVE('',#3020,#3272);
#3272 = DEFINITIONAL_REPRESENTATION('',(#3273),#3277);
#3273 = LINE('',#3274,#3275);
#3274 = CARTESIAN_POINT('',(20.,-2.));
#3275 = VECTOR('',#3276,1.);
#3276 = DIRECTION('',(0.894427191,0.4472135955));
#3277 = ( GEOMETRIC_REPRESENTATION_CONTEXT(2) 
PARAMETRIC_REPRESENTATION_CONTEXT() REPRESENTATION_CONTEXT('2D SPACE',''
  ) );
#3278 = PCURVE('',#3279,#3284);
#3279 = PLANE('',#3280);
#3280 = AXIS2_PLACEMENT_3D('',#3281,#3282,#3283);
#3281 = CARTESIAN_POINT('',(20.,-2.,-0.25));
#3282 = DIRECTION('',(-0.4472135955,0.894427191,0.));
#3283 = DIRECTION('',(0.894427191,0.4472135955,0.));
#3284 = DEFINITIONAL_REPRESENTATION('',(#3285),#3289);
#3285 = LINE('',#3286,#3287);
#3286 = CARTESIAN_POINT('',(0.,-0.25));
#3287 = VECTOR('',#3288,1.);
#3288 = DIRECTION('',(1.,0.));
#3289 = ( GEOMETRIC_REPRESENTATION_CONTEXT(2) 
PARAMETRIC_REPRESENTATION_CONTEXT() REPRESENTATION_CONTEXT('2D SPACE',''
  ) );
#3290 = ORIENTED_EDGE('',*,*,#3291,.F.);
#3291 = EDGE_CURVE('',#3292,#3262,#3294,.T.);
#3292 = VERTEX_POINT('',#3293);
#3293 = CARTESIAN_POINT('',(20.,2.,0.));
#3294 = SURFACE_CURVE('',#3295,(#3299,#3306),.PCURVE_S1.);
#3295 = LINE('',#3296,#3297);
#3296 = CARTESIAN_POINT('',(20.,2.,0.));
#3297 = VECTOR('',#3298,1.);
#3298 = DIRECTION('',(0.,-1.,0.));
#3299 = PCURVE('',#3020,#3300);
#3300 = DEFINITIONAL_REPRESENTATION('',(#3301),#3305);
#3301 = LINE('',#3302,#3303);
#3302 = CARTESIAN_POINT('',(20.,2.));
#3303 = VECTOR('',#3304,1.);
#3304 = DIRECTION('',(0.,-1.));
#3305 = ( GEOMETRIC_REPRESENTATION_CONTEXT(2) 
PARAMETRIC_REPRESENTATION_CONTEXT() REPRESENTATION_CONTEXT('2D SPACE',''
  ) );
#3306 = PCURVE('',#3307,#3312);
#3307 = PLANE('',#3308);
#3308 = AXIS2_PLACEMENT_3D('',#3309,#3310,#3311);
#3309 = CARTESIAN_POINT('',(20.,2.,-0.25));
#3310 = DIRECTION('',(1.,0.,-0.));
#3311 = DIRECTION('',(0.,-1.,0.));
#3312 = DEFINITIONAL_REPRESENTATION('',(#3313),#3317);
#3313 = LINE('',#3314,#3315);
#3314 = CARTESIAN_POINT('',(0.,-0.25));
#3315 = VECTOR('',#3316,1.);
#3316 = DIRECTION('',(1.,0.));
#3317 = ( GEOMETRIC_REPRESENTATION_CONTEXT(2) 
PARAMETRIC_REPRESENTATION_CONTEXT() REPRESENTATION_CONTEXT('2D SPACE',''
  ) );
#3318 = ORIENTED_EDGE('',*,*,#3319,.F.);
#3319 = EDGE_CURVE('',#3264,#3292,#3320,.T.);
#3320 = SURFACE_CURVE('',#3321,(#3325,#3332),.PCURVE_S1.);
#3321 = LINE('',#3322,#3323);
#3322 = CARTESIAN_POINT('',(24.,0.,0.));
#3323 = VECTOR('',#3324,1.);
#3324 = DIRECTION('',(-0.894427191,0.4472135955,0.));
#3325 = PCURVE('',#3020,#3326);
#3326 = DEFINITIONAL_REPRESENTATION('',(#3327),#3331);
#3327 = LINE('',#3328,#3329);
#3328 = CARTESIAN_POINT('',(24.,-1.805139506451E-15));
#3329 = VECTOR('',#3330,1.);
#3330 = DIRECTION('',(-0.894427191,0.4472135955));
#3331 = ( GEOMETRIC_REPRESENTATION_CONTEXT(2) 
PARAMETRIC_REPRESENTATION_CONTEXT() REPRESENTATION_CONTEXT('2D SPACE',''
  ) );
#3332 = PCURVE('',#3333,#3338);
#3333 = PLANE('',#3334);
#3334 = AXIS2_PLACEMENT_3D('',#3335,#3336,#3337);
#3335 = CARTESIAN_POINT('',(24.,0.,-0.25));
#3336 = DIRECTION('',(-0.4472135955,-0.894427191,0.));
#3337 = DIRECTION('',(-0.894427191,0.4472135955,0.));
#3338 = DEFINITIONAL_REPRESENTATION('',(#3339),#3343);
#3339 = LINE('',#3340,#3341);
#3340 = CARTESIAN_POINT('',(0.,-0.25));
#3341 = VECTOR('',#3342,1.);
#3342 = DIRECTION('',(1.,0.));
#3343 = ( GEOMETRIC_REPRESENTATION_CONTEXT(2) 
PARAMETRIC_REPRESENTATION_CONTEXT() REPRESENTATION_CONTEXT('2D SPACE',''
  ) );
#3344 = ADVANCED_FACE('',(#3345),#3307,.T.);
#3345 = FACE_BOUND('',#3346,.T.);
#3346 = EDGE_LOOP('',(#3347,#3370,#3371,#3394));
#3347 = ORIENTED_EDGE('',*,*,#3348,.T.);
#3348 = EDGE_CURVE('',#3349,#3292,#3351,.T.);
#3349 = VERTEX_POINT('',#3350);
#3350 = CARTESIAN_POINT('',(20.,2.,-0.25));
#3351 = SURFACE_CURVE('',#3352,(#3356,#3363),.PCURVE_S1.);
#3352 = LINE('',#3353,#3354);
#3353 = CARTESIAN_POINT('',(20.,2.,-0.25));
#3354 = VECTOR('',#3355,1.);
#3355 = DIRECTION('',(0.,0.,1.));
#3356 = PCURVE('',#3307,#3357);
#3357 = DEFINITIONAL_REPRESENTATION('',(#3358),#3362);
#3358 = LINE('',#3359,#3360);
#3359 = CARTESIAN_POINT('',(0.,0.));
#3360 = VECTOR('',#3361,1.);
#3361 = DIRECTION('',(0.,-1.));
#3362 = ( GEOMETRIC_REPRESENTATION_CONTEXT(2) 
PARAMETRIC_REPRESENTATION_CONTEXT() REPRESENTATION_CONTEXT('2D SPACE',''
  ) );
#3363 = PCURVE('',#3333,#3364);
#3364 = DEFINITIONAL_REPRESENTATION('',(#3365),#3369);
#3365 = LINE('',#3366,#3367);
#3366 = CARTESIAN_POINT('',(4.472135955,0.));
#3367 = VECTOR('',#3368,1.);
#3368 = DIRECTION('',(0.,-1.));
#3369 = ( GEOMETRIC_REPRESENTATION_CONTEXT(2) 
PARAMETRIC_REPRESENTATION_CONTEXT() REPRESENTATION_CONTEXT('2D SPACE',''
  ) );
#3370 = ORIENTED_EDGE('',*,*,#3291,.T.);
#3371 = ORIENTED_EDGE('',*,*,#3372,.F.);
#3372 = EDGE_CURVE('',#3373,#3262,#3375,.T.);
#3373 = VERTEX_POINT('',#3374);
#3374 = CARTESIAN_POINT('',(20.,-2.,-0.25));
#3375 = SURFACE_CURVE('',#3376,(#3380,#3387),.PCURVE_S1.);
#3376 = LINE('',#3377,#3378);
#3377 = CARTESIAN_POINT('',(20.,-2.,-0.25));
#3378 = VECTOR('',#3379,1.);
#3379 = DIRECTION('',(0.,0.,1.));
#3380 = PCURVE('',#3307,#3381);
#3381 = DEFINITIONAL_REPRESENTATION('',(#3382),#3386);
#3382 = LINE('',#3383,#3384);
#3383 = CARTESIAN_POINT('',(4.,0.));
#3384 = VECTOR('',#3385,1.);
#3385 = DIRECTION('',(0.,-1.));
#3386 = ( GEOMETRIC_REPRESENTATION_CONTEXT(2) 
PARAMETRIC_REPRESENTATION_CONTEXT() REPRESENTATION_CONTEXT('2D SPACE',''
  ) );
#3387 = PCURVE('',#3279,#3388);
#3388 = DEFINITIONAL_REPRESENTATION('',(#3389),#3393);
#3389 = LINE('',#3390,#3391);
#3390 = CARTESIAN_POINT('',(0.,0.));
#3391 = VECTOR('',#3392,1.);
#3392 = DIRECTION('',(0.,-1.));
#3393 = ( GEOMETRIC_REPRESENTATION_CONTEXT(2) 
PARAMETRIC_REPRESENTATION_CONTEXT() REPRESENTATION_CONTEXT('2D SPACE',''
  ) );
#3394 = ORIENTED_EDGE('',*,*,#3395,.F.);
#3395 = EDGE_CURVE('',#3349,#3373,#3396,.T.);
#3396 = SURFACE_CURVE('',#3397,(#3401,#3408),.PCURVE_S1.);
#3397 = LINE('',#3398,#3399);
#3398 = CARTESIAN_POINT('',(20.,2.,-0.25));
#3399 = VECTOR('',#3400,1.);
#3400 = DIRECTION('',(0.,-1.,0.));
#3401 = PCURVE('',#3307,#3402);
#3402 = DEFINITIONAL_REPRESENTATION('',(#3403),#3407);
#3403 = LINE('',#3404,#3405);
#3404 = CARTESIAN_POINT('',(0.,0.));
#3405 = VECTOR('',#3406,1.);
#3406 = DIRECTION('',(1.,0.));
#3407 = ( GEOMETRIC_REPRESENTATION_CONTEXT(2) 
PARAMETRIC_REPRESENTATION_CONTEXT() REPRESENTATION_CONTEXT('2D SPACE',''
  ) );
#3408 = PCURVE('',#3409,#3414);
#3409 = PLANE('',#3410);
#3410 = AXIS2_PLACEMENT_3D('',#3411,#3412,#3413);
#3411 = CARTESIAN_POINT('',(21.38196601125,0.,-0.25));
#3412 = DIRECTION('',(0.,0.,1.));
#3413 = DIRECTION('',(1.,0.,-0.));
#3414 = DEFINITIONAL_REPRESENTATION('',(#3415),#3419);
#3415 = LINE('',#3416,#3417);
#3416 = CARTESIAN_POINT('',(-1.38196601125,2.));
#3417 = VECTOR('',#3418,1.);
#3418 = DIRECTION('',(0.,-1.));
#3419 = ( GEOMETRIC_REPRESENTATION_CONTEXT(2) 
PARAMETRIC_REPRESENTATION_CONTEXT() REPRESENTATION_CONTEXT('2D SPACE',''
  ) );
#3420 = ADVANCED_FACE('',(#3421),#3409,.T.);
#3421 = FACE_BOUND('',#3422,.T.);
#3422 = EDGE_LOOP('',(#3423,#3446,#3467));
#3423 = ORIENTED_EDGE('',*,*,#3424,.T.);
#3424 = EDGE_CURVE('',#3373,#3425,#3427,.T.);
#3425 = VERTEX_POINT('',#3426);
#3426 = CARTESIAN_POINT('',(24.,0.,-0.25));
#3427 = SURFACE_CURVE('',#3428,(#3432,#3439),.PCURVE_S1.);
#3428 = LINE('',#3429,#3430);
#3429 = CARTESIAN_POINT('',(20.,-2.,-0.25));
#3430 = VECTOR('',#3431,1.);
#3431 = DIRECTION('',(0.894427191,0.4472135955,0.));
#3432 = PCURVE('',#3409,#3433);
#3433 = DEFINITIONAL_REPRESENTATION('',(#3434),#3438);
#3434 = LINE('',#3435,#3436);
#3435 = CARTESIAN_POINT('',(-1.38196601125,-2.));
#3436 = VECTOR('',#3437,1.);
#3437 = DIRECTION('',(0.894427191,0.4472135955));
#3438 = ( GEOMETRIC_REPRESENTATION_CONTEXT(2) 
PARAMETRIC_REPRESENTATION_CONTEXT() REPRESENTATION_CONTEXT('2D SPACE',''
  ) );
#3439 = PCURVE('',#3279,#3440);
#3440 = DEFINITIONAL_REPRESENTATION('',(#3441),#3445);
#3441 = LINE('',#3442,#3443);
#3442 = CARTESIAN_POINT('',(0.,0.));
#3443 = VECTOR('',#3444,1.);
#3444 = DIRECTION('',(1.,0.));
#3445 = ( GEOMETRIC_REPRESENTATION_CONTEXT(2) 
PARAMETRIC_REPRESENTATION_CONTEXT() REPRESENTATION_CONTEXT('2D SPACE',''
  ) );
#3446 = ORIENTED_EDGE('',*,*,#3447,.T.);
#3447 = EDGE_CURVE('',#3425,#3349,#3448,.T.);
#3448 = SURFACE_CURVE('',#3449,(#3453,#3460),.PCURVE_S1.);
#3449 = LINE('',#3450,#3451);
#3450 = CARTESIAN_POINT('',(24.,0.,-0.25));
#3451 = VECTOR('',#3452,1.);
#3452 = DIRECTION('',(-0.894427191,0.4472135955,0.));
#3453 = PCURVE('',#3409,#3454);
#3454 = DEFINITIONAL_REPRESENTATION('',(#3455),#3459);
#3455 = LINE('',#3456,#3457);
#3456 = CARTESIAN_POINT('',(2.61803398875,0.));
#3457 = VECTOR('',#3458,1.);
#3458 = DIRECTION('',(-0.894427191,0.4472135955));
#3459 = ( GEOMETRIC_REPRESENTATION_CONTEXT(2) 
PARAMETRIC_REPRESENTATION_CONTEXT() REPRESENTATION_CONTEXT('2D SPACE',''
  ) );
#3460 = PCURVE('',#3333,#3461);
#3461 = DEFINITIONAL_REPRESENTATION('',(#3462),#3466);
#3462 = LINE('',#3463,#3464);
#3463 = CARTESIAN_POINT('',(0.,0.));
#3464 = VECTOR('',#3465,1.);
#3465 = DIRECTION('',(1.,0.));
#3466 = ( GEOMETRIC_REPRESENTATION_CONTEXT(2) 
PARAMETRIC_REPRESENTATION_CONTEXT() REPRESENTATION_CONTEXT('2D SPACE',''
  ) );
#3467 = ORIENTED_EDGE('',*,*,#3395,.T.);
#3468 = ADVANCED_FACE('',(#3469),#3333,.T.);
#3469 = FACE_BOUND('',#3470,.T.);
#3470 = EDGE_LOOP('',(#3471,#3492,#3493,#3494));
#3471 = ORIENTED_EDGE('',*,*,#3472,.T.);
#3472 = EDGE_CURVE('',#3425,#3264,#3473,.T.);
#3473 = SURFACE_CURVE('',#3474,(#3478,#3485),.PCURVE_S1.);
#3474 = LINE('',#3475,#3476);
#3475 = CARTESIAN_POINT('',(24.,0.,-0.25));
#3476 = VECTOR('',#3477,1.);
#3477 = DIRECTION('',(0.,0.,1.));
#3478 = PCURVE('',#3333,#3479);
#3479 = DEFINITIONAL_REPRESENTATION('',(#3480),#3484);
#3480 = LINE('',#3481,#3482);
#3481 = CARTESIAN_POINT('',(0.,0.));
#3482 = VECTOR('',#3483,1.);
#3483 = DIRECTION('',(0.,-1.));
#3484 = ( GEOMETRIC_REPRESENTATION_CONTEXT(2) 
PARAMETRIC_REPRESENTATION_CONTEXT() REPRESENTATION_CONTEXT('2D SPACE',''
  ) );
#3485 = PCURVE('',#3279,#3486);
#3486 = DEFINITIONAL_REPRESENTATION('',(#3487),#3491);
#3487 = LINE('',#3488,#3489);
#3488 = CARTESIAN_POINT('',(4.472135955,0.));
#3489 = VECTOR('',#3490,1.);
#3490 = DIRECTION('',(0.,-1.));
#3491 = ( GEOMETRIC_REPRESENTATION_CONTEXT(2) 
PARAMETRIC_REPRESENTATION_CONTEXT() REPRESENTATION_CONTEXT('2D SPACE',''
  ) );
#3492 = ORIENTED_EDGE('',*,*,#3319,.T.);
#3493 = ORIENTED_EDGE('',*,*,#3348,.F.);
#3494 = ORIENTED_EDGE('',*,*,#3447,.F.);
#3495 = ADVANCED_FACE('',(#3496),#3279,.T.);
#3496 = FACE_BOUND('',#3497,.T.);
#3497 = EDGE_LOOP('',(#3498,#3499,#3500,#3501));
#3498 = ORIENTED_EDGE('',*,*,#3372,.T.);
#3499 = ORIENTED_EDGE('',*,*,#3261,.T.);
#3500 = ORIENTED_EDGE('',*,*,#3472,.F.);
#3501 = ORIENTED_EDGE('',*,*,#3424,.F.);
#3502 = ADVANCED_FACE('',(#3503),#3047,.F.);
#3503 = FACE_BOUND('',#3504,.F.);
#3504 = EDGE_LOOP('',(#3505,#3526,#3527,#3528));
#3505 = ORIENTED_EDGE('',*,*,#3506,.F.);
#3506 = EDGE_CURVE('',#3033,#3165,#3507,.T.);
#3507 = SURFACE_CURVE('',#3508,(#3512,#3519),.PCURVE_S1.);
#3508 = LINE('',#3509,#3510);
#3509 = CARTESIAN_POINT('',(28.8,-1.5,-1.5));
#3510 = VECTOR('',#3511,1.);
#3511 = DIRECTION('',(1.,0.,0.));
#3512 = PCURVE('',#3047,#3513);
#3513 = DEFINITIONAL_REPRESENTATION('',(#3514),#3518);
#3514 = LINE('',#3515,#3516);
#3515 = CARTESIAN_POINT('',(0.,0.));
#3516 = VECTOR('',#3517,1.);
#3517 = DIRECTION('',(1.,0.));
#3518 = ( GEOMETRIC_REPRESENTATION_CONTEXT(2) 
PARAMETRIC_REPRESENTATION_CONTEXT() REPRESENTATION_CONTEXT('2D SPACE',''
  ) );
#3519 = PCURVE('',#2961,#3520);
#3520 = DEFINITIONAL_REPRESENTATION('',(#3521),#3525);
#3521 = LINE('',#3522,#3523);
#3522 = CARTESIAN_POINT('',(-0.65,-1.5));
#3523 = VECTOR('',#3524,1.);
#3524 = DIRECTION('',(1.,0.));
#3525 = ( GEOMETRIC_REPRESENTATION_CONTEXT(2) 
PARAMETRIC_REPRESENTATION_CONTEXT() REPRESENTATION_CONTEXT('2D SPACE',''
  ) );
#3526 = ORIENTED_EDGE('',*,*,#3032,.F.);
#3527 = ORIENTED_EDGE('',*,*,#3236,.T.);
#3528 = ORIENTED_EDGE('',*,*,#3164,.F.);
#3529 = ADVANCED_FACE('',(#3530),#2961,.F.);
#3530 = FACE_BOUND('',#3531,.F.);
#3531 = EDGE_LOOP('',(#3532,#3533,#3534,#3535,#3536));
#3532 = ORIENTED_EDGE('',*,*,#3058,.T.);
#3533 = ORIENTED_EDGE('',*,*,#3506,.T.);
#3534 = ORIENTED_EDGE('',*,*,#3211,.T.);
#3535 = ORIENTED_EDGE('',*,*,#3088,.T.);
#3536 = ORIENTED_EDGE('',*,*,#2944,.T.);
#3537 = ADVANCED_FACE('',(#3538),#100,.T.);
#3538 = FACE_BOUND('',#3539,.F.);
#3539 = EDGE_LOOP('',(#3540,#3541,#3542,#3567));
#3540 = ORIENTED_EDGE('',*,*,#243,.F.);
#3541 = ORIENTED_EDGE('',*,*,#2819,.T.);
#3542 = ORIENTED_EDGE('',*,*,#3543,.F.);
#3543 = EDGE_CURVE('',#84,#2799,#3544,.T.);
#3544 = SURFACE_CURVE('',#3545,(#3550,#3560),.PCURVE_S1.);
#3545 = HYPERBOLA('',#3546,1.049180327869,6.4);
#3546 = AXIS2_PLACEMENT_3D('',#3547,#3548,#3549);
#3547 = CARTESIAN_POINT('',(0.,-6.4,-11.08524590163));
#3548 = DIRECTION('',(0.,1.,0.));
#3549 = DIRECTION('',(0.,-0.,1.));
#3550 = PCURVE('',#100,#3551);
#3551 = DEFINITIONAL_REPRESENTATION('',(#3552),#3559);
#3552 = B_SPLINE_CURVE_WITH_KNOTS('',5,(#3553,#3554,#3555,#3556,#3557,
    #3558),.UNSPECIFIED.,.F.,.F.,(6,6),(2.198785827482,2.2196218545),
  .PIECEWISE_BEZIER_KNOTS.);
#3553 = CARTESIAN_POINT('',(6.062213317399,-9.83606557377E-02));
#3554 = CARTESIAN_POINT('',(6.063126677487,-7.889775825635E-02));
#3555 = CARTESIAN_POINT('',(6.064035395561,-5.933095185173E-02));
#3556 = CARTESIAN_POINT('',(6.064939501489,-3.965953238855E-02));
#3557 = CARTESIAN_POINT('',(6.065839024901,-1.988278821334E-02));
#3558 = CARTESIAN_POINT('',(6.066733995189,0.));
#3559 = ( GEOMETRIC_REPRESENTATION_CONTEXT(2) 
PARAMETRIC_REPRESENTATION_CONTEXT() REPRESENTATION_CONTEXT('2D SPACE',''
  ) );
#3560 = PCURVE('',#125,#3561);
#3561 = DEFINITIONAL_REPRESENTATION('',(#3562),#3566);
#3562 = ( BOUNDED_CURVE() B_SPLINE_CURVE(2,(#3563,#3564,#3565),
.UNSPECIFIED.,.F.,.F.) B_SPLINE_CURVE_WITH_KNOTS((3,3),(2.198785827482,
2.2196218545),.PIECEWISE_BEZIER_KNOTS.) CURVE() 
GEOMETRIC_REPRESENTATION_ITEM() RATIONAL_B_SPLINE_CURVE((1.,
1.000054267994,1.)) REPRESENTATION_ITEM('') );
#3563 = CARTESIAN_POINT('',(0.689998244998,-2.201639344262));
#3564 = CARTESIAN_POINT('',(0.994193234276,-2.250294827704));
#3565 = CARTESIAN_POINT('',(1.304638805524,-2.3));
#3566 = ( GEOMETRIC_REPRESENTATION_CONTEXT(2) 
PARAMETRIC_REPRESENTATION_CONTEXT() REPRESENTATION_CONTEXT('2D SPACE',''
  ) );
#3567 = ORIENTED_EDGE('',*,*,#83,.T.);
#3568 = ADVANCED_FACE('',(#3569),#125,.T.);
#3569 = FACE_BOUND('',#3570,.T.);
#3570 = EDGE_LOOP('',(#3571,#3590,#3591,#3592,#3593,#3594,#3595,#3596));
#3571 = ORIENTED_EDGE('',*,*,#3572,.T.);
#3572 = EDGE_CURVE('',#24,#2702,#3573,.T.);
#3573 = SURFACE_CURVE('',#3574,(#3578,#3584),.PCURVE_S1.);
#3574 = LINE('',#3575,#3576);
#3575 = CARTESIAN_POINT('',(13.9,-6.4,-7.5));
#3576 = VECTOR('',#3577,1.);
#3577 = DIRECTION('',(-1.,0.,0.));
#3578 = PCURVE('',#125,#3579);
#3579 = DEFINITIONAL_REPRESENTATION('',(#3580),#3583);
#3580 = B_SPLINE_CURVE_WITH_KNOTS('',1,(#3581,#3582),.UNSPECIFIED.,.F.,
  .F.,(2,2),(-15.3,-13.9),.PIECEWISE_BEZIER_KNOTS.);
#3581 = CARTESIAN_POINT('',(1.4,-1.));
#3582 = CARTESIAN_POINT('',(0.,-1.));
#3583 = ( GEOMETRIC_REPRESENTATION_CONTEXT(2) 
PARAMETRIC_REPRESENTATION_CONTEXT() REPRESENTATION_CONTEXT('2D SPACE',''
  ) );
#3584 = PCURVE('',#45,#3585);
#3585 = DEFINITIONAL_REPRESENTATION('',(#3586),#3589);
#3586 = B_SPLINE_CURVE_WITH_KNOTS('',1,(#3587,#3588),.UNSPECIFIED.,.F.,
  .F.,(2,2),(-15.3,-13.9),.PIECEWISE_BEZIER_KNOTS.);
#3587 = CARTESIAN_POINT('',(29.2,-6.4));
#3588 = CARTESIAN_POINT('',(27.8,-6.4));
#3589 = ( GEOMETRIC_REPRESENTATION_CONTEXT(2) 
PARAMETRIC_REPRESENTATION_CONTEXT() REPRESENTATION_CONTEXT('2D SPACE',''
  ) );
#3590 = ORIENTED_EDGE('',*,*,#2701,.T.);
#3591 = ORIENTED_EDGE('',*,*,#359,.T.);
#3592 = ORIENTED_EDGE('',*,*,#2899,.T.);
#3593 = ORIENTED_EDGE('',*,*,#2868,.F.);
#3594 = ORIENTED_EDGE('',*,*,#2798,.T.);
#3595 = ORIENTED_EDGE('',*,*,#3543,.F.);
#3596 = ORIENTED_EDGE('',*,*,#112,.T.);
#3597 = ADVANCED_FACE('',(#3598),#45,.F.);
#3598 = FACE_BOUND('',#3599,.F.);
#3599 = EDGE_LOOP('',(#3600,#3601,#3602,#3603,#3604,#3605,#3606,#3607,
    #3608,#3609,#3610,#3611));
#3600 = ORIENTED_EDGE('',*,*,#2058,.F.);
#3601 = ORIENTED_EDGE('',*,*,#2007,.T.);
#3602 = ORIENTED_EDGE('',*,*,#2748,.T.);
#3603 = ORIENTED_EDGE('',*,*,#223,.T.);
#3604 = ORIENTED_EDGE('',*,*,#21,.T.);
#3605 = ORIENTED_EDGE('',*,*,#3572,.T.);
#3606 = ORIENTED_EDGE('',*,*,#2724,.T.);
#3607 = ORIENTED_EDGE('',*,*,#596,.T.);
#3608 = ORIENTED_EDGE('',*,*,#2109,.F.);
#3609 = ORIENTED_EDGE('',*,*,#1067,.T.);
#3610 = ORIENTED_EDGE('',*,*,#2083,.F.);
#3611 = ORIENTED_EDGE('',*,*,#1480,.T.);
#3612 = ( GEOMETRIC_REPRESENTATION_CONTEXT(3) 
GLOBAL_UNCERTAINTY_ASSIGNED_CONTEXT((#3616)) 
GLOBAL_UNIT_ASSIGNED_CONTEXT((#3613,#3614,#3615)) REPRESENTATION_CONTEXT
('Context #1','3D Context with UNIT and UNCERTAINTY') );
#3613 = ( LENGTH_UNIT() NAMED_UNIT(*) SI_UNIT(.MILLI.,.METRE.) );
#3614 = ( NAMED_UNIT(*) PLANE_ANGLE_UNIT() SI_UNIT($,.RADIAN.) );
#3615 = ( NAMED_UNIT(*) SI_UNIT($,.STERADIAN.) SOLID_ANGLE_UNIT() );
#3616 = UNCERTAINTY_MEASURE_WITH_UNIT(LENGTH_MEASURE(1.E-07),#3613,
  'distance_accuracy_value','confusion accuracy');
#3617 = PRODUCT_RELATED_PRODUCT_CATEGORY('part',$,(#7));
ENDSEC;
END-ISO-10303-21;
